ID,Service,Rate,Min Order,Max Order,Refill,Average Time,,,RATE
17508,🧭 TikTok Followers | 𝟏𝟎𝟎% 𝐇𝐐 & 𝐑𝐞𝐚𝐥 𝐀𝐜𝐜𝐨𝐮𝐧𝐭𝐬 | No Refill | Max 3M | Speed Up To 5K/Day | Refill & Cancel Button ⛔ | 0-15 Mins,185.042,25,3 000 000,No Refill,12 hours 26 minutes,,,795.6806
17509,🧭 TikTok Followers | 𝟏𝟎𝟎% 𝐇𝐐 & 𝐑𝐞𝐚𝐥 𝐀𝐜𝐜𝐨𝐮𝐧𝐭𝐬 | 30 Days Refill ♻️ | Max 3M | Speed Up To 5K/Day | Refill & Cancel Button ⛔ | 0-15 Mins,235.508,25,3 000 000,30 Days Refill,8 hours,,,1012.6844
17511,🌏 TikTok Followers | 𝟏𝟎𝟎% 𝐇𝐐 𝐀𝐜𝐜𝐨𝐮𝐧𝐭𝐬 | 𝐒𝐔𝐏𝐄𝐑 𝐅𝐀𝐒𝐓 | No Refill | Max 2M | Speed Up To 15K/Day | Refill & Cancel Button ⛔ | 0-5 Mins,248.448,10,2 000 000,No Refill,4 hours 33 minutes,,,1068.3264
17510,🌏 TikTok Followers | 𝟏𝟎𝟎% 𝐇𝐐 𝐀𝐜𝐜𝐨𝐮𝐧𝐭𝐬 | 𝐒𝐔𝐏𝐄𝐑 𝐅𝐀𝐒𝐓 | 30 Days Refill ♻️ | Max 2M | Speed Up To 15K/Day | Refill & Cancel Button ⛔ | 0-5 Mins,311.854,10,2 000 000,30 Days Refill,11 hours 53 minutes,,,1340.9722
16635,TikTok Followers | No Refill | Max 500K | 𝟏𝟎𝟎% 𝐏𝐫𝐨𝐟𝐢𝐥𝐞 𝐏𝐢𝐜𝐭𝐮𝐫𝐞𝐬 | Speed Up To 1K/HR | 𝐒𝐔𝐏𝐄𝐑 𝐅𝐀𝐒𝐓 | INSTANT,252.33,20,500 000,No Refill,5 hours 19 minutes,,,1085.019
16629,TikTok Followers | No Refill | Max 1M | 𝐇𝐢𝐠𝐡 𝐐𝐮𝐚𝐥𝐢𝐭𝐲 𝐀𝐜𝐜𝐨𝐮𝐧𝐭𝐬 + 𝐏𝐨𝐬𝐭𝐬 | Speed Up To 20K Day | 0-5 Mins ᴺᴱᵂ,217.392,10,1 000 000,No Refill,4 hours 49 minutes,,,934.7856
16631,TikTok Followers | 7 Days Refill ♻️ | Max 500K | Speed Up To 5K Day | 𝐍𝐞𝐯𝐞𝐫 𝐒𝐭𝐮𝐜𝐤 & 𝐑𝐞𝐜𝐨𝐦𝐦𝐞𝐧𝐝𝐞𝐝 | 0-5 Mins ᴺᴱᵂ,405.022,10,500 000,7 Days Refill,18 hours 23 minutes,,,1741.5946
16632,TikTok Followers | 15 Days Refill ♻️ | Max 500K | Speed Up To 5K Day | 𝐍𝐞𝐯𝐞𝐫 𝐒𝐭𝐮𝐜𝐤 & 𝐑𝐞𝐜𝐨𝐦𝐦𝐞𝐧𝐝𝐞𝐝 | 0-5 Mins ᴺᴱᵂ,424.432,10,500 000,15 Days Refill,12 hours 6 minutes,,,1825.0576
16633,TikTok Followers | 30 Days Refill ♻️ | Max 500K | Speed Up To 5K Day | 𝐍𝐞𝐯𝐞𝐫 𝐒𝐭𝐮𝐜𝐤 & 𝐑𝐞𝐜𝐨𝐦𝐦𝐞𝐧𝐝𝐞𝐝 | 0-5 Mins ᴺᴱᵂ,432.196,10,500 000,30 Days Refill,81 hours 15 minutes,,,1858.4428
17371,TikTok Followers | 𝐇𝐐 𝐑𝐞𝐚𝐥 𝐏𝐫𝐨𝐟𝐢𝐥𝐞𝐬 | No Refill | Max 2M | Speed Up To 10K/Day | 0-5 Mins,256.212,10,2 000 000,No Refill,33 minutes,,,1101.7116
17372,TikTok Followers | 𝐇𝐐 𝐑𝐞𝐚𝐥 𝐏𝐫𝐨𝐟𝐢𝐥𝐞𝐬 | ♻️ 7 Days Refill | Max 2M | Refill Button Enabled | Speed Up To 10K/Day | 0-5 Mins,320.912,10,2 000 000,7 Days Refill,17 hours 8 minutes,,,1379.9216
17373,TikTok Followers | 𝐇𝐐 𝐑𝐞𝐚𝐥 𝐏𝐫𝐨𝐟𝐢𝐥𝐞𝐬 | ♻️ 15 Days Refill | Max 2M | Refill Button Enabled | Speed Up To 10K/Day | 0-5 Mins,329.97,10,2 000 000,15 Days Refill,5 hours 11 minutes,,,1418.871
17374,TikTok Followers | 𝐇𝐐 𝐑𝐞𝐚𝐥 𝐏𝐫𝐨𝐟𝐢𝐥𝐞𝐬 | ♻️ 30 Days Refill | Max 2M | Refill Button Enabled | Speed Up To 10K/Day | 0-5 Mins,342.91,10,2 000 000,30 Days Refill,19 hours 52 minutes,,,1474.513
16344,TikTok Followers | 7 Days Refill ♻️ | Max 1M | Speed Up To 2K Day | 𝟏𝟎𝟎% 𝐖𝐨𝐫𝐤𝐢𝐧𝐠 𝐑𝐞𝐟𝐢𝐥𝐥 𝐁𝐮𝐭𝐭𝐨𝐧 | 0-10 Mins ᴺᴱᵂ,401.14,10,1 000 000,7 Days Refill,22 hours 22 minutes,,,1724.902
16345,TikTok Followers | 15 Days Refill ♻️ | Max 1M | Speed Up To 2K Day | 𝟏𝟎𝟎% 𝐖𝐨𝐫𝐤𝐢𝐧𝐠 𝐑𝐞𝐟𝐢𝐥𝐥 𝐁𝐮𝐭𝐭𝐨𝐧 | 0-10 Mins ᴺᴱᵂ,419.256,10,1 000 000,15 Days Refill,43 hours 56 minutes,,,1802.8008
16346,TikTok Followers | 30 Days Refill ♻️ | Max 1M | Speed Up To 2K Day | 𝟏𝟎𝟎% 𝐖𝐨𝐫𝐤𝐢𝐧𝐠 𝐑𝐞𝐟𝐢𝐥𝐥 𝐁𝐮𝐭𝐭𝐨𝐧 | 0-10 Mins ᴺᴱᵂ,436.078,10,1 000 000,30 Days Refill,7 hours 1 minute,,,1875.1354
16590,TikTok Followers | 𝐍𝐚𝐭𝐮𝐫𝐚𝐥 𝐒𝐩𝐞𝐞𝐝 | 30 Days Refill | Max 200K | 𝟏𝟎𝟎% 𝐍𝐨𝐧-𝐃𝐫𝐨𝐩 | Speed Up To 400/Day | 0-15 Mins,372.672,15,200 000,30 Days Refill,40 hours 21 minutes,,,1602.4896
16589,TikTok Followers | 𝐍𝐚𝐭𝐮𝐫𝐚𝐥 𝐒𝐩𝐞𝐞𝐝 | 15 Days Refill | Max 200K | 𝟏𝟎𝟎% 𝐍𝐨𝐧-𝐃𝐫𝐨𝐩 | Speed Up To 400/Day | 0-15 Mins,432.196,15,200 000,15 Days Refill,44 hours 37 minutes,,,1858.4428
16588,TikTok Followers | 𝐍𝐚𝐭𝐮𝐫𝐚𝐥 𝐒𝐩𝐞𝐞𝐝 | No Refill | Max 200K | Speed Up To 400/Day | 0-15 Mins,351.968,15,200 000,No Refill,45 hours 32 minutes,,,1513.4624
16591,TikTok Likes | 𝐍𝐚𝐭𝐮𝐫𝐚𝐥 𝐒𝐩𝐞𝐞𝐝 | 30 Days Refill | Max 1M | 𝟏𝟎𝟎% 𝐍𝐨𝐧-𝐃𝐫𝐨𝐩 | Speed Up To 1K/Day | 0-15 Mins,121.636,10,1 000 000,30 Days Refill,51 hours 20 minutes,,,523.0348
16592,TikTok Likes | 𝐍𝐚𝐭𝐮𝐫𝐚𝐥 𝐒𝐩𝐞𝐞𝐝 | No Refill | Max 1M | 𝟏𝟎𝟎% 𝐍𝐨𝐧-𝐃𝐫𝐨𝐩 | Speed Up To 1K/Day | 0-15 Mins,98.344,10,1 000 000,No Refill,77 hours 20 minutes,,,422.8792
17621,TikTok Followers | No Refill | FAST 🚀 | 𝐑𝐞𝐚𝐥 & 𝟏𝟎𝟎% 𝐎𝐫𝐠𝐚𝐧𝐢𝐜 𝐔𝐬𝐞𝐫𝐬 | Speed Up To 20K/Day | Low Drop | 0-5 Mins,381.73,10,1 000 000,No Refill,2 hours 9 minutes,,,1641.439
17622,TikTok Followers | 10 Days Refill ♻️ | FAST 🚀 | 𝐑𝐞𝐚𝐥 & 𝟏𝟎𝟎% 𝐎𝐫𝐠𝐚𝐧𝐢𝐜 𝐔𝐬𝐞𝐫𝐬 | Speed Up To 20K/Day | Low Drop | 0-5 Mins,446.43,10,1 000 000,No Refill,2 hours 25 minutes,,,1919.649
17623,TikTok Followers | 20 Days Refill ♻️ | FAST 🚀 | 𝐑𝐞𝐚𝐥 & 𝟏𝟎𝟎% 𝐎𝐫𝐠𝐚𝐧𝐢𝐜 𝐔𝐬𝐞𝐫𝐬 | Speed Up To 20K/Day | Low Drop | 0-5 Mins,465.84,10,1 000 000,No Refill,2 hours 59 minutes,,,2003.112
17624,TikTok Followers | 30 Days Refill ♻️ | FAST 🚀 | 𝐑𝐞𝐚𝐥 & 𝟏𝟎𝟎% 𝐎𝐫𝐠𝐚𝐧𝐢𝐜 𝐔𝐬𝐞𝐫𝐬 | Speed Up To 20K/Day | Low Drop | 0-5 Mins,476.192,10,1 000 000,30 Days Refill,12 hours 45 minutes,,,2047.6256
17482,⚡ TikTok Likes | No Refill | Max 10M | Speed 40K/Day | 𝐒𝐔𝐏𝐄𝐑 𝐅𝐀𝐒𝐓 | INSTANT 🚀,29.762,10,1 000 000,No Refill,18 minutes,,,127.9766
17481,TikTok Likes | No Refill | Max 200K | Speed 20K/Day | ✅ High Quality Profiles | 0-15 Mins,29.762,10,200 000,No Refill,26 minutes,,,127.9766
17485,TikTok Likes | No Refill | Max 1M | Speed 10K/Day | 𝐀𝐠𝐞𝐝 𝐀𝐜𝐜𝐨𝐮𝐧𝐭𝐬 𝐰𝐢𝐭𝐡 𝐩𝐨𝐬𝐭 | INSTANT 🔥,34.938,10,200 000,No Refill,8 minutes,,,150.2334
17486,TikTok Likes | ♻️ 30 Days Refill | Max 1M | Speed 10K/Day | 𝐀𝐠𝐞𝐝 𝐀𝐜𝐜𝐨𝐮𝐧𝐭𝐬 𝐰𝐢𝐭𝐡 𝐩𝐨𝐬𝐭 | Non-Drop | INSTANT 🔥,53.054,10,1 000 000,30 Days Refill,11 hours 34 minutes,,,228.1322
17488,💎 TikTok Likes | No Refill | Max 100K | Speed 20K/Day | 𝟏𝟎𝟎% 𝐍𝐨𝐧-𝐃𝐫𝐨𝐩 | 0-5 Mins,38.82,10,100 000,No Refill,38 minutes,,,166.926
17487,💎 TikTok Likes | ♻️ 30 Days Refill | Max 100K | Speed 20K/Day | 𝟏𝟎𝟎% 𝐍𝐨𝐧-𝐃𝐫𝐨𝐩 | 0-5 Mins,55.642,10,100 000,30 Days Refill,2 hours 30 minutes,,,239.2606
17483,TikTok Likes | No Refill | Max 1M | Speed 10K/Day | ⭐ Low Drop | INSTANT,33.644,10,200 000,No Refill,54 minutes,,,144.6692
17484,TikTok Likes | ♻️ 30 Days Refill | Max 1M | Speed 10K/Day | ⭐ Low Drop | INSTANT ✅,51.76,10,200 000,30 Days Refill,25 hours,,,222.568
17648,TikTok Live Streaming Views | 15 Minutes | 𝟏𝟎𝟎% 𝐂𝐨𝐧𝐜𝐮𝐫𝐫𝐞𝐧𝐭 | Max 30K | INSTANT,142.34,50,30 000,No Refill,3 hours 18 minutes,,,612.062
17649,TikTok Live Streaming Views | 30 Minutes | 𝟏𝟎𝟎% 𝐂𝐨𝐧𝐜𝐮𝐫𝐫𝐞𝐧𝐭 | Max 30K | INSTANT,276.916,50,30 000,No Refill,28 minutes,,,1190.7388
17650,TikTok Live Streaming Views | 60 Minutes | 𝟏𝟎𝟎% 𝐂𝐨𝐧𝐜𝐮𝐫𝐫𝐞𝐧𝐭 | Max 30K | INSTANT,552.538,50,30 000,No Refill,2 hours 16 minutes,,,2375.9134
17651,TikTok Live Streaming Views | 90 Minutes | 𝟏𝟎𝟎% 𝐂𝐨𝐧𝐜𝐮𝐫𝐫𝐞𝐧𝐭 | Max 30K | INSTANT,671.586,50,30 000,No Refill,32 minutes,,,2887.8198
17652,TikTok Live Streaming Views | 180 Minutes | 𝟏𝟎𝟎% 𝐂𝐨𝐧𝐜𝐮𝐫𝐫𝐞𝐧𝐭 | Max 30K | INSTANT,947.208,50,30 000,No Refill,1 hour 46 minutes,,,4072.9944
17653,TikTok Live Streaming Views | 240 Minutes | 𝟏𝟎𝟎% 𝐂𝐨𝐧𝐜𝐮𝐫𝐫𝐞𝐧𝐭 | Max 30K | INSTANT,1262.944,50,30 000,No Refill,1 hour 26 minutes,,,5430.6592
17654,TikTok Live Streaming Views | 360 Minutes | 𝟏𝟎𝟎% 𝐂𝐨𝐧𝐜𝐮𝐫𝐫𝐞𝐧𝐭 | Max 30K | INSTANT,1578.68,50,30 000,No Refill,2 hours 2 minutes,,,6788.324
17493,TikTok Comments | 𝐂𝐮𝐬𝐭𝐨𝐦 | No Refill | Max 10K | Speed 3K/Day | 0-5 Mins ⛔,728.522,10,10 000,No Refill,29 hours 41 minutes,,,3132.6446
17656,TikTok Comments | 𝐄𝐦𝐨𝐣𝐢 | No Refill | Max 10K | Speed 3K/Day | 0-5 Mins ⛔,728.522,10,10 000,No Refill,24 hours 25 minutes,,,3132.6446
17492,TikTok Comments | 𝐑𝐚𝐧𝐝𝐨𝐦 | No Refill | Max 2K | Speed 3K/Day | 0-5 Mins,728.522,10,10 000,No Refill,2 hours 41 minutes,,,3132.6446
17494,TikTok Comments | 𝐂𝐮𝐬𝐭𝐨𝐦 | No Refill | Max 100K | Speed 10K/Day | INSTANT 🚀,776.4,10,100 000,No Refill,2 hours 18 minutes,,,3338.52
17655,TikTok Comments | 𝐄𝐦𝐨𝐣𝐢 | No Refill | Max 100K | Speed 10K/Day | INSTANT 🚀,776.4,10,100 000,No Refill,23 hours 47 minutes,,,3338.52
16425,🔴 YouTube Video Boost Combo 🔗 - 📹 𝐕𝐢𝐝𝐞𝐨 𝐋𝐢𝐤𝐞𝐬 + 𝐕𝐢𝐞𝐰𝐬 + 𝐒𝐮𝐛𝐬𝐜𝐫𝐢𝐛𝐞𝐫𝐬 + 𝐀𝐈 🤖 𝐂𝐨𝐦𝐦𝐞𝐧𝐭𝐬 💬 [ READ DESCRIPTION ],776.4,100,50 000,Lifetime Refill,6 minutes,,,3338.52
17618,🔴 YouTube Video Boost Combo 🔗 - 📹 𝐕𝐢𝐝𝐞𝐨 𝐋𝐢𝐤𝐞𝐬 + 𝐀𝐈 🤖 𝐂𝐨𝐦𝐦𝐞𝐧𝐭𝐬 💬 [ READ DESCRIPTION ],388.2,100,50 000,Lifetime Refill,6 minutes,,,1669.26
17619,🔴 YouTube Video Boost Combo 🔗 - 📹 𝐕𝐢𝐝𝐞𝐨 𝐋𝐢𝐤𝐞𝐬 + 𝐒𝐮𝐛𝐬𝐜𝐫𝐢𝐛𝐞𝐫𝐬 🗣️ [ READ DESCRIPTION ],414.08,100,50 000,Lifetime Refill,4 minutes,,,1780.544
17620,🔴 YouTube Video Boost Combo 🔗 - 📹 𝐕𝐢𝐝𝐞𝐨 𝐋𝐢𝐤𝐞𝐬 + 𝐕𝐢𝐞𝐰𝐬 + 𝐒𝐮𝐛𝐬𝐜𝐫𝐢𝐛𝐞𝐫𝐬 🗣️ [ READ DESCRIPTION ],599.122,100,50 000,Lifetime Refill,6 minutes,,,2576.2246
17505,YouTube Watch Time Views | 4000 HR | 30 Days Refill | 𝟏𝟎𝟎𝟎 𝐐𝐮𝐚𝐧𝐭𝐢𝐭𝐲 = 𝟏𝟎𝟎𝟎 𝐇𝐑 | 𝐔𝐬𝐞 𝐕𝐢𝐝𝐞𝐨 𝟏 𝐇𝐑+ 𝐎𝐧𝐥𝐲 | Speed 5K/Day | 𝐍𝐨𝐧-𝐃𝐫𝐨𝐩 | 0-3 HRS,3493.8,100,4 000,60 Days Refill,5 hours 12 minutes,,,15023.34
17506,YouTube Watch Time Views | 4000 HR | 30 Days Refill | 𝟏𝟎𝟎𝟎 𝐐𝐮𝐚𝐧𝐭𝐢𝐭𝐲 = 𝟏𝟎𝟎𝟎 𝐇𝐑 | 𝐔𝐬𝐞 𝐕𝐢𝐝𝐞𝐨 𝟏 𝐇𝐑+ 𝐎𝐧𝐥𝐲 | Speed 5K/Day | 𝐍𝐨𝐧-𝐃𝐫𝐨𝐩 | 0-3 HRS,3623.2,100,4 000,60 Days Refill,79 hours 25 minutes,,,15579.76
17507,YouTube Watch Time Views | 4000 HR | 30 Days Refill | 𝟏𝟎𝟎𝟎 𝐐𝐮𝐚𝐧𝐭𝐢𝐭𝐲 = 𝟏𝟎𝟎𝟎 𝐇𝐑 | 𝐔𝐬𝐞 𝐕𝐢𝐝𝐞𝐨 𝟏 𝐇𝐑+ 𝐎𝐧𝐥𝐲 | Speed 5K/Day | 𝐍𝐨𝐧-𝐃𝐫𝐨𝐩 | 0-3 HRS,3467.92,100,4 000,60 Days Refill,44 hours 28 minutes,,,14912.056
17627,YouTube Subscribers | ♻️ 30 Days Refill | Max 100K | 𝐍𝐨𝐧-𝐃𝐫𝐨𝐩 | Speed 100-200/Day | 0-5 Mins,2219.21,50,100 000,30 Days Refill,18 hours 32 minutes,,,9542.603
17630,YouTube Subscribers | ♻️ 30 Days Refill | Max 50K | Speed 50/Day | 0-15 Mins,2172.626,50,50 000,30 Days Refill,80 hours 33 minutes,,,9342.2918
17631,YouTube Subscribers | ♻️ 30 Days Refill | Max 50K | Speed 100-200/Day | 0-15 Mins,2355.08,50,50 000,30 Days Refill,33 hours 2 minutes,,,10126.844
17629,YouTube Subscribers | No Refill | Max 150K | Speed 1-2K/Day | 0-15 Mins,3364.4,500,150 000,No Refill,21 hours 37 minutes,,,14466.92
15991,Instagram Followers | 15 Days Refill ♻️ | Max 1M | 𝐀𝐥𝐥 𝐅𝐥𝐚𝐠𝐬 | 𝐄𝐦𝐞𝐫𝐠𝐞𝐧𝐜𝐲 𝐒𝐞𝐫𝐯𝐞𝐫 𝐖𝐨𝐫𝐤𝐢𝐧𝐠 𝐅𝐚𝐬𝐭 | Speed 300-500K/Day | INSTANT,56.936,10,1 000 000,15 Days Refill,2 hours 8 minutes,,,244.8248
15992,Instagram Followers | 30 Days Refill ♻️ | Max 1M | 𝐀𝐥𝐥 𝐅𝐥𝐚𝐠𝐬 | 𝐄𝐦𝐞𝐫𝐠𝐞𝐧𝐜𝐲 𝐒𝐞𝐫𝐯𝐞𝐫 𝐖𝐨𝐫𝐤𝐢𝐧𝐠 𝐅𝐚𝐬𝐭 | Speed 300-500K/Day | INSTANT,58.23,10,1 000 000,30 Days Refill,49 minutes,,,250.389
15993,Instagram Followers | 365 Days Refill ♻️ | Max 1M | 𝐀𝐥𝐥 𝐅𝐥𝐚𝐠𝐬 | 𝐄𝐦𝐞𝐫𝐠𝐞𝐧𝐜𝐲 𝐒𝐞𝐫𝐯𝐞𝐫 𝐖𝐨𝐫𝐤𝐢𝐧𝐠 𝐅𝐚𝐬𝐭 | Speed 300-500K/Day | INSTANT,75.052,10,1 000 000,365 Days Refill,21 hours 5 minutes,,,322.7236
15854,Instagram Followers | 𝐍𝐨 𝐑𝐞𝐟𝐢𝐥𝐥 | Max 2M | Speed 250K/Day | 𝟏𝟎𝟎% 𝐑𝐞𝐚𝐥 & 𝐀𝐜𝐭𝐢𝐯𝐞 𝐀𝐜𝐜𝐨𝐮𝐧𝐭𝐬 | Refill Button Working | 0-30 Mins,53.054,1,3 000 000,No Refill,1 hour 40 minutes,,,228.1322
15934,Instagram Followers | 𝟑𝟔𝟓 𝐃𝐚𝐲𝐬 𝐑𝐞𝐟𝐢𝐥𝐥 | Max 2M | Speed 250K/Day | 𝟏𝟎𝟎% 𝐑𝐞𝐚𝐥 & 𝐀𝐜𝐭𝐢𝐯𝐞 𝐀𝐜𝐜𝐨𝐮𝐧𝐭𝐬 | Refill Button Working | 0-30 Mins,73.758,1,1 000 000,365 Days Refill,7 hours 11 minutes,,,317.1594
15933,Instagram Followers | 𝟗𝟎 𝐃𝐚𝐲𝐬 𝐑𝐞𝐟𝐢𝐥𝐥 | Max 2M | Speed 250K/Day | 𝟏𝟎𝟎% 𝐑𝐞𝐚𝐥 & 𝐀𝐜𝐭𝐢𝐯𝐞 𝐀𝐜𝐜𝐨𝐮𝐧𝐭𝐬 | Refill Button Working | 0-30 Mins,64.7,1,1 000 000,30 Days Refill,11 hours 16 minutes,,,278.21
15888,Instagram Followers [No Refill] [𝐎𝐋𝐃 𝐀𝐂𝐂𝐎𝐔𝐍𝐓𝐒 + 𝐀𝐋𝐖𝐀𝐘𝐒 𝐅𝐀𝐒𝐓] [Speed 300K/Day] [0-30 Mins],51.76,4,1 000 000,No Refill,46 minutes,,,222.568
13570,Instagram Followers [30 Days Refill] [𝐎𝐋𝐃 𝐀𝐂𝐂𝐎𝐔𝐍𝐓𝐒 + 𝐀𝐋𝐖𝐀𝐘𝐒 𝐅𝐀𝐒𝐓] [Speed 300K/Day] [𝐑𝐞𝐟𝐢𝐥𝐥 𝐁𝐮𝐭𝐭𝐨𝐧] [0-30 Mins],59.524,4,1 000 000,15 Days Refill,31 hours 52 minutes,,,255.9532
13311,Instagram Followers [365 Days Refill] [𝐎𝐋𝐃 𝐀𝐂𝐂𝐎𝐔𝐍𝐓𝐒 + 𝐀𝐋𝐖𝐀𝐘𝐒 𝐅𝐀𝐒𝐓] [Speed 300K/Day] [𝐑𝐞𝐟𝐢𝐥𝐥 𝐁𝐮𝐭𝐭𝐨𝐧] [0-30 Mins],76.346,4,1 000 000,365 Days Refill,6 hours 50 minutes,,,328.2878
16050,Instagram Followers | 𝐍𝐨 𝐑𝐞𝐟𝐢𝐥𝐥 | Max 3M | Speed UpTo 100K/Day | Refill Button Enabled | 0-1 HR,53.054,1,3 000 000,No Refill,1 hour 11 minutes,,,228.1322
16047,Instagram Followers | 𝟑𝟎 𝐃𝐚𝐲𝐬 𝐑𝐞𝐟𝐢𝐥𝐥 | Max 3M | Speed UpTo 100K/Day | Refill Button Enabled | 0-1 HR,56.936,1,3 000 000,30 Days Refill,4 hours 41 minutes,,,244.8248
16049,Instagram Followers | 𝟑𝟔𝟓 𝐃𝐚𝐲𝐬 𝐑𝐞𝐟𝐢𝐥𝐥 | Max 3M | Speed UpTo 100K/Day | Refill Button Enabled | 0-1 HR,72.464,1,3 000 000,365 Days Refill,9 hours 1 minute,,,311.5952
16206,Instagram Followers | 15 Days Refill ♻️ | Max 500K | 𝐀𝐥𝐥 𝐅𝐥𝐚𝐠𝐬 | 5-10% Drop Only | Speed 250K/Day | INSTANT,56.936,10,500 000,15 Days Refill,63 hours 4 minutes,,,244.8248
16207,Instagram Followers | 30 Days Refill ♻️ | Max 500K | 𝐀𝐥𝐥 𝐅𝐥𝐚𝐠𝐬 | 5-10% Drop Only | Speed 250K/Day | INSTANT,56.936,10,500 000,30 Days Refill,65 hours 29 minutes,,,244.8248
16208,Instagram Followers | 365 Days Refill ♻️ | Max 500K | 𝐀𝐥𝐥 𝐅𝐥𝐚𝐠𝐬 | 5-10% Drop Only | Speed 250K/Day | INSTANT,73.758,10,500 000,365 Days Refill,12 hours 51 minutes,,,317.1594
15999,Instagram Followers | 365 Days Refill ♻️ | Max 5M | 𝐀𝐥𝐥 𝐅𝐥𝐚𝐠𝐬 | 𝐄𝐦𝐞𝐫𝐠𝐞𝐧𝐜𝐲 + 𝐅𝐚𝐬𝐭𝐞𝐬𝐭 𝐀𝐟𝐭𝐞𝐫 𝐔𝐩𝐝𝐚𝐭𝐞 | Speed 500K/Day | INSTANT,129.4,1,5 000 000,365 Days Refill,15 minutes,,,556.42
16356,Instagram Followers | 15 Days Refill ♻️ | Max 5M | 𝐀𝐥𝐥 𝐅𝐥𝐚𝐠𝐬 | 𝐙𝐞𝐫𝐨 𝐃𝐫𝐨𝐩 | Speed Up To 15K/HR | 0-10 Mins,113.872,10,5 000 000,15 Days Refill,8 hours 45 minutes,,,489.6496
16357,Instagram Followers | 30 Days Refill ♻️ | Max 5M | 𝐀𝐥𝐥 𝐅𝐥𝐚𝐠𝐬 | 𝐙𝐞𝐫𝐨 𝐃𝐫𝐨𝐩 | Speed Up To 15K/HR | 0-10 Mins,117.754,10,5 000 000,30 Days Refill,5 hours 43 minutes,,,506.3422
16359,Instagram Followers | 90 Days Refill ♻️ | Max 5M | 𝐀𝐥𝐥 𝐅𝐥𝐚𝐠𝐬 | 𝐙𝐞𝐫𝐨 𝐃𝐫𝐨𝐩 | Speed Up To 15K/HR | 0-10 Mins,120.342,10,5 000 000,90 Days Refill,10 hours 33 minutes,,,517.4706
16358,Instagram Followers | 365 Days Refill ♻️ | Max 5M | 𝐀𝐥𝐥 𝐅𝐥𝐚𝐠𝐬 | 𝐙𝐞𝐫𝐨 𝐃𝐫𝐨𝐩 | Speed Up To 15K/HR | 0-10 Mins,124.224,10,5 000 000,365 Days Refill,8 hours 4 minutes,,,534.1632
16570,Instagram Followers | 15 Days Refill ♻️ | Max 3M | 𝐏𝐫𝐨𝐟𝐢𝐥𝐞 𝐖𝐢𝐭𝐡 𝐏𝐨𝐬𝐭𝐬 | Speed Up To 30K/HR | 𝐍𝐨𝐧-𝐃𝐫𝐨𝐩 | 𝐎𝐧𝐞 𝐂𝐥𝐢𝐜𝐤 𝐒𝐭𝐚𝐫𝐭,106.108,10,3 000 000,15 Days Refill,2 hours 39 minutes,,,456.2644
16571,Instagram Followers | 30 Days Refill ♻️ | Max 3M | 𝐏𝐫𝐨𝐟𝐢𝐥𝐞 𝐖𝐢𝐭𝐡 𝐏𝐨𝐬𝐭𝐬 | Speed Up To 30K/HR | 𝐍𝐨𝐧-𝐃𝐫𝐨𝐩 | 𝐎𝐧𝐞 𝐂𝐥𝐢𝐜𝐤 𝐒𝐭𝐚𝐫𝐭,108.696,10,3 000 000,30 Days Refill,3 hours 35 minutes,,,467.3928
16572,Instagram Followers | 60 Days Refill ♻️ | Max 3M | 𝐏𝐫𝐨𝐟𝐢𝐥𝐞 𝐖𝐢𝐭𝐡 𝐏𝐨𝐬𝐭𝐬 | Speed Up To 30K/HR | 𝐍𝐨𝐧-𝐃𝐫𝐨𝐩 | 𝐎𝐧𝐞 𝐂𝐥𝐢𝐜𝐤 𝐒𝐭𝐚𝐫𝐭,115.166,10,3 000 000,60 Days Refill,5 hours 40 minutes,,,495.2138
16573,Instagram Followers | 90 Days Refill ♻️ | Max 3M | 𝐏𝐫𝐨𝐟𝐢𝐥𝐞 𝐖𝐢𝐭𝐡 𝐏𝐨𝐬𝐭𝐬 | Speed Up To 30K/HR | 𝐍𝐨𝐧-𝐃𝐫𝐨𝐩 | 𝐎𝐧𝐞 𝐂𝐥𝐢𝐜𝐤 𝐒𝐭𝐚𝐫𝐭,120.342,10,3 000 000,90 Days Refill,1 hour 39 minutes,,,517.4706
16574,Instagram Followers | 365 Days Refill ♻️ | Max 3M | 𝐏𝐫𝐨𝐟𝐢𝐥𝐞 𝐖𝐢𝐭𝐡 𝐏𝐨𝐬𝐭𝐬 | Speed Up To 30K/HR | 𝐍𝐨𝐧-𝐃𝐫𝐨𝐩 | 𝐎𝐧𝐞 𝐂𝐥𝐢𝐜𝐤 𝐒𝐭𝐚𝐫𝐭,126.812,10,3 000 000,365 Days Refill,6 hours 32 minutes,,,545.2916
16627,Instagram Followers | No Refill | Max 1M | 𝐀𝐥𝐥 𝐅𝐥𝐚𝐠𝐬 | 𝐀𝐩𝐩 𝐃𝐚𝐭𝐚 | 𝐂𝐡𝐞𝐚𝐩𝐞𝐬𝐭 | Speed Up To 100K/Day | 0-10 Mins,73.758,100,1 000 000,No Refill,1 hour 55 minutes,,,317.1594
16623,Instagram Followers | 30 Days Refill ♻️ | Max 1M | 𝐀𝐥𝐥 𝐅𝐥𝐚𝐠𝐬 | 𝐀𝐩𝐩 𝐃𝐚𝐭𝐚 | 𝐂𝐡𝐞𝐚𝐩𝐞𝐬𝐭 | Speed Up To 100K/Day | 0-10 Mins,81.522,100,1 000 000,30 Days Refill,2 hours 52 minutes,,,350.5446
16625,Instagram Followers | 90 Days Refill ♻️ | Max 1M | 𝐀𝐥𝐥 𝐅𝐥𝐚𝐠𝐬 | 𝐀𝐩𝐩 𝐃𝐚𝐭𝐚 | 𝐂𝐡𝐞𝐚𝐩𝐞𝐬𝐭 | Speed Up To 100K/Day | 0-10 Mins,90.58,100,1 000 000,90 Days Refill,39 minutes,,,389.494
17499,Instagram Followers | 120 Days Refill ♻️ | Max 1M | 𝐀𝐥𝐥 𝐅𝐥𝐚𝐠𝐬 | 𝐀𝐩𝐩 𝐃𝐚𝐭𝐚 | 𝐂𝐡𝐞𝐚𝐩𝐞𝐬𝐭 | Speed Up To 100K/Day | 0-10 Mins,98.344,100,1 000 000,90 Days Refill,1 hour 40 minutes,,,422.8792
16626,Instagram Followers | 365 Days Refill ♻️ | Max 1M | 𝐀𝐥𝐥 𝐅𝐥𝐚𝐠𝐬 | 𝐀𝐩𝐩 𝐃𝐚𝐭𝐚 | 𝐂𝐡𝐞𝐚𝐩𝐞𝐬𝐭 | Speed Up To 100K/Day | 0-10 Mins,107.402,100,1 000 000,365 Days Refill,33 minutes,,,461.8286
16687,Instagram Followers | No Refill | 𝐂𝐡𝐞𝐚𝐩 | Speed 100K/Day | Drop Ratio - 15-30% | 0-10 Mins,32.35,100,5 000 000,No Refill,3 hours 12 minutes,,,139.105
16688,Instagram Followers | 30 Days Refill ♻️ | 𝐂𝐡𝐞𝐚𝐩 | Speed 100K/Day | Drop Ratio - 15-30% | 0-10 Mins,41.408,100,5 000 000,30 Days Refill,1 hour 6 minutes,,,178.0544
16689,Instagram Followers | 60 Days Refill ♻️ | 𝐂𝐡𝐞𝐚𝐩 | Speed 100K/Day | Drop Ratio - 15-30% | 0-10 Mins,42.702,100,5 000 000,60 Days Refill,1 hour 2 minutes,,,183.6186
16690,Instagram Followers | 90 Days Refill ♻️ | 𝐂𝐡𝐞𝐚𝐩 | Speed 100K/Day | Drop Ratio - 15-30% | 0-10 Mins,45.29,100,5 000 000,90 Days Refill,1 hour 49 minutes,,,194.747
16691,Instagram Followers | 120 Days Refill ♻️ | 𝐂𝐡𝐞𝐚𝐩 | Speed 100K/Day | Drop Ratio - 15-30% | 0-10 Mins,46.584,100,5 000 000,120 Days Refill,2 hours 50 minutes,,,200.3112
16692,Instagram Followers | 365 Days Refill ♻️ | 𝐂𝐡𝐞𝐚𝐩 | Speed 100K/Day | Drop Ratio - 15-30% | 0-10 Mins,49.172,100,5 000 000,365 Days Refill,3 hours 5 minutes,,,211.4396
17602,Instagram Followers - 🇧🇷 BRAZIL | 𝟏𝟎𝟎% 𝐇𝐐 & 𝐑𝐞𝐚𝐥 𝐀𝐜𝐜𝐨𝐮𝐧𝐭𝐬 | No Refill | Max 3M | Speed Up To 2K/Day | Refill & Cancel Button ⛔ | 0-15 Mins,156.574,10,3 000 000,No Refill,2 hours 31 minutes,,,673.2682
17609,Instagram Followers - 🇧🇷 BRAZIL | 𝟏𝟎𝟎% 𝐁𝐫𝐚𝐳𝐢𝐥 𝐀𝐜𝐜𝐨𝐮𝐧𝐭𝐬 | 30 Days Refill ♻️ | Max 1M | Speed Up To 15K/Day | Refill & Cancel Button ⛔ | 0-15 Mins,282.092,10,10 000 000,30 Days Refill,9 minutes,,,1212.9956
17603,Instagram Followers - 🇧🇷 BRAZIL | 𝟏𝟎𝟎% 𝐇𝐐 & 𝐑𝐞𝐚𝐥 𝐀𝐜𝐜𝐨𝐮𝐧𝐭𝐬 | 30 Days Refill ♻️ | Max 300K | Speed Up To 2K/Day | Refill & Cancel Button ⛔ | 0-15 Mins,227.744,10,300 000,30 Days Refill,2 hours 9 minutes,,,979.2992
17607,Instagram Followers - 🇧🇷 BRAZIL | 𝟏𝟎𝟎% 𝐁𝐫𝐚𝐳𝐢𝐥 𝐀𝐜𝐜𝐨𝐮𝐧𝐭𝐬 | 30 Days Refill ♻️ | Max 500K | Speed Up To 5K/Day | Refill & Cancel Button ⛔ | 0-15 Mins,240.684,10,500 000,30 Days Refill,32 hours 50 minutes,,,1034.9412
17608,Instagram Followers - 🇧🇷 BRAZIL | ⚡𝐇𝐐 & 𝐑𝐞𝐚𝐥 | 30 Days Refill ♻️ | Max 100K | Speed Up To 10K/Day | Refill & Cancel Button ⛔ | 0-15 Mins,261.388,10,100 000,30 Days Refill,16 hours 3 minutes,,,1123.9684
17604,Instagram Likes - 🇧🇷 BRAZIL | 𝟏𝟎𝟎% 𝐇𝐐 & 𝐑𝐞𝐚𝐥 𝐀𝐜𝐜𝐨𝐮𝐧𝐭𝐬 | No Refill | Max 3M | Speed Up To 5K/Day | Refill & Cancel Button ⛔ | 0-15 Mins,40.114,10,3 000 000,No Refill,1 hour 52 minutes,,,172.4902
17605,Instagram Likes - 🇧🇷 BRAZIL | 𝟏𝟎𝟎% 𝐇𝐐 & 𝐑𝐞𝐚𝐥 𝐀𝐜𝐜𝐨𝐮𝐧𝐭𝐬 | 30 Days Refill ♻️ | Max 3M | Speed Up To 5K/Day | Refill & Cancel Button ⛔ | 0-15 Mins,72.464,10,3 000 000,30 Days Refill,1 hour 43 minutes,,,311.5952
16770,Instagram Likes | FAST | No Refill | Speed 50K/Day | INSTANT,3.882,10,3 000 000,No Refill,8 minutes,,,16.6926
16771,Instagram Likes | FAST | 30 Days Refill ♻️ | Speed 50K/Day | INSTANT,5.176,10,3 000 000,30 Days Refill,10 minutes,,,22.2568
16772,Instagram Likes | FAST | 365 Days Refill ♻️ | Speed 50K/Day | INSTANT,5.176,10,3 000 000,365 Days Refill,14 minutes,,,22.2568
16773,Instagram Likes | 𝐆𝐨𝐨𝐝 𝐐𝐮𝐚𝐥𝐢𝐭𝐲 | No Refill | Speed 200K/Day | 𝐎𝐧𝐞 𝐂𝐥𝐢𝐜𝐤 𝐒𝐭𝐚𝐫𝐭,6.47,10,500 000,No Refill,10 minutes,,,27.821
16774,Instagram Likes | 𝐆𝐨𝐨𝐝 𝐐𝐮𝐚𝐥𝐢𝐭𝐲 | 30 Days Refill | Speed 200K/Day | 𝐎𝐧𝐞 𝐂𝐥𝐢𝐜𝐤 𝐒𝐭𝐚𝐫𝐭,6.47,10,500 000,30 Days Refill,22 hours 38 minutes,,,27.821
16775,Instagram Likes | 𝐑𝐞𝐚𝐥 𝐐𝐮𝐚𝐥𝐢𝐭𝐲 | No Refill | Speed 300K/Day | 𝐎𝐧𝐞 𝐂𝐥𝐢𝐜𝐤 𝐒𝐭𝐚𝐫𝐭,12.94,10,1 000 000,No Refill,34 minutes,,,55.642
16776,Instagram Likes | 𝐑𝐞𝐚𝐥 𝐐𝐮𝐚𝐥𝐢𝐭𝐲 | 30 Days Refill | Speed 300K/Day | 𝐎𝐧𝐞 𝐂𝐥𝐢𝐜𝐤 𝐒𝐭𝐚𝐫𝐭,15.528,10,1 000 000,30 Days Refill,7 minutes,,,66.7704
16339,YouTube Views - [Lifetime Warranty] [𝐒𝐨𝐮𝐫𝐜𝐞 - 𝐘𝐨𝐮𝐓𝐮𝐛𝐞 𝐑𝐞𝐜𝐨𝐦𝐦𝐞𝐧𝐝𝐚𝐭𝐢𝐨𝐧] [Speed 5K/Day] [INSTANT] 🚀🚀,115.166,15,1 000 000,Lifetime Refill,6 hours 7 minutes,,,495.2138
16515,Youtube 𝐕𝐢𝐞𝐰𝐬 + 𝐋𝐢𝐤𝐞𝐬 + 𝗖𝗼𝗺𝗺𝗲𝗻𝘁𝘀 { Natural Engagement } | Lifetime Warranty | Max 500K | 𝐒𝐨𝐮𝐫𝐜𝐞: 𝙀𝙭𝙩𝙚𝙧𝙣𝙖𝙡 | Retention : 0-1 Min | Speed UpTo 25K/Day | INSTANT,93.168,100,500 000,No Refill,9 hours 2 minutes,,,400.6224
16340,Youtube Views | Lifetime Warranty | Max 10M | 𝐒𝐨𝐮𝐫𝐜𝐞: 𝐄𝐱𝐭𝐞𝐫𝐧𝐚𝐥 | 5% Drop | Auto Refill | Speed UpTo 10K/Day | INSTANT,113.872,100,500 000,No Refill,23 hours 32 minutes,,,489.6496
16165,Youtube Views | Lifetime Warranty | Max 10M | 𝐒𝐨𝐮𝐫𝐜𝐞: 𝐄𝐱𝐭𝐞𝐫𝐧𝐚𝐥 | 𝐍𝐨𝐧-𝐃𝐫𝐨𝐩 | Speed UpTo 5K/Day | INSTANT,116.46,10,2 000 000 000,No Refill,4 hours 5 minutes,,,500.778
16205,Youtube Views | Lifetime Warranty | Max 10M | 𝐒𝐨𝐮𝐫𝐜𝐞: 𝐒𝐮𝐠𝐠𝐞𝐬𝐭𝐞𝐝 | 0-5% Drop | Refill Button | Speed UpTo 3K/Day | INSTANT,95.756,100,1 000 000,No Refill,32 hours 34 minutes,,,411.7508
16331,Youtube Views | Lifetime Warranty | Max 10M | 𝐒𝐨𝐮𝐫𝐜𝐞: 𝗠𝗶𝘅𝗲𝗱 | 0-3% Drop | Auto Refill | Speed UpTo 30K/Day | INSTANT,97.05,100,1 000 000,No Refill,5 hours 53 minutes,,,417.315
16168,YouTube Views | 𝐑𝐞𝐚𝐥 𝐑𝐀𝐖 𝐕𝐢𝐞𝐰𝐬 | Lifetime Warranty | Unlimited | Speed Upto 3K/Day | 0-1HRS,194.1,100,100 000,Lifetime Refill,5 hours 47 minutes,,,834.63
16341,Youtube Views | Lifetime Warranty | 𝐅𝐚𝐬𝐭𝐞𝐬𝐭 𝐀𝐟𝐭𝐞𝐫 𝐔𝐩𝐝𝐚𝐭𝐞 | 𝐒𝐨𝐮𝐫𝐜𝐞: 𝐄𝐱𝐭𝐞𝐫𝐧𝐚𝐥 + 𝐃𝐢𝐫𝐞𝐜𝐭 | Refill Button | Speed UpTo 15K/Day | INSTANT,124.224,100,1 000 000,365 Days Refill,22 hours 9 minutes,,,534.1632
16336,YouTube Views - RAV™ [𝐑𝐞𝐚𝐥 𝐕𝐢𝐞𝐰𝐬 & 𝐄𝐧𝐠𝐚𝐠𝐞𝐦𝐞𝐧𝐭𝐬] [30 Days Refill] [Max 100K] [𝐍𝐨𝐧-𝐃𝐫𝐨𝐩] [Speed 1-3K/Day] [0-2HRS],241.978,100,100 000,30 Days Refill,2 hours 10 minutes,,,1040.5054
16162,YouTube Views | Geo-Mixed | 30 Days Refill | Source : 𝐁𝐫𝐨𝐰𝐬𝐞 𝐟𝐞𝐚𝐭𝐮𝐫𝐞𝐬 / 𝐒𝐮𝐠𝐠𝐞𝐬𝐭𝐞𝐝 / 𝐘𝐨𝐮𝐓𝐮𝐛𝐞 𝐒𝐞𝐚𝐫𝐜𝐡 | 𝐍𝐨𝐧-𝐃𝐫𝐨𝐩 | Speed UpTo 15K/Day | 0-15 Mins,103.52,100,2 000 000,30 Days Refill,6 hours 47 minutes,,,445.136
16332,Youtube Views | Lifetime Warranty | Max 100K | 𝐒𝐨𝐮𝐫𝐜𝐞: 𝗦𝘂𝗴𝗴𝗲𝘀𝘁𝗶𝗼𝗻𝘀 + 𝗠𝗶𝘅𝗲𝗱 | 0-5% Drop | Auto Refill | Speed UpTo 300/Day | INSTANT,58.23,100,25 000,No Refill,1 hour,,,250.389
16337,YouTube Views - [𝐒𝐨𝐮𝐫𝐜𝐞 - 𝐄𝐱𝐭𝐞𝐫𝐧𝐚𝐥 / 𝐒𝐮𝐠𝐠𝐞𝐬𝐭𝐞𝐝] [Good for Ranking] [Speed 10K/Day] [INSTANT],254.918,100,1 500 000 000,30 Days Refill,13 hours 22 minutes,,,1096.1474
16163,YouTube Views | Geo-Mixed | 30 Days Refill | Source : 𝐁𝐫𝐨𝐰𝐬𝐞 𝐟𝐞𝐚𝐭𝐮𝐫𝐞𝐬 / 𝐒𝐮𝐠𝐠𝐞𝐬𝐭𝐞𝐝 / 𝐘𝐨𝐮𝐓𝐮𝐛𝐞 𝐒𝐞𝐚𝐫𝐜𝐡 | 𝐍𝐨𝐧-𝐃𝐫𝐨𝐩 | Speed UpTo 100K/Day | 0-15 Mins,109.99,100,10 000 000,30 Days Refill,11 hours 55 minutes,,,472.957
17610,Youtube Views | 30 Days Refill | Max 1M | 𝐒𝐨𝐮𝐫𝐜𝐞: 𝙀𝙭𝙩𝙚𝙧𝙣𝙖𝙡 | Speed UpTo 5K/Day | INSTANT,90.58,10,1 000 000,30 Days Refill,83 hours 27 minutes,,,389.494
17611,Youtube Views | Lifetime Warranty | Max 1M | 𝐒𝐨𝐮𝐫𝐜𝐞: 𝙀𝙭𝙩𝙚𝙧𝙣𝙖𝙡 | Speed UpTo 15K/Day | INSTANT,91.874,10,1 000 000,No Refill,8 hours 38 minutes,,,395.0582
16514,Youtube 𝐕𝐢𝐞𝐰𝐬 + 𝐍𝐚𝐭𝐮𝐫𝐚𝐥 𝐋𝐢𝐤𝐞𝐬 | Lifetime Warranty | Max 100K | 𝐒𝐨𝐮𝐫𝐜𝐞: 𝙀𝙭𝙩𝙚𝙧𝙣𝙖𝙡 | Retention : 0-1 Min | Speed UpTo 15K/Day | INSTANT,93.168,10,100 000,No Refill,13 hours 13 minutes,,,400.6224
16541,YouTube Likes | 𝐙𝐞𝐫𝐨 𝐃𝐫𝐨𝐩 | 365 Days Refill ♻️ | Max 20K | Speed 20K/Day | 0-5 Mins | 𝐇𝐢𝐠𝐡𝐥𝐲 𝐑𝐞𝐜𝐨𝐦𝐦𝐞𝐧𝐝𝐞𝐝,517.6,10,20 000,365 Days Refill,3 minutes,,,2225.68
16506,YouTube Likes | 𝐙𝐞𝐫𝐨 𝐃𝐫𝐨𝐩 | 30 Days Refill ♻️ | Max 20K | Speed 20K/Day | 0-5 Mins | 𝐇𝐢𝐠𝐡𝐥𝐲 𝐑𝐞𝐜𝐨𝐦𝐦𝐞𝐧𝐝𝐞𝐝,504.66,10,20 000,30 Days Refill,3 minutes,,,2170.038
16505,YouTube Likes | 𝐙𝐞𝐫𝐨 𝐃𝐫𝐨𝐩 | 15 Days Refill ♻️ | Max 20K | Speed 20K/Day | 0-5 Mins | 𝐇𝐢𝐠𝐡𝐥𝐲 𝐑𝐞𝐜𝐨𝐦𝐦𝐞𝐧𝐝𝐞𝐝,498.19,10,20 000,15 Days Refill,3 minutes,,,2142.217
16801,YouTube Likes | ♻️ 15 Days Refill | Max 10K | 𝐌𝐞𝐝𝐢𝐮𝐦 𝐃𝐫𝐨𝐩 | Speed 5K/Day | 0-10 Mins,100.932,10,10 000,15 Days Refill,3 minutes,,,434.0076
16802,YouTube Likes | ♻️ 30 Days Refill | Max 10K | 𝐌𝐞𝐝𝐢𝐮𝐦 𝐃𝐫𝐨𝐩 | Speed 5K/Day | 0-10 Mins,103.52,10,10 000,30 Days Refill,4 minutes,,,445.136
16803,YouTube Likes | ♻️ 365 Days Refill | Max 10K | 𝐌𝐞𝐝𝐢𝐮𝐦 𝐃𝐫𝐨𝐩 | Speed 10K/Day | 0-10 Mins,104.814,10,10 000,365 Days Refill,8 minutes,,,450.7002
16521,YouTube Likes | 𝐋𝐨𝐰 𝐃𝐫𝐨𝐩 | 30 Days Refill ♻️ | Max 20K | Speed 20K/Day | 0-5 Mins,109.99,10,20 000,7 Days Refill,4 minutes,,,472.957
16520,YouTube Likes | 𝐋𝐨𝐰 𝐃𝐫𝐨𝐩 | 7 Days Refill ♻️ | Max 20K | Speed 20K/Day | 0-5 Mins,106.108,10,10 000,No Refill,7 minutes,,,456.2644
16507,YouTube Likes | 𝐋𝐨𝐰 𝐃𝐫𝐨𝐩 | No Refill ❌ | Max 20K | Speed 2K/Day | 0-5 Mins,103.52,10,10 000,No Refill,4 minutes,,,445.136
16582,YouTube Likes | 30 Days Refill ♻️ | Max 5K | Speed 5K/Day | 0-5 Mins,97.05,10,5 000,30 Days Refill,3 minutes,,,417.315
16581,YouTube Likes | 15 Days Refill ♻️ | Max 5K | Speed 5K/Day | 0-5 Mins,95.756,10,5 000,15 Days Refill,6 minutes,,,411.7508
16495,YouTube Likes | 𝟏𝟎𝟎% 𝐑𝐞𝐚𝐥 𝐀𝐜𝐜𝐨𝐮𝐧𝐭𝐬 | 10 Days Refill ♻️ | Max 5K | Speed 3K/Day | 0-5 Mins,116.46,20,5 000,No Refill,3 minutes,,,500.778
16496,YouTube Likes | 𝟏𝟎𝟎% 𝐑𝐞𝐚𝐥 𝐀𝐜𝐜𝐨𝐮𝐧𝐭𝐬 | 20 Days Refill ♻️ | Max 5K | Speed 3K/Day | 0-5 Mins,122.93,20,5 000,No Refill,5 minutes,,,528.599
16497,YouTube Likes | 𝟏𝟎𝟎% 𝐑𝐞𝐚𝐥 𝐀𝐜𝐜𝐨𝐮𝐧𝐭𝐬 | 30 Days Refill ♻️ | Max 5K | Speed 3K/Day | 0-5 Mins,126.812,20,5 000,30 Days Refill,5 minutes,,,545.2916
16540,YouTube Likes | 𝟏𝟎𝟎% 𝐑𝐞𝐚𝐥 𝐀𝐜𝐜𝐨𝐮𝐧𝐭𝐬 | 365 Days Refill ♻️ | Max 5K | Speed 3K/Day | 0-5 Mins,129.4,20,5 000,365 Days Refill,8 minutes,,,556.42
16637,Twitter Followers | 3 Days Refill ♻️ | 𝐄𝐱𝐜𝐡𝐚𝐧𝐠𝐞 𝐃𝐞𝐯𝐢𝐜𝐞 | Max 150K | Speed Up To 50K/Day | 𝟎-𝟓% 𝐌𝐚𝐱 𝐃𝐫𝐨𝐩 | INSTANT,432.196,10,100 000,No Refill,41 minutes,,,1858.4428
16638,Twitter Followers | 10 Days Refill ♻️ | 𝐄𝐱𝐜𝐡𝐚𝐧𝐠𝐞 𝐃𝐞𝐯𝐢𝐜𝐞 | Max 150K | Speed Up To 50K/Day | 𝟎-𝟓% 𝐌𝐚𝐱 𝐃𝐫𝐨𝐩 | INSTANT,593.946,10,150 000,No Refill,15 minutes,,,2553.9678
16639,Twitter Followers | 20 Days Refill ♻️ | 𝐄𝐱𝐜𝐡𝐚𝐧𝐠𝐞 𝐃𝐞𝐯𝐢𝐜𝐞 | Max 150K | Speed Up To 50K/Day | 𝟎-𝟓% 𝐌𝐚𝐱 𝐃𝐫𝐨𝐩 | INSTANT,636.648,10,150 000,No Refill,3 hours,,,2737.5864
16640,Twitter Followers | 30 Days Refill ♻️ | 𝐄𝐱𝐜𝐡𝐚𝐧𝐠𝐞 𝐃𝐞𝐯𝐢𝐜𝐞 | Max 150K | Speed Up To 50K/Day | 𝟎-𝟓% 𝐌𝐚𝐱 𝐃𝐫𝐨𝐩 | INSTANT,692.29,10,150 000,30 Days Refill,11 minutes,,,2976.847
16518,Twitter Followers | 30 Days Refill ♻️ | 𝐖𝐨𝐫𝐥𝐝𝐖𝐢𝐝𝐞 | Max 100K | Speed Up To 20K/Day | 𝐔𝐥𝐭𝐫𝐚 𝐋𝐨𝐰 𝐃𝐫𝐨𝐩 | 0-15 Mins,882.508,10,100 000,30 Days Refill,14 minutes,,,3794.7844
16517,Twitter Followers | 10 Days Refill ♻️ | 𝐖𝐨𝐫𝐥𝐝𝐖𝐢𝐝𝐞 | Max 100K | Speed Up To 20K/Day | 𝐔𝐥𝐭𝐫𝐚 𝐋𝐨𝐰 𝐃𝐫𝐨𝐩 | 0-15 Mins,569.36,10,100 000,No Refill,16 minutes,,,2448.248
16396,Twitter Followers | No Refill | 𝐖𝐨𝐫𝐥𝐝𝐖𝐢𝐝𝐞 | Max 100K | Speed Up To 20K/Day | 𝐔𝐥𝐭𝐫𝐚 𝐋𝐨𝐰 𝐃𝐫𝐨𝐩 | 0-15 Mins,417.962,10,100 000,No Refill,11 minutes,,,1797.2366
16607,Twitter Likes | No Refill | 𝐖𝐨𝐫𝐥𝐝𝐖𝐢𝐝𝐞 | Max 100K | Speed Up To 30K/Day | INSTANT,133.282,10,100 000,No Refill,2 hours 15 minutes,,,573.1126
16606,Twitter Likes | 30 Days Refill ♻️ | 𝐖𝐨𝐫𝐥𝐝𝐖𝐢𝐝𝐞 | Max 100K | Speed Up To 30K/Day | 𝐔𝐥𝐭𝐫𝐚 𝐋𝐨𝐰 𝐃𝐫𝐨𝐩 | INSTANT,179.866,10,100 000,30 Days Refill,1 hour 18 minutes,,,773.4238
16605,Twitter Likes | 15 Days Refill ♻️ | 𝐖𝐨𝐫𝐥𝐝𝐖𝐢𝐝𝐞 | Max 100K | Speed Up To 30K/Day | 𝐔𝐥𝐭𝐫𝐚 𝐋𝐨𝐰 𝐃𝐫𝐨𝐩 | INSTANT,165.632,10,100 000,15 Days Refill,2 hours 22 minutes,,,712.2176
16604,Twitter Likes | 7 Days Refill ♻️ | 𝐖𝐨𝐫𝐥𝐝𝐖𝐢𝐝𝐞 | Max 100K | Speed Up To 30K/Day | 𝐔𝐥𝐭𝐫𝐚 𝐋𝐨𝐰 𝐃𝐫𝐨𝐩 | INSTANT,156.574,10,100 000,7 Days Refill,28 minutes,,,673.2682
16603,Twitter Retweets | 𝟏𝟎𝟎% 𝐑𝐞𝐚𝐥-𝐃𝐞𝐯𝐢𝐜𝐞 | 10 Days Refill ♻️ | Max 5K | 𝐍𝐨𝐧-𝐃𝐫𝐨𝐩 | Speed 5K/Day | 0-5 Mins,279.504,100,5 000,No Refill,1 hour 21 minutes,,,1201.8672
16602,Twitter Retweets | 𝟏𝟎𝟎% 𝐑𝐞𝐚𝐥-𝐃𝐞𝐯𝐢𝐜𝐞 | 7 Days Refill ♻️ | Max 5K | 𝐍𝐨𝐧-𝐃𝐫𝐨𝐩 | Speed 5K/Day | 0-5 Mins,249.742,100,5 000,7 Days Refill,55 minutes,,,1073.8906
16601,Twitter Retweets | 𝟏𝟎𝟎% 𝐑𝐞𝐚𝐥-𝐃𝐞𝐯𝐢𝐜𝐞 | 3 Days Refill ♻️ | Max 5K | 𝐍𝐨𝐧-𝐃𝐫𝐨𝐩 | Speed 5K/Day | 0-5 Mins,240.684,100,5 000,No Refill,47 minutes,,,1034.9412
16600,Twitter Retweets | 𝟏𝟎𝟎% 𝐑𝐞𝐚𝐥-𝐃𝐞𝐯𝐢𝐜𝐞 | No Refill | Max 3K | Speed 2K/Day | 0-5 Mins,234.214,100,3 000,No Refill,9 minutes,,,1007.1202
16599,Twitter Retweets | 𝟏𝟎𝟎% 𝐑𝐞𝐚𝐥-𝐃𝐞𝐯𝐢𝐜𝐞 | No Refill | Max 500 | Speed 500/Day | 0-5 Mins,230.332,100,500,No Refill,5 hours 37 minutes,,,990.4276
16223,Instagram Followers | No Refill | Max 10M | 𝐑𝐞𝐟𝐢𝐥𝐥 𝐁𝐮𝐭𝐭𝐨𝐧 𝐄𝐧𝐚𝐛𝐥𝐞𝐝 | Speed 200K/Day | 𝐎𝐧𝐞 𝐂𝐥𝐢𝐜𝐤 𝐒𝐭𝐚𝐫𝐭,93.168,10,50 000 000,No Refill,8 hours 27 minutes,,,400.6224
16224,Instagram Followers | 30 Days ♻️ | Max 10M | 𝐑𝐞𝐟𝐢𝐥𝐥 𝐁𝐮𝐭𝐭𝐨𝐧 𝐄𝐧𝐚𝐛𝐥𝐞𝐝 | 0 -10% Drop Only | Speed 200K/Day | 𝐎𝐧𝐞 𝐂𝐥𝐢𝐜𝐤 𝐒𝐭𝐚𝐫𝐭,121.636,10,10 000 000,30 Days Refill,4 hours 25 minutes,,,523.0348
16225,Instagram Followers | 365 Days ♻️ | Max 10M | 𝐑𝐞𝐟𝐢𝐥𝐥 𝐁𝐮𝐭𝐭𝐨𝐧 𝐄𝐧𝐚𝐛𝐥𝐞𝐝 | 0 -10% Drop Only | Speed 200K/Day | 𝐎𝐧𝐞 𝐂𝐥𝐢𝐜𝐤 𝐒𝐭𝐚𝐫𝐭,126.812,10,100 000 000,365 Days Refill,74 hours 15 minutes,,,545.2916
17479,Instagram Followers | No Refill | 𝐅𝐚𝐬𝐭𝐞𝐬𝐭 𝐒𝐩𝐞𝐞𝐝 𝐀𝐟𝐭𝐞𝐫 𝐔𝐩𝐝𝐚𝐭𝐞 | 𝐙𝐞𝐫𝐨 𝐃𝐫𝐨𝐩 | Speed Up To 500K/Day | 𝐎𝐧𝐞 𝐂𝐥𝐢𝐜𝐤 𝐒𝐭𝐚𝐫𝐭,90.58,10,2 000 000,No Refill,2 hours 11 minutes,,,389.494
17475,Instagram Followers | 15 Days Refill ♻️ | 𝐅𝐚𝐬𝐭𝐞𝐬𝐭 𝐒𝐩𝐞𝐞𝐝 𝐀𝐟𝐭𝐞𝐫 𝐔𝐩𝐝𝐚𝐭𝐞 | 𝐙𝐞𝐫𝐨 𝐃𝐫𝐨𝐩 | Speed Up To 500K/Day | 𝐎𝐧𝐞 𝐂𝐥𝐢𝐜𝐤 𝐒𝐭𝐚𝐫𝐭,108.696,10,2 000 000,15 Days Refill,5 hours 3 minutes,,,467.3928
17476,Instagram Followers | 30 Days Refill ♻️ | 𝐅𝐚𝐬𝐭𝐞𝐬𝐭 𝐒𝐩𝐞𝐞𝐝 𝐀𝐟𝐭𝐞𝐫 𝐔𝐩𝐝𝐚𝐭𝐞 | 𝐙𝐞𝐫𝐨 𝐃𝐫𝐨𝐩 | Speed Up To 500K/Day | 𝐎𝐧𝐞 𝐂𝐥𝐢𝐜𝐤 𝐒𝐭𝐚𝐫𝐭,111.284,10,2 000 000,30 Days Refill,16 hours 34 minutes,,,478.5212
17477,Instagram Followers | 120 Days Refill ♻️ | 𝐅𝐚𝐬𝐭𝐞𝐬𝐭 𝐒𝐩𝐞𝐞𝐝 𝐀𝐟𝐭𝐞𝐫 𝐔𝐩𝐝𝐚𝐭𝐞 | 𝐙𝐞𝐫𝐨 𝐃𝐫𝐨𝐩 | Speed Up To 500K/Day | 𝐎𝐧𝐞 𝐂𝐥𝐢𝐜𝐤 𝐒𝐭𝐚𝐫𝐭,113.872,10,2 000 000,120 Days Refill,1 hour 27 minutes,,,489.6496
17478,Instagram Followers | 365 Days Refill ♻️ | 𝐅𝐚𝐬𝐭𝐞𝐬𝐭 𝐒𝐩𝐞𝐞𝐝 𝐀𝐟𝐭𝐞𝐫 𝐔𝐩𝐝𝐚𝐭𝐞 | 𝐙𝐞𝐫𝐨 𝐃𝐫𝐨𝐩 | Speed Up To 500K/Day | 𝐎𝐧𝐞 𝐂𝐥𝐢𝐜𝐤 𝐒𝐭𝐚𝐫𝐭,116.46,10,2 000 000,365 Days Refill,5 hours 28 minutes,,,500.778
15856,Instagram Likes | 30 Days Refill | OLD ACCOUNTS | Max 1M | Speed Upto 300K/Day | INSTANT,5.176,1,1 000 000,30 Days Refill,35 minutes,,,22.2568
16330,Instagram Likes | 365 Days Refill | Max 500K | Speed Upto 500K/Day | 𝐎𝐧𝐞 𝐂𝐥𝐢𝐜𝐤 𝐒𝐭𝐚𝐫𝐭 | Recommended,15.528,10,500 000,No Refill,23 minutes,,,66.7704
16000,Instagram Likes | High Quality | 30 Days Refill | Max 1M | Speed Upto 300K/Day | 𝐎𝐧𝐞 𝐂𝐥𝐢𝐜𝐤 𝐒𝐭𝐚𝐫𝐭,15.528,10,10 000 000,30 Days Refill,7 minutes,,,66.7704
16227,Instagram Likes | Good Quality | 30 Days Refill | Max 20K | Speed Upto 20K/HR | 0-5 Mins,12.94,20,20 000,30 Days Refill,1 hour 3 minutes,,,55.642
16175,Instagram Likes | 15 Days Refill | High Quality | Speed 250K/Day | 0-5 Mins,12.94,10,10 000 000,15 Days Refill,4 minutes,,,55.642
16370,Instagram Likes | Good Quality | 30 Days Refill | Max 100K | Speed Upto 100K/Day | 0-5 Mins,10.352,20,100 000,30 Days Refill,58 minutes,,,44.5136
16177,Instagram Likes | No Refill | Max 100K | Speed Upto 10K/Day | 0-1 HR,8.411,10,1 000 000,No Refill,54 minutes,,,36.1673
1171,Instagram 𝐏𝐨𝐰𝐞𝐫 𝐋𝐢𝐤𝐞𝐬 𝐂𝐨𝐦𝐛𝐨 [𝐋𝐢𝐤𝐞𝐬 + 𝐈𝐦𝐩𝐫𝐞𝐬𝐬𝐢𝐨𝐧 + 𝐑𝐞𝐚𝐜𝐡 + 𝐕𝐢𝐞𝐰𝐬] [𝐇𝐢𝐠𝐡 𝐐𝐮𝐚𝐥𝐢𝐭𝐲] [30 Days Refill] [Max 50K] [Speed 20K/Day] [INSTANT],10.352,50,50 000,30 Days Refill,31 minutes,,,44.5136
3333,Instagram 𝐏𝐨𝐰𝐞𝐫 𝐋𝐢𝐤𝐞𝐬 𝐂𝐨𝐦𝐛𝐨 [𝐋𝐢𝐤𝐞𝐬 + 𝐈𝐦𝐩𝐫𝐞𝐬𝐬𝐢𝐨𝐧 + 𝐑𝐞𝐚𝐜𝐡 + 𝐕𝐢𝐞𝐰𝐬] [30 Days Refill] [Max 300K] [Speed 30K/Day] [Always Instant],16.822,10,300 000,30 Days Refill,44 minutes,,,72.3346
7391,Instagram 𝐏𝐨𝐰𝐞𝐫 𝐋𝐢𝐤𝐞𝐬 𝐂𝐨𝐦𝐛𝐨 [𝐋𝐢𝐤𝐞𝐬 + 𝐈𝐦𝐩𝐫𝐞𝐬𝐬𝐢𝐨𝐧 + 𝐑𝐞𝐚𝐜𝐡 + 𝐕𝐢𝐞𝐰𝐬] [𝐁𝐞𝐬𝐭 𝐑𝐞𝐚𝐥 𝐐𝐮𝐚𝐥𝐢𝐭𝐲] [Lifetime Warranty] [Max 300K] [Speed 50K/Day] [Always Instant] [𝐑𝐄𝐂𝐎𝐌𝐌𝐄𝐍𝐃𝐄𝐃],38.82,20,300 000,Lifetime Refill,7 minutes,,,166.926
1170,Instagram 𝐏𝐨𝐰𝐞𝐫 𝐋𝐢𝐤𝐞𝐬 𝐂𝐨𝐦𝐛𝐨 [𝐋𝐢𝐤𝐞𝐬 + 𝐈𝐦𝐩𝐫𝐞𝐬𝐬𝐢𝐨𝐧 + 𝐑𝐞𝐚𝐜𝐡 + 𝐕𝐢𝐞𝐰𝐬] [𝐒𝐮𝐩𝐞𝐫 𝐐𝐮𝐚𝐥𝐢𝐭𝐲] [30 Days Refill] [Max 100K] [Speed 50K/Day] [Refill Button] [Always Instant],16.822,10,100 000,30 Days Refill,3 hours 31 minutes,,,72.3346
3349,Instagram 𝐏𝐨𝐰𝐞𝐫 𝐋𝐢𝐤𝐞𝐬 𝐂𝐨𝐦𝐛𝐨 [𝐋𝐢𝐤𝐞𝐬 + 𝐈𝐦𝐩𝐫𝐞𝐬𝐬𝐢𝐨𝐧 + 𝐑𝐞𝐚𝐜𝐡 + 𝐕𝐢𝐞𝐰𝐬] [𝐑𝐄𝐀𝐋 & 𝐇𝐐] [90 Days Refill] [Max 120K] [Speed 50-100K/Day] [Always Instant] [𝐑𝐞𝐜𝐨𝐦𝐦𝐞𝐧𝐝𝐞𝐝],10.352,50,120 000,90 Days Refill,1 hour 51 minutes,,,44.5136
3003,Instagram 𝐏𝐨𝐰𝐞𝐫 𝐋𝐢𝐤𝐞𝐬 𝐂𝐨𝐦𝐛𝐨 [𝐋𝐢𝐤𝐞𝐬 + 𝐈𝐦𝐩𝐫𝐞𝐬𝐬𝐢𝐨𝐧 + 𝐑𝐞𝐚𝐜𝐡 + 𝐕𝐢𝐞𝐰𝐬] [𝐁𝐞𝐬𝐭 𝐐𝐮𝐚𝐥𝐢𝐭𝐲] [30 Days Refill] [Max 250K] [𝐀𝐔𝐓𝐎 𝐑𝐄𝐅𝐈𝐋𝐋] [Speed 40K/Day] [Always Instant],29.762,15,250 000,30 Days Refill,8 minutes,,,127.9766
1211,Instagram 𝐏𝐨𝐰𝐞𝐫 𝐋𝐢𝐤𝐞𝐬 𝐂𝐨𝐦𝐛𝐨 [𝐋𝐢𝐤𝐞𝐬 + 𝐈𝐦𝐩𝐫𝐞𝐬𝐬𝐢𝐨𝐧 + 𝐑𝐞𝐚𝐜𝐡 + 𝐕𝐢𝐞𝐰𝐬] [𝐑𝐞𝐚𝐥 & 𝐁𝐞𝐬𝐭 𝐐𝐮𝐚𝐥𝐢𝐭𝐲] [1 Year Refill] [𝐍𝐨𝐧-𝐃𝐫𝐨𝐩] [Max 200K] [Speed 100K/Day] [Always Instant],69.876,50,200 000,365 Days Refill,12 hours 53 minutes,,,300.4668
3348,Instagram 𝐏𝐨𝐰𝐞𝐫 𝐋𝐢𝐤𝐞𝐬 𝐂𝐨𝐦𝐛𝐨 [𝐋𝐢𝐤𝐞𝐬 + 𝐈𝐦𝐩𝐫𝐞𝐬𝐬𝐢𝐨𝐧 + 𝐑𝐞𝐚𝐜𝐡 + 𝐕𝐢𝐞𝐰𝐬] [𝐑𝐞𝐚𝐥 & 𝐇𝐢𝐠𝐡 𝐐𝐮𝐚𝐥𝐢𝐭𝐲] [60 Days Refill] [Max 150K] [𝐀𝐔𝐓𝐎 𝐑𝐄𝐅𝐈𝐋𝐋] [Speed 100K/Day] [INSTANT],29.762,10,150 000,60 Days Refill,32 minutes,,,127.9766
3345,Instagram 𝐏𝐨𝐰𝐞𝐫 𝐋𝐢𝐤𝐞𝐬 𝐂𝐨𝐦𝐛𝐨 [𝐋𝐢𝐤𝐞𝐬 + 𝐈𝐦𝐩𝐫𝐞𝐬𝐬𝐢𝐨𝐧 + 𝐑𝐞𝐚𝐜𝐡 + 𝐕𝐢𝐞𝐰𝐬] [ Always Instant - High Quality - Super Fast] [50k Max] [Recommended],12.94,50,50 000,Lifetime Refill,4 hours 15 minutes,,,55.642
3344,Instagram 𝐏𝐨𝐰𝐞𝐫 𝐋𝐢𝐤𝐞𝐬 𝐂𝐨𝐦𝐛𝐨 [𝐋𝐢𝐤𝐞𝐬 + 𝐈𝐦𝐩𝐫𝐞𝐬𝐬𝐢𝐨𝐧 + 𝐑𝐞𝐚𝐜𝐡 + 𝐕𝐢𝐞𝐰𝐬] [Real & Active People | Instant] [150k Max] [BEST],25.88,10,150 000,Lifetime Refill,2 hours 55 minutes,,,111.284
3343,Instagram 𝐏𝐨𝐰𝐞𝐫 𝐋𝐢𝐤𝐞𝐬 𝐂𝐨𝐦𝐛𝐨 [𝐋𝐢𝐤𝐞𝐬 + 𝐈𝐦𝐩𝐫𝐞𝐬𝐬𝐢𝐨𝐧 + 𝐑𝐞𝐚𝐜𝐡 + 𝐕𝐢𝐞𝐰𝐬] [100% Real | Best Quality in the Market] [20k Max],18.116,10,20 000,Lifetime Refill,7 minutes,,,77.8988
17495,Instagram Followers | No Refill | 𝟏𝟎𝟎% 𝐰𝐢𝐭𝐡 𝐏𝐫𝐨𝐟𝐢𝐥𝐞 𝐏𝐢𝐜𝐭𝐮𝐫𝐞 | Speed Up To 4K/HR | 0-2 HRS,54.348,1,1 000 000,No Refill,12 minutes,,,233.6964
17496,Instagram Followers | 30 Days Refill ♻️ | 𝟏𝟎𝟎% 𝐰𝐢𝐭𝐡 𝐏𝐫𝐨𝐟𝐢𝐥𝐞 𝐏𝐢𝐜𝐭𝐮𝐫𝐞 | Speed Up To 4K/HR | 0-2 HRS,56.936,1,1 000 000,30 Days Refill,158 hours 25 minutes,,,244.8248
17498,Instagram Followers | 90 Days Refill ♻️ | 𝟏𝟎𝟎% 𝐰𝐢𝐭𝐡 𝐏𝐫𝐨𝐟𝐢𝐥𝐞 𝐏𝐢𝐜𝐭𝐮𝐫𝐞 | Speed Up To 4K/HR | 0-5 Mins0-2 HRS,64.7,1,1 000 000,90 Days Refill,52 minutes,,,278.21
17497,Instagram Followers | 365 Days Refill ♻️ | 𝟏𝟎𝟎% 𝐰𝐢𝐭𝐡 𝐏𝐫𝐨𝐟𝐢𝐥𝐞 𝐏𝐢𝐜𝐭𝐮𝐫𝐞 | Speed Up To 4K/HR | 0-2 HRS,73.758,1,1 000 000,365 Days Refill,1 hour 48 minutes,,,317.1594
16676,Instagram VIP Followers | %100 Italian Users 🇮🇹 | 90 Days Refill | 10K/D,1555.388,10,100 000,No Refill,54 hours 49 minutes,,,6688.1684
16678,Instagram VIP Likes | %100 Italian Users 🇮🇹 | 30 Days Refill | 10K/D,177.278,10,50 000,No Refill,7 hours 25 minutes,,,762.2954
16680,Instagram VIP Likes | %100 Italian Male Users 🇮🇹 | 30 Days Refill | 10K/D,177.278,20,10 000,No Refill,18 minutes,,,762.2954
16594,Instagram VIP Followers | %100 Latin Users 🇦🇷 | 30 Days Refill | 10K/D,852.746,10,250 000,No Refill,11 hours 36 minutes,,,3666.8078
16311,Instagram VIP Followers | %100 Latin Users 🇦🇷 | 90 Days Refill | 10K/D,1714.55,10,100 000,No Refill,7 hours 8 minutes,,,7372.565
16314,Instagram VIP Likes | %100 Latin Users 🇦🇷 | 30 Days Refill | 50K/D,172.102,10,15 000,No Refill,15 hours 53 minutes,,,740.0386
16315,Instagram VIP Likes | %100 Latin Male Users 🇦🇷 | 30 Days Refill | 50K/D,172.102,10,15 000,No Refill,46 hours 1 minute,,,740.0386
16532,Instagram VIP Followers | %100 USA Users 🇺🇸 | 30 Days Refill | 20K/D | 0-30 Mins,852.746,10,500 000,No Refill,28 hours 19 minutes,,,3666.8078
16285,Instagram VIP Likes | %100 USA Users 🇺🇸 | 30 Days Refill | 50K/D,174.69,10,50 000,No Refill,16 minutes,,,751.167
16286,Instagram VIP Likes | %100 USA Female Users 🇺🇸 | 30 Days Refill | 50K/D,172.102,10,50 000,No Refill,17 minutes,,,740.0386
16287,Instagram VIP Likes | %100 USA Male Users 🇺🇸 | 30 Days Refill | 50K/D,172.102,10,50 000,No Refill,24 minutes,,,740.0386
16305,Instagram VIP Followers | %100 Spanish Users 🇪🇸 | 90 Days Refill | 10K/D,870.862,10,250 000,No Refill,67 hours 39 minutes,,,3744.7066
16308,Instagram VIP Likes | %100 Spanish Users 🇪🇸 | 30 Days Refill | 50K/D,172.102,10,2 000,No Refill,13 hours 37 minutes,,,740.0386
16309,Instagram VIP Likes | %100 Spanish Male Users 🇪🇸 | 30 Days Refill | 50K/D,172.102,10,2 000,No Refill,6 hours 27 minutes,,,740.0386
16310,Instagram VIP Likes | %100 Spanish Female Users 🇪🇸 | 30 Days Refill | 50K/D,172.102,10,2 000,No Refill,35 hours 7 minutes,,,740.0386
16660,Instagram VIP Followers | %100 Arab Male Users 🇸🇦 | 30 Days Refill | 10K/D,647,10,20 000,30 Days Refill,6 hours 58 minutes,,,2782.1
16593,Instagram VIP Followers | %100 Arab Users 🇸🇦 | 90 Days Refill | Speed 20K/D | 0-30 Mins,776.4,10,20 000,No Refill,22 minutes,,,3338.52
16277,Instagram VIP Followers | %100 Arab Users 🇸🇦 | 90 Days Refill | Speed 20K/D | 0-30 Mins,841.1,10,20 000,No Refill,11 minutes,,,3616.73
16280,Instagram VIP Likes | %100 Arab Users 🇸🇦 | 30 Days Refill | Speed 30K/D | 0-30 Mins,51.76,20,5 000,No Refill,4 hours 15 minutes,,,222.568
16536,Instagram VIP Followers | %100 Brazilian Users 🇧🇷 | 30 Days Refill | 10K/D,852.746,10,150 000,No Refill,4 hours 15 minutes,,,3666.8078
16296,Instagram VIP Likes | %100 Brazilian Users 🇧🇷 | 30 Days Refill | 20K/D,172.102,20,30 000,No Refill,9 hours 39 minutes,,,740.0386
16615,Instagram Followers | No Refill | EU & USA Active Accounts 🇪🇺🇺🇲 | Max 100K | Speed Up To 5K/Day | 0-5 Mins,204.452,50,100 000,No Refill,120 hours 23 minutes,,,879.1436
16614,Instagram Followers | 30 Days Refill ♻️ | EU & USA Active Accounts 🇪🇺🇺🇲 | Max 100K | Speed Up To 5K/Day | 0-5 Mins,221.274,50,100 000,30 Days Refill,16 minutes,,,951.4782
16613,Instagram Followers | 365 Days Refill ♻️ | EU & USA Active Accounts 🇪🇺🇺🇲 | Max 100K | Speed Up To 5K/Day | 0-5 Mins,253.624,50,100 000,365 Days Refill,110 hours 15 minutes,,,1090.5832
16617,Instagram Likes | 30 Days Refill ♻️ | EU & USA Active Accounts 🇪🇺🇺🇲 | Max 100K | Speed Up To 20K/Day | 0-5 Mins,181.16,50,50 000,30 Days Refill,11 minutes,,,778.988
16621,Instagram Likes | 30 Days Refill ♻️ | EU & USA Active Accounts 🇪🇺🇺🇲 | Max 25K | Speed Up To 2K/Day | 0-1 HR,67.288,50,25 000,30 Days Refill,90 hours 48 minutes,,,289.3384
16616,Instagram VIP Followers | %100 USA Users 🇺🇸 | 30 Days Refill | 20K/D | 0-30 Mins,870.862,10,500 000,30 Days Refill,35 hours 7 minutes,,,3744.7066
16619,Instagram VIP Followers | %100 Spanish Users 🇪🇸 | 90 Days Refill | 10K/D,870.862,10,250 000,30 Days Refill,1 hour 50 minutes,,,3744.7066
16620,Instagram VIP Likes | %100 Spanish Users 🇪🇸 | 30 Days Refill | 50K/D,172.102,10,2 000,30 Days Refill,18 hours 31 minutes,,,740.0386
16039,🇧🇷 Instagram Likes | BRAZIL | 30 Days Refill | Max 100K | Speed 1-3K/D | Non-Drop | INSTANT,21.998,50,100 000,30 Days Refill,15 hours 4 minutes,,,94.5914
16043,🇧🇷 Instagram Likes | BRAZIL | 365 Days Refill | Max 100K | Speed 1-3K/D | Non-Drop | INSTANT,23.292,50,100 000,365 Days Refill,3 hours 48 minutes,,,100.1556
16040,🇧🇷 Instagram Followers | BRAZIL | 30 Days Refill | 𝐑𝐞𝐚𝐥 𝐀𝐜𝐜𝐨𝐮𝐧𝐭𝐬 | Max 100K | Speed 1-3K/D | Non-Drop | INSTANT,231.626,50,100 000,30 Days Refill,2 hours 16 minutes,,,995.9918
16041,🇧🇷 Instagram Followers | BRAZIL | 90 Days Refill | 𝐑𝐞𝐚𝐥 𝐀𝐜𝐜𝐨𝐮𝐧𝐭𝐬 | Max 100K | Speed 1-3K/D | Non-Drop | INSTANT,129.4,50,100 000,90 Days Refill,19 hours 52 minutes,,,556.42
16042,🇧🇷 Instagram Followers | BRAZIL | 365 Days Refill | 𝐑𝐞𝐚𝐥 𝐀𝐜𝐜𝐨𝐮𝐧𝐭𝐬 | Max 100K | Speed 1-3K/D | Non-Drop | INSTANT,146.222,50,100 000,365 Days Refill,11 minutes,,,628.7546
16542,Instagram Likes | 𝐀𝐑𝐀𝐁 𝐀𝐜𝐜𝐨𝐮𝐧𝐭𝐬 | 30 Days Refill | Max 100K | Speed 1-2K/D | Non-Drop | INSTANT,174.69,50,100 000,30 Days Refill,1 hour 25 minutes,,,751.167
16544,Instagram Likes | 𝐀𝐑𝐀𝐁 𝐀𝐜𝐜𝐨𝐮𝐧𝐭𝐬 | 365 Days Refill | Max 100K | Speed 1-2K/D | Non-Drop | INSTANT,25.88,50,100 000,365 Days Refill,9 hours 46 minutes,,,111.284
16543,Instagram Followers | 𝐀𝐑𝐀𝐁 𝐀𝐜𝐜𝐨𝐮𝐧𝐭𝐬 | 30 Days Refill | Max 100K | Speed 1-2K/D | Non-Drop | INSTANT,142.34,50,100 000,30 Days Refill,69 hours 54 minutes,,,612.062
16545,Instagram Followers | 𝐀𝐑𝐀𝐁 𝐀𝐜𝐜𝐨𝐮𝐧𝐭𝐬 | 90 Days Refill | Max 100K | Speed 1-2K/D | Non-Drop | INSTANT,156.574,50,100 000,90 Days Refill,82 hours 25 minutes,,,673.2682
16546,Instagram Followers | 𝐀𝐑𝐀𝐁 𝐀𝐜𝐜𝐨𝐮𝐧𝐭𝐬 | 365 Days Refill | Max 100K | Speed 1-2K/D | Non-Drop | INSTANT,166.926,50,100 000,365 Days Refill,27 hours 38 minutes,,,717.7818
15504,🇮🇳 Instagram Premium Followers 𝐈𝐧𝐝𝐢𝐚 🇮🇳 | No Refill | Speed 200K/Day | 0-5Mins,113.872,100,1 000 000,No Refill,51 minutes,,,489.6496
15505,🇮🇳 Instagram Premium Followers 𝐈𝐧𝐝𝐢𝐚 🇮🇳 | 30 Days Refill | Speed 200K/Day | Refill Button | 0-5Mins,121.636,100,1 000 000,30 Days Refill,112 hours 51 minutes,,,523.0348
15506,🇮🇳 Instagram Premium Followers 𝐈𝐧𝐝𝐢𝐚 🇮🇳 | 365 Days Refill | Speed 200K/Day | Refill Button | 0-5Mins,144.928,100,1 000 000,365 Days Refill,8 hours 3 minutes,,,623.1904
15508,🇮🇳 Instagram Premium Likes 𝐈𝐧𝐝𝐢𝐚 🇮🇳 | Super Fast & HQ | Speed 100K/Day | 0-10 Mins,40.114,10,100 000,30 Days Refill,10 minutes,,,172.4902
15507,🇮🇳 Instagram Premium Likes 𝐈𝐧𝐝𝐢𝐚 🇮🇳 | Speed 50K/Day | 0-10 Mins,49.172,100,100 000,30 Days Refill,5 minutes,,,211.4396
9556,Instagram Followers | No Refill | Max 100K | Drop Ratio 50%+ | All Flags Working | Speed 15-30K/Day | 0-1 HR,53.054,100,500 000,No Refill,6 hours 19 minutes,,,228.1322
13345,Instagram Followers - No Refill | 𝐀𝐥𝐥 𝐅𝐥𝐚𝐠𝐬 𝐖𝐨𝐫𝐤𝐢𝐧𝐠 | Max 1M | 𝐇𝐢𝐠𝐡 𝐐𝐮𝐚𝐥𝐢𝐭𝐲 𝐀𝐜𝐜𝐨𝐮𝐧𝐭𝐬 | Speed 200K/Day | Refill Button | 0-15 Mins,76.346,1,1 000 000,No Refill,8 minutes,,,328.2878
13296,"Instagram Followers - 𝐃𝐢𝐬𝐚𝐛𝐥𝐞 "" 𝐅𝐥𝐚𝐠 𝐅𝐨𝐫 𝐑𝐞𝐯𝐢𝐞𝐰"" 𝐁𝐞𝐟𝐨𝐫𝐞 𝐎𝐫𝐝𝐞𝐫𝐢𝐧𝐠 | [No Refill] [Max 500K] [Speed 10-20K/Day] [0-15Mins]",54.348,5,500 000,No Refill,55 minutes,,,233.6964
16191,Instagram Followers [ 𝐂𝐡𝐞𝐚𝐩𝐞𝐬𝐭 ] | No Refill | Max 1M | Speed UpTo 200K/Day | 0-5 Minutes,53.054,5,1 000 000,No Refill,40 minutes,,,228.1322
16380,Instagram Followers | No Refill | Max 5M | Speed 200K/Day | 𝐎𝐧𝐞 𝐂𝐥𝐢𝐜𝐤 𝐒𝐭𝐚𝐫𝐭,49.172,1,5 000 000,No Refill,9 hours 56 minutes,,,211.4396
13304,Instagram Followers - [No Refill] [𝐀𝐥𝐥 𝐅𝐥𝐚𝐠𝐬 𝐖𝐨𝐫𝐤𝐢𝐧𝐠] [𝐒𝐔𝐏𝐄𝐑 𝐅𝐀𝐒𝐓] [Max 10M] [Speed 300K/Day] [Always Instant],90.58,20,10 000 000,No Refill,37 minutes,,,389.494
10347,Instagram Followers - [𝐑𝐞𝐚𝐥 𝐀𝐩𝐩 𝐃𝐚𝐭𝐚] [No Refill] [Max 50K] [Speed 300K/Day] [INSTANT],80.228,1,50 000,No Refill,21 minutes,,,344.9804
5359,Instagram Followers - [No Refill] [Max 1M] [Speed 500K/Day] [0-15Mins],89.286,10,50 000 000,No Refill,1 hour 59 minutes,,,383.9298
12600,"Instagram Followers - [𝐅𝐀𝐒𝐓 𝐒𝐓𝐀𝐑𝐓] [No Refill] [Max 500K] | 𝐃𝐢𝐬𝐚𝐛𝐥𝐞 "" 𝐅𝐥𝐚𝐠 𝐅𝐨𝐫 𝐑𝐞𝐯𝐢𝐞𝐰"" 𝐁𝐞𝐟𝐨𝐫𝐞 𝐎𝐫𝐝𝐞𝐫𝐢𝐧𝐠 [Good Speed] [INSTANT]",93.168,50,500 000,No Refill,3 hours 46 minutes,,,400.6224
16174,Instagram Followers | No Refill | Speed 150K/Day | INSTANT,58.23,10,1 000 000,No Refill,2 hours 10 minutes,,,250.389
13109,"Instagram Followers - 𝐃𝐢𝐬𝐚𝐛𝐥𝐞 "" 𝐅𝐥𝐚𝐠 𝐅𝐨𝐫 𝐑𝐞𝐯𝐢𝐞𝐰"" 𝐁𝐞𝐟𝐨𝐫𝐞 𝐎𝐫𝐝𝐞𝐫𝐢𝐧𝐠 | 𝐇𝐢𝐠𝐡 𝐐𝐮𝐚𝐥𝐢𝐭𝐲 [𝐅𝐚𝐬𝐭𝐞𝐬𝐭 𝐒𝐞𝐫𝐯𝐞𝐫 𝐈𝐧 𝐓𝐡𝐞 𝐌𝐚𝐫𝐤𝐞𝐭] [Max 5M] [No Refill] [Speed 50-100/Day] [INSTANT]",93.168,10,5 000 000,No Refill,5 hours 18 minutes,,,400.6224
3104,"Instagram Followers - [No Refill] [Max 100K] [Speed 50-100K/Day] | 𝐃𝐢𝐬𝐚𝐛𝐥𝐞 "" 𝐅𝐥𝐚𝐠 𝐅𝐨𝐫 𝐑𝐞𝐯𝐢𝐞𝐰"" 𝐁𝐞𝐟𝐨𝐫𝐞 𝐎𝐫𝐝𝐞𝐫𝐢𝐧𝐠 [INSTANT]",78.934,20,100 000,No Refill,37 minutes,,,339.4162
5361,Instagram Followers - [𝐆𝐨𝐨𝐝 𝐐𝐮𝐚𝐥𝐢𝐭𝐲] [No Refill] [Max 300K] [Speed 500K/Day] [INSTANT],87.992,5,300 000,No Refill,11 minutes,,,378.3656
5356,Instagram Followers - [𝐑𝐞𝐚𝐥 & 𝐇𝐐] [No Refill] [Max 1M] [Speed 20K/HR] [INSTANT],78.934,5,1 000 000,No Refill,14 minutes,,,339.4162
3055,Instagram Followers - [𝐑𝐞𝐚𝐥 & 𝐇𝐐] [Low Drop] [Max 5M] [50-100K/Day] [INSTANT - Recommended] 🔥,54.348,10,5 000 000,No Refill,2 hours 28 minutes,,,233.6964
13297,Instagram Followers - [No Refill] [𝐀𝐥𝐥 𝐅𝐥𝐚𝐠𝐬 𝐖𝐨𝐫𝐤𝐢𝐧𝐠] [Max 1M] [Mixed Quality] [Speed 100K/Day] [0-30Mins],80.228,10,1 000 000,No Refill,16 minutes,,,344.9804
15865,Instagram Followers | No Refill | 𝐑𝐞𝐚𝐥 𝐀𝐜𝐜𝐨𝐮𝐧𝐭𝐬 𝐖𝐢𝐭𝐡 𝐏𝐨𝐬𝐭𝐬 | Speed 400K/Day | 0-15 Mins,77.64,50,1 000 000,No Refill,17 minutes,,,333.852
5360,Instagram Followers - [𝐑𝐄𝐀𝐋] [No Refill] [Max 500K] [Speed 50K/Day] [INSTANT],80.228,100,500 000,No Refill,18 minutes,,,344.9804
13381,🆕 Instagram Followers - [No Refill] [𝐀𝐥𝐥 𝐅𝐥𝐚𝐠𝐬 𝐖𝐨𝐫𝐤𝐢𝐧𝐠] [Max 10M] [𝐎𝐥𝐝 𝐀𝐜𝐜𝐨𝐮𝐧𝐭𝐬 𝐰𝐢𝐭𝐡 𝐏𝐨𝐬𝐭] [Speed 10-20K/Day] [0-20 Mins],84.11,20,10 000 000,No Refill,22 minutes,,,361.673
16056,Instagram Followers | No Refill | Max 1M | 𝐀𝐜𝐜𝐨𝐮𝐧𝐭𝐬 𝐖𝐢𝐭𝐡 𝐏𝐨𝐬𝐭 + 𝟏𝟎𝟎% 𝐑𝐞𝐚𝐥 | Speed Up To 200K/Day | 𝐎𝐧𝐞 𝐂𝐥𝐢𝐜𝐤 𝐒𝐭𝐚𝐫𝐭,146.222,10,1 000 000,365 Days Refill,54 minutes,,,628.7546
12494,Instagram Followers - [No Refill] [Max 5M] [Super Fast] [INSTANT],77.64,100,5 000 000,No Refill,15 minutes,,,333.852
13306,Instagram Followers - [No Refill] [𝐀𝐥𝐥 𝐅𝐥𝐚𝐠𝐬 𝐖𝐨𝐫𝐤𝐢𝐧𝐠] [Max 5M] [𝟏𝟓+ 𝐏𝐨𝐬𝐭 𝐀𝐜𝐜𝐨𝐮𝐧𝐭𝐬] [Speed 200K/Day] [INSTANT],84.11,10,5 000 000,No Refill,11 minutes,,,361.673
15839,Instagram Followers | 𝐍𝐨 𝐑𝐞𝐟𝐢𝐥𝐥 | 𝐎𝐥𝐝 𝐀𝐠𝐞𝐝 𝐀𝐜𝐜𝐨𝐮𝐧𝐭𝐬 | Speed 200K/Day | 0-15 Mins,109.99,10,1 000 000,No Refill,12 minutes,,,472.957
15840,Instagram Followers | 𝐍𝐨 𝐑𝐞𝐟𝐢𝐥𝐥 | 𝐑𝐞𝐚𝐥 𝐀𝐜𝐜𝐨𝐮𝐧𝐭𝐬 𝐖𝐢𝐭𝐡 𝐏𝐨𝐬𝐭𝐬 | Speed Upto 200K/Day | 0-30 Mins,78.934,50,1 000 000,No Refill,1 hour 43 minutes,,,339.4162
16010,Instagram Followers | No Refill | Max 5M | Drop Ratio 0-20% | All Flags Working | Speed 50K/Day | 0-15 Mins,427.02,1,5 000 000,No Refill,14 minutes,,,1836.186
15846,Instagram Followers | No Refill | Max 100K | Speed 50K/Day | 0-1 HR,372.672,50,100 000,No Refill,23 minutes,,,1602.4896
13305,Instagram Followers - [30 Days Refill] [𝐀𝐥𝐥 𝐅𝐥𝐚𝐠𝐬 𝐖𝐨𝐫𝐤𝐢𝐧𝐠] [𝐒𝐔𝐏𝐄𝐑 𝐅𝐀𝐒𝐓] [Max 10M] [Speed 100-500K/Day] [𝐑𝐞𝐟𝐢𝐥𝐥 𝐁𝐮𝐭𝐭𝐨𝐧] [Always Instant],107.402,20,10 000 000,30 Days Refill,3 hours 18 minutes,,,461.8286
13114,Instagram Followers - [𝐀𝐥𝐥 𝐅𝐥𝐚𝐠𝐬 𝐖𝐨𝐫𝐤𝐢𝐧𝐠] [𝐆𝐨𝐨𝐝 𝐐𝐮𝐚𝐥𝐢𝐭𝐲] [30 Days Refill] [Max 1M] [Speed 200-500K/Day] [𝐑𝐞𝐟𝐢𝐥𝐥 𝐁𝐮𝐭𝐭𝐨𝐧] [0-3HRS],109.99,10,1 000 000,30 Days Refill,11 minutes,,,472.957
5374,Instagram Followers - [𝐀𝐠𝐞𝐝 𝐀𝐜𝐜𝐨𝐮𝐧𝐭𝐬] [♻️ 30 Days Refill] [Max 1M] [𝐑𝐞𝐟𝐢𝐥𝐥 𝐁𝐮𝐭𝐭𝐨𝐧] [Speed Up To 200K/Day] [INSTANT],81.522,20,1 000 000,30 Days Refill,20 minutes,,,350.5446
16192,Instagram Followers [ 𝐂𝐡𝐞𝐚𝐩𝐞𝐬𝐭 ] | 30 Days Refill | Max 1M | Speed UpTo 200K/Day | 0-5 Minutes,55.642,5,1 000 000,30 Days Refill,25 hours 16 minutes,,,239.2606
16381,Instagram Followers | 30 Days Refill ♻️ | Max 5M | 𝐃𝐫𝐨𝐩 𝐑𝐚𝐭𝐢𝐨 𝐔𝐩 𝐓𝐨 𝟏𝟎% | Speed 200K/Day | 𝐎𝐧𝐞 𝐂𝐥𝐢𝐜𝐤 𝐒𝐭𝐚𝐫𝐭,81.522,10,5 000 000,30 Days Refill,16 minutes,,,350.5446
13380,🆕 Instagram Followers - [30 Days Refill] [𝐀𝐥𝐥 𝐅𝐥𝐚𝐠𝐬 𝐖𝐨𝐫𝐤𝐢𝐧𝐠] [Max 1M] [𝐎𝐥𝐝 𝐀𝐜𝐜𝐨𝐮𝐧𝐭𝐬 𝐰𝐢𝐭𝐡 𝐏𝐨𝐬𝐭] [Refill Button] [Speed 500K/Day] [0-20 Minutes],82.816,50,1 000 000,30 Days Refill,1 hour 2 minutes,,,356.1088
13251,Instagram Followers - [𝐀𝐥𝐥 𝐅𝐥𝐚𝐠𝐬 𝐖𝐨𝐫𝐤𝐢𝐧𝐠] | 𝐇𝐢𝐠𝐡 𝐐𝐮𝐚𝐥𝐢𝐭𝐲 [𝐅𝐚𝐬𝐭𝐞𝐬𝐭 𝐒𝐞𝐫𝐯𝐞𝐫 𝐈𝐧 𝐓𝐡𝐞 𝐌𝐚𝐫𝐤𝐞𝐭] [Max 5M] [30 Days Refill] [Speed 100-500K/Day] [INSTANT],111.284,10,5 000 000,30 Days Refill,17 minutes,,,478.5212
12250,Instagram Followers - [30 Days Refill] [Max 50K] [Speed 200-300K/Day] [0-10Mins],97.05,5,50 000,30 Days Refill,5 minutes,,,417.315
15563,Instagram Followers - [30 Days Refill] [𝐀𝐥𝐥 𝐅𝐥𝐚𝐠𝐬 𝐖𝐨𝐫𝐤𝐢𝐧𝐠] [𝟏𝟓+ 𝐎𝐥𝐝 𝐀𝐜𝐜𝐨𝐮𝐧𝐭 𝐏𝐨𝐬𝐭𝐬] [Speed 2M/Day] [𝐑𝐞𝐟𝐢𝐥𝐥 𝐁𝐮𝐭𝐭𝐨𝐧] [INSTANT],146.222,10,1 000 000,30 Days Refill,50 minutes,,,628.7546
9191,Instagram Followers - [♻️ 30 Days Refill] [Max 500K] [Speed 200K/Day] [0-15Mins],86.698,1,50 000,30 Days Refill,16 minutes,,,372.8014
12259,Instagram Followers - [𝐀𝐩𝐩 𝐃𝐚𝐭𝐚] [♻️ 30 Days Refill] [Max 500K] [𝐑𝐞𝐟𝐢𝐥𝐥 𝐁𝐮𝐭𝐭𝐨𝐧] HQ [Speed Up To 300-500K/Day] [INSTANT],90.58,100,500 000,30 Days Refill,21 minutes,,,389.494
5387,Instagram Followers - [𝐑𝐄𝐀𝐋] [♻️ 30 Days Refill] [Max 500K] [𝐑𝐞𝐟𝐢𝐥𝐥 𝐁𝐮𝐭𝐭𝐨𝐧] [Speed 20K/HR] [INSTANT],82.816,15,500 000,30 Days Refill,299 hours 6 minutes,,,356.1088
15842,Instagram Followers | 30 Days Refill♻️ | 𝐑𝐞𝐚𝐥 𝐀𝐜𝐜𝐨𝐮𝐧𝐭𝐬 𝐖𝐢𝐭𝐡 𝐏𝐨𝐬𝐭𝐬 | Speed 400K/Day | Refill Button | 0-15 Mins,81.522,50,1 000 000,30 Days Refill,40 minutes,,,350.5446
16196,Instagram Followers [𝐀𝐩𝐩 𝐃𝐚𝐭𝐚 + 𝐀𝐜𝐭𝐢𝐯𝐞 𝐀𝐜𝐜𝐨𝐮𝐧𝐭𝐬] | 30 Days Refill | Max 1M | Speed UpTo 200K/Day | Refill Button Working | 0-15 Minutes,59.524,100,1 000 000,30 Days Refill,55 minutes,,,255.9532
13115,Instagram Followers - [𝐀𝐥𝐥 𝐅𝐥𝐚𝐠𝐬 𝐖𝐨𝐫𝐤𝐢𝐧𝐠] [𝐀𝐠𝐞𝐝 𝐀𝐜𝐜𝐨𝐮𝐧𝐭𝐬] [30 Days Refill] [Max 10M] [Speed 100-500K/Day] [𝐑𝐞𝐟𝐢𝐥𝐥 𝐁𝐮𝐭𝐭𝐨𝐧] [INSTANT],346.792,10,10 000 000,30 Days Refill,1 hour 10 minutes,,,1491.2056
15883,Instagram Followers [30 Days Refill] [Max 10M] [All Flags Working] [𝐒𝐮𝐩𝐞𝐫 𝐅𝐚𝐬𝐭 𝐒𝐩𝐞𝐞𝐝 & 𝐙𝐞𝐫𝐨 𝐃𝐫𝐨𝐩] [Speed 500K/Day] [𝟎-𝟏 𝐌𝐢𝐧],174.69,1,10 000 000,30 Days Refill,2 hours 45 minutes,,,751.167
15837,Instagram Followers | 30 Days Refill♻️ | 𝐎𝐥𝐝 𝐀𝐠𝐞𝐝 𝐀𝐜𝐜𝐨𝐮𝐧𝐭𝐬 | Speed Upto 200K/Day | Refill Button | 0-15 Mins,103.52,5,5 000 000,30 Days Refill,23 minutes,,,445.136
5389,Instagram Followers - [𝐄𝐱𝐜𝐞𝐥𝐥𝐞𝐧𝐭 𝐐𝐮𝐚𝐥𝐢𝐭𝐲] [99 Days Refill] [Max 300K] [Non-Drop] [Refill Button] [Speed 30-60K/Day] [INSTANT],219.98,20,300 000,99 Days Refill,22 minutes,,,945.914
16197,Instagram Followers [𝐀𝐩𝐩 𝐃𝐚𝐭𝐚 + 𝐀𝐜𝐭𝐢𝐯𝐞 𝐀𝐜𝐜𝐨𝐮𝐧𝐭𝐬] | 60 Days Refill | Max 1M | Speed UpTo 200K/Day | Refill Button Working | 0-15 Minutes,116.46,1,10 000 000,60 Days Refill,16 minutes,,,500.778
3781,Instagram Followers - [𝐆𝐨𝐨𝐝 𝐐𝐮𝐚𝐥𝐢𝐭𝐲] [90 Days Refill] [120K Max] [Refill Button] [500K/Day] [INSTANT],112.578,5,120 000,90 Days Refill,6 hours 19 minutes,,,484.0854
5383,"Instagram Followers - [𝐄𝐱𝐜𝐞𝐥𝐥𝐞𝐧𝐭 𝐐𝐮𝐚𝐥𝐢𝐭𝐲] [99 Days Refill] [Max 500K] [Non-Drop] [Refill Button] [Speed 50-100/Day] | 𝐃𝐢𝐬𝐚𝐛𝐥𝐞 "" 𝐅𝐥𝐚𝐠 𝐅𝐨𝐫 𝐑𝐞𝐯𝐢𝐞𝐰"" 𝐁𝐞𝐟𝐨𝐫𝐞 𝐎𝐫𝐝𝐞𝐫𝐢𝐧𝐠 [INSTANT]",137.164,10,500 000,99 Days Refill,22 minutes,,,589.8052
16193,Instagram Followers [ 𝐂𝐡𝐞𝐚𝐩𝐞𝐬𝐭 ] | 90 Days Refill | Max 1M | Speed UpTo 200K/Day | 0-5 Minutes,59.524,5,1 000 000,90 Days Refill,82 hours 34 minutes,,,255.9532
16382,Instagram Followers | 90 Days Refill ♻️ | Max 5M | 𝐃𝐫𝐨𝐩 𝐑𝐚𝐭𝐢𝐨 𝐔𝐩 𝐓𝐨 𝟏𝟎% | Speed 200K/Day | 𝐎𝐧𝐞 𝐂𝐥𝐢𝐜𝐤 𝐒𝐭𝐚𝐫𝐭,100.932,10,5 000 000,90 Days Refill,11 hours 4 minutes,,,434.0076
1239,Instagram Followers - [𝐑𝐄𝐀𝐋] [99 Days Refill] [Max 300K] [Refill Button] [Speed 300K/Day] [INSTANT],104.814,5,300 000,99 Days Refill,41 minutes,,,450.7002
12256,Instagram Followers - [𝐀𝐩𝐩 𝐃𝐚𝐭𝐚] [♻️ 60 Days Refill] [Max 500K] [𝐑𝐞𝐟𝐢𝐥𝐥 𝐁𝐮𝐭𝐭𝐨𝐧] HQ [Speed Up To 200K/Day] [INSTANT],78.934,50,500 000,60 Days Refill,73 hours 18 minutes,,,339.4162
12253,Instagram Followers - [𝐀𝐠𝐞𝐝 & 𝐐𝐮𝐚𝐥𝐢𝐭𝐲 𝐀𝐜𝐜𝐨𝐮𝐧𝐭𝐬] [♻️ 60 Days Refill] [Max 5M] [𝐑𝐞𝐟𝐢𝐥𝐥 𝐁𝐮𝐭𝐭𝐨𝐧] [Speed Up To 1M/Day] [INSTANT],81.522,50,5 000 000,60 Days Refill,11 minutes,,,350.5446
12257,"Instagram Followers - [𝐀𝐩𝐩 𝐃𝐚𝐭𝐚] [♻️ 90 Days Refill] [Max 500K] [𝐑𝐞𝐟𝐢𝐥𝐥 𝐁𝐮𝐭𝐭𝐨𝐧] HQ [Speed Up To 50K/Day] | 𝐃𝐢𝐬𝐚𝐛𝐥𝐞 "" 𝐅𝐥𝐚𝐠 𝐅𝐨𝐫 𝐑𝐞𝐯𝐢𝐞𝐰"" 𝐁𝐞𝐟𝐨𝐫𝐞 𝐎𝐫𝐝𝐞𝐫𝐢𝐧𝐠 [INSTANT]",148.81,10,500 000,90 Days Refill,4 hours 16 minutes,,,639.883
13119,Instagram Followers - [𝐀𝐥𝐥 𝐅𝐥𝐚𝐠𝐬 𝐖𝐨𝐫𝐤𝐢𝐧𝐠] [𝐆𝐨𝐨𝐝 𝐐𝐮𝐚𝐥𝐢𝐭𝐲] [90 Days Refill] [Max 1M] [Speed 200-500K/Day] [𝐑𝐞𝐟𝐢𝐥𝐥 𝐁𝐮𝐭𝐭𝐨𝐧] [0-3HRS],99.638,1,1 000 000,90 Days Refill,20 minutes,,,428.4434
5390,Instagram Followers - [𝐆𝐨𝐨𝐝 𝐐𝐮𝐚𝐥𝐢𝐭𝐲] [120 Days Refill] [Max 500K] [Refill Button] [Speed 50-100K/Day] [INSTANT],336.44,10,500 000,120 Days Refill,13 minutes,,,1446.692
16055,Instagram Followers | 90 Days Refill ♻️ | Max 1M | 𝐀𝐜𝐜𝐨𝐮𝐧𝐭𝐬 𝐖𝐢𝐭𝐡 𝐏𝐨𝐬𝐭 + 𝟏𝟎𝟎% 𝐑𝐞𝐚𝐥 | Speed Up To 200K/Day | 𝐎𝐧𝐞 𝐂𝐥𝐢𝐜𝐤 𝐒𝐭𝐚𝐫𝐭,148.81,1,1 000 000,90 Days Refill,55 minutes,,,639.883
13303,Instagram Followers - [365 Days Refill] [𝐀𝐥𝐥 𝐅𝐥𝐚𝐠𝐬 𝐖𝐨𝐫𝐤𝐢𝐧𝐠] [𝐒𝐔𝐏𝐄𝐑 𝐅𝐀𝐒𝐓] [Max 10M] [Speed 300K/Day] [𝐑𝐞𝐟𝐢𝐥𝐥 𝐁𝐮𝐭𝐭𝐨𝐧] [Always Instant],147.516,20,10 000 000,365 Days Refill,2 hours 12 minutes,,,634.3188
13382,🆕 Instagram Followers - [365 Days Refill] [𝐀𝐥𝐥 𝐅𝐥𝐚𝐠𝐬 𝐖𝐨𝐫𝐤𝐢𝐧𝐠] [Max 10M] [𝐎𝐥𝐝 𝐀𝐜𝐜𝐨𝐮𝐧𝐭𝐬 𝐰𝐢𝐭𝐡 𝐏𝐨𝐬𝐭] [Refill Button] [Speed 100-200K/Day] [0-20 Minutes],104.814,5,10 000 000,365 Days Refill,116 hours 41 minutes,,,450.7002
13308,Instagram Followers - [365 Days Refill] [𝐀𝐥𝐥 𝐅𝐥𝐚𝐠𝐬 𝐖𝐨𝐫𝐤𝐢𝐧𝐠] [Max 5M] [𝟏𝟓+ 𝐏𝐨𝐬𝐭 𝐀𝐜𝐜𝐨𝐮𝐧𝐭𝐬] [Refill Button] [Speed 200K/Day] [INSTANT],138.458,5,5 000 000,365 Days Refill,14 minutes,,,595.3694
8576,Instagram Followers - [𝐒𝐮𝐩𝐞𝐫 𝐐𝐮𝐚𝐥𝐢𝐭𝐲] [365 Days Refill] [Max 300K] [𝐍𝐨𝐧-𝐃𝐫𝐨𝐩] [Speed 400K/Day] [𝐑𝐞𝐟𝐢𝐥𝐥 𝐁𝐮𝐭𝐭𝐨𝐧] [INSTANT],77.64,5,300 000,365 Days Refill,106 hours 45 minutes,,,333.852
16317,Instagram Followers [ 𝐂𝐡𝐞𝐚𝐩𝐞𝐬𝐭 ] | 365 Days Refill | Max 1M | Speed UpTo 200K/Day | 0-5 Minutes,69.876,5,1 000 000,365 Days Refill,9 minutes,,,300.4668
16547,Instagram Followers | 365 Days Refill ♻️ | Max 5M | 𝐃𝐫𝐨𝐩 𝐑𝐚𝐭𝐢𝐨 𝐔𝐩 𝐓𝐨 𝟏𝟎% | Speed 200K/Day | 𝐎𝐧𝐞 𝐂𝐥𝐢𝐜𝐤 𝐒𝐭𝐚𝐫𝐭,143.634,10,5 000 000,365 Days Refill,55 minutes,,,617.6262
7397,Instagram Followers - [𝐄𝐱𝐜𝐞𝐥𝐥𝐞𝐧𝐭 𝐐𝐮𝐚𝐥𝐢𝐭𝐲] [𝟑𝟔𝟓 𝐃𝐚𝐲𝐬 𝐑𝐞𝐟𝐢𝐥𝐥] [Max 500K] [Refill Button] [Non-Drop] [Speed 100-200K/Day] [Always Instant],65.994,1,500 000,365 Days Refill,10 minutes,,,283.7742
15838,Instagram Followers | 365 Days Refill♻️ | 𝐎𝐥𝐝 𝐀𝐠𝐞𝐝 𝐀𝐜𝐜𝐨𝐮𝐧𝐭𝐬 | Speed Upto 200K/Day | Refill Button | 0-15 Mins,113.872,5,5 000 000,365 Days Refill,50 minutes,,,489.6496
9154,Instagram Followers - [𝐀𝐆𝐄𝐃 𝐀𝐂𝐂𝐎𝐔𝐍𝐓𝐒] [365 Days Refill] [Max 50K] [𝐑𝐞𝐟𝐢𝐥𝐥 𝐁𝐮𝐭𝐭𝐨𝐧] [Speed 500K/Day] [INSTANT],119.048,10,50 000,365 Days Refill,12 minutes,,,511.9064
14748,Instagram Followers [365 Days Refill] [𝐀𝐥𝐥 𝐅𝐥𝐚𝐠𝐬 𝐖𝐨𝐫𝐤𝐢𝐧𝐠] [Max 2M] [Speed 500K/Day] [𝐙𝐄𝐑𝐎 𝐃𝐑𝐎𝐏] [Refill Button Enabled] [Always Instant],97.05,10,2 000 000,365 Days Refill,82 hours 40 minutes,,,417.315
12601,Instagram Followers - [𝐅𝐀𝐒𝐓 𝐒𝐓𝐀𝐑𝐓] [365 Days Refill] [Max 2M] [Refill Button] [Good Speed] [INSTANT],100.932,5,2 000 000,365 Days Refill,10 minutes,,,434.0076
9314,Instagram Followers - [𝐅𝐚𝐬𝐭𝐞𝐬𝐭 𝐒𝐞𝐫𝐯𝐞𝐫 𝐈𝐧 𝐓𝐡𝐞 𝐌𝐚𝐫𝐤𝐞𝐭] [365 Days Refill] [Max 500K] [♻️ Refill Button] [Speed Up To 1M/Day] [0-5 Mins],77.64,100,500 000,365 Days Refill,8 hours 30 minutes,,,333.852
13108,Instagram Followers - [𝐀𝐥𝐥 𝐅𝐥𝐚𝐠𝐬 𝐖𝐨𝐫𝐤𝐢𝐧𝐠] [𝐀𝐠𝐞𝐝 𝐀𝐜𝐜𝐨𝐮𝐧𝐭𝐬] [𝐅𝐚𝐬𝐭𝐞𝐬𝐭 𝐒𝐞𝐫𝐯𝐞𝐫 𝐈𝐧 𝐓𝐡𝐞 𝐌𝐚𝐫𝐤𝐞𝐭] [365 Days Refill] [Max 1M] [♻️ Refill Button] [Speed Up To 500K/Day] [0-5 Mins],97.05,1,1 000 000,365 Days Refill,9 minutes,,,417.315
12813,Instagram Followers - [♻️ 365 Days Refill] [Max 1M] [Speed Up To 50K/Day] [Refill Button] [0-5 Mins],103.52,1,1 000 000,365 Days Refill,21 minutes,,,445.136
15885,Instagram Followers [365 Days Refill] [Max 10M] [All Flags Working] [𝐒𝐮𝐩𝐞𝐫 𝐅𝐚𝐬𝐭 𝐒𝐩𝐞𝐞𝐝 & 𝐙𝐞𝐫𝐨 𝐃𝐫𝐨𝐩] [Speed 500K/Day] [𝟎-𝟏 𝐌𝐢𝐧],258.8,10,10 000 000,365 Days Refill,1 hour 58 minutes,,,1112.84
16053,Instagram Followers | 365 Days Refill ♻️ | Max 1M | 𝐀𝐜𝐜𝐨𝐮𝐧𝐭𝐬 𝐖𝐢𝐭𝐡 𝐏𝐨𝐬𝐭 + 𝟏𝟎𝟎% 𝐑𝐞𝐚𝐥 | Speed Up To 200K/Day | 𝐎𝐧𝐞 𝐂𝐥𝐢𝐜𝐤 𝐒𝐭𝐚𝐫𝐭,137.164,4,1 000 000,365 Days Refill,55 minutes,,,589.8052
16198,Instagram Followers [𝐀𝐩𝐩 𝐃𝐚𝐭𝐚 + 𝐀𝐜𝐭𝐢𝐯𝐞 𝐀𝐜𝐜𝐨𝐮𝐧𝐭𝐬] | 365 Days Refill | Max 1M | Speed UpTo 200K/Day | Refill Button Working | 0-15 Minutes,72.464,10,1 000 000,365 Days Refill,23 minutes,,,311.5952
3084,Instagram Followers - [365 Days Refill] [Max 3M] [Refill Button] [Speed 100-200K/day] [INSTANT],102.226,1,3 000 000,365 Days Refill,261 hours 47 minutes,,,439.5718
12592,Instagram Followers - [𝐀𝐥𝐥 𝐅𝐥𝐚𝐠𝐬 𝐖𝐨𝐫𝐤𝐢𝐧𝐠] [365 Days Refill] [Max 3M] [Speed 100-200K/Day] [𝐑𝐞𝐟𝐢𝐥𝐥 𝐁𝐮𝐭𝐭𝐨𝐧] [0-30 Mins],103.52,100,3 000 000,365 Days Refill,17 minutes,,,445.136
8625,Instagram Followers - [𝐄𝐱𝐜𝐞𝐥𝐥𝐞𝐧𝐭 𝐐𝐮𝐚𝐥𝐢𝐭𝐲] [365 Days Refill] [Max 1M] [Refill Button] [𝐒𝐓𝐀𝐁𝐋𝐄] [Speed 100K/Day] [𝐈𝐍𝐒𝐓𝐀𝐍𝐓],103.52,50,1 000 000,365 Days Refill,218 hours 23 minutes,,,445.136
15841,Instagram Followers | 365 Days Refill♻️ | 𝐑𝐞𝐚𝐥 𝐀𝐜𝐜𝐨𝐮𝐧𝐭𝐬 | Speed Upto 300K/Day | Refill Button | 0-15 Mins,72.464,1,1 000 000,365 Days Refill,142 hours 33 minutes,,,311.5952
8196,Instagram Followers - [𝐆𝐨𝐨𝐝 𝐐𝐮𝐚𝐥𝐢𝐭𝐲] [♻️ 𝟑𝟔𝟓 𝐃𝐚𝐲𝐬 𝐑𝐞𝐟𝐢𝐥𝐥] [Max 1M] [Refill Button] [Speed 50-100K/Day] [Always Instant] 🔥🔥,109.99,100,1 000 000,365 Days Refill,31 hours 3 minutes,,,472.957
13113,Instagram Followers - 𝐀𝐥𝐥 𝐅𝐥𝐚𝐠𝐬 𝐖𝐨𝐫𝐤𝐢𝐧𝐠 | [𝐀𝐠𝐞𝐝 𝐀𝐜𝐜𝐨𝐮𝐧𝐭𝐬] [𝐅𝐚𝐬𝐭𝐞𝐬𝐭 𝐒𝐞𝐫𝐯𝐞𝐫 𝐈𝐧 𝐓𝐡𝐞 𝐌𝐚𝐫𝐤𝐞𝐭] [365 Days Refill] [Max 1M] [♻️ Refill Button] [Speed Up To 100K/Day] [0-5 Mins],97.05,1,1 000 000,365 Days Refill,26 minutes,,,417.315
12593,Instagram Followers - [𝐀𝐥𝐥 𝐅𝐥𝐚𝐠𝐬 𝐖𝐨𝐫𝐤𝐢𝐧𝐠] [𝐄𝐱𝐜𝐞𝐥𝐥𝐞𝐧𝐭 𝐐𝐮𝐚𝐥𝐢𝐭𝐲] [365 Days Refill] [Max 5M] [𝐍𝐨𝐧-𝐃𝐫𝐨𝐩] [Speed 20-40K/Day] [𝐑𝐞𝐟𝐢𝐥𝐥 𝐁𝐮𝐭𝐭𝐨𝐧] [Instant],126.812,1,5 000 000,365 Days Refill,29 minutes,,,545.2916
12266,Instagram Followers - [𝐀𝐠𝐞𝐝 & 𝐐𝐮𝐚𝐥𝐢𝐭𝐲 𝐀𝐜𝐜𝐨𝐮𝐧𝐭𝐬] [♻️ 365 Days Refill] [Max 1M] [𝐑𝐞𝐟𝐢𝐥𝐥 𝐁𝐮𝐭𝐭𝐨𝐧] [Speed Up To 100K/Day] [INSTANT],77.64,50,1 000 000,365 Days Refill,9 hours 51 minutes,,,333.852
12265,Instagram Followers - [𝐀𝐠𝐞𝐝 𝐀𝐜𝐜𝐨𝐮𝐧𝐭𝐬] [♻️ 30 Days Refill] [Max 1M] [𝐑𝐞𝐟𝐢𝐥𝐥 𝐁𝐮𝐭𝐭𝐨𝐧] [Speed Up To 200K/Day] [INSTANT],86.698,50,1 000 000,30 Days Refill,24 hours 33 minutes,,,372.8014
12254,Instagram Followers - [𝐀𝐠𝐞𝐝 & 𝐐𝐮𝐚𝐥𝐢𝐭𝐲 𝐀𝐜𝐜𝐨𝐮𝐧𝐭𝐬] [♻️ 90 Days Refill] [Max 5M] [𝐑𝐞𝐟𝐢𝐥𝐥 𝐁𝐮𝐭𝐭𝐨𝐧] [Speed Up To 100K/Day] [INSTANT],93.168,5,5 000 000,90 Days Refill,43 minutes,,,400.6224
12267,Instagram Followers - [𝐀𝐆𝐄𝐃 𝐀𝐂𝐂𝐎𝐔𝐍𝐓𝐒] [365 Days Refill] [Max 500K] [𝐑𝐞𝐟𝐢𝐥𝐥 𝐁𝐮𝐭𝐭𝐨𝐧] [Speed 50-100K/Day] [INSTANT],103.52,10,500 000,365 Days Refill,2 hours 21 minutes,,,445.136
12491,Instagram Followers - [𝐎𝐋𝐃 𝐀𝐂𝐂𝐎𝐔𝐍𝐓𝐒] [365 Days Refill] [Max 100K] [Refill Button] [Speed Up To 100K/Day] [INSTANT],100.932,10,100 000,365 Days Refill,2 hours 46 minutes,,,434.0076
12676,Instagram Followers - [𝐎𝐋𝐃 𝐀𝐂𝐂𝐎𝐔𝐍𝐓𝐒] [365 Days Refill] [Max 1M] [Refill Button] [Speed 25K/Day] [0-10 Minutes],98.344,50,1 000 000,365 Days Refill,23 minutes,,,422.8792
12264,Instagram Followers - [𝐀𝐠𝐞𝐝 𝐀𝐜𝐜𝐨𝐮𝐧𝐭𝐬] [♻️ 30 Days Refill] [Max 500K] [𝐑𝐞𝐟𝐢𝐥𝐥 𝐁𝐮𝐭𝐭𝐨𝐧] [Speed Up To 50K/Day] [0-30Mins],82.816,10,500 000,30 Days Refill,1 hour 15 minutes,,,356.1088
12675,Instagram Followers - [𝐎𝐋𝐃 𝐀𝐂𝐂𝐎𝐔𝐍𝐓𝐒] [365 Days Refill] [Max 1M] [Refill Button] [Speed 1-5K/Day] [0-15 Minutes],97.05,100,1 000 000,365 Days Refill,10 minutes,,,417.315
12677,Instagram Followers - [𝐎𝐋𝐃 𝐀𝐂𝐂𝐎𝐔𝐍𝐓𝐒] [365 Days Refill] [Max 1M] [Refill Button] [Speed 30K/Day] [0-10 Minutes],99.638,100,1 000 000,365 Days Refill,2 hours 57 minutes,,,428.4434
10026,Instagram Followers - [𝐀𝐆𝐄𝐃 𝐀𝐂𝐂𝐎𝐔𝐍𝐓𝐒] [365 Days Refill] [Max 200K] [𝐑𝐞𝐟𝐢𝐥𝐥 𝐁𝐮𝐭𝐭𝐨𝐧] [Speed 50-100K/Day] [INSTANT],77.64,1,200 000,365 Days Refill,64 hours,,,333.852
12263,Instagram Followers - [𝐀𝐩𝐩 𝐃𝐚𝐭𝐚] [♻️ 365 Days Refill] [Max 1M] [𝐑𝐞𝐟𝐢𝐥𝐥 𝐁𝐮𝐭𝐭𝐨𝐧] HQ [Speed Up To 300-500K/Day] [INSTANT],102.226,5,1 000 000,365 Days Refill,42 hours 16 minutes,,,439.5718
14747,Instagram Followers - [𝐀𝐏𝐏 𝐃𝐀𝐓𝐀] [Max 5M] [365 Days Refill] [𝐑𝐞𝐟𝐢𝐥𝐥 𝐁𝐮𝐭𝐭𝐨𝐧] [Speed Upto 500K/Day] [INSTANT],282.092,10,5 000 000,365 Days Refill,3 hours 24 minutes,,,1212.9956
10023,Instagram Followers - [𝐀𝐏𝐏 𝐃𝐀𝐓𝐀] [Max 1M] [365 Days Refill] [Speed 300K/Day] [INSTANT],139.752,10,5 000 000,365 Days Refill,55 minutes,,,600.9336
16202,Instagram Followers [30 Days Refill] [100% APP Data] [7-15% Drop] [Speed 100K/Day] [0-5 Mins],111.284,20,1 000 000,30 Days Refill,1 hour 54 minutes,,,478.5212
16203,Instagram Followers [45 Days Refill] [100% APP Data] [7-15% Drop] [Speed 100K/Day] [0-5 Mins] [0-5 Mins],121.636,20,1 000 000,No Refill,3 hours 18 minutes,,,523.0348
16204,Instagram Followers [365 Days Refill] [100% APP Data] [7-15% Drop] [Speed 100K/Day] [0-5 Mins] [0-5 Mins],134.576,20,1 000 000,90 Days Refill,6 hours 6 minutes,,,578.6768
12258,Instagram Followers - [𝐀𝐩𝐩 𝐃𝐚𝐭𝐚] [♻️ 90 Days Refill] [Max 500K] [𝐑𝐞𝐟𝐢𝐥𝐥 𝐁𝐮𝐭𝐭𝐨𝐧] HQ [Speed Up To 200K/Day] [INSTANT],99.638,50,500 000,90 Days Refill,16 minutes,,,428.4434
12262,Instagram Followers - [𝐀𝐩𝐩 𝐃𝐚𝐭𝐚] [♻️ 30 Days Refill] [Max 500K] [𝐑𝐞𝐟𝐢𝐥𝐥 𝐁𝐮𝐭𝐭𝐨𝐧] HQ [Speed Up To 300-500K/Day] [INSTANT],82.816,50,500 000,30 Days Refill,40 minutes,,,356.1088
12261,Instagram Followers - [♻️ 30 Days Refill] [𝐑𝐞𝐚𝐥 𝐀𝐩𝐩 𝐃𝐚𝐭𝐚] [Max 30K] [Speed 20K/Day] [INSTANT],82.816,10,30 000,30 Days Refill,10 minutes,,,356.1088
10022,Instagram Followers - [𝐀𝐏𝐏 𝐃𝐀𝐓𝐀] [Max 30K] [90 Days Refill] [Speed 10K/HR] [INSTANT],95.756,100,30 000,90 Days Refill,7 minutes,,,411.7508
10019,Instagram Followers - [𝐀𝐏𝐏 𝐃𝐀𝐓𝐀] [Max 50K] [No Refill] [Speed 5K/HR] [INSTANT],115.166,50,50 000,No Refill,1 hour 14 minutes,,,495.2138
10020,Instagram Followers - [𝐀𝐏𝐏 𝐃𝐀𝐓𝐀] [Max 15K] [No Refill] [Speed 15K/HR] [INSTANT],80.228,5,15 000,No Refill,22 minutes,,,344.9804
10021,Instagram Followers - [𝐀𝐏𝐏 𝐃𝐀𝐓𝐀] [Max 100K] [No Refill] [Speed 25K/HR] [INSTANT],84.11,5,100 000,No Refill,28 minutes,,,361.673
9189,Instagram Followers - [365 Days Refill] [Max 3M] [𝐀𝐮𝐭𝐨 𝐑𝐞𝐟𝐢𝐥𝐥] [Speed 30-50K/Day] [INSTANT],112.578,100,3 000 000,365 Days Refill,58 hours 51 minutes,,,484.0854
8198,Instagram Followers - [𝐆𝐨𝐨𝐝 𝐐𝐮𝐚𝐥𝐢𝐭𝐲] [𝟗𝟎 𝐃𝐚𝐲𝐬 𝐑𝐞𝐟𝐢𝐥𝐥] [Max 500K] [𝐀𝐮𝐭𝐨 𝐑𝐞𝐟𝐢𝐥𝐥] [Speed 10-20K/Day] [INSTANT],72.464,50,500 000,90 Days Refill,9 hours 4 minutes,,,311.5952
5400,Instagram Followers - [Mixed Quality] [𝟏𝟐𝟎 𝐃𝐚𝐲𝐬 𝐑𝐞𝐟𝐢𝐥𝐥] [Max 1M] [𝐀𝐮𝐭𝐨 𝐑𝐞𝐟𝐢𝐥𝐥] [Speed 50-100K/Day] [INSTANT],111.284,1,1 000 000,120 Days Refill,4 hours 55 minutes,,,478.5212
5380,Instagram Followers - [𝐇𝐢𝐠𝐡 𝐐𝐮𝐚𝐥𝐢𝐭𝐲] [60 Days Refill] [Max 500K] [Non-Drop] [𝐀𝐔𝐓𝐎 𝐑𝐄𝐅𝐈𝐋𝐋] [Speed 20-30K/Day] [INSTANT] ♻️,107.402,100,500 000,60 Days Refill,13 hours 57 minutes,,,461.8286
5391,Instagram Followers - [𝐇𝐢𝐠𝐡 𝐐𝐮𝐚𝐥𝐢𝐭𝐲] [60 Days Refill] [Max 200K] [Non-Drop] [𝐀𝐔𝐓𝐎 𝐑𝐄𝐅𝐈𝐋𝐋] [Speed 30K/Day] [INSTANT] ♻️,115.166,100,200 000,60 Days Refill,11 hours 49 minutes,,,495.2138
3325,Instagram Followers - [𝐔𝐒𝐀] [𝐁𝐞𝐬𝐭 𝐐𝐮𝐚𝐥𝐢𝐭𝐲] [30 Days Refill] [Max 5K] [𝐀𝐔𝐓𝐎 𝐑𝐄𝐅𝐈𝐋𝐋] [Speed 2-5K/Day] [Always Instant] ♻️,634.06,10,2 000,30 Days Refill,17 minutes,,,2726.458
3111,Instagram Followers - [𝐄𝐧𝐠𝐥𝐢𝐬𝐡 𝐍𝐚𝐦𝐞𝐬 - 𝐁𝐞𝐬𝐭 𝐐𝐮𝐚𝐥𝐢𝐭𝐲] [30 Days Refill] [Max 6K] [𝐀𝐔𝐓𝐎 𝐑𝐄𝐅𝐈𝐋𝐋] [Speed 2-6K/Day] [Always Instant] ♻️,647,50,2 000,30 Days Refill,16 minutes,,,2782.1
3224,Instagram Followers - [𝐋𝐚𝐭𝐢𝐧𝐨 𝐅𝐨𝐥𝐥𝐨𝐰𝐞𝐫𝐬] [30 Days Refill] [Max 10K] [𝐀𝐔𝐓𝐎 𝐑𝐄𝐅𝐈𝐋𝐋] [Speed 2K/Day] [Always Instant] ♻️,517.6,10,2 000,30 Days Refill,25 hours 39 minutes,,,2225.68
10533,Instagram Followers - [𝐑𝐄𝐀𝐋 & 𝐎𝐑𝐆𝐀𝐍𝐈𝐂] [365 Days Refill] [Max 500K] [Speed 50-100K/Day] [INSTANT],124.224,50,500 000,365 Days Refill,18 minutes,,,534.1632
10534,Instagram Followers - [𝐑𝐄𝐀𝐋 & 𝐎𝐑𝐆𝐀𝐍𝐈𝐂] [No Refill] [Max 1M] [Speed 10-50K/Day] [INSTANT],87.992,1,1 000 000,No Refill,23 minutes,,,378.3656
10531,Instagram Followers - [𝐑𝐄𝐀𝐋 & 𝐎𝐑𝐆𝐀𝐍𝐈𝐂] [30 Days Refill] [Max 200K] [Speed 20K/Day] [INSTANT],95.756,100,200 000,30 Days Refill,26 minutes,,,411.7508
10530,Instagram Followers - [𝐑𝐄𝐀𝐋 & 𝐎𝐑𝐆𝐀𝐍𝐈𝐂] [60 Days Refill] [Max 500K] [Speed 50K/Day] [INSTANT],109.99,100,500 000,60 Days Refill,66 hours 49 minutes,,,472.957
10532,Instagram Followers - [𝐑𝐄𝐀𝐋 & 𝐎𝐑𝐆𝐀𝐍𝐈𝐂] [90 Days Refill] [Max 300K] [Speed 50K/Day] [INSTANT],117.754,1,300 000,90 Days Refill,1 hour 22 minutes,,,506.3422
10538,Instagram Likes - [𝐑𝐄𝐀𝐋 & 𝐎𝐑𝐆𝐀𝐍𝐈𝐂] [Max 50K] [Speed 20K/Day] [INSTANT],460.664,10,40 000,30 Days Refill,8 hours,,,1980.8552
10539,Instagram Likes - [𝐑𝐄𝐀𝐋 & 𝐎𝐑𝐆𝐀𝐍𝐈𝐂] [Max 75K] [Speed 30K/Day] [INSTANT],460.664,20,75 000,30 Days Refill,17 minutes,,,1980.8552
5402,Instagram Likes [Real & Organic] [No Refill] [Max 50K] [Speed 50K/Day] [INSTANT],192.806,10,40 000,No Refill,7 minutes,,,829.0658
15855,Instagram Likes [Real & Organic] [30 Days Refill] [Max 50K] [Speed 20K/Day] [INSTANT],195.394,10,40 000,30 Days Refill,9 minutes,,,840.1942
17500,Instagram Followers | No Refill | Max 500K | 𝐀𝐥𝐥 𝐅𝐥𝐚𝐠𝐬 | 𝐂𝐡𝐞𝐚𝐩𝐞𝐬𝐭 | Speed Up To 30K/Day | 0-3 HRS,50.466,100,1 000 000,No Refill,11 hours 30 minutes,,,217.0038
17501,Instagram Followers | 30 Days Refill ♻️ | Max 500K | 𝐀𝐥𝐥 𝐅𝐥𝐚𝐠𝐬 | 𝐂𝐡𝐞𝐚𝐩𝐞𝐬𝐭 | Speed Up To 30K/Day | 0-3 HRS,60.818,100,1 000 000,30 Days Refill,4 hours 27 minutes,,,261.5174
17502,Instagram Followers | 90 Days Refill ♻️ | Max 500K | 𝐀𝐥𝐥 𝐅𝐥𝐚𝐠𝐬 | 𝐂𝐡𝐞𝐚𝐩𝐞𝐬𝐭 | Speed Up To 30K/Day | 0-3 HRS,63.406,100,1 000 000,90 Days Refill,1 hour 6 minutes,,,272.6458
17503,Instagram Followers | 120 Days Refill ♻️ | Max 500K | 𝐀𝐥𝐥 𝐅𝐥𝐚𝐠𝐬 | 𝐂𝐡𝐞𝐚𝐩𝐞𝐬𝐭 | Speed Up To 30K/Day | 0-3 HRS,65.994,100,1 000 000,120 Days Refill,79 hours 1 minute,,,283.7742
17504,Instagram Followers | 365 Days Refill ♻️ | Max 500K | 𝐀𝐥𝐥 𝐅𝐥𝐚𝐠𝐬 | 𝐂𝐡𝐞𝐚𝐩𝐞𝐬𝐭 | Speed Up To 30K/Day | 0-3 HRS,69.876,100,1 000 000,365 Days Refill,33 hours 59 minutes,,,300.4668
3786,Instagram Follower [365 Days Refill] [50k Package] [1 Day Delivery],103.52,50 000,50 000,365 Days Refill,33 minutes,,,445.136
3787,Instagram Follower [365 Days Refill] [100k Package] [1 Days Delivery],102.226,100 000,100 000,365 Days Refill,33 minutes,,,439.5718
3788,Instagram Follower [365 Days Refill] [100k Package] [1-2 Days Delivery] [High Quality],104.814,100 000,100 000,365 Days Refill,33 minutes,,,450.7002
3789,Instagram Follower [365 Days Refill] [150k Package] [1-3 Days Delivery],102.226,150 000,150 000,365 Days Refill,11 minutes,,,439.5718
3790,Instagram Follower [365 Days Refill] [200k Package] [3-5 Days Delivery],99.638,200 000,200 000,365 Days Refill,16 minutes,,,428.4434
3791,Instagram Follower [365 Days Refill] [300k Package] [5-10 Days Delivery],98.344,300 000,300 000,365 Days Refill,11 minutes,,,422.8792
3792,Instagram Follower [365 Days Refill] [500k Package] [7-10 Days Delivery],97.05,500 000,500 000,365 Days Refill,23 minutes,,,417.315
5372,Instagram Turkey Follower - From VERIFIED ACCOUNT [1 FOLLOW],376.554,1,1,30 Days Refill,16 minutes,,,1619.1822
3097,Instagram Turkey Follower - From VERIFIED ACCOUNT [2 FOLLOW],751.814,1,1,30 Days Refill,31 hours 21 minutes,,,3232.8002
5373,Instagram Turkey Follower - From VERIFIED ACCOUNT [3 FOLLOW],1128.368,1,1,30 Days Refill,33 minutes,,,4851.9824
5564,Instagram Turkey Follower - From VERIFIED ACCOUNT | @cult352,900.624,1,1,30 Days Refill,11 minutes,,,3872.6832
16051,Instagram Reposts [Max 10K] [No Refill] [Speed 1K/Day] [0-1HR],64.7,10,10 000,365 Days Refill,5 minutes,,,278.21
3116,Instagram Reposts [Max 500] [No Refill] [Speed 500/Day] [0-1HR],68.582,10,5 000,No Refill,5 minutes,,,294.9026
15995,Instagram Reposts [Max 10K] [15 Days Refill] [Speed 1K/Day] [0-1HR],108.696,10,10 000,15 Days Refill,5 minutes,,,467.3928
15996,Instagram Reposts [Max 1K] [30 Days Refill] [Speed 1K/Day] [0-1HR],606.886,10,100 000,30 Days Refill,3 minutes,,,2609.6098
16052,Instagram Reposts + Reach [Max 10K] [No Refill] [Speed 1K/Day] [0-1HR],73.758,10,10 000,365 Days Refill,1 hour 59 minutes,,,317.1594
10536,Instagram Follower - [𝐍𝐅𝐓] [100% Real NFT] [Speed 500/Day] [Auto Refill] [INSTANT],10630.21,10,500,30 Days Refill,55 minutes,,,45709.903
3012,Instagram Likes - [Max 500K] [Speed 100K/Day] [Always Instant],3.882,1,500 000,No Refill,52 minutes,,,16.6926
3000,Instagram Likes - [𝐑𝐄𝐀𝐋] [Max 5M] [Speed 100K/Day] [Always Instant],11.646,10,500 000,No Refill,20 minutes,,,50.0778
15700,Instagram Likes - [No Refill] [Max 500K] [Speed 10K/Day],5.176,10,500 000,No Refill,36 minutes,,,22.2568
7414,Instagram Likes - [High Quality] [Max 200K] [Speed 20K/HR] [INSTANT],10.352,20,200 000,No Refill,8 hours 58 minutes,,,44.5136
2999,Instagram Likes - [𝐌𝐢𝐱𝐞𝐝 𝐐𝐮𝐚𝐥𝐢𝐭𝐲] [Max 500K] [Speed 50K/HR] [Always Instant],15.528,5,500 000,No Refill,2 minutes,,,66.7704
9273,Instagram Likes - [No Refill] [Max 500K] [Speed 100K/Day],5.176,1,600 000,No Refill,4 hours 17 minutes,,,22.2568
9039,Instagram Likes - [No Refill] [Max 1M] [Speed 300K/Day],12.94,10,10 000 000,No Refill,2 hours 30 minutes,,,55.642
3005,Instagram Likes - [𝐇𝐢𝐠𝐡 𝐐𝐮𝐚𝐥𝐢𝐭𝐲] [Max 50K] [Speed 10K/Day] [Always Instant],5.176,1,1 000 000,No Refill,4 hours 55 minutes,,,22.2568
9017,Instagram Likes - [𝐌𝐢𝐱𝐞𝐝 𝐐𝐮𝐚𝐥𝐢𝐭𝐲] [Max 100K] [Speed 50K/Day] [Always Instant],5.176,1,100 000,No Refill,1 hour 8 minutes,,,22.2568
2505,Instagram Likes - [𝐌𝐢𝐱𝐞𝐝 𝐐𝐮𝐚𝐥𝐢𝐭𝐲] [Max 1M] [Speed 70-100K/Day] [Always Instant],6.47,1,1 000 000,No Refill,33 minutes,,,27.821
5441,Instagram Likes - [𝐑𝐄𝐀𝐋] [Max 200K] [Speed 50K/Day] [INSTANT],10.352,50,100 000,No Refill,2 hours,,,44.5136
1176,Instagram Likes - [30 Days Refill] [𝐎𝐋𝐃 𝐀𝐂𝐂𝐎𝐔𝐍𝐓𝐒] [Max 500K] [Speed 150K/Day] [INSTANT],7.764,1,1 000 000,30 Days Refill,1 hour 26 minutes,,,33.3852
12922,Instagram Likes - [𝐀𝐆𝐄𝐃 𝐀𝐂𝐂𝐎𝐔𝐍𝐓𝐒] [Lifetime Warranty] [Refill Button] [Max 5M] [Speed 200K/Day] [INSTANT],11.646,1,5 000 000,Lifetime Refill,89 hours 10 minutes,,,50.0778
9188,Instagram Likes - [𝐀𝐆𝐄𝐃 𝐀𝐂𝐂𝐎𝐔𝐍𝐓𝐒] [Lifetime Warranty] [Max 300K] [Speed 300K/Day] [Refill Button] [INSTANT],16.822,10,300 000,Lifetime Refill,30 minutes,,,72.3346
10036,Instagram Likes - [𝐆𝐎𝐎𝐃 𝐐𝐔𝐀𝐋𝐈𝐓𝐘] [Max 500K] [Lifetime Warranty] [𝟏𝟎𝟎% 𝐍𝐨𝐧-𝐃𝐫𝐨𝐩] [Speed 50-100K/Min] [INSTANT],5.176,1,1 000 000,Lifetime Refill,46 minutes,,,22.2568
16001,Instagram Likes [30 Days Refill] [Max 1M] [Speed Upto 500K/Day] [INSTANT],6.47,10,1 000 000,30 Days Refill,17 minutes,,,27.821
12923,Instagram Likes - [𝐎𝐋𝐃 𝐀𝐂𝐂𝐎𝐔𝐍𝐓𝐒] [Lifetime Warranty] [Max 1M] [Speed 500K/Day] [INSTANT],6.47,1,1 000 000,Lifetime Refill,40 minutes,,,27.821
12489,Instagram Likes - [𝐇𝐢𝐠𝐡 𝐐𝐮𝐚𝐥𝐢𝐭𝐲] [Max 1M] [Lifetime Warranty] [𝟏𝟎𝟎% 𝐍𝐨𝐧-𝐃𝐫𝐨𝐩] [Super Fast] [INSTANT],6.47,50,1 000 000,Lifetime Refill,19 minutes,,,27.821
12924,Instagram Likes - [𝐆𝐎𝐎𝐃 𝐐𝐔𝐀𝐋𝐈𝐓𝐘] [Max 200K] [Lifetime Warranty] [𝟏𝟎𝟎% 𝐍𝐨𝐧-𝐃𝐫𝐨𝐩] [Speed 10-50K/HR] [INSTANT],12.94,1,1 000 000,Lifetime Refill,8 minutes,,,55.642
15932,Instagram Likes [30 Days Refill] [Max 500K] [Speed Upto 100K/Day] [0-1HR],5.176,1,1 000 000,30 Days Refill,38 minutes,,,22.2568
5396,Instagram Likes [30 Days Refill] [Max 500K] [Speed Upto 50K/Day] [0-5 Mins],6.47,1,500 000,30 Days Refill,49 minutes,,,27.821
12488,Instagram Likes - [𝐆𝐎𝐎𝐃 𝐐𝐔𝐀𝐋𝐈𝐓𝐘] [Max 150K] [Lifetime Warranty] [𝟏𝟎𝟎% 𝐍𝐨𝐧-𝐃𝐫𝐨𝐩] [Speed 50K/Day] [INSTANT],28.468,5,150 000,Lifetime Refill,20 minutes,,,122.4124
15857,Instagram Likes [365 Days Refill] [Max 1M] [Speed Upto 500K/Day] [0-5 Mins],11.646,1,1 000 000,365 Days Refill,3 hours 47 minutes,,,50.0778
1165,Instagram Likes - [30 Days Refill] [Max 250K] [Speed 50K/Day] [Always Instant],14.234,5,250 000,30 Days Refill,23 minutes,,,61.2062
9138,Instagram Likes - [𝐀𝐆𝐄𝐃 𝐀𝐂𝐂𝐎𝐔𝐍𝐓𝐒] [Lifetime Warranty] [Max 500K] [Refill Button] [INSTANT],10.352,10,500 000,Lifetime Refill,6 minutes,,,44.5136
15858,Instagram Likes [30 Days Refill] [Max 100K] [Speed Upto 100K/Day] [INSTANT],14.234,1,100 000,30 Days Refill,32 minutes,,,61.2062
3002,Instagram Likes - [30 Days Refill] [Max 300K] [Speed 100K/Day] [Always Instant],5.176,10,300 000,30 Days Refill,1 hour 13 minutes,,,22.2568
3022,Instagram Likes - [60 Days Refill] [Max 100K] [Refill Button] [Speed 20K/Day] [INSTANT],5.176,1,1 000 000,60 Days Refill,58 minutes,,,22.2568
3334,Instagram Likes - [𝐆𝐨𝐨𝐝 𝐐𝐮𝐚𝐥𝐢𝐭𝐲] [30 Days Refill] [Max 50K] [𝐀𝐔𝐓𝐎 𝐑𝐄𝐅𝐈𝐋𝐋] [Non-Drop] [Speed 25K/Day] [Always Instant],51.76,20,50 000,30 Days Refill,7 minutes,,,222.568
15863,Instagram Likes [30 Days Refill] [Max 300K] [Speed Upto 300K/Day] [INSTANT],11.646,1,300 000,30 Days Refill,3 minutes,,,50.0778
3342,Instagram Like + Impression + Views [𝐁𝐞𝐬𝐭 𝐐𝐮𝐚𝐥𝐢𝐭𝐲] - [30 Days Refill] [Max 250K] [𝐀𝐔𝐓𝐎 𝐑𝐄𝐅𝐈𝐋𝐋] [Speed 40K/Day] [Always Instant],16.822,10,300 000,30 Days Refill,18 minutes,,,72.3346
3329,Instagram Like + Impression + Views [𝐑𝐞𝐚𝐥 & 𝐇𝐢𝐠𝐡 𝐐𝐮𝐚𝐥𝐢𝐭𝐲] - [60 Days Refill] [Max 150K] [𝐀𝐔𝐓𝐎 𝐑𝐄𝐅𝐈𝐋𝐋] [Speed 100K/Day] [INSTANT],54.348,10,150 000,60 Days Refill,10 minutes,,,233.6964
3338,Instagram Likes - [𝐁𝐞𝐬𝐭 𝐐𝐮𝐚𝐥𝐢𝐭𝐲] [30 Days Refill] [Max 50K] [Speed 25K/Day] [Always Instant] [𝐑𝐄𝐂𝐎𝐌𝐌𝐄𝐍𝐃𝐄𝐃],24.586,10,50 000,30 Days Refill,7 minutes,,,105.7198
5540,Instagram Likes - [𝐁𝐞𝐬𝐭 𝐐𝐮𝐚𝐥𝐢𝐭𝐲] [30 Days Refill] [Max 50K] [𝐀𝐔𝐓𝐎 𝐑𝐄𝐅𝐈𝐋𝐋] [Speed 50K/Day] [Always Instant] [𝐑𝐄𝐂𝐎𝐌𝐌𝐄𝐍𝐃𝐄𝐃],55.642,10,50 000,30 Days Refill,42 hours 49 minutes,,,239.2606
1181,Instagram Likes - [𝐑𝐄𝐀𝐋] [30 Days Refill] [Max 200K] [𝐀𝐔𝐓𝐎 𝐑𝐄𝐅𝐈𝐋𝐋] [Non-Drop] [Speed 20K/Day] [Always Instant],14.234,50,200 000,30 Days Refill,8 minutes,,,61.2062
3330,Instagram Likes - [𝐑𝐞𝐚𝐥 & 𝐇𝐢𝐠𝐡 𝐐𝐮𝐚𝐥𝐢𝐭𝐲] - [60 Days Refill] [Max 150K] [𝐀𝐔𝐓𝐎 𝐑𝐄𝐅𝐈𝐋𝐋] [Speed 100K/Day] [INSTANT],29.762,10,150 000,60 Days Refill,8 minutes,,,127.9766
5543,Instagram Likes - [𝐑𝐄𝐀𝐋] [30 Days Refill] [Max 5K] [Non-Drop] [Speed 5K/Day] [Always Instant],142.34,10,5 000,30 Days Refill,18 minutes,,,612.062
3019,Instagram Likes - [30 Days Refill] [Max 30K] [Speed 3-5K/Day] [INSTANT],6.47,1,300 000,30 Days Refill,20 minutes,,,27.821
15762,Instagram SPLIT Likes on Last 10 posts ➗ | Medium Quality | [Enter Username],38.82,1 000,100 000,No Refill,42 hours 50 minutes,,,166.926
15763,Instagram SPLIT Likes on Last 20 posts ➗ | Medium Quality | [Enter Username],38.82,2 000,100 000,No Refill,15 minutes,,,166.926
15764,Instagram SPLIT Likes on Last 30 posts ➗ | Medium Quality | [Enter Username],38.82,3 000,100 000,No Refill,23 minutes,,,166.926
15765,Instagram SPLIT Likes on Last 40 posts ➗ | Medium Quality | [Enter Username],38.82,4 000,100 000,No Refill,11 minutes,,,166.926
15766,Instagram SPLIT Likes on Last 50 posts ➗ | Medium Quality | [Enter Username],38.82,5 000,100 000,No Refill,22 minutes,,,166.926
15767,Instagram SPLIT Likes on Last 100 posts ➗ | Medium Quality | [Enter Username],38.82,10 000,100 000,No Refill,33 minutes,,,166.926
15768,Instagram SPLIT Likes on Last 200 posts ➗ | Medium Quality | [Enter Username],38.82,20 000,200 000,No Refill,55 minutes,,,166.926
15769,Instagram SPLIT Likes on Last 300 posts ➗ | Medium Quality | [Enter Username],38.82,30 000,200 000,No Refill,11 minutes,,,166.926
15770,Instagram SPLIT Likes on Last 400 posts ➗ | Medium Quality | [Enter Username],38.82,40 000,200 000,No Refill,55 minutes,,,166.926
15771,Instagram SPLIT Likes on Last 500 posts ➗ | Medium Quality | [Enter Username],38.82,50 000,200 000,No Refill,33 minutes,,,166.926
15742,Instagram SPLIT Likes on Last 10 posts ➗ | High Quality | Super-Fast 📸❤️ [Enter Username],295.032,1 000,100 000,No Refill,55 minutes,,,1268.6376
15743,Instagram SPLIT Likes on Last 20 posts ➗ | High Quality | Super-Fast 📸❤️ [Enter Username],295.032,2 000,100 000,No Refill,33 minutes,,,1268.6376
15744,Instagram SPLIT Likes on Last 30 posts ➗ | High Quality | Super-Fast 📸❤️ [Enter Username],295.032,3 000,100 000,No Refill,23 minutes,,,1268.6376
15745,Instagram SPLIT Likes on Last 40 posts ➗ | High Quality | Super-Fast 📸❤️ [Enter Username],295.032,4 000,100 000,No Refill,22 minutes,,,1268.6376
15746,Instagram SPLIT Likes on Last 50 posts ➗ | High Quality | Super-Fast 📸❤️ [Enter Username],295.032,5 000,100 000,No Refill,55 minutes,,,1268.6376
15747,Instagram SPLIT Likes on Last 100 posts ➗ | High Quality | Super-Fast 📸❤️ [Enter Username],295.032,10 000,100 000,No Refill,55 minutes,,,1268.6376
15748,Instagram SPLIT Likes on Last 200 posts ➗ | High Quality | Super-Fast 📸❤️ [Enter Username],295.032,20 000,200 000,No Refill,16 minutes,,,1268.6376
15749,Instagram SPLIT Likes on Last 300 posts ➗ | High Quality | Super-Fast 📸❤️ [Enter Username],295.032,30 000,200 000,No Refill,17 minutes,,,1268.6376
15750,Instagram SPLIT Likes on Last 400 posts ➗ | High Quality | Super-Fast 📸❤️ [Enter Username],295.032,40 000,200 000,No Refill,55 minutes,,,1268.6376
15751,Instagram SPLIT Likes on Last 500 posts ➗ | High Quality | Super-Fast 📸❤️ [Enter Username],295.032,50 000,200 000,No Refill,16 minutes,,,1268.6376
15752,Instagram SPLIT 𝐅𝐞𝐦𝐚𝐥𝐞 Likes on Last 10 posts ➗ | Super-Fast 📸❤️ [Enter Username],93.168,200,1 000 000,No Refill,41 minutes,,,400.6224
15753,Instagram SPLIT 𝐅𝐞𝐦𝐚𝐥𝐞 Likes on Last 20 posts ➗ | Super-Fast 📸❤️ [Enter Username],93.168,400,1 000 000,No Refill,55 minutes,,,400.6224
15754,Instagram SPLIT 𝐅𝐞𝐦𝐚𝐥𝐞 Likes on Last 30 posts ➗ | Super-Fast 📸❤️ [Enter Username],93.168,600,1 000 000,No Refill,33 minutes,,,400.6224
15755,Instagram SPLIT 𝐅𝐞𝐦𝐚𝐥𝐞 Likes on Last 40 posts ➗ | Super-Fast 📸❤️ [Enter Username],93.168,800,1 000 000,No Refill,22 minutes,,,400.6224
15756,Instagram SPLIT 𝐅𝐞𝐦𝐚𝐥𝐞 Likes on Last 50 posts ➗ | Super-Fast 📸❤️ [Enter Username],93.168,1 000,1 000 000,No Refill,17 minutes,,,400.6224
15758,Instagram SPLIT 𝐅𝐞𝐦𝐚𝐥𝐞 Likes on Last 200 posts ➗ | Super-Fast 📸❤️ [Enter Username],93.168,4 000,1 000 000,No Refill,33 minutes,,,400.6224
15759,Instagram SPLIT 𝐅𝐞𝐦𝐚𝐥𝐞 Likes on Last 300 posts ➗ | Super-Fast 📸❤️ [Enter Username],93.168,6 000,1 000 000,No Refill,11 minutes,,,400.6224
15760,Instagram SPLIT 𝐅𝐞𝐦𝐚𝐥𝐞 Likes on Last 400 posts ➗ | Super-Fast 📸❤️ [Enter Username],93.168,8 000,1 000 000,No Refill,17 minutes,,,400.6224
15761,Instagram SPLIT 𝐅𝐞𝐦𝐚𝐥𝐞 Likes on Last 500 posts ➗ | Super-Fast 📸❤️ [Enter Username],93.168,10 000,1 000 000,No Refill,11 minutes,,,400.6224
15772,Instagram 100% Views + 10% Likes - [Max 100K] [Speed 100K/Day] [0-1 HR],14.234,1 000,100 000,7 Days Refill,1 hour 12 minutes,,,61.2062
15773,Instagram 100% Views + 20% Likes - [Max 100K] [Speed 100K/Day] [0-1 HR],24.586,1 000,100 000,7 Days Refill,28 hours 9 minutes,,,105.7198
15774,Instagram 100% Views + 30% Likes - [Max 100K] [Speed 100K/Day] [0-1 HR],37.526,1 000,100 000,7 Days Refill,33 minutes,,,161.3618
15775,Instagram 100% Views + 40% Likes - [Max 100K] [Speed 100K/Day] [0-1 HR],49.172,1 000,100 000,7 Days Refill,15 hours 8 minutes,,,211.4396
15776,Instagram 100% Views + 50% Likes - [Max 100K] [Speed 100K/Day] [0-1 HR],60.818,1 000,100 000,7 Days Refill,17 minutes,,,261.5174
15777,Instagram 100% Views + 60% Likes - [Max 100K] [Speed 100K/Day] [0-1 HR],72.464,1 000,100 000,7 Days Refill,22 minutes,,,311.5952
15778,Instagram 100% Views + 70% Likes - [Max 100K] [Speed 100K/Day] [0-1 HR],85.404,1 000,100 000,7 Days Refill,50 minutes,,,367.2372
15779,Instagram 100% Views + 80% Likes - [Max 100K] [Speed 100K/Day] [0-1 HR],97.05,1 000,100 000,7 Days Refill,1 hour 3 minutes,,,417.315
15780,Instagram 100% Views + 90% Likes - [Max 100K] [Speed 100K/Day] [0-1 HR],108.696,1 000,100 000,7 Days Refill,55 minutes,,,467.3928
15781,Instagram 100% Views + 100% Likes - [Max 100K] [Speed 100K/Day] [0-1 HR],121.636,1 000,100 000,7 Days Refill,11 hours 37 minutes,,,523.0348
15782,Instagram 100% Views + 10% HQ Likes + 2% Comments - [Max 100K] [Speed 10K/Day] [INSTANT],100.932,100,100 000,7 Days Refill,25 hours 40 minutes,,,434.0076
15783,Instagram 100% Views + 20% HQ Likes + 2% Comments - [Max 100K] [Speed 10K/Day] [INSTANT],124.224,100,100 000,7 Days Refill,16 minutes,,,534.1632
15784,Instagram 100% Views + 30% HQ Likes + 4% Comments - [Max 100K] [Speed 10K/Day] [INSTANT],153.986,100,100 000,7 Days Refill,26 hours 55 minutes,,,662.1398
15785,Instagram 100% Views + 40% HQ Likes + 5% Comments - [Max 100K] [Speed 10K/Day] [INSTANT],170.808,100,100 000,7 Days Refill,24 hours 8 minutes,,,734.4744
15786,Instagram 100% Views + 50% HQ Likes + 6% Comments - [Max 100K] [Speed 10K/Day] [INSTANT],186.336,100,100 000,7 Days Refill,22 minutes,,,801.2448
15787,Instagram 100% Views + 60% HQ Likes + 7% Comments - [Max 100K] [Speed 10K/Day] [INSTANT],201.864,100,100 000,7 Days Refill,17 minutes,,,868.0152
15788,Instagram 100% Views + 70% HQ Likes + 8% Comments - [Max 100K] [Speed 10K/Day] [INSTANT],217.392,100,100 000,7 Days Refill,22 minutes,,,934.7856
15789,Instagram 100% Views + 80% HQ Likes + 9% Comments - [Max 100K] [Speed 10K/Day] [INSTANT],232.92,100,100 000,7 Days Refill,3 hours 23 minutes,,,1001.556
15790,Instagram 100% Views + 90% HQ Likes + 10% Comments - [Max 100K] [Speed 10K/Day] [INSTANT],248.448,100,100 000,7 Days Refill,26 minutes,,,1068.3264
15791,Instagram 100% Views + 100% HQ Likes + 11% Comments - [Max 100K] [Speed 10K/Day] [INSTANT],263.976,100,100 000,7 Days Refill,25 hours 21 minutes,,,1135.0968
2499,Instagram Likes [INDIAN] [Max 100K] [No Refill/Refund] [Speed 30K/Day] [Instant],37.526,50,100 000,No Refill,56 hours 59 minutes,,,161.3618
3158,Instagram Likes [GERMANY] [Non-Drop] [300 Max] [Speed 80-120/Day] [Fast Service],5633.429,20,5 000,30 Days Refill,19 minutes,,,24223.7447
2980,Instagram Libya Likes [Max 10K] [Speed 3-6K/Day] [No Refill/Refund],1055.904,100,10 000,No Refill,22 minutes,,,4540.3872
8342,Instagram Views - [𝐕𝐢𝐝𝐞𝐨 + 𝐑𝐞𝐞𝐥 + 𝐈𝐆𝐓𝐕] [Unlimited] [5M/HR] [INSTANT],1.1646,10,2 147 483 647,No Refill,10 minutes,,,5.00778
16575,Instagram Views | 𝐕𝐢𝐝𝐞𝐨 + 𝐑𝐞𝐞𝐥 + 𝐈𝐆𝐓𝐕 | Unlimited | Speed 500K/Day | 0-5 Mins,1.0352,10,2 147 483 647,No Refill,4 hours 10 minutes,,,4.45136
10443,Instagram Video Views - [𝐕𝐢𝐝𝐞𝐨 + 𝐑𝐞𝐞𝐥] [Speed 300K/Day] [Instant],1.294,10,1 000 000,No Refill,2 hours 37 minutes,,,5.5642
8312,Instagram Views - [𝐕𝐢𝐝𝐞𝐨 + 𝐑𝐞𝐞𝐥 + 𝐈𝐆𝐓𝐕] [Unlimited] [1M/HR] [INSTANT],12.94,100,10 000 000,No Refill,6 minutes,,,55.642
5443,Instagram Views - [𝐕𝐢𝐝𝐞𝐨 + 𝐑𝐞𝐞𝐥 + 𝐈𝐆𝐓𝐕] [Unlimited] [Speed 5M/Day] [ALWAYS INSTANT],1.5528,100,10 000 000,No Refill,17 minutes,,,6.67704
16176,Instagram Video Views | No Refill | Max 1M | Speed 500K/Day | INSTANT,1.294,10,100 000 000,365 Days Refill,6 minutes,,,5.5642
16474,Instagram Views | 𝐕𝐢𝐝𝐞𝐨 + 𝐑𝐞𝐞𝐥 + 𝐈𝐆𝐓𝐕 | Unlimited | Speed 1M/Day | 0-5 Mins,1.294,10,100 000 000,7 Days Refill,6 minutes,,,5.5642
16475,Instagram Views | 𝐕𝐢𝐝𝐞𝐨 + 𝐑𝐞𝐞𝐥 + 𝐈𝐆𝐓𝐕 | Unlimited | Speed 2M/Day | 0-5 Mins,1.294,10,200 000 000,7 Days Refill,16 minutes,,,5.5642
16476,Instagram Views | 𝐕𝐢𝐝𝐞𝐨 + 𝐑𝐞𝐞𝐥 + 𝐈𝐆𝐓𝐕 | Unlimited | Speed 3M/Day | 0-5 Mins,0.7764,100,100 000 000,7 Days Refill,10 minutes,,,3.33852
8426,Instagram Views - [𝐕𝐢𝐝𝐞𝐨 + 𝐑𝐞𝐞𝐥] [Unlimited] [Speed 50M/Day] [INSTANT],1.0352,100,100 000 000,No Refill,6 minutes,,,4.45136
16477,Instagram 𝐕𝐢𝐞𝐰𝐬 + 𝐈𝐦𝐩𝐫𝐞𝐬𝐬𝐢𝐨𝐧𝐬 { 𝐏𝐡𝐨𝐭𝐨𝐬 } | Unlimited | Speed 1M/Day | 0-5 Mins,2.588,10,200 000 000,7 Days Refill,10 minutes,,,11.1284
10190,Instagram Views - [𝐕𝐢𝐝𝐞𝐨 + 𝐑𝐞𝐞𝐥 + 𝐈𝐆𝐓𝐕] [Speed 200K/HR] [INSTANT],0.2588,100,100 000 000,No Refill,6 minutes,,,1.11284
16478,Instagram 𝐕𝐢𝐞𝐰𝐬 + 𝐈𝐦𝐩𝐫𝐞𝐬𝐬𝐢𝐨𝐧𝐬 { 𝐏𝐡𝐨𝐭𝐨𝐬 } 𝐅𝐫𝐨𝐦 𝐄𝐱𝐩𝐥𝐨𝐫𝐞 𝐏𝐚𝐠𝐞 | Unlimited | Speed 1M/Day | 0-5 Mins,2.588,10,200 000 000,7 Days Refill,9 minutes,,,11.1284
7283,Instagram Views - [𝐕𝐢𝐝𝐞𝐨 + 𝐑𝐞𝐞𝐥 + 𝐈𝐆𝐓𝐕] [30 Days Refill] [Unlimited] [Speed 10M/Day] [INSTANT],1.294,10,100 000 000,No Refill,49 minutes,,,5.5642
8310,Instagram Views - [𝐕𝐢𝐝𝐞𝐨 + 𝐑𝐞𝐞𝐥 + 𝐈𝐆𝐓𝐕] [Unlimited] [10M/Day] [INSTANT],1.294,10,100 000 000,No Refill,8 minutes,,,5.5642
10662,Instagram Views - [𝐕𝐢𝐝𝐞𝐨 + 𝐑𝐞𝐞𝐥 + 𝐈𝐆𝐓𝐕] [Speed 1M/Day],1.294,100,100 000 000,No Refill,15 minutes,,,5.5642
8574,Instagram Views - [𝐕𝐢𝐝𝐞𝐨 + 𝐑𝐞𝐞𝐥 + 𝐈𝐆𝐓𝐕] [Unlimited] [Speed 10M/Day] [0-15Mins],1.294,100,200 000 000,No Refill,13 minutes,,,5.5642
10663,Instagram Views - [𝐕𝐢𝐝𝐞𝐨 + 𝐑𝐞𝐞𝐥 + 𝐈𝐆𝐓𝐕] [Speed 500K/Day] [𝐖𝐨𝐫𝐤𝐢𝐧𝐠 𝐀𝐟𝐭𝐞𝐫 𝐔𝐩𝐝𝐚𝐭𝐞],1.294,10,100 000 000,No Refill,16 minutes,,,5.5642
10029,Instagram Views - [𝐕𝐢𝐝𝐞𝐨 + 𝐑𝐞𝐞𝐥 + 𝐈𝐆𝐓𝐕] [Speed 1M/HR] [INSTANT],7.764,100,100 000 000,No Refill,35 minutes,,,33.3852
8438,Instagram Views - [𝐕𝐢𝐝𝐞𝐨 + 𝐑𝐞𝐞𝐥 + 𝐈𝐆𝐓𝐕] [Unlimited] [Speed 50K/Day] [0-15Mins],1.294,100,2 147 483 647,No Refill,1 hour 20 minutes,,,5.5642
7266,Instagram Views - [𝐕𝐢𝐝𝐞𝐨 + 𝐑𝐞𝐞𝐥 + 𝐈𝐆𝐓𝐕] [Unlimited] [Speed 500-1M/Day] [INSTANT],1.294,100,100 000 000,No Refill,1 hour 15 minutes,,,5.5642
8311,Instagram Views - [𝐕𝐢𝐝𝐞𝐨 + 𝐑𝐞𝐞𝐥 + 𝐈𝐆𝐓𝐕] [𝐑𝐞𝐚𝐜𝐡 + 𝐈𝐦𝐩𝐫𝐞𝐬𝐬𝐢𝐨𝐧𝐬 + 𝐏𝐫𝐨𝐟𝐢𝐥𝐞 𝐕𝐢𝐬𝐢𝐭] [Unlimited] [Speed 50-100K/Day] [INSTANT] [𝐑𝐞𝐜𝐨𝐦𝐦𝐞𝐧𝐝𝐞𝐝],6.47,100,10 000 000,No Refill,7 hours 29 minutes,,,27.821
15701,Instagram SPLIT Views on Last 10 Instagram Videos ➗ | Super-Fast ⚡️ [Enter Username],18.116,1 000,1 000 000,No Refill,45 minutes,,,77.8988
15702,Instagram SPLIT Views on Last 20 Instagram Videos ➗ | Super-Fast ⚡️ [Enter Username],18.116,2 000,1 000 000,No Refill,16 minutes,,,77.8988
15703,Instagram SPLIT Views on Last 30 Instagram Videos ➗ | Super-Fast ⚡️ [Enter Username],18.116,3 000,1 000 000,No Refill,17 minutes,,,77.8988
15705,Instagram SPLIT Views on Last 50 Instagram Videos ➗ | Super-Fast ⚡️ [Enter Username],18.116,5 000,1 000 000,No Refill,17 minutes,,,77.8988
15706,Instagram SPLIT Views on Last 100 Instagram Videos ➗ | Super-Fast ⚡️ [Enter Username],18.116,10 000,1 000 000,No Refill,22 minutes,,,77.8988
15707,Instagram SPLIT Views on Last 200 Instagram Videos ➗ | Super-Fast ⚡️ [Enter Username],18.116,20 000,1 000 000,No Refill,11 minutes,,,77.8988
15708,Instagram SPLIT Views on Last 300 Instagram Videos ➗ | Super-Fast ⚡️ [Enter Username],18.116,30 000,1 000 000,No Refill,22 minutes,,,77.8988
15709,Instagram SPLIT Views on Last 400 Instagram Videos ➗ | Super-Fast ⚡️ [Enter Username],18.116,40 000,1 000 000,No Refill,55 minutes,,,77.8988
15710,Instagram SPLIT Views on Last 500 Instagram Videos ➗ | Super-Fast ⚡️ [Enter Username],18.116,50 000,1 000 000,No Refill,16 minutes,,,77.8988
10288,Instagram Watch Time Views - [+%100 WatchTime] [INSTANT],10.352,100,100 000 000,No Refill,1 hour 7 minutes,,,44.5136
10286,Instagram Watch Time Views - [+%20 WatchTime] [INSTANT],9.058,100,100 000 000,No Refill,1 hour 19 minutes,,,38.9494
10287,Instagram Watch Time Views - [+%50 WatchTime] [INSTANT],9.058,100,100 000 000,No Refill,1 hour 15 minutes,,,38.9494
7399,Instagram Video Views - [USA 🇺🇸] [No Refill] [Unlimited] [Speed 1M/Day],106.108,100,10 000 000,No Refill,7 hours 49 minutes,,,456.2644
12423,Instagram Video Views - [United Kingdom 🇬🇧] [No Refill] [Unlimited] [Speed 1M/Day],106.108,100,10 000 000,No Refill,33 minutes,,,456.2644
12291,Instagram Video Views - [France 🇫🇷] [No Refill] [Unlimited] [Speed 1M/Day],106.108,100,10 000 000,No Refill,121 hours 5 minutes,,,456.2644
12268,Instagram Video Views - [Croatia 🇭🇷] [No Refill] [Unlimited] [Speed 1M/Day],106.108,100,10 000 000,No Refill,16 minutes,,,456.2644
12269,Instagram Video Views - [Cuba 🇨🇺] [No Refill] [Unlimited] [Speed 1M/Day],106.108,100,10 000 000,No Refill,17 minutes,,,456.2644
7400,Instagram Video Views - [India 🇮🇳] [No Refill] [Unlimited] [Speed 1M/Day],106.108,100,10 000 000,No Refill,6 minutes,,,456.2644
12270,Instagram Video Views - [Cyprus 🇨🇾] [No Refill] [Unlimited] [Speed 1M/Day],106.108,100,10 000 000,No Refill,17 minutes,,,456.2644
5508,Instagram Video Views - [France 🇫🇷] [No Refill] [Unlimited] [Speed 1M/Day],106.108,100,10 000 000,No Refill,11 minutes,,,456.2644
12271,Instagram Video Views - [Check 🇨🇿] [No Refill] [Unlimited] [Speed 1M/Day],106.108,100,10 000 000,No Refill,55 minutes,,,456.2644
12272,Instagram Video Views - [Danish 🇩🇰] [No Refill] [Unlimited] [Speed 1M/Day],106.108,100,10 000 000,No Refill,55 minutes,,,456.2644
12273,Instagram Video Views - [Djibouti 🇩🇯] [No Refill] [Unlimited] [Speed 1M/Day],106.108,100,10 000 000,No Refill,33 minutes,,,456.2644
12274,Instagram Video Views - [Dominica 🇩🇲] [No Refill] [Unlimited] [Speed 1M/Day],106.108,100,10 000 000,No Refill,17 minutes,,,456.2644
12275,Instagram Video Views - [Dominican 🇩🇴] [No Refill] [Unlimited] [Speed 1M/Day],106.108,100,10 000 000,No Refill,34 hours 3 minutes,,,456.2644
12276,Instagram Video Views - [East Timor 🇹🇱] [No Refill] [Unlimited] [Speed 1M/Day],106.108,100,10 000 000,No Refill,33 minutes,,,456.2644
7095,Instagram Video Views - [Turkey 🇹🇷] [No Refill] [Unlimited] [Speed 1M/Day],106.108,100,10 000 000,No Refill,55 minutes,,,456.2644
12277,Instagram Video Views - [Ecuador 🇪🇨] [No Refill] [Unlimited] [Speed 1M/Day],106.108,100,10 000 000,No Refill,33 minutes,,,456.2644
7401,Instagram Video Views - [Brazil 🇧🇷] [No Refill] [Unlimited] [Speed 1M/Day],106.108,100,10 000 000,No Refill,17 minutes,,,456.2644
12278,Instagram Video Views - [Corn 🇪🇬] [No Refill] [Unlimited] [Speed 1M/Day],106.108,100,10 000 000,No Refill,55 minutes,,,456.2644
7102,Instagram Video Views - [Germany 🇩🇪] [No Refill] [Unlimited] [Speed 1M/Day],106.108,100,10 000 000,No Refill,14 hours 12 minutes,,,456.2644
12279,Instagram Video Views - [El Salvador 🇸🇻] [No Refill] [Unlimited] [Speed 1M/Day],106.108,100,10 000 000,No Refill,16 minutes,,,456.2644
12280,Instagram Video Views - [Equator 🇬🇶] [No Refill] [Unlimited] [Speed 1M/Day],106.108,100,100 000 000,No Refill,11 minutes,,,456.2644
7402,Instagram Video Views - [Spain 🇪🇸] [No Refill] [Unlimited] [Speed 1M/Day],106.108,100,10 000 000,No Refill,4 hours 43 minutes,,,456.2644
12281,Instagram Video Views - [Unreal 🇨🇦] [No Refill] [Unlimited] [Speed 1M/Day],106.108,100,10 000 000,No Refill,22 minutes,,,456.2644
12282,Instagram Video Views - [Estonian 🇪🇪] [No Refill] [Unlimited] [Speed 1M/Day],106.108,100,10 000 000,No Refill,16 minutes,,,456.2644
7094,Instagram Video Views - [Thailand 🇹🇭] [No Refill] [Unlimited] [Speed 1M/Day],106.108,100,10 000 000,No Refill,23 minutes,,,456.2644
12283,Instagram Video Views - [Ethiopia 🇪🇹] [No Refill] [Unlimited] [Speed 1M/Day],106.108,100,10 000 000,No Refill,33 minutes,,,456.2644
7103,Instagram Video Views - [Italy 🇮🇹] [No Refill] [Unlimited] [Speed 1M/Day],106.108,100,10 000 000,No Refill,1 hour 37 minutes,,,456.2644
12284,Instagram Video Views - [Falkland 🇫🇰] [No Refill] [Unlimited] [Speed 1M/Day],106.108,100,10 000 000,No Refill,55 minutes,,,456.2644
7096,Instagram Video Views - [Indonesia 🇮🇩] [No Refill] [Unlimited] [Speed 1M/Day],106.108,100,10 000 000,No Refill,33 minutes,,,456.2644
12285,Instagram Video Views - [Faroese 🇫🇴] [No Refill] [Unlimited] [Speed 1M/Day],106.108,100,10 000 000,No Refill,23 minutes,,,456.2644
7097,Instagram Video Views - [Malaysia 🇲🇾] [No Refill] [Unlimited] [Speed 1M/Day],106.108,100,10 000 000,No Refill,55 minutes,,,456.2644
12286,Instagram Video Views - [Fiji 🇫🇯] [No Refill] [Unlimited] [Speed 1M/Day],106.108,100,10 000 000,No Refill,11 minutes,,,456.2644
7098,Instagram Video Views - [Bangladesh 🇧🇩] [No Refill] [Unlimited] [Speed 1M/Day],106.108,100,10 000 000,No Refill,11 minutes,,,456.2644
12287,Instagram Video Views - [Finland 🇫🇮] [No Refill] [Unlimited] [Speed 1M/Day],106.108,100,10 000 000,No Refill,10 minutes,,,456.2644
12288,Instagram Video Views - [France Metropolitan 🇫🇷] [No Refill] [Unlimited] [Speed 1M/Day],106.108,100,10 000 000,No Refill,11 minutes,,,456.2644
7100,Instagram Video Views - [Nigeria 🇳🇬] [No Refill] [Unlimited] [Speed 1M/Day],106.108,100,10 000 000,No Refill,23 minutes,,,456.2644
12289,Instagram Video Views - [France Guiana 🇫🇷] [No Refill] [Unlimited] [Speed 1M/Day],106.108,100,10 000 000,No Refill,55 minutes,,,456.2644
7101,Instagram Video Views - [Kuwait 🇰🇼] [No Refill] [Unlimited] [Speed 1M/Day],106.108,100,10 000 000,No Refill,23 minutes,,,456.2644
12290,Instagram Video Views - [France Polynesia 🇫🇷] [No Refill] [Unlimited] [Speed 1M/Day],106.108,100,10 000 000,No Refill,11 minutes,,,456.2644
12292,Instagram Video Views - [Gabon 🇬🇦] [No Refill] [Unlimited] [Speed 1M/Day],106.108,100,10 000 000,No Refill,17 minutes,,,456.2644
12293,Instagram Video Views - [Gambia 🇬🇲] [No Refill] [Unlimited] [Speed 1M/Day],106.108,100,10 000 000,No Refill,22 minutes,,,456.2644
12294,Instagram Video Views - [Georgia 🇬🇪] [No Refill] [Unlimited] [Speed 1M/Day],106.108,100,10 000 000,No Refill,33 minutes,,,456.2644
12295,Instagram Video Views - [Ghana 🇬🇭] [No Refill] [Unlimited] [Speed 1M/Day],106.108,100,10 000 000,No Refill,16 hours,,,456.2644
12296,Instagram Video Views - [Cebeli 🇬🇮] [No Refill] [Unlimited] [Speed 1M/Day],106.108,100,10 000 000,No Refill,17 minutes,,,456.2644
12297,Instagram Video Views - [Greece 🇬🇷] [No Refill] [Unlimited] [Speed 1M/Day],106.108,100,10 000 000,No Refill,11 minutes,,,456.2644
12298,Instagram Video Views - [Greenland 🇬🇱] [No Refill] [Unlimited] [Speed 1M/Day],106.108,100,10 000 000,No Refill,55 minutes,,,456.2644
12299,Instagram Video Views - [Grenada 🇬🇩] [No Refill] [Unlimited] [Speed 1M/Day],106.108,100,10 000 000,No Refill,16 minutes,,,456.2644
12300,Instagram Video Views - [Guadeloupe 🇬🇱] [No Refill] [Unlimited] [Speed 1M/Day],106.108,100,10 000 000,No Refill,23 minutes,,,456.2644
12301,Instagram Video Views - [Guam 🇬🇺] [No Refill] [Unlimited] [Speed 1M/Day],106.108,100,10 000 000,No Refill,22 minutes,,,456.2644
12302,Instagram Video Views - [Guatemala 🇬🇹] [No Refill] [Unlimited] [Speed 1M/Day],106.108,100,10 000 000,No Refill,55 minutes,,,456.2644
12303,Instagram Video Views - [Guinea 🇬🇳] [No Refill] [Unlimited] [Speed 1M/Day],106.108,100,10 000 000,No Refill,17 minutes,,,456.2644
12304,Instagram Video Views - [Guinea Bissau 🇬🇼] [No Refill] [Unlimited] [Speed 1M/Day],106.108,100,10 000 000,No Refill,22 minutes,,,456.2644
12305,Instagram Video Views - [Guyana 🇬🇾] [No Refill] [Unlimited] [Speed 1M/Day],106.108,100,10 000 000,No Refill,22 minutes,,,456.2644
12306,Instagram Video Views - [Haiti 🇭🇹] [No Refill] [Unlimited] [Speed 1M/Day],106.108,100,10 000 000,No Refill,22 minutes,,,456.2644
12307,Instagram Video Views - [Donald Islands 🇧🇷] [No Refill] [Unlimited] [Speed 1M/Day],106.108,100,10 000 000,No Refill,11 minutes,,,456.2644
12308,Instagram Video Views - [Holly 🇳🇱] [No Refill] [Unlimited] [Speed 1M/Day],106.108,100,10 000 000,No Refill,16 minutes,,,456.2644
12309,Instagram Video Views - [Honduran 🇭🇳] [No Refill] [Unlimited] [Speed 1M/Day],106.108,100,10 000 000,No Refill,22 minutes,,,456.2644
12310,Instagram Video Views - [Mexican 🇲🇽] [No Refill] [Unlimited] [Speed 1M/Day],106.108,100,10 000 000,No Refill,17 minutes,,,456.2644
12311,Instagram Video Views - [Hong Kong 🇭🇰] [No Refill] [Unlimited] [Speed 1M/Day],106.108,100,10 000 000,No Refill,23 minutes,,,456.2644
12312,Instagram Video Views - [Hungary 🇭🇺] [No Refill] [Unlimited] [Speed 1M/Day],106.108,100,10 000 000,No Refill,11 minutes,,,456.2644
12313,Instagram Video Views - [Iceland 🇮🇸] [No Refill] [Unlimited] [Speed 1M/Day],106.108,100,10 000 000,No Refill,33 minutes,,,456.2644
12314,Instagram Video Views - [India 🇮🇳] [No Refill] [Unlimited] [Speed 1M/Day],106.108,100,10 000 000,No Refill,7 hours 49 minutes,,,456.2644
12315,Instagram Video Views - [Indonesia 🇮🇩] [No Refill] [Unlimited] [Speed 1M/Day],106.108,100,10 000 000,No Refill,42 hours 8 minutes,,,456.2644
12316,Instagram Video Views - [Iran 🇮🇷] [No Refill] [Unlimited] [Speed 1M/Day],106.108,100,10 000 000,No Refill,11 minutes,,,456.2644
12317,Instagram Video Views - [Iraq 🇮🇶] [No Refill] [Unlimited] [Speed 1M/Day],106.108,100,10 000 000,No Refill,17 minutes,,,456.2644
12318,Instagram Video Views - [Ireland 🇮🇪] [No Refill] [Unlimited] [Speed 1M/Day],106.108,100,10 000 000,No Refill,16 minutes,,,456.2644
12319,Instagram Video Views - [Jamaica 🇯🇲] [No Refill] [Unlimited] [Speed 1M/Day],106.108,100,10 000 000,No Refill,23 minutes,,,456.2644
12320,Instagram Video Views - [Japan 🇯🇵] [No Refill] [Unlimited] [Speed 1M/Day],106.108,100,10 000 000,No Refill,11 minutes,,,456.2644
12321,Instagram Video Views - [Jordan 🇯🇴] [No Refill] [Unlimited] [Speed 1M/Day],106.108,100,10 000 000,No Refill,22 minutes,,,456.2644
12322,Instagram Video Views - [Kazakhstan 🇰🇿] [No Refill] [Unlimited] [Speed 1M/Day],106.108,100,10 000 000,No Refill,16 minutes,,,456.2644
12323,Instagram Video Views - [Kenya 🇰🇪] [No Refill] [Unlimited] [Speed 1M/Day],106.108,100,10 000 000,No Refill,33 minutes,,,456.2644
12324,Instagram Video Views - [Kribati 🇰🇿] [No Refill] [Unlimited] [Speed 1M/Day],106.108,100,10 000 000,No Refill,55 minutes,,,456.2644
12325,Instagram Video Views - [Korean 🇵🇱] [No Refill] [Unlimited] [Speed 1M/Day],106.108,100,10 000 000,No Refill,54 minutes,,,456.2644
12326,Instagram Video Views - [Kyrgyzstan 🇰🇬] [No Refill] [Unlimited] [Speed 1M/Day],106.108,100,10 000 000,No Refill,55 minutes,,,456.2644
12327,Instagram Video Views - [Lao 🇱🇦] [No Refill] [Unlimited] [Speed 1M/Day],106.108,100,10 000 000,No Refill,16 minutes,,,456.2644
12328,Instagram Video Views - [Lativa 🇱🇻] [No Refill] [Unlimited] [Speed 1M/Day],106.108,100,10 000 000,No Refill,11 minutes,,,456.2644
12329,Instagram Video Views - [Lebanon 🇱🇧] [No Refill] [Unlimited] [Speed 1M/Day],106.108,100,10 000 000,No Refill,16 minutes,,,456.2644
12330,Instagram Video Views - [Liberia 🇱🇷] [No Refill] [Unlimited] [Speed 1M/Day],106.108,100,10 000 000,No Refill,17 minutes,,,456.2644
12331,Instagram Video Views - [Libya 🇱🇾] [No Refill] [Unlimited] [Speed 1M/Day],106.108,100,10 000 000,No Refill,17 minutes,,,456.2644
12332,Instagram Video Views - [Liechtenstein 🇱🇮] [No Refill] [Unlimited] [Speed 1M/Day],106.108,100,10 000 000,No Refill,23 minutes,,,456.2644
12333,Instagram Video Views - [Lithuanian 🇱🇹] [No Refill] [Unlimited] [Speed 1M/Day],106.108,100,10 000 000,No Refill,16 minutes,,,456.2644
12334,Instagram Video Views - [Luxembourg 🇱🇺] [No Refill] [Unlimited] [Speed 1M/Day],106.108,100,10 000 000,No Refill,11 minutes,,,456.2644
12335,Instagram Video Views - [Makoa 🇲🇴] [No Refill] [Unlimited] [Speed 1M/Day],106.108,100,10 000 000,No Refill,55 minutes,,,456.2644
12336,Instagram Video Views - [Macedonia 🇲🇰] [No Refill] [Unlimited] [Speed 1M/Day],106.108,100,10 000 000,No Refill,11 minutes,,,456.2644
12337,Instagram Video Views - [Madagascar 🇲🇬] [No Refill] [Unlimited] [Speed 1M/Day],106.108,100,10 000 000,No Refill,33 minutes,,,456.2644
12338,Instagram Video Views - [Malawi 🇲🇼] [No Refill] [Unlimited] [Speed 1M/Day],106.108,100,10 000 000,No Refill,55 minutes,,,456.2644
12339,Instagram Video Views - [Maldives 🇲🇻] [No Refill] [Unlimited] [Speed 1M/Day],106.108,100,10 000 000,No Refill,33 minutes,,,456.2644
12340,Instagram Video Views - [Financial 🇲🇱] [No Refill] [Unlimited] [Speed 1M/Day],106.108,100,10 000 000,No Refill,22 minutes,,,456.2644
12341,Instagram Video Views - [Malta 🇲🇹] [No Refill] [Unlimited] [Speed 1M/Day],106.108,100,10 000 000,No Refill,33 minutes,,,456.2644
12342,Instagram Video Views - [Marshal 🇲🇻] [No Refill] [Unlimited] [Speed 1M/Day],106.108,100,10 000 000,No Refill,11 minutes,,,456.2644
12343,Instagram Video Views - [Martinique 🇲🇶] [No Refill] [Unlimited] [Speed 1M/Day],106.108,100,10 000 000,No Refill,55 minutes,,,456.2644
12344,Instagram Video Views - [Mauritian 🇲🇺] [No Refill] [Unlimited] [Speed 1M/Day],106.108,100,10 000 000,No Refill,55 minutes,,,456.2644
12345,Instagram Video Views - [Mayot 🇾🇹] [No Refill] [Unlimited] [Speed 1M/Day],106.108,100,10 000 000,No Refill,55 minutes,,,456.2644
12346,Instagram Video Views - [Micronesia 🇫🇲] [No Refill] [Unlimited] [Speed 1M/Day],106.108,100,10 000 000,No Refill,16 minutes,,,456.2644
12347,Instagram Video Views - [Manoka 🇲🇴] [No Refill] [Unlimited] [Speed 1M/Day],106.108,100,10 000 000,No Refill,23 minutes,,,456.2644
12348,Instagram Video Views - [Mongolia 🇰🇪] [No Refill] [Unlimited] [Speed 1M/Day],106.108,100,10 000 000,No Refill,11 minutes,,,456.2644
12349,Instagram Video Views - [Montserrat 🇲🇸] [No Refill] [Unlimited] [Speed 1M/Day],106.108,100,10 000 000,No Refill,33 minutes,,,456.2644
12350,Instagram Video Views - [Moroccan 🇲🇦] [No Refill] [Unlimited] [Speed 1M/Day],106.108,100,10 000 000,No Refill,16 minutes,,,456.2644
12351,Instagram Video Views - [Mozambique 🇲🇿] [No Refill] [Unlimited] [Speed 1M/Day],106.108,100,10 000 000,No Refill,17 minutes,,,456.2644
12352,Instagram Video Views - [Myanmar 🇲🇲] [No Refill] [Unlimited] [Speed 1M/Day],106.108,100,10 000 000,No Refill,17 minutes,,,456.2644
12353,Instagram Video Views - [Mambia 🇲🇾] [No Refill] [Unlimited] [Speed 1M/Day],106.108,100,10 000 000,No Refill,33 minutes,,,456.2644
12354,Instagram Video Views - [Nauru 🇳🇷] [No Refill] [Unlimited] [Speed 1M/Day],106.108,100,10 000 000,No Refill,22 minutes,,,456.2644
12355,Instagram Video Views - [Nepal 🇳🇵] [No Refill] [Unlimited] [Speed 1M/Day],106.108,100,10 000 000,No Refill,17 minutes,,,456.2644
12356,Instagram Video Views - [Dutch 🇳🇱] [No Refill] [Unlimited] [Speed 1M/Day],106.108,100,10 000 000,No Refill,11 minutes,,,456.2644
12357,Instagram Video Views - [Netherlands Antilles 🇳🇱] [No Refill] [Unlimited] [Speed 1M/Day],106.108,100,10 000 000,No Refill,23 minutes,,,456.2644
12358,Instagram Video Views - [New Caledonia 🇰🇿] [No Refill] [Unlimited] [Speed 1M/Day],106.108,100,10 000 000,No Refill,22 minutes,,,456.2644
12359,Instagram Video Views - [New Zealand 🇳🇿] [No Refill] [Unlimited] [Speed 1M/Day],106.108,100,10 000 000,No Refill,23 minutes,,,456.2644
12360,Instagram Video Views - [Nicaragua 🇳🇮] [No Refill] [Unlimited] [Speed 1M/Day],106.108,100,10 000 000,No Refill,16 minutes,,,456.2644
12361,Instagram Video Views - [Niger 🇳🇬] [No Refill] [Unlimited] [Speed 1M/Day],106.108,100,10 000 000,No Refill,33 minutes,,,456.2644
12362,Instagram Video Views - [Nigeria 🇳🇪] [No Refill] [Unlimited] [Speed 1M/Day],106.108,100,10 000 000,No Refill,33 minutes,,,456.2644
12363,Instagram Video Views - [Niue 🇳🇺] [No Refill] [Unlimited] [Speed 1M/Day],106.108,100,10 000 000,No Refill,33 minutes,,,456.2644
12364,Instagram Video Views - [Norfolk 🇳🇫] [No Refill] [Unlimited] [Speed 1M/Day],106.108,100,10 000 000,No Refill,16 minutes,,,456.2644
12365,Instagram Video Views - [Mariana 🇲🇾] [No Refill] [Unlimited] [Speed 1M/Day],106.108,100,10 000 000,No Refill,23 minutes,,,456.2644
12366,Instagram Video Views - [Monoway 🇲🇨] [No Refill] [Unlimited] [Speed 1M/Day],106.108,100,10 000 000,No Refill,17 minutes,,,456.2644
12367,Instagram Video Views - [Oman 🇴🇲] [No Refill] [Unlimited] [Speed 1M/Day],106.108,100,10 000 000,No Refill,16 minutes,,,456.2644
12368,Instagram Video Views - [Pakistan 🇵🇰] [No Refill] [Unlimited] [Speed 1M/Day],106.108,100,10 000 000,No Refill,11 minutes,,,456.2644
12369,Instagram Video Views - [Palu 🇲🇻] [No Refill] [Unlimited] [Speed 1M/Day],106.108,100,10 000 000,No Refill,17 minutes,,,456.2644
12370,Instagram Video Views - [Panama 🇵🇦] [No Refill] [Unlimited] [Speed 1M/Day],106.108,100,10 000 000,No Refill,16 minutes,,,456.2644
12371,Instagram Video Views - [Papuan 🇵🇬] [No Refill] [Unlimited] [Speed 1M/Day],106.108,100,10 000 000,No Refill,55 minutes,,,456.2644
12372,Instagram Video Views - [Paraguay 🇵🇾] [No Refill] [Unlimited] [Speed 1M/Day],106.108,100,10 000 000,No Refill,11 minutes,,,456.2644
12373,Instagram Video Views - [Peru 🇵🇪] [No Refill] [Unlimited] [Speed 1M/Day],106.108,100,10 000 000,No Refill,22 minutes,,,456.2644
12374,Instagram Video Views - [Philippines 🇵🇭] [No Refill] [Unlimited] [Speed 1M/Day],106.108,100,10 000 000,No Refill,22 minutes,,,456.2644
12375,Instagram Video Views - [Pitcame 🇵🇳] [No Refill] [Unlimited] [Speed 1M/Day],106.108,100,10 000 000,No Refill,22 minutes,,,456.2644
12376,Instagram Video Views - [Polish 🇵🇱] [No Refill] [Unlimited] [Speed 1M/Day],106.108,100,10 000 000,No Refill,55 minutes,,,456.2644
12377,Instagram Video Views - [Portugal 🇵🇹] [No Refill] [Unlimited] [Speed 1M/Day],106.108,100,10 000 000,No Refill,23 minutes,,,456.2644
12378,Instagram Video Views - [Puerto 🇵🇷] [No Refill] [Unlimited] [Speed 1M/Day],106.108,100,10 000 000,No Refill,23 minutes,,,456.2644
12379,Instagram Video Views - [Kata 🇶🇦] [No Refill] [Unlimited] [Speed 1M/Day],106.108,100,10 000 000,No Refill,23 minutes,,,456.2644
12380,Instagram Video Views - [Reunion 🇷🇪] [No Refill] [Unlimited] [Speed 1M/Day],106.108,100,10 000 000,No Refill,22 minutes,,,456.2644
12381,Instagram Video Views - [Romania 🇷🇴] [No Refill] [Unlimited] [Speed 1M/Day],106.108,100,10 000 000,No Refill,16 minutes,,,456.2644
12382,Instagram Video Views - [Russia 🇷🇺] [No Refill] [Unlimited] [Speed 1M/Day],106.108,100,10 000 000,No Refill,16 minutes,,,456.2644
12383,Instagram Video Views - [Rwando 🇷🇼] [No Refill] [Unlimited] [Speed 1M/Day],106.108,100,10 000 000,No Refill,17 minutes,,,456.2644
12384,Instagram Video Views - [Latvian 🇱🇻] [No Refill] [Unlimited] [Speed 1M/Day],106.108,100,10 000 000,No Refill,22 minutes,,,456.2644
12385,Instagram Video Views - [Georgia 🇬🇪] [No Refill] [Unlimited] [Speed 1M/Day],106.108,100,10 000 000,No Refill,23 minutes,,,456.2644
12386,Instagram Video Views - [Kazakhstan 🇰🇿] [No Refill] [Unlimited] [Speed 1M/Day],106.108,100,10 000 000,No Refill,55 minutes,,,456.2644
12387,Instagram Video Views - [Samoa 🇷🇼] [No Refill] [Unlimited] [Speed 1M/Day],106.108,100,10 000 000,No Refill,23 minutes,,,456.2644
12388,Instagram Video Views - [San Marino 🇸🇲] [No Refill] [Unlimited] [Speed 1M/Day],106.108,100,10 000 000,No Refill,11 minutes,,,456.2644
12389,Instagram Video Views - [San 🇸🇲] [No Refill] [Unlimited] [Speed 1M/Day],106.108,100,10 000 000,No Refill,33 minutes,,,456.2644
12390,Instagram Video Views - [Saudi Arabia 🇸🇦] [No Refill] [Unlimited] [Speed 1M/Day],106.108,100,10 000 000,No Refill,55 minutes,,,456.2644
12391,Instagram Video Views - [Seychelles 🇸🇨] [No Refill] [Unlimited] [Speed 1M/Day],106.108,100,10 000 000,No Refill,16 minutes,,,456.2644
12392,Instagram Video Views - [Sierra 🇸🇱] [No Refill] [Unlimited] [Speed 1M/Day],106.108,100,10 000 000,No Refill,11 minutes,,,456.2644
12393,Instagram Video Views - [Single Opera 🇰🇿] [No Refill] [Unlimited] [Speed 1M/Day],106.108,100,10 000 000,No Refill,23 minutes,,,456.2644
12394,Instagram Video Views - [Slovakia 🇸🇰] [No Refill] [Unlimited] [Speed 1M/Day],106.108,100,10 000 000,No Refill,11 minutes,,,456.2644
12395,Instagram Video Views - [Slovenia 🇸🇮] [No Refill] [Unlimited] [Speed 1M/Day],106.108,100,10 000 000,No Refill,17 minutes,,,456.2644
12396,Instagram Video Views - [Soloman 🇸🇧] [No Refill] [Unlimited] [Speed 1M/Day],106.108,100,10 000 000,No Refill,17 minutes,,,456.2644
12397,Instagram Video Views - [Somali 🇸🇴] [No Refill] [Unlimited] [Speed 1M/Day],106.108,100,10 000 000,No Refill,33 minutes,,,456.2644
12398,Instagram Video Views - [South African 🇿🇦] [No Refill] [Unlimited] [Speed 1M/Day],106.108,100,10 000 000,No Refill,55 minutes,,,456.2644
12399,Instagram Video Views - [South Georgia 🇬🇪] [No Refill] [Unlimited] [Speed 1M/Day],106.108,100,10 000 000,No Refill,55 minutes,,,456.2644
12400,Instagram Video Views - [Sri Lankan 🇱🇰] [No Refill] [Unlimited] [Speed 1M/Day],106.108,100,10 000 000,No Refill,16 minutes,,,456.2644
12401,Instagram Video Views - [Elena 🇸🇧] [No Refill] [Unlimited] [Speed 1M/Day],106.108,100,10 000 000,No Refill,16 minutes,,,456.2644
12402,Instagram Video Views - [Pierre 🇱🇻] [No Refill] [Unlimited] [Speed 1M/Day],106.108,100,10 000 000,No Refill,22 minutes,,,456.2644
12403,Instagram Video Views - [Water 🇸🇩] [No Refill] [Unlimited] [Speed 1M/Day],106.108,100,10 000 000,No Refill,33 minutes,,,456.2644
12404,Instagram Video Views - [Suriname 🇸🇷] [No Refill] [Unlimited] [Speed 1M/Day],106.108,100,10 000 000,No Refill,55 minutes,,,456.2644
12405,Instagram Video Views - [Svalbard 🇸🇿] [No Refill] [Unlimited] [Speed 1M/Day],106.108,100,10 000 000,No Refill,17 minutes,,,456.2644
12406,Instagram Video Views - [Swalziand 🇸🇿] [No Refill] [Unlimited] [Speed 1M/Day],106.108,100,10 000 000,No Refill,11 minutes,,,456.2644
12407,Instagram Video Views - [Sweden 🇸🇪] [No Refill] [Unlimited] [Speed 1M/Day],106.108,100,10 000 000,No Refill,55 minutes,,,456.2644
12408,Instagram Video Views - [Switzerland 🇨🇭] [No Refill] [Unlimited] [Speed 1M/Day],106.108,100,10 000 000,No Refill,16 hours 16 minutes,,,456.2644
12409,Instagram Video Views - [Syrian Arab 🇸🇾] [No Refill] [Unlimited] [Speed 1M/Day],106.108,100,10 000 000,No Refill,55 minutes,,,456.2644
12410,Instagram Video Views - [Taiwan 🇹🇼] [No Refill] [Unlimited] [Speed 1M/Day],106.108,100,10 000 000,No Refill,33 minutes,,,456.2644
12411,Instagram Video Views - [Tajikistan 🇹🇯] [No Refill] [Unlimited] [Speed 1M/Day],106.108,100,10 000 000,No Refill,22 minutes,,,456.2644
12412,Instagram Video Views - [Tanzania 🇹🇿] [No Refill] [Unlimited] [Speed 1M/Day],106.108,100,10 000 000,No Refill,17 minutes,,,456.2644
12413,Instagram Video Views - [Tokelau 🇹🇰] [No Refill] [Unlimited] [Speed 1M/Day],106.108,100,10 000 000,No Refill,22 minutes,,,456.2644
12414,Instagram Video Views - [Trinidad 🇺🇬] [No Refill] [Unlimited] [Speed 1M/Day],106.108,100,10 000 000,No Refill,16 minutes,,,456.2644
12415,Instagram Video Views - [Trinidad Tobaga 🇹🇻] [No Refill] [Unlimited] [Speed 1M/Day],106.108,100,10 000 000,No Refill,33 minutes,,,456.2644
12416,Instagram Video Views - [Tunisian 🇹🇳] [No Refill] [Unlimited] [Speed 1M/Day],106.108,100,10 000 000,No Refill,17 minutes,,,456.2644
12417,Instagram Video Views - [Turkmenistan 🇹🇲] [No Refill] [Unlimited] [Speed 1M/Day],106.108,100,10 000 000,No Refill,22 minutes,,,456.2644
12418,Instagram Video Views - [Caicos 🇬🇮] [No Refill] [Unlimited] [Speed 1M/Day],106.108,100,10 000 000,No Refill,22 minutes,,,456.2644
12419,Instagram Video Views - [Tuvalu 🇹🇻] [No Refill] [Unlimited] [Speed 1M/Day],106.108,100,10 000 000,No Refill,23 minutes,,,456.2644
12420,Instagram Video Views - [Ugando 🇺🇬] [No Refill] [Unlimited] [Speed 1M/Day],106.108,100,10 000 000,No Refill,22 minutes,,,456.2644
12421,Instagram Video Views - [United Arab 🇦🇪] [No Refill] [Unlimited] [Speed 1M/Day],106.108,100,10 000 000,No Refill,23 minutes,,,456.2644
12422,Instagram Video Views - [UK 🇻🇬] [No Refill] [Unlimited] [Speed 1M/Day],106.108,100,10 000 000,No Refill,23 minutes,,,456.2644
12424,Instagram Video Views - [Uruguayan 🇺🇾] [No Refill] [Unlimited] [Speed 1M/Day],106.108,100,10 000 000,No Refill,22 minutes,,,456.2644
12425,Instagram Video Views - [Uzbekistan 🇺🇿] [No Refill] [Unlimited] [Speed 1M/Day],106.108,100,10 000 000,No Refill,45 hours 36 minutes,,,456.2644
12426,Instagram Video Views - [Vanuatu 🇻🇺] [No Refill] [Unlimited] [Speed 1M/Day],106.108,100,10 000 000,No Refill,22 minutes,,,456.2644
12427,Instagram Video Views - [Venezuela 🇻🇪] [No Refill] [Unlimited] [Speed 1M/Day],106.108,100,10 000 000,No Refill,16 minutes,,,456.2644
12428,Instagram Video Views - [Virgin Islands 🇪🇪] [No Refill] [Unlimited] [Speed 1M/Day],106.108,100,10 000 000,No Refill,17 minutes,,,456.2644
12429,Instagram Video Views - [Virgin Islands 🇪🇪] [No Refill] [Unlimited] [Speed 1M/Day],106.108,100,10 000 000,No Refill,22 minutes,,,456.2644
12430,Instagram Video Views - [Futuna 🇹🇱] [No Refill] [Unlimited] [Speed 1M/Day],106.108,100,10 000 000,No Refill,23 minutes,,,456.2644
12431,Instagram Video Views - [Western Sahara 🇪🇭] [No Refill] [Unlimited] [Speed 1M/Day],106.108,100,10 000 000,No Refill,16 minutes,,,456.2644
12432,Instagram Video Views - [Yemen 🇾🇪] [No Refill] [Unlimited] [Speed 1M/Day],106.108,100,10 000 000,No Refill,55 minutes,,,456.2644
12433,Instagram Video Views - [Yugoslavia 🇿🇼] [No Refill] [Unlimited] [Speed 1M/Day],106.108,100,10 000 000,No Refill,55 minutes,,,456.2644
12434,Instagram Video Views - [Zambia 🇿🇲] [No Refill] [Unlimited] [Speed 1M/Day],106.108,100,10 000 000,No Refill,55 minutes,,,456.2644
12435,Instagram Video Views - [Zimbabwe 🇿🇼] [No Refill] [Unlimited] [Speed 1M/Day],106.108,100,10 000 000,No Refill,16 minutes,,,456.2644
12436,Instagram Video Views - [Afghanistan 🇦🇫] [No Refill] [Unlimited] [Speed 1M/Day],106.108,100,10 000 000,No Refill,22 minutes,,,456.2644
12437,Instagram Video Views - [Albanian 🇦🇱] [No Refill] [Unlimited] [Speed 1M/Day],106.108,100,10 000 000,No Refill,18 hours 2 minutes,,,456.2644
12438,Instagram Video Views - [Algerian 🇩🇿] [No Refill] [Unlimited] [Speed 1M/Day],106.108,100,10 000 000,No Refill,55 minutes,,,456.2644
12439,Instagram Video Views - [American 🇺🇸] [No Refill] [Unlimited] [Speed 1M/Day],106.108,100,10 000 000,No Refill,33 minutes,,,456.2644
12440,Instagram Video Views - [Andorra 🇦🇩] [No Refill] [Unlimited] [Speed 1M/Day],106.108,100,10 000 000,No Refill,55 minutes,,,456.2644
12441,Instagram Video Views - [Angola 🇦🇴] [No Refill] [Unlimited] [Speed 1M/Day],106.108,100,10 000 000,No Refill,22 minutes,,,456.2644
12442,Instagram Video Views - [Antarctica 🇦🇶] [No Refill] [Unlimited] [Speed 1M/Day],106.108,100,10 000 000,No Refill,55 minutes,,,456.2644
12443,Instagram Video Views - [Antigua 🇦🇬] [No Refill] [Unlimited] [Speed 1M/Day],106.108,100,10 000 000,No Refill,55 minutes,,,456.2644
12444,Instagram Video Views - [Argentina 🇦🇷] [No Refill] [Unlimited] [Speed 1M/Day],106.108,100,10 000 000,No Refill,22 minutes,,,456.2644
12445,Instagram Video Views - [Armenia 🇦🇲] [No Refill] [Unlimited] [Speed 1M/Day],106.108,100,10 000 000,No Refill,33 minutes,,,456.2644
12446,Instagram Video Views - [Aruba 🇦🇼] [No Refill] [Unlimited] [Speed 1M/Day],106.108,100,10 000 000,No Refill,33 minutes,,,456.2644
12447,Instagram Video Views - [Australian 🇦🇹] [No Refill] [Unlimited] [Speed 1M/Day],106.108,100,10 000 000,No Refill,55 minutes,,,456.2644
12448,Instagram Video Views - [Austria 🇦🇺] [No Refill] [Unlimited] [Speed 1M/Day],106.108,100,10 000 000,No Refill,55 minutes,,,456.2644
12449,Instagram Video Views - [Azerbaijan 🇦🇿] [No Refill] [Unlimited] [Speed 1M/Day],106.108,100,10 000 000,No Refill,33 minutes,,,456.2644
12450,Instagram Video Views - [Bahamas 🇧🇸] [No Refill] [Unlimited] [Speed 1M/Day],106.108,100,10 000 000,No Refill,17 minutes,,,456.2644
12451,Instagram Video Views - [Bahrain 🇧🇭] [No Refill] [Unlimited] [Speed 1M/Day],106.108,100,10 000 000,No Refill,11 minutes,,,456.2644
12452,Instagram Video Views - [Barbados 🇧🇧] [No Refill] [Unlimited] [Speed 1M/Day],106.108,100,10 000 000,No Refill,23 minutes,,,456.2644
12453,Instagram Video Views - [Belarus 🇧🇾] [No Refill] [Unlimited] [Speed 1M/Day],106.108,100,10 000 000,No Refill,22 minutes,,,456.2644
12454,Instagram Video Views - [Belgium 🇧🇪] [No Refill] [Unlimited] [Speed 1M/Day],106.108,100,10 000 000,No Refill,11 minutes,,,456.2644
12455,Instagram Video Views - [Belize 🇧🇿] [No Refill] [Unlimited] [Speed 1M/Day],106.108,100,10 000 000,No Refill,55 minutes,,,456.2644
12456,Instagram Video Views - [Benin 🇧🇯] [No Refill] [Unlimited] [Speed 1M/Day],106.108,100,10 000 000,No Refill,11 minutes,,,456.2644
12457,Instagram Video Views - [Bermudas 🇧🇲] [No Refill] [Unlimited] [Speed 1M/Day],106.108,100,10 000 000,No Refill,33 minutes,,,456.2644
12458,Instagram Video Views - [Butane 🇧🇹] [No Refill] [Unlimited] [Speed 1M/Day],106.108,100,10 000 000,No Refill,55 minutes,,,456.2644
12459,Instagram Video Views - [Bolivia 🇧🇴] [No Refill] [Unlimited] [Speed 1M/Day],106.108,100,10 000 000,No Refill,11 minutes,,,456.2644
12460,Instagram Video Views - [Bosnia 🇧🇦] [No Refill] [Unlimited] [Speed 1M/Day],106.108,100,10 000 000,No Refill,23 minutes,,,456.2644
12461,Instagram Video Views - [Botswana 🇧🇼] [No Refill] [Unlimited] [Speed 1M/Day],106.108,100,10 000 000,No Refill,17 minutes,,,456.2644
12462,Instagram Video Views - [Bouve 🇧🇼] [No Refill] [Unlimited] [Speed 1M/Day],106.108,100,10 000 000,No Refill,17 minutes,,,456.2644
12463,Instagram Video Views - [British 🇻🇬] [No Refill] [Unlimited] [Speed 1M/Day],106.108,100,10 000 000,No Refill,55 minutes,,,456.2644
12464,Instagram Video Views - [Bunei 🇧🇳] [No Refill] [Unlimited] [Speed 1M/Day],106.108,100,10 000 000,No Refill,16 minutes,,,456.2644
12465,Instagram Video Views - [Bulgaria 🇧🇬] [No Refill] [Unlimited] [Speed 1M/Day],106.108,100,10 000 000,No Refill,17 minutes,,,456.2644
12466,Instagram Video Views - [Burkino 🇧🇫] [No Refill] [Unlimited] [Speed 1M/Day],106.108,100,10 000 000,No Refill,33 minutes,,,456.2644
12467,Instagram Video Views - [Cambodia 🇰🇭] [No Refill] [Unlimited] [Speed 1M/Day],106.108,100,10 000 000,No Refill,55 minutes,,,456.2644
12468,Instagram Video Views - [Cameroon 🇨🇲] [No Refill] [Unlimited] [Speed 1M/Day],106.108,100,10 000 000,No Refill,55 minutes,,,456.2644
12469,Instagram Video Views - [Canadian 🇨🇦] [No Refill] [Unlimited] [Speed 1M/Day],106.108,100,10 000 000,No Refill,6 hours 50 minutes,,,456.2644
12470,Instagram Video Views - [Cape Verde 🇨🇻] [No Refill] [Unlimited] [Speed 1M/Day],106.108,100,10 000 000,No Refill,55 minutes,,,456.2644
12471,Instagram Video Views - [Cayman Islands 🇰🇾] [No Refill] [Unlimited] [Speed 1M/Day],106.108,100,10 000 000,No Refill,17 minutes,,,456.2644
12472,Instagram Video Views - [African 🌍] [No Refill] [Unlimited] [Speed 1M/Day],106.108,100,10 000 000,No Refill,17 minutes,,,456.2644
12473,Instagram Video Views - [Chad 🇹🇩] [No Refill] [Unlimited] [Speed 1M/Day],106.108,100,10 000 000,No Refill,33 minutes,,,456.2644
12474,Instagram Video Views - [Chile 🇨🇱] [No Refill] [Unlimited] [Speed 1M/Day],106.108,100,10 000 000,No Refill,23 minutes,,,456.2644
12475,Instagram Video Views - [Chinese 🇨🇳] [No Refill] [Unlimited] [Speed 1M/Day],106.108,100,10 000 000,No Refill,23 minutes,,,456.2644
12476,Instagram Video Views - [Christmas 🇨🇳] [No Refill] [Unlimited] [Speed 1M/Day],106.108,100,10 000 000,No Refill,55 minutes,,,456.2644
12477,Instagram Video Views - [Colombia 🇨🇴] [No Refill] [Unlimited] [Speed 1M/Day],106.108,100,10 000 000,No Refill,22 minutes,,,456.2644
12478,Instagram Video Views - [Comoros 🇰🇲] [No Refill] [Unlimited] [Speed 1M/Day],106.108,100,10 000 000,No Refill,11 minutes,,,456.2644
12479,Instagram Video Views - [Congo 🇨🇬] [No Refill] [Unlimited] [Speed 1M/Day],106.108,100,10 000 000,No Refill,22 minutes,,,456.2644
12480,Instagram Video Views - [Democrotic 🇨🇬] [No Refill] [Unlimited] [Speed 1M/Day],106.108,100,10 000 000,No Refill,11 minutes,,,456.2644
12481,Instagram Video Views - [Cook Islands 🇨🇰] [No Refill] [Unlimited] [Speed 1M/Day],106.108,100,10 000 000,No Refill,16 minutes,,,456.2644
12482,Instagram Video Views - [Costa Rica 🇨🇷] [No Refill] [Unlimited] [Speed 1M/Day],106.108,100,10 000 000,No Refill,55 minutes,,,456.2644
12483,Instagram Video Views - [Beach 🇨🇩] [No Refill] [Unlimited] [Speed 1M/Day],106.108,100,10 000 000,No Refill,33 minutes,,,456.2644
12484,Instagram Video Views - [Türkiye 🇹🇷] [No Refill] [Unlimited] [Speed 1M/Day],106.108,100,10 000 000,No Refill,15 hours 18 minutes,,,456.2644
10030,Instagram Saves - [Max 500K] [𝐆𝐨𝐨𝐝 𝐐𝐮𝐚𝐥𝐢𝐭𝐲] [Speed 50K/Day] [INSTANT],6.47,10,500 000,No Refill,136 hours 43 minutes,,,27.821
5533,Instagram Saves - [Max 100K] [Speed 30K/Day] [INSTANT],5.0466,15,100 000,No Refill,19 minutes,,,21.70038
10540,Instagram Profile Visits＋Reach＋Interaction＋Impressions - [𝐑𝐄𝐀𝐋 & 𝐎𝐑𝐆𝐀𝐍𝐈𝐂] [Max 100K] [Speed 100K/Day] [INSTANT],5.176,100,1 000 000,30 Days Refill,1 hour 45 minutes,,,22.2568
10031,Instagram Saves - [Max 300K] [𝐑𝐄𝐀𝐋 - 𝐒𝐮𝐩𝐞𝐫 𝐅𝐚𝐬𝐭] [Speed 100K/Day] [INSTANT],7.764,20,300 000,No Refill,103 hours 54 minutes,,,33.3852
5520,Instagram Saves - [Max 50K] [Speed 10-15K/Day] [Always Instant & Working],5.176,100,50 000,No Refill,156 hours 49 minutes,,,22.2568
5535,Instagram Saves - [Max 20K] [Speed 20K/Day] [Always Instant & Working] [𝐑𝐞𝐜𝐨𝐦𝐦𝐞𝐧𝐝𝐞𝐝],6.47,100,20 000,No Refill,103 hours 43 minutes,,,27.821
15955,Instagram Impressions + Views From Explore [𝐏𝐇𝐎𝐓𝐎𝐒 𝐎𝐍𝐋𝐘] - [Max 1M] [Speed 100K/Day] [INSTANT],2.588,10,100 000,No Refill,6 minutes,,,11.1284
5523,Instagram Share + Impressions + Reach [Max 100K] [Speed 10-20K/Day] [Always Instant] [𝐑𝐞𝐜𝐨𝐦𝐦𝐞𝐧𝐝𝐞𝐝],15.528,10,1 000 000,No Refill,8 minutes,,,66.7704
15954,Instagram Impressions + Reach From Explore [Max 200K] [Speed 10-20K/Day] [Always Instant] [𝐑𝐞𝐜𝐨𝐦𝐦𝐞𝐧𝐝𝐞𝐝],7.764,10,200 000,No Refill,18 minutes,,,33.3852
5521,Instagram Impressions - [Max 10K] [Speed 10K/Day] [INSTANT],7.6346,10,10 000,No Refill,19 minutes,,,32.82878
5530,Instagram Impressions + Reach - [Max 5M] [Speed 100K/Day] [Always Instant] [𝐑𝐞𝐜𝐨𝐦𝐦𝐞𝐧𝐝𝐞𝐝],20.704,10,5 000 000,No Refill,32 hours 10 minutes,,,89.0272
10035,Instagram Impressions + Reach [Max 50K] [Speed 50K/Day] [Always Instant],6.47,100,50 000,No Refill,2 minutes,,,27.821
5524,Instagram Impressions + Reach [Max 1M] [Speed 20-50K/Day] [INSTANT],6.9876,100,1 000 000,No Refill,28 minutes,,,30.04668
5522,Instagram Impressions + Reach [Max 500K] [Speed 50-100K/Day] [INSTANT],8.7992,100,500 000,No Refill,2 minutes,,,37.83656
5537,Instagram Impressions + Reach [Max 1M] [Speed 50K/Day] [Always Instant],6.47,100,1 000 000,No Refill,2 minutes,,,27.821
5532,Instagram Profile Visits - [Max 5M] [Speed 100k/Day] [Always Instant & Working],5.176,100,5 000 000,No Refill,1 minute,,,22.2568
15721,Instagram SPLIT Impressions + Reach on Last 10 Instagram Posts ➗ | Super-Fast ⚡️ [Enter Username],23.292,1 000,100 000,No Refill,44 minutes,,,100.1556
15722,Instagram SPLIT Impressions + Reach on Last 20 Instagram Posts ➗ | Super-Fast ⚡️ [Enter Username],23.292,2 000,100 000,No Refill,13 minutes,,,100.1556
15723,Instagram SPLIT Impressions + Reach on Last 30 Instagram Posts ➗ | Super-Fast ⚡️ [Enter Username],23.292,3 000,100 000,No Refill,16 minutes,,,100.1556
15724,Instagram SPLIT Impressions + Reach on Last 40 Instagram Posts ➗ | Super-Fast ⚡️ [Enter Username],23.292,4 000,100 000,No Refill,55 minutes,,,100.1556
15725,Instagram SPLIT Impressions + Reach on Last 50 Instagram Posts ➗ | Super-Fast ⚡️ [Enter Username],23.292,5 000,100 000,No Refill,16 minutes,,,100.1556
15726,Instagram SPLIT Impressions + Reach on Last 100 Instagram Posts ➗ | Super-Fast ⚡️ [Enter Username],23.292,10 000,100 000,No Refill,33 minutes,,,100.1556
15727,Instagram SPLIT Impressions + Reach on Last 200 Instagram Posts ➗ | Super-Fast ⚡️ [Enter Username],23.292,20 000,200 000,No Refill,23 minutes,,,100.1556
15728,Instagram SPLIT Impressions + Reach on Last 300 Instagram Posts ➗ | Super-Fast ⚡️ [Enter Username],23.292,30 000,200 000,No Refill,33 minutes,,,100.1556
15729,Instagram SPLIT Impressions + Reach on Last 400 Instagram Posts ➗ | Super-Fast ⚡️ [Enter Username],23.292,40 000,200 000,No Refill,16 minutes,,,100.1556
15730,Instagram SPLIT Impressions + Reach on Last 500 Instagram Posts ➗ | Super-Fast ⚡️ [Enter Username],23.292,50 000,200 000,No Refill,22 minutes,,,100.1556
15711,Instagram SPLIT Saves on Last 10 Instagram Posts ➗ | Super-Fast ⚡️ [Enter Username],23.292,1 000,100 000,No Refill,55 minutes,,,100.1556
15712,Instagram SPLIT Saves on Last 20 Instagram Posts ➗ | Super-Fast ⚡️ [Enter Username],23.292,2 000,100 000,No Refill,1 hour 8 minutes,,,100.1556
15713,Instagram SPLIT Saves on Last 30 Instagram Posts ➗ | Super-Fast ⚡️ [Enter Username],23.292,3 000,100 000,No Refill,11 minutes,,,100.1556
15714,Instagram SPLIT Saves on Last 40 Instagram Posts ➗ | Super-Fast ⚡️ [Enter Username],23.292,4 000,100 000,No Refill,16 minutes,,,100.1556
15715,Instagram SPLIT Saves on Last 50 Instagram Posts ➗ | Super-Fast ⚡️ [Enter Username],23.292,5 000,100 000,No Refill,11 minutes,,,100.1556
15716,Instagram SPLIT Saves on Last 100 Instagram Posts ➗ | Super-Fast ⚡️ [Enter Username],23.292,10 000,100 000,No Refill,17 minutes,,,100.1556
15717,Instagram SPLIT Saves on Last 200 Instagram Posts ➗ | Super-Fast ⚡️ [Enter Username],23.292,20 000,200 000,No Refill,33 minutes,,,100.1556
15718,Instagram SPLIT Saves on Last 300 Instagram Posts ➗ | Super-Fast ⚡️ [Enter Username],23.292,30 000,200 000,No Refill,33 minutes,,,100.1556
15719,Instagram SPLIT Saves on Last 400 Instagram Posts ➗ | Super-Fast ⚡️ [Enter Username],23.292,40 000,200 000,No Refill,33 minutes,,,100.1556
15720,Instagram SPLIT Saves on Last 500 Instagram Posts ➗ | Super-Fast ⚡️ [Enter Username],23.292,50 000,200 000,No Refill,55 minutes,,,100.1556
5495,Instagram Live - [𝐕𝐢𝐝𝐞𝐨 𝐋𝐢𝐤𝐞𝐬] [Max 30K] [Speed 10K/Day],11.646,1,30 000,No Refill,11 minutes,,,50.0778
5497,Instagram Live - [𝐕𝐢𝐝𝐞𝐨 𝐂𝐨𝐦𝐦𝐞𝐧𝐭𝐬] [Random] [Max 2K] [INSTANT],890.272,50,2 000,No Refill,17 minutes,,,3828.1696
5482,Instagram Reel Views - [𝐕𝐢𝐝𝐞𝐨 + 𝐑𝐞𝐞𝐥 + 𝐈𝐆𝐓𝐕] [Unlimited] [Speed 1M/Day] [INSTANT],2.588,100,2 147 483 647,No Refill,7 minutes,,,11.1284
3451,Instagram Reel Views - [𝐕𝐢𝐝𝐞𝐨 + 𝐑𝐞𝐞𝐥 + 𝐈𝐆𝐓𝐕] [Unlimited] [Speed 1M/HR] [INSTANT] [𝐑𝐞𝐜𝐨𝐦𝐦𝐞𝐧𝐝𝐞𝐝 ],3.882,10,100 000 000,No Refill,6 minutes,,,16.6926
5481,Instagram Reel Views - [𝐕𝐢𝐝𝐞𝐨 + 𝐑𝐞𝐞𝐥 + 𝐈𝐆𝐓𝐕] [Unlimited] [1-2M/Day] [INSTANT],15.528,100,2 147 483 647,No Refill,3 minutes,,,66.7704
3437,Instagram Reel Views - [Trending] [Unlimited] [INSTANT],18.116,100,2 147 483 647,No Refill,6 minutes,,,77.8988
5485,Instagram Reel Likes - [Max 30K] [Speed 1-3K/Day] [INSTANT],53.054,1,30 000,No Refill,15 minutes,,,228.1322
5484,Instagram Reel Likes - [𝐆𝐨𝐨𝐝 𝐐𝐮𝐚𝐥𝐢𝐭𝐲] [30 Days Refill] [Max 50K] [𝐀𝐔𝐓𝐎 𝐑𝐄𝐅𝐈𝐋𝐋] [Non-Drop] [Speed 25K/Day] [Always Instant],29.762,10,50 000,30 Days Refill,6 minutes,,,127.9766
3454,Instagram Reel Likes - [𝐁𝐞𝐬𝐭 𝐐𝐮𝐚𝐥𝐢𝐭𝐲] [30 Days Refill] [Max 50K] [Speed 25K/Day] [Always Instant] [𝐑𝐄𝐂𝐎𝐌𝐌𝐄𝐍𝐃𝐄𝐃],24.586,10,50 000,30 Days Refill,9 minutes,,,105.7198
3448,Instagram Reel Comments - [Custom] [𝐑𝐄𝐀𝐋 & 𝐇𝐐] [Max 100K] [Speed 10-20K/Day] [Always Instant] [𝐑𝐞𝐜𝐨𝐦𝐦𝐞𝐧𝐝𝐞𝐝],62.112,10,100 000,No Refill,3 minutes,,,267.0816
3449,Instagram Reel Comments - [Random] [𝐆𝐨𝐨𝐝 𝐐𝐮𝐚𝐥𝐢𝐭𝐲] [Max 150K] [Speed 50K/Day] [Always Instant],588.77,10,150 000,No Refill,44 minutes,,,2531.711
5483,Instagram Reel Comments - [Emoji] [𝐆𝐨𝐨𝐝 𝐐𝐮𝐚𝐥𝐢𝐭𝐲] [Max 10K] [Speed 10K/Day] [INSTANT],588.77,10,10 000,No Refill,55 minutes,,,2531.711
3442,Instagram Reel Saves - [Max 50K] [Speed 10-15K/Day] [Always Instant & Working],5.176,100,50 000,No Refill,120 hours 21 minutes,,,22.2568
3445,Instagram Reel Saves - [Max 20K] [Speed 20K/Day] [Always Instant & Working] [𝐑𝐞𝐜𝐨𝐦𝐦𝐞𝐧𝐝𝐞𝐝],25.88,50,200 000,No Refill,121 hours 32 minutes,,,111.284
7202,Instagram IGTV Views - [𝐕𝐢𝐝𝐞𝐨 + 𝐑𝐞𝐞𝐥 + 𝐈𝐆𝐓𝐕] [Unlimited] [Speed 1M/Day] [INSTANT],1.294,100,1 000 000,No Refill,55 minutes,,,5.5642
7201,Instagram IGTV Views - [𝐕𝐢𝐝𝐞𝐨 + 𝐑𝐞𝐞𝐥 + 𝐈𝐆𝐓𝐕] [Unlimited] [Speed 1M/HR] [INSTANT] [𝐑𝐞𝐜𝐨𝐦𝐦𝐞𝐧𝐝𝐞𝐝 ],0.5176,100,10 000 000,No Refill,4 minutes,,,2.22568
7203,Instagram IGTV Views - [𝐕𝐢𝐝𝐞𝐨 + 𝐑𝐞𝐞𝐥 + 𝐈𝐆𝐓𝐕] [Unlimited] [Speed 1M/HR] [INSTANT],1.294,100,2 000 000 000,No Refill,55 minutes,,,5.5642
7204,Instagram IGTV Views - [𝐕𝐢𝐞𝐰𝐬 + 𝐑𝐞𝐚𝐜𝐡 + 𝐏𝐫𝐨𝐟𝐢𝐥𝐞 𝐕𝐢𝐬𝐢𝐭] [Unlimited] [Speed 100K/Day] [INSTANT],7.764,100,1 000 000,No Refill,22 minutes,,,33.3852
8439,Instagram IGTV Views - [Trending] [Unlimited] [INSTANT],37.526,100,2 147 483 647,No Refill,22 minutes,,,161.3618
5546,Instagram IGTV Likes - [𝐆𝐨𝐨𝐝 𝐐𝐮𝐚𝐥𝐢𝐭𝐲] [30 Days Refill] [Max 50K] [𝐀𝐔𝐓𝐎 𝐑𝐄𝐅𝐈𝐋𝐋] [Non-Drop] [Speed 25K/Day] [Always Instant],18.116,10,50 000,30 Days Refill,11 minutes,,,77.8988
7208,Instagram IGTV Likes - [𝐁𝐞𝐬𝐭 𝐐𝐮𝐚𝐥𝐢𝐭𝐲] [30 Days Refill] [Max 50K] [Speed 25K/Day] [Always Instant] [𝐑𝐄𝐂𝐎𝐌𝐌𝐄𝐍𝐃𝐄𝐃],47.878,10,50 000,30 Days Refill,22 minutes,,,205.8754
5547,Instagram IGTV Likes - [𝐁𝐞𝐬𝐭 𝐐𝐮𝐚𝐥𝐢𝐭𝐲] [30 Days Refill] [Max 50K] [𝐀𝐔𝐓𝐎 𝐑𝐄𝐅𝐈𝐋𝐋] [Speed 50K/Day] [Always Instant] [𝐑𝐄𝐂𝐎𝐌𝐌𝐄𝐍𝐃𝐄𝐃],46.584,10,50 000,30 Days Refill,23 minutes,,,200.3112
5549,Instagram IGTV Comments - [Custom] [𝐑𝐄𝐀𝐋 & 𝐇𝐐] [Max 100K] [Speed 10-20K/Day] [Always Instant] [𝐑𝐞𝐜𝐨𝐦𝐦𝐞𝐧𝐝𝐞𝐝],62.112,10,100 000,No Refill,4 minutes,,,267.0816
7220,Instagram IGTV Comments - [Random] [𝐆𝐨𝐨𝐝 𝐐𝐮𝐚𝐥𝐢𝐭𝐲] [Max 150K] [Speed 50K/Day] [Always Instant],612.062,10,150 000,No Refill,23 minutes,,,2631.8666
7221,Instagram IGTV Comments - [Emoji] [𝐆𝐨𝐨𝐝 𝐐𝐮𝐚𝐥𝐢𝐭𝐲] [Max 10K] [Speed 10K/Day] [INSTANT],612.062,10,10 000,No Refill,16 minutes,,,2631.8666
5548,Instagram IGTV Saves - [Max 50K] [Speed 10-15K/Day] [Always Instant & Working],6.47,10,50 000,No Refill,4 hours 31 minutes,,,27.821
7217,Instagram IGTV Saves - [Max 200K] [Speed 50K/Day] [Always Instant & Working] [𝐑𝐞𝐜𝐨𝐦𝐦𝐞𝐧𝐝𝐞𝐝],15.528,100,200 000,No Refill,17 minutes,,,66.7704
15831,Instagram Shares [Lifetime Warranty] [Unlimited] [2M/Day] [INSTANT],11.646,10,1 000 000,Lifetime Refill,5 minutes,,,50.0778
15830,Instagram Shares [Lifetime Warranty] [Unlimited] [Speed 500K/Day] [INSTANT],15.528,100,1 000 000,Lifetime Refill,10 minutes,,,66.7704
15832,Instagram Shares + Engagement [Lifetime Warranty] [Unlimited] [3K/Day] [INSTANT],15.528,10,1 000 000,Lifetime Refill,7 minutes,,,66.7704
15833,Instagram Shares + Engagement + Reach [Lifetime Warranty] [Unlimited] [5K/Day] [INSTANT],15.528,10,1 000 000,Lifetime Refill,10 minutes,,,66.7704
10541,Instagram Shares - [𝐑𝐄𝐀𝐋 & 𝐎𝐑𝐆𝐀𝐍𝐈𝐂] [Unlimited] [Speed 100K/Day] [INSTANT],27.174,10,1 000 000,No Refill,9 minutes,,,116.8482
9040,Instagram Story - Views [Max 200K] [Speed 100K/Day] [Always Instant],16.822,10,200 000,No Refill,2 hours 13 minutes,,,72.3346
15835,Instagram Story Views [Max 30K] [Speed 5-10K/Day] [Always Instant],15.528,100,15 000,No Refill,2 hours 31 minutes,,,66.7704
5455,Instagram Story - Views [𝐑𝐄𝐀𝐋] [30 Days Refill] [Max 100K] [Speed 5K/HR] [All Stories] [Always Instant] [𝐑𝐞𝐜𝐨𝐦𝐦𝐞𝐧𝐝𝐞𝐝],24.586,100,5 000,30 Days Refill,5 minutes,,,105.7198
5454,Instagram Story - [Views + Likes] - [𝐑𝐄𝐀𝐋] [30 Days Refill] [Max 5K] [Speed 5-10K/Day] [All Stories] [Always Instant] [𝐑𝐞𝐜𝐨𝐦𝐦𝐞𝐧𝐝𝐞𝐝],21.998,10,5 000,30 Days Refill,1 hour 46 minutes,,,94.5914
5453,Instagram Story - Views [30 Days Refill] [Max 100K] [Speed 10K/Day] [All Stories] [Always Instant],15.528,50,5 000,30 Days Refill,6 hours 12 minutes,,,66.7704
5452,Instagram Story - Views [30 Days Refill] [Max 10K] [Speed 10K/Day] [All Stories] [INSTANT],18.116,100,10 000,30 Days Refill,2 hours 58 minutes,,,77.8988
5458,Instagram Story Views + Reach [Max 10K] [Speed 10k/Day] [0-30Mins],21.998,10,10 000,7 Days Refill,9 minutes,,,94.5914
15800,Instagram Channel Member | Global 🌎 | Max 1M | 100% Real Organic Users | 500K/Day [0-10Mins],148.81,10,1 000 000,No Refill,11 minutes,,,639.883
15801,Instagram Channel Member | USA 🇺🇸 | Max 1M | 100% Real Organic Users | 500K/Day [0-10Mins],148.81,10,1 000 000,No Refill,16 minutes,,,639.883
15802,Instagram Channel Member | Arab 🇸🇦 | Max 1M | 100% Real Organic Users | 500K/Day [0-10Mins],148.81,10,1 000 000,No Refill,17 minutes,,,639.883
15803,Instagram Channel Member | Turkey 🇹🇷 | Max 1M | 100% Real Organic Users | 500K/Day [0-10Mins],148.81,10,1 000 000,No Refill,23 minutes,,,639.883
15804,Instagram Channel Member | Europe 🇪🇺 | Max 1M | 100% Real Organic Users | 500K/Day [0-10Mins],148.81,10,1 000 000,No Refill,33 minutes,,,639.883
15805,Instagram Channel Member | Azerbaijan 🇦🇿 | Max 1M | 100% Real Organic Users | 500K/Day [0-10Mins],148.81,10,1 000 000,No Refill,16 minutes,,,639.883
15806,Instagram Channel Member | Latin America 🇦🇷 | Max 1M | 100% Real Organic Users | 500K/Day [0-10Mins],148.81,10,1 000 000,No Refill,55 minutes,,,639.883
15807,Instagram Channel Member | India 🇮🇳 | Max 1M | 100% Real Organic Users | 500K/Day [0-10Mins],148.81,10,1 000 000,No Refill,17 minutes,,,639.883
15808,Instagram Channel Member | Brazil 🇧🇷 | Max 1M | 100% Real Organic Users | 500K/Day [0-10Mins],148.81,10,1 000 000,No Refill,17 minutes,,,639.883
15809,Instagram Channel Member | Vietnam 🇻🇳 | Max 1M | 100% Real Organic Users | 500K/Day [0-10Mins],148.81,10,1 000 000,No Refill,16 minutes,,,639.883
15810,Instagram Channel Member | Thailand 🇹🇭 | Max 1M | 100% Real Organic Users | 500K/Day [0-10Mins],148.81,10,1 000 000,No Refill,16 minutes,,,639.883
15811,Instagram Channel Member | Nigeria 🇳🇬 | Max 1M | 100% Real Organic Users | 500K/Day [0-10Mins],148.81,10,1 000 000,No Refill,22 minutes,,,639.883
15812,Instagram Channel Member | Pakistan 🇵🇰 | Max 1M | 100% Real Organic Users | 500K/Day [0-10Mins],148.81,10,1 000 000,No Refill,17 minutes,,,639.883
10719,Instagram Channel Members - [WORLDWIDE] [Max 50K] [Speed 1-3K/Day] [0-1HR],91.874,10,500 000,30 Days Refill,11 hours 50 minutes,,,395.0582
10720,Instagram Channel Members - [Turkey 🇹🇷] [Max 50K] [Speed 1-3K/Day] [0-1HR],90.58,10,50 000,30 Days Refill,11 minutes,,,389.494
10721,Instagram Channel Members - [USA 🇺🇸] [Max 50K] [Speed 1-3K/Day] [0-1HR],146.222,10,1 000 000,30 Days Refill,23 minutes,,,628.7546
10722,Instagram Channel Members - [Azerbaijan 🇦🇿] [Max 50K] [Speed 1-3K/Day] [0-1HR],90.58,10,50 000,30 Days Refill,11 minutes,,,389.494
10723,Instagram Channel Members - [Arab 🇸🇦] [Max 50K] [Speed 1-3K/Day] [0-1HR],90.58,10,50 000,30 Days Refill,11 minutes,,,389.494
10724,Instagram Channel Members - [Europe 🇪🇺] [Max 50K] [Speed 1-3K/Day] [0-1HR],90.58,10,50 000,30 Days Refill,22 minutes,,,389.494
10725,Instagram Channel Members - [Latin America 🇦🇷] [Max 50K] [Speed 1-3K/Day] [0-1HR],90.58,10,50 000,30 Days Refill,17 minutes,,,389.494
16318,Instagram Channel Members [🌐Worldwide] [Max 100K] [0-30 Mins],186.336,50,100 000,No Refill,55 minutes,,,801.2448
16319,Instagram Channel Members [🇹🇷Turkey] [Max 100K] [0-30 Mins],201.864,50,100 000,No Refill,22 minutes,,,868.0152
16320,Instagram Channel Members [🇧🇷Brazil] [Max 100K] [0-30 Mins],201.864,50,100 000,No Refill,22 minutes,,,868.0152
16321,Instagram Channel Members [🇬🇧U.K.] [Max 100K] [0-30 Mins],201.864,50,100 000,No Refill,11 minutes,,,868.0152
16322,Instagram Channel Members [🇪🇸Spain] [Max 100K] [0-30 Mins],201.864,50,100 000,No Refill,11 minutes,,,868.0152
16323,Instagram Channel Members [🇩🇪Germany] [Max 100K] [0-30 Mins],201.864,50,100 000,No Refill,55 minutes,,,868.0152
16324,Instagram Channel Members [🇺🇸U.S.A.] [Max 100K] [0-30 Mins],201.864,50,100 000,No Refill,11 minutes,,,868.0152
16325,Instagram Channel Members [🇦🇿Azerbaijan] [Max 100K] [0-30 Mins],201.864,50,100 000,No Refill,33 minutes,,,868.0152
16326,Instagram Channel Members [🇫🇷France] [Max 100K] [0-30 Mins],201.864,50,100 000,No Refill,17 minutes,,,868.0152
16327,Instagram Channel Members [🇮🇹Italy] [Max 100K] [0-30 Mins],201.864,50,100 000,No Refill,22 minutes,,,868.0152
16328,Instagram Channel Members [🇵🇰Pakistan] [Max 100K] [0-30 Mins],201.864,50,100 000,No Refill,23 minutes,,,868.0152
16329,Instagram Channel Members [🇷🇺Russia] [Max 100K] [0-30 Mins],201.864,50,100 000,No Refill,17 minutes,,,868.0152
7110,Instagram Comments - [Custom] [𝐑𝐄𝐀𝐋 & 𝐇𝐐] [Max 100K] [Speed 10-20K/Day] [Always Instant] [𝐑𝐞𝐜𝐨𝐦𝐦𝐞𝐧𝐝𝐞𝐝],64.7,10,100 000,No Refill,3 minutes,,,278.21
7109,Instagram Comments - [Custom] [𝐑𝐄𝐀𝐋] [Max 10K] [Speed 3-5K/Day] [Always Instant],59.524,10,10 000,No Refill,3 minutes,,,255.9532
3362,Instagram Comments - [Custom] [Max 20K] [Speed 3-5K/Day] [0-1HR],137.164,10,20 000,No Refill,14 minutes,,,589.8052
9944,Instagram Custom Comments ENGLISH - [Max 1K] [Speed 100-300/Day],1941,10,10 000,30 Days Refill,3 minutes,,,8346.3
7108,Instagram Comments - [Emoji] [𝐁𝐞𝐬𝐭 𝐐𝐮𝐚𝐥𝐢𝐭𝐲] [Max 5K] [Speed 5K/Day] [INSTANT] [𝐑𝐞𝐜𝐨𝐦𝐦𝐞𝐧𝐝𝐞𝐝],1041.67,10,5 000,No Refill,24 minutes,,,4479.181
3363,Instagram Comments - [Custom] [𝐆𝐨𝐨𝐝 𝐐𝐮𝐚𝐥𝐢𝐭𝐲] [Max 5K] [Speed 5K/Day] [INSTANT],62.112,10,10 000,No Refill,3 hours 54 minutes,,,267.0816
7112,Instagram Comments - [Random] [𝐆𝐨𝐨𝐝 𝐐𝐮𝐚𝐥𝐢𝐭𝐲] [Max 100K] [Speed 50K/Day] [Always Instant],566.772,10,100 000,No Refill,20 minutes,,,2437.1196
10033,Instagram Comments - [Random] [𝐇𝐢𝐠𝐡 𝐐𝐮𝐚𝐥𝐢𝐭𝐲] [Max 50K] [Speed 50K/Day] [Always Instant],588.77,10,50 000,No Refill,23 minutes,,,2531.711
7111,Instagram Comments - [Random] [Max 10K] [Speed 5K/Day] [INSTANT],59.524,10,100 000,No Refill,3 minutes,,,255.9532
7113,Instagram Comments - [Emoji] [𝐑𝐄𝐀𝐋 𝐐𝐔𝐀𝐋𝐈𝐓𝐘] [Max 100K] [Speed 100K/Day] [INSTANT],588.77,10,100 000,No Refill,1 hour 29 minutes,,,2531.711
16111,🌎 Instagram 💬 Custom Comments | WorldWide 🌎 | Max 100K | Speed 1K/HR | 0-5 Mins,64.7,10,100 000,30 Days Refill,4 minutes,,,278.21
15828,🇺🇸 Instagram Real Humans Comments 💬 USA 🇺🇸 | [Engagement Possible] | Active Accounts 🔝 | Speed 200/Day | 0-1HR,12131.25,5,100,30 Days Refill,15 hours 14 minutes,,,52164.375
15813,🌎 Instagram Comments 💬 WorldWide 🌎 | Top Accounts | Comments Related to Post [Emoji / Texts] | [Engagement Possible] 0-30 Mins,3882,10,1 000,30 Days Refill,7 hours 47 minutes,,,16692.6
15814,🌎 Instagram 𝐅𝐞𝐦𝐚𝐥𝐞 Comments 💬 WorldWide 🌎 | Top Accounts | Comments Related to Post [Emoji / Texts] | [Engagement Possible] 0-30 Mins,5434.8,10,1 000,30 Days Refill,7 hours 45 minutes,,,23369.64
7107,Instagram Comments - [Emoji] [𝐆𝐨𝐨𝐝 𝐐𝐮𝐚𝐥𝐢𝐭𝐲] [Max 10K] [Speed 10K/Day] [INSTANT],566.772,10,10 000,No Refill,4 minutes,,,2437.1196
7116,Instagram Comments - [Positive Comments] [Max 1K] [Speed 1K/Day] [INSTANT],64.7,10,1 000,No Refill,3 minutes,,,278.21
15827,🌍 Instagram Real Comments 💬 AFRICA 🌍 | Engagement Possible | Speed 200/Day | 0-1HR,11646,5,100,30 Days Refill,17 minutes,,,50077.8
7117,Instagram Comments - [CUSTOM] [MALE] [100 Days Refill] [Max 500] [High Quality] [Speed 80-100/Day] [0-2HRS],2329.2,10,500,100 Days Refill,33 minutes,,,10015.56
15829,🌏 Instagram Real Humans Comments 💬 ASIA 🌏 | [Engagement Possible] | Active Accounts 🔝 | Speed 200/Day | 0-1HR,11646,5,100,30 Days Refill,16 minutes,,,50077.8
7119,Instagram Comments - [RANDOM] [ENGLISH] [180 Days Refill] [Max 1K] [Non-Drop] [Speed 40-60/Day] [0-2HRS],2846.8,10,1 000,180 Days Refill,17 minutes,,,12241.24
15816,🌎 Instagram Niche Comments 💬 English Language 🇬🇧 | Positive Comments For Women / Models Niche Posts | [Engagement Possible] 0-30 Mins,1455.75,10,200,30 Days Refill,23 minutes,,,6259.725
15817,🌎 Instagram Niche Comments 💬 English Language 🇬🇧 | Positive Comments For Men / Models Niche Posts | [Engagement Possible] 0-30 Mins,1455.75,10,200,30 Days Refill,16 minutes,,,6259.725
15818,🌎 Instagram 𝐍𝐢𝐜𝐡𝐞™ Comments 💬 English Language 🇬🇧 | Positive Comments For Store Niche Posts | [Engagement Possible] 0-30 Mins,1455.75,10,200,30 Days Refill,16 minutes,,,6259.725
15819,🇪🇸 Instagram 𝐍𝐢𝐜𝐡𝐞™ Comments 💬 Spanish Language 🇪🇸 | Positive Comments For Women/Models Posts | [Engagement Possible] 0-30 Mins,1455.75,10,200,30 Days Refill,7 hours 31 minutes,,,6259.725
15820,🇸🇦 Instagram 𝐍𝐢𝐜𝐡𝐞™ Comments 💬 ARAB Language 🇸🇦 | Positive Comments For Women/Models Posts | [Engagement Possible] 0-30 Mins,1455.75,10,200,30 Days Refill,22 minutes,,,6259.725
15821,🇩🇪 Instagram 𝐍𝐢𝐜𝐡𝐞™ Comments 💬 Dutch Language 🇩🇪 | Positive Comments For Women/Models Posts | [Engagement Possible] 0-30 Mins,1455.75,10,200,30 Days Refill,4 minutes,,,6259.725
15822,🇯🇵 Instagram 𝐍𝐢𝐜𝐡𝐞™ Comments 💬 Japanese Language 🇯🇵 | Positive Comments For Women/Models Posts | [Engagement Possible] 0-30 Mins,1455.75,10,200,30 Days Refill,11 minutes,,,6259.725
15733,Instagram 𝐑𝐚𝐧𝐝𝐨𝐦 Split Comments ➗ | 𝐑𝐞𝐚𝐥 𝐏𝐨𝐬𝐢𝐭𝐢𝐯𝐞 𝐄𝐦𝐨𝐣𝐢𝐬 😃❤️🥰👏 | Fast & Fresh ⚡️ | Last 30 Posts [Enter Username],931.68,300,3 000,No Refill,22 minutes,,,4006.224
15734,Instagram 𝐑𝐚𝐧𝐝𝐨𝐦 Split Comments ➗ | 𝐑𝐞𝐚𝐥 𝐏𝐨𝐬𝐢𝐭𝐢𝐯𝐞 𝐄𝐦𝐨𝐣𝐢𝐬 😃❤️🥰👏 | Fast & Fresh ⚡️ | Last 40 Posts [Enter Username],931.68,400,4 000,No Refill,11 minutes,,,4006.224
15735,Instagram 𝐑𝐚𝐧𝐝𝐨𝐦 Split Comments ➗ | 𝐑𝐞𝐚𝐥 𝐏𝐨𝐬𝐢𝐭𝐢𝐯𝐞 𝐄𝐦𝐨𝐣𝐢𝐬 😃❤️🥰👏 | Fast & Fresh ⚡️ | Last 50 Posts [Enter Username],931.68,500,5 000,No Refill,22 minutes,,,4006.224
15736,Instagram 𝐑𝐚𝐧𝐝𝐨𝐦 Split Comments ➗ | 𝐑𝐞𝐚𝐥 𝐏𝐨𝐬𝐢𝐭𝐢𝐯𝐞 𝐄𝐦𝐨𝐣𝐢𝐬 😃❤️🥰👏 | Fast & Fresh ⚡️ | Last 100 Posts [Enter Username],931.68,1 000,10 000,No Refill,11 minutes,,,4006.224
15737,Instagram 𝐑𝐚𝐧𝐝𝐨𝐦 Split Comments ➗ | 𝐑𝐞𝐚𝐥 𝐏𝐨𝐬𝐢𝐭𝐢𝐯𝐞 𝐄𝐦𝐨𝐣𝐢𝐬 😃❤️🥰👏 | Fast & Fresh ⚡️ | Last 200 Posts [Enter Username],931.68,2 000,10 000,No Refill,55 minutes,,,4006.224
15738,Instagram 𝐑𝐚𝐧𝐝𝐨𝐦 Split Comments ➗ | 𝐑𝐞𝐚𝐥 𝐏𝐨𝐬𝐢𝐭𝐢𝐯𝐞 𝐄𝐦𝐨𝐣𝐢𝐬 😃❤️🥰👏 | Fast & Fresh ⚡️ | Last 300 Posts [Enter Username],931.68,3 000,10 000,No Refill,23 minutes,,,4006.224
15739,Instagram 𝐑𝐚𝐧𝐝𝐨𝐦 Split Comments ➗ | 𝐑𝐞𝐚𝐥 𝐏𝐨𝐬𝐢𝐭𝐢𝐯𝐞 𝐄𝐦𝐨𝐣𝐢𝐬 😃❤️🥰👏 | Fast & Fresh ⚡️ | Last 400 Posts [Enter Username],931.68,4 000,10 000,No Refill,33 minutes,,,4006.224
3389,Instagram Likes - [𝐁𝐎𝐓] [Max 10K] [Speed 10K/Day] [Always Instant],5.176,1,10 000 000,No Refill,42 minutes,,,22.2568
3392,Instagram Likes - [𝐌𝐢𝐱𝐞𝐝 𝐐𝐮𝐚𝐥𝐢𝐭𝐲] [Max 1M] [Speed 70-100K/Day] [Always Instant],5.176,1,1 000 000,No Refill,26 minutes,,,22.2568
3383,Instagram Auto Likes - [𝐇𝐢𝐠𝐡 𝐐𝐮𝐚𝐥𝐢𝐭𝐲] [No Refill] [Max 50K] [Speed 10K/Day] [Always Instant],18.116,1,10 000 000,No Refill,23 minutes,,,77.8988
5565,Instagram Auto Like + Impression + Views [𝐁𝐞𝐬𝐭 𝐐𝐮𝐚𝐥𝐢𝐭𝐲] - [30 Days Refill] [Max 250K] [𝐀𝐔𝐓𝐎 𝐑𝐄𝐅𝐈𝐋𝐋] [Speed 40K/Day] [Always Instant],18.116,10,300 000,30 Days Refill,12 minutes,,,77.8988
7393,Instagram Auto Power Likes - [𝐁𝐞𝐬𝐭 𝐑𝐞𝐚𝐥 𝐐𝐮𝐚𝐥𝐢𝐭𝐲] [Lifetime Warranty] [Max 15K] [Speed 15K/Day] [Always Instant] [𝐑𝐄𝐂𝐎𝐌𝐌𝐄𝐍𝐃𝐄𝐃],6.47,1,15 000,Lifetime Refill,20 minutes,,,27.821
3403,Instagram Auto Likes - [𝐁𝐞𝐬𝐭 𝐐𝐮𝐚𝐥𝐢𝐭𝐲] [30 Days Refill] [Max 50K] [Speed 25K/Day] [Always Instant] [𝐑𝐄𝐂𝐎𝐌𝐌𝐄𝐍𝐃𝐄𝐃],25.88,10,50 000,30 Days Refill,8 minutes,,,111.284
3400,Instagram Auto Likes - [𝐑𝐄𝐀𝐋 & 𝐇𝐐] [90 Days Refill] [Max 120K] [Speed 50-100K/Day] [Always Instant] [𝐑𝐄𝐂𝐎𝐌𝐌𝐄𝐍𝐃𝐄𝐃],18.116,10,120 000,90 Days Refill,8 minutes,,,77.8988
3399,Instagram Auto Likes - [𝐁𝐞𝐬𝐭 𝐐𝐮𝐚𝐥𝐢𝐭𝐲] [30 Days Refill] [Max 50K] [𝐀𝐔𝐓𝐎 𝐑𝐄𝐅𝐈𝐋𝐋] [Speed 50K/Day] [Always Instant] [𝐑𝐄𝐂𝐎𝐌𝐌𝐄𝐍𝐃𝐄𝐃],59.524,10,50 000,30 Days Refill,64 hours 4 minutes,,,255.9532
5619,Instagram Auto Likes - [𝐑𝐞𝐚𝐥 & 𝐇𝐢𝐠𝐡 𝐐𝐮𝐚𝐥𝐢𝐭𝐲] - [60 Days Refill] [Max 150K] [𝐀𝐔𝐓𝐎 𝐑𝐄𝐅𝐈𝐋𝐋] [Speed 100K/Day] [INSTANT],47.878,1,150 000,60 Days Refill,1 hour 11 minutes,,,205.8754
5592,Instagram Auto Views - [𝐕𝐢𝐝𝐞𝐨] [Unlimited] [Speed 100K-1M/Day] [ALWAYS INSTANT],3.882,100,100 000 000,No Refill,2 hours,,,16.6926
5582,Instagram Auto Views - [𝐕𝐢𝐝𝐞𝐨 + 𝐑𝐞𝐞𝐥 + 𝐈𝐆𝐓𝐕] [Unlimited] [Speed 1M/HR] [INSTANT],1.0352,10,100 000 000,No Refill,34 minutes,,,4.45136
3474,Instagram Auto Views - [𝐕𝐢𝐝𝐞𝐨 + 𝐑𝐞𝐞𝐥 + 𝐈𝐆𝐓𝐕] [Unlimited] [Speed 100K/Day] [Always Instant],1.1646,10,100 000 000,No Refill,30 minutes,,,5.00778
940,Instagram Auto Views - [𝐕𝐢𝐝𝐞𝐨 + 𝐑𝐞𝐞𝐥 + 𝐈𝐆𝐓𝐕] [Unlimited] [Speed 1M/HR] [INSTANT],32.35,100,100 000 000,No Refill,17 minutes,,,139.105
3469,Instagram Auto Views - [Trending] [Unlimited] [INSTANT],10.352,10,100 000 000,No Refill,33 minutes,,,44.5136
5587,Instagram Auto Views - [𝐕𝐢𝐝𝐞𝐨 + 𝐑𝐞𝐞𝐥 + 𝐈𝐆𝐓𝐕] [Unlimited] [Speed 500K/Day] [Always Instant],1.294,100,500 000 000,No Refill,14 minutes,,,5.5642
5610,Instagram Auto Views - [𝐕𝐢𝐝𝐞𝐨 + 𝐑𝐞𝐞𝐥 + 𝐈𝐆𝐓𝐕] [𝐈𝐦𝐩𝐫𝐞𝐬𝐬𝐢𝐨𝐧 + 𝐕𝐢𝐞𝐰𝐬] [Unlimited] [Speed 100K/Day] [INSTANT],3.882,100,100 000 000,No Refill,22 minutes,,,16.6926
5594,Instagram Auto Views - [𝐕𝐢𝐝𝐞𝐨 + 𝐑𝐞𝐞𝐥 + 𝐈𝐆𝐓𝐕] [𝐕𝐢𝐞𝐰𝐬 + 𝐑𝐞𝐚𝐜𝐡 + 𝐏𝐫𝐨𝐟𝐢𝐥𝐞 𝐕𝐢𝐬𝐢𝐭] [Unlimited] [Speed 50-100K/Day] [INSTANT] [𝐑𝐞𝐜𝐨𝐦𝐦𝐞𝐧𝐝𝐞𝐝],1.294,100,20 000 000,No Refill,21 minutes,,,5.5642
5590,Instagram Auto Views - [𝐕𝐢𝐝𝐞𝐨 + 𝐑𝐞𝐞𝐥 + 𝐈𝐆𝐓𝐕] [𝐕𝐢𝐞𝐰𝐬 + 𝐑𝐞𝐚𝐜𝐡 + 𝐏𝐫𝐨𝐟𝐢𝐥𝐞 𝐕𝐢𝐬𝐢𝐭] [Unlimited] [Speed 10-20K/Day] [INSTANT],19.41,100,10 000 000,No Refill,55 minutes,,,83.463
5586,Instagram Auto Video Views - [FRANCE] [No Refill] [Unlimited] [Speed 1M/Day],86.698,100,10 000 000,No Refill,22 minutes,,,372.8014
5588,Instagram Auto Video Views - [INDIA] [No Refill] [Unlimited] [Speed 1M/Day],86.698,100,10 000 000,No Refill,16 minutes,,,372.8014
5596,Instagram Auto Video Views - [BRAZIL] [No Refill] [Unlimited] [Speed 1M/Day],86.698,100,10 000 000,No Refill,33 minutes,,,372.8014
9405,🇺🇸 / 🇬🇧 USA - UK Instagram Power Comments [10K+ Followers] [Random 5 Comments] [EXPLORE PAGE] [Max: 5] [0-1HR DELIVERY],253.624,1 000,1 000,No Refill,17 minutes,,,1090.5832
9406,🇺🇸 / 🇬🇧 USA - UK Instagram Power Comments [10K+ Followers] [Random 10 Comments] [EXPLORE PAGE] [Max: 10] [0-1HR DELIVERY],446.43,1 000,1 000,No Refill,33 minutes,,,1919.649
9407,🇺🇸 / 🇬🇧 USA - UK Instagram Power Comments [10K+ Followers] [Random 20 Comments] [EXPLORE PAGE] [Max: 20] [0-1HR DELIVERY],684.526,1 000,1 000,No Refill,16 minutes,,,2943.4618
9409,🇺🇸 / 🇬🇧 USA - UK Instagram Power Comments [10K+ Followers] [Random 80 Comments] [EXPLORE PAGE] [Max: 80] [0-1HR DELIVERY],1116.722,1 000,1 000,No Refill,55 minutes,,,4801.9046
9410,🇺🇸 / 🇬🇧 USA - UK Instagram Power Comments [10K+ Followers] [Random 100 Comments] [EXPLORE PAGE] [Max: 100] [0-1HR DELIVERY],1339.29,1 000,1 000,No Refill,55 minutes,,,5758.947
9419,🌎 Instagram Power Comment [5K+ Followers Account] [WORLDWIDE] [20 Random Comments],513.718,1,1,No Refill,55 minutes,,,2208.9874
9420,🌎 Instagram Power Comment [5K+ Followers Account] [WORLDWIDE] [50 Random Comments],1027.436,1,1,No Refill,22 minutes,,,4417.9748
9385,🌎 Instagram Power Comments [10K+ Followers] [WW] [Random 10 Comments] [EXPLORE PAGE] [0-1HR DELIVERY],372.672,1 000,1 000,No Refill,11 minutes,,,1602.4896
9386,🌎 Instagram Power Comments [10K+ Followers] [WW] [Random 20 Comments] [EXPLORE PAGE] [0-1HR DELIVERY],595.24,1 000,1 000,No Refill,16 minutes,,,2559.532
9387,🌎 Instagram Power Comments [10K+ Followers] [WW] [Random 40 Comments] [EXPLORE PAGE] [0-1HR DELIVERY],744.05,1 000,1 000,No Refill,16 minutes,,,3199.415
9388,🌎 Instagram Power Comments [10K+ Followers] [WW] [Random 80 Comments] [EXPLORE PAGE] [0-1HR DELIVERY],892.86,1 000,1 000,No Refill,33 minutes,,,3839.298
9389,🌎 Instagram Power Comments [10K+ Followers] [WW] [Random 100 Comments] [EXPLORE PAGE] [0-1HR DELIVERY],1116.722,1 000,1 000,No Refill,16 minutes,,,4801.9046
9390,🌎 Instagram Power Comments [10K+ Followers] [WW] [Random 200 Comments] [EXPLORE PAGE] [0-1HR DELIVERY],1488.1,1 000,1 000,No Refill,23 minutes,,,6398.83
9411,🇺🇸 Instagram Power Comment [5K+ Followers Account] [USA] [20 Random Comments],513.718,1,1,No Refill,8 minutes,,,2208.9874
9412,🇺🇸 Instagram Power Comment [5K+ Followers Account] [USA] [50 Random Comments],1027.436,1,1,No Refill,1 minute,,,4417.9748
9413,🇫🇷 Instagram Power Comment [5K+ Followers Account] [FRANCE] [20 Random Comments],513.718,1,1,No Refill,7 minutes,,,2208.9874
9414,🇫🇷 Instagram Power Comment [5K+ Followers Account] [FRANCE] [50 Random Comments],1027.436,1,1,No Refill,11 minutes,,,4417.9748
9415,🇩🇪 Instagram Power Comment [5K+ Followers Account] [GERMANY] [20 Random Comments],513.718,1,1,No Refill,4 minutes,,,2208.9874
9416,🇩🇪 Instagram Power Comment [5K+ Followers Account] [GERMANY] [50 Random Comments],1027.436,1,1,No Refill,55 minutes,,,4417.9748
9391,🇧🇷 Instagram Power Comments [10K+ Followers] [BRAZIL] [Random 5 Comments] [EXPLORE PAGE] [0-1HR DELIVERY],223.862,1 000,1 000,No Refill,16 minutes,,,962.6066
9392,🇧🇷 Instagram Power Comments [10K+ Followers] [BRAZIL] [Random 10 Comments] [EXPLORE PAGE] [0-1HR DELIVERY],402.434,1 000,1 000,No Refill,11 minutes,,,1730.4662
9393,🇧🇷 Instagram Power Comments [10K+ Followers] [BRAZIL] [Random 20 Comments] [EXPLORE PAGE] [0-1HR DELIVERY],632.766,1 000,1 000,No Refill,55 minutes,,,2720.8938
9394,🇧🇷 Instagram Power Comments [10K+ Followers] [BRAZIL] [Random 40 Comments] [EXPLORE PAGE] [0-1HR DELIVERY],819.102,1 000,1 000,No Refill,33 minutes,,,3522.1386
9417,🇸🇦 Instagram Power Comment [5K+ Followers Account] [ARAB] [20 Random Comments],513.718,1,1,No Refill,17 minutes,,,2208.9874
9418,🇸🇦 Instagram Power Comment [5K+ Followers Account] [ARAB] [50 Random Comments],1027.436,1,1,No Refill,11 minutes,,,4417.9748
9398,🇸🇦 Instagram Power Comments [10K+ Followers] [ARAB] [Random 5 Comments] [EXPLORE PAGE] [Max: 5] [0-1HR DELIVERY],223.862,1 000,1 000,No Refill,17 minutes,,,962.6066
9399,🇸🇦 Instagram Power Comments [10K+ Followers] [ARAB] [Random 10 Comments] [EXPLORE PAGE] [Max: 10] [0-1HR DELIVERY],410.198,1 000,1 000,No Refill,23 minutes,,,1763.8514
9401,🇸🇦 Instagram Power Comments [10K+ Followers] [ARAB] [Random 40 Comments] [EXPLORE PAGE] [Max: 40] [0-1HR DELIVERY],744.05,1 000,1 000,No Refill,23 minutes,,,3199.415
9395,🇰🇷 Instagram Power Comments [10K+ Followers] [SOUTH KOREA] [Random 10 Comments] [EXPLORE PAGE] [0-1HR DELIVERY],402.434,1 000,1 000,No Refill,16 minutes,,,1730.4662
9396,🇰🇷 Instagram Power Comments [10K+ Followers] [SOUTH KOREA] [Random 20 Comments] [EXPLORE PAGE] [0-1HR DELIVERY],632.766,1 000,1 000,No Refill,11 minutes,,,2720.8938
9397,🇰🇷 Instagram Power Comments [10K+ Followers] [SOUTH KOREA] [Random 40 Comments] [EXPLORE PAGE] [0-1HR DELIVERY],819.102,1 000,1 000,No Refill,22 minutes,,,3522.1386
9382,🇹🇷 Power Real & Active Instagram Comments - [10K+ Followers Account] [Random 10 Comments] [0-2HRS DELIVERY],267.858,1,1,No Refill,17 minutes,,,1151.7894
9383,🇹🇷 Power Real & Active Instagram Comments - [10K+ Followers Account] [Random 20 Comments] [0-2HRS DELIVERY],535.716,1,1,No Refill,17 minutes,,,2303.5788
9384,🇹🇷 Power Real & Active Instagram Comments - [10K+ Followers Account] [Random 40 Comments] [0-2HRS DELIVERY],1071.432,1,1,No Refill,23 minutes,,,4607.1576
9403,🇱🇧 Instagram Power Comments [10K+ Followers] [Lebanese] [Random 10 Comments] [EXPLORE PAGE] [Max: 10] [0-1HR DELIVERY],410.198,1 000,1 000,No Refill,55 minutes,,,1763.8514
9404,🇱🇧 Instagram Power Comments [10K+ Followers] [Lebanese] [Random 20 Comments] [EXPLORE PAGE] [Max: 20] [0-1HR DELIVERY],595.24,1 000,1 000,No Refill,23 minutes,,,2559.532
9938,🇦🇷🇲🇽 Instagram Latinos Likes - [Latin America - Mexico] [30 Days Refill] [Max 5K] [High Quality] [Auto Refill] [200-500/Day] [Recommended],160.456,10,2 000,30 Days Refill,134 hours 28 minutes,,,689.9608
9508,[🇬🇧 UK] Instagram Power Real & Active Instagram Comments + Like + Save [5 Comments] [0-3HRS],205.746,1,1,No Refill,45 hours 51 minutes,,,884.7078
9509,[🇬🇧 UK] Instagram Power Real & Active Instagram Comments + Like + Save [10 Comments] [0-3HRS],410.198,1,1,No Refill,22 minutes,,,1763.8514
9510,[🇬🇧 UK] Instagram Power Real & Active Instagram Comments + Like + Save [20 Comments] [0-3HRS],737.58,1,1,No Refill,16 minutes,,,3171.594
9511,[🇬🇧 UK] Instagram Power Real & Active Instagram Comments + Likes + Save + Story Sharing [5 Comments] [0-3HRS],654.764,1,1,No Refill,55 minutes,,,2815.4852
9512,[🇬🇧 UK] Instagram Power Real & Active Instagram Comments + Likes + Save + Story Sharing [10 Comments] [0-3HRS],1309.528,1,1,No Refill,23 minutes,,,5630.9704
9513,[🇬🇧 UK] Instagram Power Real & Active Instagram Comments + Likes + Save + Story Sharing [20 Comments] [0-3HRS],2619.056,1,1,No Refill,22 minutes,,,11261.9408
9374,Instagram Package - [Female] [150-200 Likes] [20 Comments] [20 Comments Likes] [10 Comments Reply],223.862,1,1,No Refill,16 minutes,,,962.6066
9502,[🇺🇸 USA] Instagram Power Real & Active Instagram Comments + Like + Save [5 Comments] [0-3HRS],205.746,1,1,No Refill,36 hours 17 minutes,,,884.7078
9503,[🇺🇸 USA] Instagram Power Real & Active Instagram Comments + Like + Save [10 Comments] [0-3HRS],410.198,1,1,No Refill,33 minutes,,,1763.8514
9506,[🇺🇸 USA] Instagram Power Real & Active Instagram Comments + Likes + Save + Story Sharing [10 Comments] [0-3HRS],1309.528,1,1,No Refill,2 hours 1 minute,,,5630.9704
9505,[🇺🇸 USA] Instagram Power Real & Active Instagram Comments + Likes + Save + Story Sharing [5 Comments] [0-3HRS],654.764,1,1,No Refill,2 hours 4 minutes,,,2815.4852
9507,[🇺🇸 USA] Instagram Power Real & Active Instagram Comments + Likes + Save + Story Sharing [10 Comments] [0-3HRS],2619.056,1,1,No Refill,55 minutes,,,11261.9408
9504,[🇺🇸 USA] Instagram Power Real & Active Instagram Comments + Like + Save [20 Comments] [0-3HRS],737.58,1,1,No Refill,22 minutes,,,3171.594
9376,🇺🇸 Instagram Subscription - 2 Days [100 Followers] [100 Likes] [20-30 Comments + Saves + Story Views + DM],535.716,1,1,No Refill,23 minutes,,,2303.5788
9377,🇺🇸 Instagram Subscription - 5 Days [100 Followers] [100 Likes] [20-30 Comments + Saves + Story Views + DM],1339.29,1,1,No Refill,17 minutes,,,5758.947
9378,🇺🇸 Instagram Subscription - 10 Days [100 Followers] [100 Likes] [20-30 Comments + Saves + Story Views + DM],2678.58,1,1,No Refill,55 minutes,,,11517.894
9379,🇺🇸 Instagram Subscription - 15 Days [100 Followers] [100 Likes] [20-30 Comments + Saves + Story Views + DM],4017.87,1,1,No Refill,16 minutes,,,17276.841
9375,🇧🇷 Instagram Package - [Female] [150-200 Likes] [20 Comments] [20 Comments Likes] [10 Comments Reply],223.862,1,1,No Refill,22 minutes,,,962.6066
9491,[🇨🇦 CA] Instagram Power Real & Active Instagram Comments + Like + Save [5 Comments] [0-3HRS],205.746,1,1,No Refill,37 hours 18 minutes,,,884.7078
9494,[🇨🇦 CA] Instagram Power Real & Active Instagram Comments + Likes + Save + Story Sharing [5 Comments] [0-3HRS],654.764,1,1,No Refill,3 hours 34 minutes,,,2815.4852
9492,[🇨🇦 CA] Instagram Power Real & Active Instagram Comments + Like + Save [10 Comments] [0-3HRS],410.198,1,1,No Refill,23 minutes,,,1763.8514
9493,[🇨🇦 CA] Instagram Power Real & Active Instagram Comments + Like + Save [20 Comments] [0-3HRS],737.58,1,1,No Refill,55 minutes,,,3171.594
9497,[🇲🇽 MX] Instagram Power Real & Active Instagram Comments + Like + Save [5 Comments] [0-3HRS],205.746,1,1,No Refill,22 minutes,,,884.7078
9498,[🇲🇽 MX] Instagram Power Real & Active Instagram Comments + Like + Save [10 Comments] [0-3HRS],410.198,1,1,No Refill,16 minutes,,,1763.8514
9499,[🇲🇽 MX] Instagram Power Real & Active Instagram Comments + Like + Save [20 Comments] [0-3HRS],737.58,1,1,No Refill,23 minutes,,,3171.594
9380,🌎 WW Instagram Growth Package [50] [Real & Active Accounts] [30 Days],7117,1,1,No Refill,55 minutes,,,30603.1
15792,🌎 WW Instagram Growth Package [100] [Real & Active Accounts] [30 Days],10675.5,1,1,No Refill,17 minutes,,,45904.65
9381,🌎 WW Instagram Growth Package [200] [Real & Active Accounts] [30 Days],17080.8,1,1,No Refill,17 minutes,,,73447.44
15796,🇧🇷 BRAZIL Instagram Growth Package [50] [Real & Active Accounts] [30 Days],7117,1,1,No Refill,17 minutes,,,30603.1
15798,🇸🇦 Arab Instagram Growth Package [50] [Real & Active Accounts] [30 Days],7117,1,1,No Refill,11 minutes,,,30603.1
15799,🇸🇦 Arab Instagram Growth Package [100] [Real & Active Accounts] [30 Days],11387.2,1,1,No Refill,16 minutes,,,48964.96
15797,🇰🇷 South Korea Instagram Growth Package [50] [Real & Active Accounts] [30 Days],7117,1,1,No Refill,55 minutes,,,30603.1
9528,🇹🇷 Instagram Power Comments [10K+ Followers Account] [Random 5 Comments + Likes + Saves] [EXPLORE PAGE] [0-1HR DELIVERY],134.576,1,1,No Refill,28 hours,,,578.6768
9529,🇹🇷 Instagram Power Comments [10K+ Followers Account] [Random 10 Comments + Likes + Saves] [EXPLORE PAGE] [0-1HR DELIVERY],267.858,1,1,No Refill,45 hours 19 minutes,,,1151.7894
9532,🇹🇷 Instagram Power Comments [10K+ Followers Account] [Random 40 Comments + Likes + Saves] [EXPLORE PAGE] [0-1HR DELIVERY],1071.432,1,1,No Refill,11 minutes,,,4607.1576
9533,🇹🇷 Instagram Power Comments - [50K-200K Followers Account] [1 Random Female Blogger Comment ],37.526,1,1,No Refill,43 hours 46 minutes,,,161.3618
9534,🇹🇷 Instagram Power Comments - [50K-200K Followers Account] [2 Random Female Blogger Comment ],75.052,1,1,No Refill,22 minutes,,,322.7236
9535,🇹🇷 Instagram Power Comments - [50K-200K Followers Account] [3 Random Female Blogger Comment ],111.284,1,1,No Refill,22 minutes,,,478.5212
9536,🇹🇷 Instagram Power Comments - [50K-200K Followers Account] [4 Random Female Blogger Comment ],148.81,1,1,No Refill,55 minutes,,,639.883
9537,🇹🇷 Instagram Power Comments - [50K-200K Followers Account] [5 Random Female Blogger Comment ],185.042,1,1,No Refill,12 hours 28 minutes,,,795.6806
9531,🇹🇷 Instagram Influencer Comments [5 Comments],201.864,1,1,No Refill,16 minutes,,,868.0152
9538,🇹🇷 Instagram 5 Likes + Comments + Saves | From 100K+ Influencer Accounts,221.274,1,1,No Refill,49 hours 37 minutes,,,951.4782
9539,🇹🇷 Instagram 10 Likes + Comments + Saves | From 100K+ Influencer Accounts,442.548,1,1,No Refill,16 minutes,,,1902.9564
9554,Instagram Story Share | From Verified Accounts | Youtuber: @mehmetuygaraksuu,2.588,100,5 000 000,No Refill,22 minutes,,,11.1284
7418,Instagram Turkey Random Comment | From VERIFIED ACCOUNT | 1 Comment,168.22,1,1,No Refill,6 hours 41 minutes,,,723.346
7419,Instagram Turkey Random Comment | From VERIFIED ACCOUNT | 2 Comment,252.33,1,1,No Refill,7 hours 27 minutes,,,1085.019
7420,Instagram Turkey Random Comment | From VERIFIED ACCOUNT | 3 Comment,336.44,1,1,No Refill,23 minutes,,,1446.692
7421,Instagram Turkey Random Comment | From VERIFIED ACCOUNT | 4 Comment,504.66,1,1,No Refill,17 minutes,,,2170.038
7422,Instagram Turkey Random Comment | From VERIFIED ACCOUNT | 5 Comment,588.77,1,1,No Refill,16 minutes,,,2531.711
7423,Instagram Turkey Random Comment | From VERIFIED ACCOUNT | 6 Comment,672.88,1,1,No Refill,23 minutes,,,2893.384
7424,Instagram Turkey Random Comment | From VERIFIED ACCOUNT | 7 Comment,799.692,1,1,No Refill,16 minutes,,,3438.6756
7425,Instagram Turkey Random Comment | From VERIFIED ACCOUNT | 8 Comment,925.21,1,1,No Refill,55 minutes,,,3978.403
7426,Instagram Turkey Random Comment | From VERIFIED ACCOUNT | 9 Comment,1009.32,1,1,No Refill,73 hours 11 minutes,,,4340.076
7427,Instagram Turkey Random Comment | From VERIFIED ACCOUNT | 10 Comment,1177.54,1,1,No Refill,23 minutes,,,5063.422
7435,Instagram Turkey Random Comment | From VERIFIED ACCOUNT | @celiahakan,445.136,1,1,No Refill,16 minutes,,,1914.0848
7436,Instagram Turkey Random Comment | From VERIFIED ACCOUNT | @bulentmert,445.136,1,1,No Refill,11 minutes,,,1914.0848
7437,Instagram Turkey Random Comment | From VERIFIED ACCOUNT | @mehmetbstrkk,445.136,1,1,No Refill,11 minutes,,,1914.0848
7438,Instagram Turkey Random Comment | From VERIFIED ACCOUNT | @mehmetuygaraksuu,445.136,1,1,No Refill,23 minutes,,,1914.0848
9953,🇺🇸 Instagram Followers | 𝐔𝐒𝐀 | 𝐁𝐞𝐬𝐭 𝐐𝐮𝐚𝐥𝐢𝐭𝐲 | 30 Days Refill | Max 100K | Speed 25K/Day | Always Instant ♻️,872.156,10,50 000,30 Days Refill,14 hours 17 minutes,,,3750.2708
9771,🇺🇸 Instagram USA Followers | Max 30K | REAL | Speed 5K/Day | 0-30Mins,1116.722,10,30 000,30 Days Refill,36 hours 25 minutes,,,4801.9046
9770,🇺🇸 Instagram USA Followers | Max 50K | REAL | Speed 15K/Day | 0-30Mins,1489.394,50,50 000,30 Days Refill,11 minutes,,,6404.3942
9762,🇦🇺 Instagram Australia Followers | Max 30K | REAL | Speed 10K/Day | 0-30Mins,1340.584,50,30 000,30 Days Refill,18 hours 43 minutes,,,5764.5112
9766,🇬🇧 Instagram UK Followers | Max 20K | REAL | Speed 3K/Day | 0-30Mins,1489.394,100,20 000,30 Days Refill,15 hours 44 minutes,,,6404.3942
9763,🇦🇺 Instagram Australia Followers | Max 20K | REAL | Speed 10K/Day | 0-30Mins,1462.22,50,20 000,30 Days Refill,16 minutes,,,6287.546
9764,🇪🇸 Instagram Spain Followers | Max 20K | REAL | Speed 15K/Day | 0-30Mins,930.386,50,20 000,30 Days Refill,8 hours 52 minutes,,,4000.6598
9952,Instagram Followers | 𝐋𝐚𝐭𝐢𝐧𝐨 𝐅𝐨𝐥𝐥𝐨𝐰𝐞𝐫𝐬 | 30 Days Refill | Max 2K | 𝐀𝐔𝐓𝐎 𝐑𝐄𝐅𝐈𝐋𝐋 | Speed 1K/Day | Always Instant] ♻️,502.072,10,2 000,30 Days Refill,22 hours 26 minutes,,,2158.9096
9777,🇩🇪 🇦🇹 🇨🇭 Instagram GERMANY MIXED FOLLOWERS | No Refill | Max 1K | Speed 300/Day | Real Quality | 0-1HR,7764,25,1 000,No Refill,2 hours 48 minutes,,,33385.2
9943,🇪🇺 Instagram European Followers | 30 Days Refill | Max 2K | High Quality | Auto Refill | 200-500/Day,410.198,10,2 000,30 Days Refill,28 hours 30 minutes,,,1763.8514
15887,🇪🇺 Instagram European Followers | 30 Days Refill | Max 50K | High Quality | Auto Refill | Speed 30K/Day | INSTANT,1006.732,50,50 000,30 Days Refill,32 hours 30 minutes,,,4328.9476
9936,🇪🇺 Instagram European Likes | 30 Days Refill | Max 2K | High Quality | Auto Refill | 200-500/Day,166.926,10,2 000,30 Days Refill,114 hours 30 minutes,,,717.7818
9759,🇮🇹 Instagram Italy Likes | Max 5K | REAL | Speed 5K/Day | 0-30Mins,194.1,10,5 000,30 Days Refill,6 minutes,,,834.63
9760,🇪🇸 Instagram Spain Likes | Max 200K | REAL | Speed 15K/Day | 0-30Mins,194.1,10,200 000,30 Days Refill,27 hours 47 minutes,,,834.63
9761,🇦🇺 Instagram Australia Likes | Max 3K | REAL | Speed 1K/Day | 0-30Mins,614.65,20,3 000,30 Days Refill,22 minutes,,,2642.995
9768,🇬🇧 Instagram UK Likes | Max 100K | REAL | Speed 25K/Day | 0-30Mins,194.1,10,100 000,30 Days Refill,6 minutes,,,834.63
9772,🇮🇹 Instagram ITALY Likes | Max 5K | REAL | Speed 2K/Day | 0-30Mins,194.1,10,5 000,30 Days Refill,33 minutes,,,834.63
9778,🇺🇸Instagram USA Comments | Max 1K | REAL | Speed 500/Day,1921.59,10,1 000,No Refill,22 minutes,,,8262.837
9526,🇺🇸 / 🇬🇧 USA - UK Instagram Growth Package [50] [Real & Active Accounts] [30 Days],11063.7,1,1,No Refill,22 minutes,,,47573.91
9527,🇺🇸 / 🇬🇧 🇺🇸 / 🇬🇧 USA - UK Instagram Growth Package [100] [Real & Active Accounts] [30 Days],15674.222,1,1,No Refill,23 minutes,,,67399.1546
9951,🇺🇸 Instagram Followers - [𝐔𝐒𝐀] [𝐁𝐞𝐬𝐭 𝐐𝐮𝐚𝐥𝐢𝐭𝐲] [30 Days Refill] [Max 100K] [𝐀𝐔𝐓𝐎 𝐑𝐄𝐅𝐈𝐋𝐋] [Speed 10K/Day] [Always Instant] ♻️,930.386,20,100 000,30 Days Refill,11 hours 20 minutes,,,4000.6598
10470,🇺🇸 Instagram Followers [USA] - [Max 25K] [𝐇𝐢𝐠𝐡 𝐐𝐮𝐚𝐥𝐢𝐭𝐲] [Speed 5K/Day] [INSTANT],1120.604,50,25 000,30 Days Refill,5 minutes,,,4818.5972
9518,🇺🇸Instagram Followers [USA] [Max 10K] [Real Quality] [Speed 5K/Day] [0-1HR],1269.414,50,10 000,30 Days Refill,63 hours 50 minutes,,,5458.4802
9519,🇺🇸Instagram Followers [USA] [Max 3K] [Private Profiles] [Speed 1-3K/Day] [0-1HR],1489.394,100,3 000,30 Days Refill,6 minutes,,,6404.3942
9521,🇺🇸 Instagram Power Followers [USA] [Max 2K] [Active - Super Quality] [0-1HR],2978.788,10,2 000,30 Days Refill,51 hours 24 minutes,,,12808.7884
9520,🇪🇺🇺🇸 Instagram Followers [USA - EU] [Max 15K] [REAL Quality] [0-30Mins],1860.772,50,15 000,30 Days Refill,76 hours 26 minutes,,,8001.3196
9939,🇺🇸 Instagram USA Likes - [USA-CANADA] [30 Days Refill] [Max 5K] [High Quality] [Auto Refill] [200-500/Day],165.632,10,2 000,30 Days Refill,27 hours 53 minutes,,,712.2176
9514,🇺🇸 Instagram Likes [USA] [Max 50K] [Mix - Real Quality] [Speed 10K/Day] [0-30 Mins],174.69,50,50 000,30 Days Refill,7 minutes,,,751.167
9515,🇺🇸Instagram Likes [USA] [Max 4K] [Real Quality] [Speed 2K/Day] [0-30 Mins],204.452,10,4 000,30 Days Refill,1 hour 14 minutes,,,879.1436
9516,🇺🇸 Instagram Likes [USA] [Max 3K] [Real Quality] [Speed 3K/Day] [0-30 Mins],235.508,10,3 000,30 Days Refill,4 minutes,,,1012.6844
9517,🇪🇺🇺🇸 Instagram Likes [USA - EU] [Max 15K] [Real Quality] [0-30Mins],304.09,10,15 000,30 Days Refill,1 hour 3 minutes,,,1307.587
9522,🇺🇸 Instagram Comments [USA] [RANDOM][HQ] [Max 300] [0-3HRS],2588,10,300,30 Days Refill,5 hours 59 minutes,,,11128.4
9909,🇧🇷 Instagram Power Comments [10K+ Followers] [BRAZIL] [Random 10 Comments] [EXPLORE PAGE] [0-1HR DELIVERY],447.724,1 000,1 000,No Refill,22 minutes,,,1925.2132
9910,🇧🇷 Instagram Power Comments [10K+ Followers] [BRAZIL] [Random 20 Comments] [EXPLORE PAGE] [0-1HR DELIVERY],703.936,1 000,1 000,No Refill,33 minutes,,,3026.9248
9440,🇧🇷 Instagram Impressions + Reach - [Brazil] [Max 100K] [Speed 100K/Day] [0-1HR],11.646,10,250 000,30 Days Refill,36 minutes,,,50.0778
9908,🇧🇷 Instagram Package - [Female] [150-200 Likes] [20 Comments] [20 Comments Likes] [10 Comments Reply],248.448,1,1,No Refill,22 minutes,,,1068.3264
9428,🇧🇷 Instagram Brazil Real Followers - [30 Days Refill] [Max 20K] [Speed Up To 10K/Day] [0-1HR],134.576,50,20 000,30 Days Refill,16 minutes,,,578.6768
9429,🇧🇷 Instagram Brazil Real Followers - [30 Days Refill] [Max 50K] [Speed Up To 20K/Day] [0-1HR],227.744,50,50 000,30 Days Refill,22 minutes,,,979.2992
9430,🇧🇷 Instagram Brazil Real Followers - [30 Days Refill] [Max 50K] [Speed Up To 40K/Day] [0-1HR],256.212,50,50 000,30 Days Refill,26 hours 33 minutes,,,1101.7116
9431,🇧🇷 Instagram Brazil Real Followers - [30 Days Refill] [Max 50K] [Speed 50K/Day],1035.2,50,50 000,30 Days Refill,11 minutes,,,4451.36
9434,🇧🇷 Instagram Likes - [Brazil] [REAL] [HQ] [Max 1K] [Speed 1K/Day] [INSTANT],174.69,10,1 000,30 Days Refill,17 minutes,,,751.167
9426,🇧🇷 Instagram Likes - [Brazil] [HQ] [Max 500K] [Speed 200K/Day] [INSTANT],182.454,50,500 000,30 Days Refill,50 minutes,,,784.5522
9442,🇧🇷 Instagram Comments - [Random Positive Comments] [Max 500] [Speed 500/Day] [0-1HR],14234,5,200,30 Days Refill,17 minutes,,,61206.2
9443,🇧🇷 Instagram Comments - [Custom Comments] [Max 500] [Speed 500/Day] [0-1HR],9705,10,500,30 Days Refill,23 minutes,,,41731.5
9439,🇧🇷 Instagram Saves - [Brazil] [Max 10K] [Speed 10K/HR] [0-1HR],12.94,10,25 000,30 Days Refill,28 minutes,,,55.642
9874,🇫🇷 Instagram French Comments - [RANDOM] [High Quality] [Speed 100/Day],7619.072,10,250,30 Days Refill,23 minutes,,,32762.0096
9876,🇫🇷 Instagram French Comments - [CUSTOM] [High Quality] [Speed 100/Day],9523.84,10,250,30 Days Refill,22 minutes,,,40952.512
9858,🇮🇹 Instagram Italy Real Likes - [Max 10K] [Speed 5K/Day],175.984,10,50 000,60 Days Refill,1 hour 21 minutes,,,756.7312
9859,🇮🇹 Instagram Italy Real Likes - [FEMALE] [Speed 10K/Day],1821.952,10,1 000,30 Days Refill,11 minutes,,,7834.3936
9860,🇮🇹 Instagram Italy Real Likes - [Max 15K] [Speed 5K/Day],190.218,10,15 000,30 Days Refill,4 hours 15 minutes,,,817.9374
9861,🇮🇹 Instagram Italy Likes - [Influencers Accounts] [Speed 100/Day],2846.8,10,3 000,30 Days Refill,24 hours 55 minutes,,,12241.24
9866,🇮🇹 Instagram Italy Comments - [RANDOM] [Max 1K] [Speed 500-1K/Day],6357.422,10,3 000,30 Days Refill,37 minutes,,,27336.9146
9869,🇮🇹 Instagram Italy Comments - [CUSTOM] [Max 1K] [Speed 500/Day],6357.422,3,3 000,30 Days Refill,27 minutes,,,27336.9146
9954,🇸🇦 Instagram Followers [ARAB] [30 Days Auto Refill] [50k Max] [15K/Day],988.616,20,50 000,30 Days Refill,23 minutes,,,4251.0488
9830,🇸🇦 Instagram Arab Real Likes - [Max 10K] [Speed 10K/Day],174.69,20,1 000,30 Days Refill,4 hours 22 minutes,,,751.167
9933,🇸🇦 Instagram ARAB Likes - [30 Days Refill] [Max 5K] [High Quality] [Auto Refill] [200-500/Day] [Recommended],252.33,10,5 000,30 Days Refill,119 hours 31 minutes,,,1085.019
9831,🇸🇦 Instagram Arab Real Likes - [Max 50K] [Speed 20K/Day],174.69,50,50 000,30 Days Refill,36 minutes,,,751.167
9836,🇸🇦 Instagram Arab Comments - [CUSTOM] [Max 3K] [Speed 200/Day] [0-1 HR],9301.272,10,250,30 Days Refill,12 hours 29 minutes,,,39995.4696
9942,Instagram Asian Followers - [Thailand - Indonesia] [30 Days Auto Refill] [Speed 500/Day] [Recommended],403.728,10,2 000,30 Days Refill,55 minutes,,,1736.0304
9935,Instagram Asian Likes - [Indonesia - Thailand & More] [30 Days Refill] [Max 5K] [High Quality] [Auto Refill] [200-500/Day] [Recommended],166.5378,10,5 000,30 Days Refill,7 hours 11 minutes,,,716.11254
9848,🇳🇬 Instagram Nigeria Video Views [Max 500K] [Speed 50K/Day],98.344,100,10 000 000,30 Days Refill,7 hours 49 minutes,,,422.8792
9852,🇳🇬 Instagram Nigeria Comments - [RANDOM] [Max 2K] [Speed 500/Day],12919.296,50,2 500,30 Days Refill,11 minutes,,,55552.9728
9818,🇮🇳 Instagram Views + Impressions - [Max 500k] [Speed 100K/Day] [0-30Mins],19.41,50,400 000,No Refill,15 minutes,,,83.463
10476,🇮🇳 Instagram Followers [Indian] - [No Refill] [Max 1M] [𝐇𝐢𝐠𝐡 𝐐𝐮𝐚𝐥𝐢𝐭𝐲] [Speed 100K/Day] [INSTANT],116.46,100,1 000 000,30 Days Refill,16 minutes,,,500.778
9825,🇮🇳 Instagram Followers [Indian] - [30 Days Refill] [Max 1M] [𝐇𝐢𝐠𝐡 𝐐𝐮𝐚𝐥𝐢𝐭𝐲] [Speed 200K/Day] [INSTANT],124.224,100,1 000 000,30 Days Refill,7 minutes,,,534.1632
9829,🇮🇳 Instagram Followers [Indian] - [365 Days Refill] [Max 1M] [𝐇𝐢𝐠𝐡 𝐐𝐮𝐚𝐥𝐢𝐭𝐲] [Speed 200K/Day] [INSTANT],148.81,100,1 000 000,365 Days Refill,12 minutes,,,639.883
10477,🇮🇳 Instagram Followers [Indian] - [365 Days Refill] [Max 5K] [𝐇𝐢𝐠𝐡 𝐐𝐮𝐚𝐥𝐢𝐭𝐲] [Speed 5K/Day] [INSTANT],87.992,100,5 000,365 Days Refill,55 minutes,,,378.3656
10517,🇮🇳 Instagram Indian Real Followers - [Max 1M] [30 Days Refill] [High Quality] [Refill Button Enabled] [Speed 100k/Day] [INSTANT],75.052,100,300 000,30 Days Refill,9 hours 36 minutes,,,322.7236
9819,🇮🇳 Instagram Indian Real Likes [Max 10K] [Speed 10K/Day] [0-30Mins],36.232,10,10 000,No Refill,17 minutes,,,155.7976
9821,🇮🇳 Instagram Indian Real Like - [Max 100K] [Speed 3K/HR] [0-30Mins],50.466,100,100 000,No Refill,17 minutes,,,217.0038
9937,🇮🇳 Instagram Indian Likes - [30 Days Refill] [Max 10K] [High Quality] [Auto Refill] [5K/Day] [Recommended],262.682,10,10 000,30 Days Refill,84 hours 2 minutes,,,1129.5326
9820,🇮🇳 Instagram IGTV Indian Like - [Max 10K] [Speed 5-10K/Day] [0-30Mins],29.762,50,10 000,No Refill,55 minutes,,,127.9766
9950,🇮🇳 Instagram India Custom comments - [Max 500] [Speed 500/Day] [HIGH QUALITY],524.07,10,500,30 Days Refill,5 hours 45 minutes,,,2253.501
9823,🇮🇳 Instagram Indian Real Likes - [Max 50K] [Speed 5-10K/Day] [0-30Mins],28.468,50,50 000,No Refill,10 minutes,,,122.4124
9824,🇮🇳 Instagram Indian Real Likes - [Max 20K] [Speed 10-15K/Day] [0-30Mins],38.82,50,20 000,No Refill,16 minutes,,,166.926
9940,Instagram African Followers - [30 Days Auto Refill] [Speed 500/Day] [Recommended],841.1,10,2 000,30 Days Refill,31 hours 31 minutes,,,3616.73
9932,Instagram Africa Likes - [30 Days Refill] [Max 3K] [High Quality] [Auto Refill] [200-500/Day] [Recommended],420.55,10,3 000,30 Days Refill,55 minutes,,,1808.365
9366,🇹🇷 Instagram Package - [Female] [150-200 Likes] [20 Comments] [20 Comments Likes] [10 Comments Reply],359.732,1,1,No Refill,16 minutes,,,1546.8476
9911,🇹🇷 Instagram Package - [Female] [150-200 Likes] [20 Comments] [20 Comments Likes] [10 Comments Reply],390.788,1,1,No Refill,33 minutes,,,1680.3884
9780,🇹🇷 Instagram Turkish Real Likes - [No Refill] [Max 1K] [REAL] [Speed 1-2K/Day] [0-1HR],287.268,20,50 000,No Refill,17 minutes,,,1235.2524
9367,🇹🇷 Instagram Subscription - 2 Days [100 Followers] [100 Likes] [20-30 Comments + Saves + Story Views + DM],1501.04,1,1,No Refill,33 minutes,,,6454.472
9912,🇹🇷 Instagram Subscription - 5 Days [100 Followers] [100 Likes] [20-30 Comments + Saves + Story Views + DM],3202.65,1,1,No Refill,33 minutes,,,13771.395
9369,🇹🇷 Instagram Subscription - 10 Days [100 Followers] [100 Likes] [20-30 Comments + Saves + Story Views + DM],6027.452,1,1,No Refill,11 minutes,,,25918.0436
9913,🇹🇷 Instagram Subscription - 15 Days [100 Followers] [100 Likes] [20-30 Comments + Saves + Story Views + DM],8465.348,1,1,No Refill,33 minutes,,,36400.9964
9371,🇹🇷 Instagram Subscription - 30 Days [100 Followers] [100 Likes] [20-30 Comments + Saves + Story Views + DM],12422.4,1,1,No Refill,11 minutes,,,53416.32
9914,🇹🇷 Instagram Subscription - 30 Days [100 Followers] [100 Likes] [20-30 Comments + Saves + Story Views + DM],12422.4,1,1,No Refill,23 minutes,,,53416.32
9786,Instagram Korean Likes - [Max 50K] [REAL] [HQ ACCS] [Speed 5K/Day],24.586,10,50 000,No Refill,2 hours 58 minutes,,,105.7198
9788,🇰🇷 Instagram Likes + Impressions + Reach [Female] [South Korean] [Max 5K] [Speed 2K/Day],2309.79,5,5 000,No Refill,23 minutes,,,9932.097
9789,🇰🇷 Instagram Likes + Impressions + Reach [Male] [South Korean] [Max 5K] [Speed 2K/Day],2309.79,5,5 000,No Refill,6 minutes,,,9932.097
9795,🇰🇷 Instagram Comment KOREAN - [RANDOM] [Speed 50/Day],15099.686,5,10 000,No Refill,33 minutes,,,64928.6498
9797,🇰🇷 🇹🇭 Instagram Comments | KOREAN - THAILAND - [RANDOM] [Speed 100-200/Day],7440.5,10,250,No Refill,22 minutes,,,31994.15
9804,🇯🇵 Instagram JAPAN Followers - [30 Days Refill] [Max 5K] [Mix Quality] [Speed 1-3K/Day],14130.48,20,5 000,30 Days Refill,10 minutes,,,60761.064
9802,🇯🇵 Instagram Japan Likes Likes - [Max 10K] [REAL] [Speed 5K/Day],56.936,10,11 000,No Refill,3 hours 55 minutes,,,244.8248
9803,Instagram JAPAN Likes - [Max 10K] [REAL] [HQ ACCS] [Speed 2K/Day],3091.366,20,40 000,No Refill,22 minutes,,,13292.8738
9807,Instagram JAPAN Comments - [RANDOM] [HQ ACCS] [Max 1K] [Speed 200/Day],7117,10,250,No Refill,11 minutes,,,30603.1
9814,🇯🇵🇨🇳 Instagram Followers - [Max 10K] [Chinese - Hong kong - Japanese] [Super HQ] [Speed 2K/Day],2232.15,50,10 000,No Refill,10 hours 34 minutes,,,9598.245
9809,🇨🇳 Instagram Chinese Likes - [Max 5K] [REAL] [SPEED 2K/Day],113.872,10,5 000,No Refill,1 hour 31 minutes,,,489.6496
9810,🇨🇳 Instagram Chinese Like - [30 Days Refill] [Max 5K] [SPEED 3-5K/Day],1462.22,5,10 000,30 Days Refill,16 minutes,,,6287.546
9812,🇯🇵🇨🇳 Instagram Likes - [Chinese - Hong kong - Japanese] [Super HQ],1415.636,20,5 000,No Refill,7 minutes,,,6087.2348
9815,🇨🇳 Instagram Comments CHİNA - [RANDOM] [Super HQ] [Speed 50-100/Day],7117,10,250,No Refill,16 minutes,,,30603.1
9816,🇨🇳 Instagram Comments CHİNA - [CUSTOM] [Super HQ] [Speed 50-100/Day],8896.25,10,250,No Refill,23 minutes,,,38253.875
9840,🇮🇷 Instagram Real Likes + Story [REAL],50.466,10,10 000,No Refill,55 minutes,,,217.0038
9844,🇮🇷 Instagram Real Iranian Likes - [Non-Drop] [REAL] [Speed 2K/Day],64.7,20,5 000,60 Days Refill,11 minutes,,,278.21
9880,🇷🇺 Instagram Russian Followers - [No Refill] [Max 20K] [Speed 10-20K/Day],289.856,20,20 000,No Refill,22 minutes,,,1246.3808
9881,🇷🇺 Instagram Russian Followers - [30 Days Refill] [REAL] [Max 200K] [Speed 20K/Day],274.328,10,100 000,30 Days Refill,7 minutes,,,1179.6104
9885,🇷🇺 Instagram Russian Real Followers - [30 Days Refill] [Max 100K] [Speed 20K/Day],274.328,10,100 000,30 Days Refill,55 minutes,,,1179.6104
9878,🇷🇺 Instagram Russian Profile Visit [Speed 5K/Day],19.41,100,5 000,No Refill,33 minutes,,,83.463
9887,🇷🇺 Instagram RUSSIAN Comments - [CUSTOM] [Max 1K] [Speed 200/Day],9109.76,10,250,No Refill,11 minutes,,,39171.968
9888,🇺🇦 Instagram Ukraine Positive Comment [SUPER FAST],7690.242,5,1 000,No Refill,11 minutes,,,33068.0406
17348,Threads Followers | 𝐑𝐞𝐚𝐥 & 𝐇𝐢𝐠𝐡 𝐐𝐮𝐚𝐥𝐢𝐭𝐲 | Max 15k | No Refill | Speed Upto 3K/Day | 0-30 Mins 💹,767.342,10,15 000,No Refill,27 hours 53 minutes,,,3299.5706
17353,Threads Followers | 𝐑𝐞𝐚𝐥 & 𝐇𝐢𝐠𝐡 𝐐𝐮𝐚𝐥𝐢𝐭𝐲 | Max 15k | ♻️ 30 Days Refill | Speed Upto 3K/Day | 0-30 Mins 💹,799.692,10,15 000,30 Days Refill,15 hours 38 minutes,,,3438.6756
17349,Threads Likes | 𝐑𝐞𝐚𝐥 & 𝐇𝐢𝐠𝐡 𝐐𝐮𝐚𝐥𝐢𝐭𝐲 | Max 15k | Speed Upto 3K/Day | 0-30 Mins 💹,613.356,10,15 000,15 Days Refill,61 hours 23 minutes,,,2637.4308
17350,Threads Reposts | 𝐑𝐞𝐚𝐥 & 𝐇𝐢𝐠𝐡 𝐐𝐮𝐚𝐥𝐢𝐭𝐲 | Max 15k | Speed Upto 1K/Day | 0-30 Mins 💹,1533.39,10,15 000,15 Days Refill,24 hours 55 minutes,,,6593.577
17351,Threads Comments { 𝐂𝐮𝐬𝐭𝐨𝐦 } | 𝐑𝐞𝐚𝐥 & 𝐇𝐢𝐠𝐡 𝐐𝐮𝐚𝐥𝐢𝐭𝐲 | Max 2k | Speed Upto 200/Day | 0-30 Mins 💹,1533.39,10,2 000,15 Days Refill,33 minutes,,,6593.577
17352,Threads Comments { 𝐑𝐚𝐧𝐝𝐨𝐦 𝐄𝐦𝐨𝐣𝐢𝐬 } | 𝐑𝐞𝐚𝐥 & 𝐇𝐢𝐠𝐡 𝐐𝐮𝐚𝐥𝐢𝐭𝐲 | Max 2k | Speed Upto 200/Day | 0-30 Mins 💹,1533.39,10,2 000,15 Days Refill,22 minutes,,,6593.577
16402,Youtube Native Unique Views | 𝐑𝐞𝐝𝐢𝐫𝐞𝐜𝐭𝐢𝐨𝐧 𝐟𝐫𝐨𝐦 𝐄𝐱𝐭𝐞𝐫𝐧𝐚𝐥 𝐀𝐝𝐬 | Real & Active Views | Minimum 1K | Speed Up To 50K/Day | 0-3 HRS,159.162,1 000,1 000 000,No Refill,5 hours 15 minutes,,,684.3966
16403,Youtube Native Unique Views | 𝐑𝐞𝐝𝐢𝐫𝐞𝐜𝐭𝐢𝐨𝐧 𝐟𝐫𝐨𝐦 𝐄𝐱𝐭𝐞𝐫𝐧𝐚𝐥 𝐀𝐝𝐬 | Real & Active Views | Minimum 3K | Speed Up To 50K/Day | 0-3 HRS,139.752,3 000,100 000 000,No Refill,19 hours 39 minutes,,,600.9336
16404,Youtube Native Unique Views | 𝐑𝐞𝐝𝐢𝐫𝐞𝐜𝐭𝐢𝐨𝐧 𝐟𝐫𝐨𝐦 𝐄𝐱𝐭𝐞𝐫𝐧𝐚𝐥 𝐀𝐝𝐬 | Real & Active Views | Minimum 5K | Speed Up To 50K/Day | 0-3 HRS,138.458,5 000,100 000 000,No Refill,17 minutes,,,595.3694
16405,Youtube Native Unique Views | 𝐑𝐞𝐝𝐢𝐫𝐞𝐜𝐭𝐢𝐨𝐧 𝐟𝐫𝐨𝐦 𝐄𝐱𝐭𝐞𝐫𝐧𝐚𝐥 𝐀𝐝𝐬 | Real & Active Views | Minimum 10K | Speed Up To 50K/Day | 0-3 HRS,120.342,10 000,100 000 000,No Refill,20 hours 23 minutes,,,517.4706
16406,Youtube Native Unique Views | 𝐑𝐞𝐝𝐢𝐫𝐞𝐜𝐭𝐢𝐨𝐧 𝐟𝐫𝐨𝐦 𝐄𝐱𝐭𝐞𝐫𝐧𝐚𝐥 𝐀𝐝𝐬 | Real & Active Views | Minimum 20K | Speed Up To 50K/Day | 0-3 HRS,116.46,20 000,100 000 000,No Refill,38 hours 6 minutes,,,500.778
16407,Youtube Native Unique Views | 𝐑𝐞𝐝𝐢𝐫𝐞𝐜𝐭𝐢𝐨𝐧 𝐟𝐫𝐨𝐦 𝐄𝐱𝐭𝐞𝐫𝐧𝐚𝐥 𝐀𝐝𝐬 | Real & Active Views | Minimum 40K | Speed Up To 50K/Day | 0-3 HRS,103.52,40 000,100 000 000,No Refill,52 hours 33 minutes,,,445.136
16408,Youtube Native Unique Views | 𝐑𝐞𝐝𝐢𝐫𝐞𝐜𝐭𝐢𝐨𝐧 𝐟𝐫𝐨𝐦 𝐄𝐱𝐭𝐞𝐫𝐧𝐚𝐥 𝐀𝐝𝐬 | Real & Active Views | Minimum 100K | Speed Up To 50K/Day | 0-3 HRS,99.638,100 000,100 000 000,No Refill,16 minutes,,,428.4434
16409,Youtube Native Unique Views | 𝐑𝐞𝐝𝐢𝐫𝐞𝐜𝐭𝐢𝐨𝐧 𝐟𝐫𝐨𝐦 𝐄𝐱𝐭𝐞𝐫𝐧𝐚𝐥 𝐀𝐝𝐬 | Real & Active Views | Minimum 500K | Speed Up To 50K/Day | 0-3 HRS,91.874,500 000,100 000 000,No Refill,33 minutes,,,395.0582
17283,YouTube Google AdWords Views | Never Drop | 𝐒𝐔𝐏𝐄𝐑 𝐅𝐀𝐒𝐓 𝐀𝐏𝐏𝐑𝐎𝐕𝐀𝐋 | 𝐌𝐢𝐧𝐢𝐦𝐮𝐦 - 𝟓𝟎𝟎𝐊 𝐕𝐢𝐞𝐰𝐬 | Speed Up To 10M/Day | ( $𝟒𝟎𝟎 𝐏𝐞𝐫 𝟏 𝐌𝐢𝐥𝐥𝐢𝐨𝐧 ),28.468,500 000,10 000 000,Lifetime Refill,53 hours 4 minutes,,,122.4124
8224,YouTube Google AdWords Views | Never Drop | Delivery Time: 1-3 Days | 𝐌𝐢𝐧𝐢𝐦𝐮𝐦- 𝟏𝐌 𝐕𝐢𝐞𝐰𝐬 | Speed Up To 2M/Day | ( $𝟐𝟖𝟎 𝐏𝐞𝐫 𝟏 𝐌𝐢𝐥𝐥𝐢𝐨𝐧 ),36.232,1 000 000,10 000 000,Lifetime Refill,17 minutes,,,155.7976
8185,YouTube Google AdWords Views | Never Drop | Delivery Time: 1-3 Days | 𝐌𝐢𝐧𝐢𝐦𝐮𝐦- 𝟐𝐌 𝐕𝐢𝐞𝐰𝐬 | Speed Up To 5M/Day | ( $𝟐𝟗𝟎 𝐏𝐞𝐫 𝟏 𝐌𝐢𝐥𝐥𝐢𝐨𝐧 𝐏𝐞𝐫 𝟏 𝐌𝐢𝐥𝐥𝐢𝐨𝐧 ),37.526,2 000 000,10 000 000,Lifetime Refill,5 hours 27 minutes,,,161.3618
8183,YouTube Google AdWords Views | Max 10M | Never Drop | Delivery Time: 1-3 Days | 𝐌𝐢𝐧𝐢𝐦𝐮𝐦- 𝟓𝟎𝟎𝐊 𝐕𝐢𝐞𝐰𝐬 | Speed Up To 1M/Day | ( $𝟐𝟗𝟎 𝐏𝐞𝐫 𝟏 𝐌𝐢𝐥𝐥𝐢𝐨𝐧 ),37.526,500 000,10 000 000,Lifetime Refill,7 hours 47 minutes,,,161.3618
16628,YouTube Google AdWords Views | Max 10M | Never Drop | Delivery Time: 1-2 Days | 𝐌𝐢𝐧𝐢𝐦𝐮𝐦- 𝟏𝟎𝟎𝐊 𝐕𝐢𝐞𝐰𝐬 | Speed Up To 500K/Day | ( $𝟓𝟎𝟎 𝐏𝐞𝐫 𝟏 𝐌𝐢𝐥𝐥𝐢𝐨𝐧 ),64.7,100 000,10 000 000,Lifetime Refill,16 minutes,,,278.21
8182,YouTube Google AdWords Views | Max 10M | Never Drop | Delivery Time: 1-2 Days | 𝐌𝐢𝐧𝐢𝐦𝐮𝐦- 𝟐𝟎𝟎𝐊 𝐕𝐢𝐞𝐰𝐬 | Speed Up To 500K/Day | ( $𝟒𝟐𝟎 𝐏𝐞𝐫 𝟏 𝐌𝐢𝐥𝐥𝐢𝐨𝐧 ),54.348,200 000,10 000 000,Lifetime Refill,55 minutes,,,233.6964
13143,YouTube 𝐆𝐨𝐨𝐠𝐥𝐞 𝐀𝐃𝐒 Views - [Non-Drop] [Minimum 1K] [ Speed 30K/Day] [0-30Mins],614.65,2 000,2 000 000,Lifetime Refill,17 minutes,,,2642.995
16037,YouTube Subscribers | ♻️ 30 Days Refill | Max 1M | 𝐙𝐞𝐫𝐨 𝐃𝐫𝐨𝐩 & 𝐁𝐞𝐬𝐭 𝐒𝐩𝐞𝐞𝐝 | Speed 500/Day | 0-5 Mins,2472.834,100,50 000,30 Days Refill,118 hours 35 minutes,,,10633.1862
16799,YouTube Subscribers | Max 50K | HQ | Speed 200/Day | ♻️ 30 Days Refill | 0-30 Mins,2686.344,50,50 000,30 Days Refill,104 hours 44 minutes,,,11551.2792
16798,YouTube Subscribers | Max 30K | HQ | Speed 100/Day | ♻️ 30 Days Refill | 0-30 Mins,2512.948,50,30 000,30 Days Refill,42 hours 40 minutes,,,10805.6764
16036,YouTube Subscribers | 𝐍𝐨 𝐕𝐢𝐝𝐞𝐨𝐬 𝐑𝐞𝐪𝐮𝐢𝐫𝐞𝐝 / 𝐀𝐥𝐥 𝐂𝐡𝐚𝐧𝐧𝐞𝐥𝐬 𝐀𝐜𝐜𝐞𝐩𝐭𝐞𝐝 | Max 100K | Speed 1-2K/Day | 0-6HRS,3047.37,100,100 000,30 Days Refill,75 hours 1 minute,,,13103.691
15964,YouTube Subscribers | ♻️ 30 Days Refill | Max 100K | 𝐇𝐐 & 𝐁𝐞𝐬𝐭 𝐒𝐩𝐞𝐞𝐝 | Speed 1-2K/Day | 0-15 Mins,3364.4,500,100 000,30 Days Refill,73 hours 36 minutes,,,14466.92
16034,YouTube Subscribers | 𝐌𝐨𝐛𝐢𝐥𝐞 | ♻️ 30 Days Refill | Max 200K | 𝐅𝐀𝐒𝐓 | Speed 2K/D | 0-6 HRS,3357.93,500,200 000,30 Days Refill,17 minutes,,,14439.099
15851,YouTube Subscribers | Max 20K | HQ | Speed 500/Day | ♻️ 30 Days Refill | 0-30 Mins,2743.28,100,20 000,30 Days Refill,86 hours 54 minutes,,,11796.104
16038,YouTube Subscribers | 𝐍𝐨 𝐕𝐢𝐝𝐞𝐨𝐬 𝐑𝐞𝐪𝐮𝐢𝐫𝐞𝐝 / 𝐀𝐥𝐥 𝐂𝐡𝐚𝐧𝐧𝐞𝐥𝐬 𝐀𝐜𝐜𝐞𝐩𝐭𝐞𝐝 | Max 100K | Speed 100-200/Day | 0-6HRS,3383.81,100,1 000 000,30 Days Refill,37 hours 28 minutes,,,14550.383
3289,YouTube Real Watch Time Views | 4000 HR | 30 Days Refill | 𝟏𝟎𝟎𝟎 𝐐𝐮𝐚𝐧𝐭𝐢𝐭𝐲 = 𝟏𝟎𝟎𝟎 𝐇𝐑 | 𝐔𝐬𝐞 𝐕𝐢𝐝𝐞𝐨 𝟔𝟎 𝐌𝐢𝐧𝐬+ 𝐎𝐧𝐥𝐲 | Speed 2K/Day | 𝐍𝐨𝐧-𝐃𝐫𝐨𝐩 | 0-15 Mins,3586.968,100,4 000,30 Days Refill,4 hours 23 minutes,,,15423.9624
16167,Youtube Organic Ads Watchtime | 4000 Hours | 𝐒𝐨𝐮𝐫𝐜𝐞: 𝐆𝐨𝐨𝐠𝐥𝐞 𝐀𝐝𝐬 | 1000 Quantity = 1000 HR | 30 Days Refill | 60 Minutes Video | Speed 1K/Day | 𝐑𝐞𝐚𝐝 𝐃𝐞𝐬𝐜𝐫𝐢𝐩𝐭𝐢𝐨𝐧,3558.5,100,4 000,30 Days Refill,55 minutes,,,15301.55
10521,YouTube 100% Organic Watch Hours - [30 Days Refill] [60 Mins+ Video] [Non-Drop] [Speed 250/Day],3493.8,100,4 000,30 Days Refill,22 minutes,,,15023.34
13350,YouTube Watch Hours 4000 HR Package - 30 Days Refill | 1 HR+ Video | Speed 1-2K/Day | INSTANT,3273.82,4 000,4 000,30 Days Refill,55 minutes,,,14077.426
16045,YouTube 100% Watch Hours - [30 Days Refill] [𝟔𝟎 𝐌𝐢𝐧𝐬+ Video] [Speed 1K/Day] [𝐖𝐨𝐫𝐤𝐢𝐧𝐠 𝐀𝐟𝐭𝐞𝐫 𝐎𝐜𝐭𝐨𝐛𝐞𝐫 𝐔𝐩𝐝𝐚𝐭𝐞],3882,100,4 000,30 Days Refill,1 hour 46 minutes,,,16692.6
16003,YouTube Watch Hours 4000 HR Package - 30 Days Refill | 30 Min+ Video | Speed 1-2K/Day | INSTANT,3118.54,4 000,4 000,30 Days Refill,33 minutes,,,13409.722
16583,YouTube Views + Likes + AI Comments ( %5-10 ) | 𝐋𝐢𝐟𝐞𝐭𝐢𝐦𝐞 𝐑𝐞𝐟𝐢𝐥𝐥 | Speed 5K/Day | 𝐑𝐞𝐭𝐞𝐧𝐭𝐢𝐨𝐧: 𝟑𝟎 𝐒𝐞𝐜𝐨𝐧𝐝𝐬 | 𝐒𝐨𝐮𝐫𝐜𝐞: 𝐄𝐱𝐭𝐞𝐫𝐧𝐚𝐥 | INSTANT,119.048,100,1 000 000,Lifetime Refill,25 hours 42 minutes,,,511.9064
16585,YouTube Views + Likes + AI Comments ( %5-10 ) | 𝐋𝐢𝐟𝐞𝐭𝐢𝐦𝐞 𝐑𝐞𝐟𝐢𝐥𝐥 | Speed 10K/Day | 𝐑𝐞𝐭𝐞𝐧𝐭𝐢𝐨𝐧: 𝟐-𝟑 𝐌𝐢𝐧𝐮𝐭𝐞s | 𝐒𝐨𝐮𝐫𝐜𝐞: 𝐄𝐱𝐭𝐞𝐫𝐧𝐚𝐥 | INSTANT,292.444,1 000,100 000,Lifetime Refill,35 hours 17 minutes,,,1257.5092
16587,YouTube Views + Likes + AI Comments ( %5-10 ) | 𝐋𝐢𝐟𝐞𝐭𝐢𝐦𝐞 𝐑𝐞𝐟𝐢𝐥𝐥 | Speed 3K/Day | 𝐑𝐞𝐭𝐞𝐧𝐭𝐢𝐨𝐧: 𝟓-𝟐𝟎 𝐌𝐢𝐧𝐮𝐭𝐞𝐬 | 𝐒𝐨𝐮𝐫𝐜𝐞: 𝐄𝐱𝐭𝐞𝐫𝐧𝐚𝐥 | INSTANT,311.854,100,100 000,Lifetime Refill,104 hours 36 minutes,,,1340.9722
16584,YouTube Views + Likes + AI Comments ( %5-10 ) | 𝐋𝐢𝐟𝐞𝐭𝐢𝐦𝐞 𝐑𝐞𝐟𝐢𝐥𝐥 | Speed 5K/Day | 𝐑𝐞𝐭𝐞𝐧𝐭𝐢𝐨𝐧: 𝟐-𝟑 𝐌𝐢𝐧𝐮𝐭𝐞𝐬 | 𝐒𝐨𝐮𝐫𝐜𝐞: 𝐒𝐨𝐜𝐢𝐚𝐥 𝐍𝐞𝐭𝐰𝐨𝐫𝐤𝐬 | INSTANT,271.74,1 000,100 000,Lifetime Refill,33 minutes,,,1168.482
16586,YouTube Views + Likes + AI Comments ( %5-10 ) | 𝐋𝐢𝐟𝐞𝐭𝐢𝐦𝐞 𝐑𝐞𝐟𝐢𝐥𝐥 | Short and Long Videos | Speed 5K/Day | 𝐑𝐞𝐭𝐞𝐧𝐭𝐢𝐨𝐧: 𝟑-𝟏𝟎 𝐌𝐢𝐧𝐮𝐭𝐞𝐬 | 𝐒𝐨𝐮𝐫𝐜𝐞: 𝐒𝐨𝐜𝐢𝐚𝐥 𝐍𝐞𝐭𝐰𝐨𝐫𝐤𝐬 | INSTANT,275.622,1 000,100 000,30 Days Refill,58 hours 58 minutes,,,1185.1746
16552,YouTube Comments | No Refill | 10K Max | Speed 10K/Day | INSTANT,728.522,5,10 000,No Refill,54 minutes,,,3132.6446
16548,YouTube Comment Likes 👍 | No Refill | 100K Max | Speed 50K/Day | INSTANT,364.908,10,100 000,No Refill,4 minutes,,,1569.1044
16551,YouTube Comment Likes 👍 | 30 Days Refill ♻️ | 100K Max | Speed 50K/Day | INSTANT,437.372,10,100 000,30 Days Refill,4 minutes,,,1880.6996
16229,YouTube CTR Views + 10% Likes | Best for SEO | 30 Days Refill | 𝐒𝐨𝐮𝐫𝐜𝐞: 𝐆𝐨𝐨𝐠𝐥𝐞 𝐒𝐞𝐚𝐫𝐜𝐡 + 𝐄𝐱𝐭𝐞𝐫𝐧𝐚𝐥 𝐁𝐲 𝐊𝐞𝐲𝐰𝐨𝐫𝐝𝐬 | Speed 1K/Day | 𝐑𝐞𝐭𝐞𝐧𝐭𝐢𝐨𝐧: 𝟏𝟓-𝟐𝟎 𝐌𝐢𝐧𝐮𝐭𝐞𝐬 | Instant,1560.564,100,1 000 000,30 Days Refill,8 hours 33 minutes,,,6710.4252
16236,YouTube CTR Views + 10% Likes | Custom Keywords | Best for SEO | 30 Days Refill | 𝐒𝐨𝐮𝐫𝐜𝐞: Youtube Search | Speed 1K/Day | 𝐑𝐞𝐭𝐞𝐧𝐭𝐢𝐨𝐧: 𝟔𝟎 𝐒𝐞𝐜𝐨𝐧𝐝𝐬 | Instant,2484.48,100,100 000,30 Days Refill,9 hours 9 minutes,,,10683.264
16237,YouTube CTR Views + 10% Likes | Custom Keywords | Best for SEO | 30 Days Refill | 𝐒𝐨𝐮𝐫𝐜𝐞: Youtube Search | Speed 1K/Day | 𝐑𝐞𝐭𝐞𝐧𝐭𝐢𝐨𝐧: 𝟑𝟎𝟎 𝐒𝐞𝐜𝐨𝐧𝐝𝐬 | Instant,4037.28,100,100 000,30 Days Refill,9 hours 57 minutes,,,17360.304
16238,YouTube CTR Views + 10% Likes | Custom Keywords | Best for SEO | 30 Days Refill | 𝐒𝐨𝐮𝐫𝐜𝐞: Youtube Search | Speed 1K/Day | 𝐑𝐞𝐭𝐞𝐧𝐭𝐢𝐨𝐧: 𝟗𝟎𝟎 𝐒𝐞𝐜𝐨𝐧𝐝𝐬 | Instant,4968.96,100,100 000,30 Days Refill,17 minutes,,,21366.528
16239,YouTube CTR Views + 10% Likes | Custom Keywords | Best for SEO | 30 Days Refill | 𝐒𝐨𝐮𝐫𝐜𝐞: Youtube Search | Speed 1K/Day | 𝐑𝐞𝐭𝐞𝐧𝐭𝐢𝐨𝐧: 𝟏𝟖𝟎𝟎 𝐒𝐞𝐜𝐨𝐧𝐝𝐬 | Instant,9316.8,100,100 000,30 Days Refill,16 minutes,,,40062.24
16228,YouTube Shorts CTR Views + 10% Likes | Best for SEO | 30 Days Refill | 𝐒𝐨𝐮𝐫𝐜𝐞: 𝐆𝐨𝐨𝐠𝐥𝐞 𝐒𝐞𝐚𝐫𝐜𝐡 + 𝐄𝐱𝐭𝐞𝐫𝐧𝐚𝐥 𝐁𝐲 𝐊𝐞𝐲𝐰𝐨𝐫𝐝𝐬 | Speed 1K/Day | 𝐑𝐞𝐭𝐞𝐧𝐭𝐢𝐨𝐧: 𝟑-𝟓 𝐌𝐢𝐧𝐮𝐭𝐞𝐬 | Instant,1560.564,100,1 000 000,30 Days Refill,14 hours 59 minutes,,,6710.4252
16235,YouTube Shorts CTR Views + 10% Likes | Custom Keywords | Best for SEO | 30 Days Refill | 𝐒𝐨𝐮𝐫𝐜𝐞: Youtube Search | Speed 1K/Day | 𝐑𝐞𝐭𝐞𝐧𝐭𝐢𝐨𝐧: 𝟔𝟎 𝐒𝐞𝐜𝐨𝐧𝐝𝐬 | Instant,2484.48,100,100 000,30 Days Refill,22 minutes,,,10683.264
13469,YouTube CTR Search Views | SHORTS | Custom Keywords,4584.642,100,1 000,No Refill,33 minutes,,,19713.9606
13470,YouTube CTR Search Views For Videos [60 Sec Retention] [Custom Keywords],5304.106,100,1 000,No Refill,13 hours 31 minutes,,,22807.6558
13471,YouTube CTR Search Views For Videos [ 120+ Secs Retention] [Custom Keywords],10608.212,100,1 000,No Refill,16 hours 40 minutes,,,45615.3116
16164,Youtube Views - [Lifetime Warranty] [Max 100K] [𝐒𝐨𝐮𝐫𝐜𝐞: 𝐄𝐱𝐭𝐞𝐫𝐧𝐚𝐥] [Non-Drop] [Speed UpTo 5K/Day] [INSTANT],103.52,10,2 000 000,Lifetime Refill,61 hours,,,445.136
9169,YouTube Views - [High Retention] [𝐒𝐨𝐮𝐫𝐜𝐞 - 𝐆𝐨𝐨𝐠𝐥𝐞 𝐒𝐞𝐚𝐫𝐜𝐡] [Retention 2-15 Mins] [Speed 1-2K/Day] [INSTANT],232.92,100,5 000,30 Days Refill,3 hours 24 minutes,,,1001.556
11803,YouTube Views - [Lifetime Warranty] [𝐒𝐨𝐮𝐫𝐜𝐞: 𝐄𝐱𝐭𝐞𝐫𝐧𝐚𝐥] [Speed 20-30K/Day] [INSTANT] 💧,239.39,100,1 000 000,Lifetime Refill,44 hours 15 minutes,,,1029.377
11911,YouTube Native Views - [Lifetime Warranty] [Max 1M] [𝐒𝐨𝐮𝐫𝐜𝐞: 𝐃𝐢𝐫𝐞𝐜𝐭 + 𝐄𝐱𝐭𝐞𝐫𝐧𝐚𝐥] [𝐍𝐨𝐧-𝐃𝐫𝐨𝐩] [Speed 20-30K/Day] [INSTANT],137.164,100,10 000 000,Lifetime Refill,41 hours 43 minutes,,,589.8052
11815,Youtube Views - [Lifetime Warranty] [Max 1M] [𝐒𝐨𝐮𝐫𝐜𝐞: 𝐒𝐮𝐠𝐠𝐞𝐬𝐭𝐞𝐝 + 𝐄𝐱𝐭𝐞𝐫𝐧𝐚𝐥] [𝟏-𝟐 𝐌𝐢𝐧𝐬 𝐑𝐞𝐭𝐞𝐧𝐭𝐢𝐨𝐧] [Refill Button] [Speed 50-100K/Day] [INSTANT],94.462,15,350 000,Lifetime Refill,20 hours 40 minutes,,,406.1866
13107,YouTube Views - [Lifetime Warranty] [𝐒𝐨𝐮𝐫𝐜𝐞 - 𝐄𝐱𝐭𝐞𝐫𝐧𝐚𝐥] [Refill Button] [Speed 50K/Day] [0-2 Mins],90.58,100,300 000,Lifetime Refill,32 hours 52 minutes,,,389.494
11804,Youtube HR Views - [30 Days Refill] [Max 5M] [𝐒𝐨𝐮𝐫𝐜𝐞: 𝐄𝐱𝐭𝐞𝐫𝐧𝐚𝐥 + 𝐆𝐨𝐨𝐠𝐥𝐞 𝐒𝐞𝐚𝐫𝐜𝐡] [Speed 500/Day] [𝟐-𝟓 𝐌𝐢𝐧𝐮𝐭𝐞𝐬 𝐑𝐞𝐭𝐞𝐧𝐭𝐢𝐨𝐧] [INSTANT],247.154,100,5 000 000,30 Days Refill,34 hours 57 minutes,,,1062.7622
8936,YouTube Views - [Lifetime Warranty] [𝐒𝐨𝐮𝐫𝐜𝐞 - 𝐄𝐱𝐭𝐞𝐫𝐧𝐚𝐥] [Refill Button Enabled] [𝐍𝐨𝐧-𝐃𝐫𝐨𝐩] [Speed 5-10K/Day] [INSTANT],129.4,100,2 000 000,Lifetime Refill,5 hours 22 minutes,,,556.42
11813,Youtube Views - [Lifetime Warranty] [Max 1M] [𝐒𝐨𝐮𝐫𝐜𝐞: 𝐒𝐮𝐠𝐠𝐞𝐬𝐭𝐞𝐝 + 𝐄𝐱𝐭𝐞𝐫𝐧𝐚𝐥] [𝟏-𝟐 𝐌𝐢𝐧𝐬 𝐑𝐞𝐭𝐞𝐧𝐭𝐢𝐨𝐧] [Speed 50K/Day] [INSTANT],95.756,100,300 000,Lifetime Refill,4 hours 54 minutes,,,411.7508
11816,YouTube Views - [Lifetime Warranty] [𝐒𝐨𝐮𝐫𝐜𝐞 - 𝐃𝐢𝐫𝐞𝐜𝐭 + 𝐄𝐱𝐭𝐞𝐫𝐧𝐚𝐥 + 𝐔𝐧𝐤𝐧𝐨𝐰𝐧] [♻️ Refill Button Enabled] [Speed 30-50K/Day] [INSTANT],139.752,100,2 000 000,Lifetime Refill,151 hours 23 minutes,,,600.9336
11818,YouTube Views - [Lifetime Warranty] [𝐒𝐨𝐮𝐫𝐜𝐞 - 𝐑𝐞𝐚𝐥 𝐕𝐢𝐞𝐰𝐬] [♻️ Refill Button Enabled] [Speed 30K/Day] [Retention 0-10 Mins] [0-15Mins],168.22,100,1 000 000,Lifetime Refill,58 hours 42 minutes,,,723.346
11817,YouTube Views - [Lifetime Warranty] [𝐒𝐨𝐮𝐫𝐜𝐞 - 𝐃𝐢𝐫𝐞𝐜𝐭 + 𝐄𝐱𝐭𝐞𝐫𝐧𝐚𝐥] [♻️ Refill Button Enabled] [Speed 20-40K/Day] [INSTANT],91.874,100,300 000,Lifetime Refill,5 hours 26 minutes,,,395.0582
11814,Youtube Views - [Lifetime Warranty] [𝐒𝐨𝐮𝐫𝐜𝐞: 𝐌𝐢𝐱𝐞𝐝] [Speed 25K/Day] [INSTANT]💧⛔,117.754,100,2 000 000,Lifetime Refill,4 hours 19 minutes,,,506.3422
9015,YouTube Views - [Lifetime Warranty] [𝐒𝐨𝐮𝐫𝐜𝐞 - 𝟏𝟎𝟎% 𝐒𝐮𝐠𝐠𝐞𝐬𝐭𝐢𝐨𝐧𝐬] [Refill Button Enabled] [Speed 30K/Day] [Retention 0-2Mins] [INSTANT],107.402,100,2 000 000,Lifetime Refill,8 hours 47 minutes,,,461.8286
13131,YouTube Views - [Lifetime Warranty] [𝐒𝐨𝐮𝐫𝐜𝐞 - 𝐃𝐢𝐫𝐞𝐜𝐭 / 𝐔𝐧𝐤𝐨𝐰𝐧 / 𝐄𝐱𝐭𝐞𝐫𝐧𝐚𝐥] [𝟏 𝐌𝐢𝐧 𝐑𝐞𝐭𝐞𝐧𝐭𝐢𝐨𝐧] [Speed 20-30K/Day] [INSTANT],144.928,100,100 000,Lifetime Refill,4 hours 19 minutes,,,623.1904
8935,YouTube Views - [Lifetime Warranty] [REAL] [𝐆𝐄𝐎 𝐓𝐑𝐀𝐅𝐅𝐈𝐂] [Speed 50K/Day] [0-10Mins],93.168,15,350 000,Lifetime Refill,5 hours 22 minutes,,,400.6224
10011,YouTube Views - [Lifetime Warranty] [𝐒𝐨𝐮𝐫𝐜𝐞 - 𝐘𝐨𝐮𝐓𝐮𝐛𝐞 𝐑𝐞𝐜𝐨𝐦𝐦𝐞𝐧𝐝𝐚𝐭𝐢𝐨𝐧] [Speed 200-300K/Day] [INSTANT] 🚀🚀,155.28,15,350 000,Lifetime Refill,4 hours 25 minutes,,,667.704
8606,YouTube Views - [Lifetime Warranty] [Speed 50-100K/Day] [0-30Mins],131.988,15,350 000,Lifetime Refill,51 minutes,,,567.5484
9028,YouTube Views - [𝐒𝐨𝐮𝐫𝐜𝐞 - 𝐄𝐱𝐭𝐞𝐫𝐧𝐚𝐥] [Good for Ranking] [Speed 10K/Day] [INSTANT],254.918,100,1 500 000 000,30 Days Refill,20 hours 3 minutes,,,1096.1474
9168,YouTube Views - [𝐒𝐨𝐮𝐫𝐜𝐞 - 𝐒𝐮𝐠𝐠𝐞𝐬𝐭𝐞𝐝 / 𝐄𝐱𝐭𝐞𝐫𝐧𝐚𝐥 / 𝐃𝐢𝐫𝐞𝐜𝐭] [Good for Ranking] [Speed 50-100K/Day] [INSTANT],241.978,100,15 000 000,30 Days Refill,5 hours 47 minutes,,,1040.5054
9180,YouTube Native Ads Views - [REAL] [Lifetime Refill] [𝐒𝐨𝐮𝐫𝐜𝐞 - 𝐍𝐚𝐭𝐢𝐯𝐞 𝐄𝐦𝐛𝐞𝐝] [Speed 50-100K/Day] [Natural Engagement] [INSTANT],161.75,10 000,3 000 000,Lifetime Refill,7 hours 41 minutes,,,695.525
9181,YouTube Native Ads Views - [REAL] [Lifetime Refill] [𝐒𝐨𝐮𝐫𝐜𝐞 - 𝐒𝐨𝐜𝐢𝐚𝐥 𝐕𝐢𝐞𝐰𝐬] [Speed 100-200K/Day] [Natural Engagement] [INSTANT],166.926,10 000,2 000 000,Lifetime Refill,33 minutes,,,717.7818
13130,YouTube Views - [Lifetime Warranty] [𝐒𝐨𝐮𝐫𝐜𝐞 - 𝐃𝐢𝐫𝐞𝐜𝐭 / 𝐔𝐧𝐤𝐨𝐰𝐧 / 𝐄𝐱𝐭𝐞𝐫𝐧𝐚𝐥] [Speed 200-300K/Day] [0-1HR],150.104,15,350 000,Lifetime Refill,152 hours 1 minute,,,645.4472
10012,YouTube Views - [Lifetime Warranty] [𝐒𝐨𝐮𝐫𝐜𝐞 - 𝐑𝐞𝐚𝐥 𝐍𝐚𝐭𝐢𝐯𝐞 𝐕𝐢𝐞𝐰𝐬] [𝐒𝐓𝐀𝐁𝐋𝐄] [Speed 200-500K/Day] [INSTANT],111.284,40 000,100 000 000,Lifetime Refill,32 hours 39 minutes,,,478.5212
9182,YouTube Native Ads Views - [REAL] [Lifetime Refill] [𝐒𝐨𝐮𝐫𝐜𝐞 - 𝐍𝐚𝐭𝐢𝐯𝐞 𝐄𝐦𝐛𝐞𝐝] [Speed 500-600K/Day] [Natural Engagement] [𝐒𝐔𝐏𝐄𝐑 𝐅𝐀𝐒𝐓],212.216,5 000,3 000 000,Lifetime Refill,55 minutes,,,912.5288
9170,YouTube Views + Likes - [High Retention] [𝐒𝐨𝐜𝐢𝐚𝐥 𝐕𝐢𝐞𝐰𝐬] [Retention 10-30 Seconds] [Speed 10K/Day] [INSTANT],291.15,1 000,1 000 000,30 Days Refill,4 hours 24 minutes,,,1251.945
16166,Youtube Views - [Lifetime Warranty] [Max 100K] [𝐒𝐨𝐮𝐫𝐜𝐞: 𝐄𝐱𝐭𝐞𝐫𝐧𝐚𝐥] [Non-Drop] [Speed UpTo 5K/Day] [INSTANT],116.46,10,2 000 000,Lifetime Refill,13 hours 48 minutes,,,500.778
15962,YouTube Views - [𝐑𝐞𝐚𝐥 𝐑𝐀𝐖 𝐕𝐢𝐞𝐰𝐬] [Lifetime Warranty] [Unlimited] [𝐄𝐱𝐭𝐞𝐫𝐧𝐚𝐥] [𝐙𝐞𝐫𝐨 𝐃𝐫𝐨𝐩] [Speed Upto 10K/Day] [0-6HRS],210.922,100,2 147 483 647,Lifetime Refill,5 hours,,,906.9646
12486,YouTube Views - [𝐑𝐞𝐚𝐥 𝐀𝐜𝐭𝐢𝐯𝐞 𝐕𝐢𝐞𝐰𝐬] [Lifetime Warranty] [Unlimited] [𝐆𝐨𝐨𝐠𝐥𝐞 𝐒𝐞𝐚𝐫𝐜𝐡 + 𝐄𝐱𝐭𝐞𝐫𝐧𝐚𝐥] [Speed Upto 5K/Day] [INSTANT],165.632,100,1 000 000,Lifetime Refill,2 hours 11 minutes,,,712.2176
13388,YouTube Views - RAV™ | 𝐎𝐫𝐠𝐚𝐧𝐢𝐜 𝐆𝐨𝐨𝐠𝐥𝐞 𝐒𝐞𝐚𝐫𝐜𝐡 | 𝐌𝐚𝐲 𝐆𝐞𝐧𝐞𝐫𝐚𝐭𝐞 𝐑𝐞𝐯𝐞𝐧𝐮𝐞 | Speed 10-100K/Day | 𝐑𝐞𝐭𝐞𝐧𝐭𝐢𝐨𝐧: 𝟓𝟎-𝟏𝟐𝟎 𝐒𝐞𝐜𝐬 | 0-2HRS,227.744,100,50 000 000,Lifetime Refill,6 hours 34 minutes,,,979.2992
11833,YouTube Views - [𝐑𝐞𝐚𝐥 𝐀𝐜𝐭𝐢𝐯𝐞 𝐕𝐢𝐞𝐰𝐬] [Lifetime Warranty] [Max 200K] [𝐒𝐨𝐮𝐫𝐜𝐞: 𝐄𝐱𝐭𝐞𝐫𝐧𝐚𝐥] [Non-Drop] [Speed 5-10K/Day] [INSTANT],227.744,100,10 000 000,Lifetime Refill,4 hours 14 minutes,,,979.2992
11835,YouTube Views - [𝐑𝐞𝐚𝐥 𝐀𝐜𝐭𝐢𝐯𝐞 𝐕𝐢𝐞𝐰𝐬] [Lifetime Warranty] [Unlimited] [𝐒𝐨𝐮𝐫𝐜𝐞: 𝐃𝐢𝐫𝐞𝐜𝐭 + 𝐔𝐧𝐤𝐧𝐨𝐰𝐧 + 𝐄𝐱𝐭𝐞𝐫𝐧𝐚𝐥] [Non-Drop] [Speed 50K/Day] [INSTANT],232.92,100,500 000 000,Lifetime Refill,7 hours 56 minutes,,,1001.556
11837,Youtube HR Views - [30 Days Refill] [𝟐-𝟓 𝐌𝐢𝐧𝐮𝐭𝐞𝐬 𝐑𝐞𝐭𝐞𝐧𝐭𝐢𝐨𝐧] [Max 5M] [𝐒𝐨𝐮𝐫𝐜𝐞: 𝐄𝐱𝐭𝐞𝐫𝐧𝐚𝐥 + 𝐆𝐨𝐨𝐠𝐥𝐞 𝐒𝐞𝐚𝐫𝐜𝐡] [Speed 500/Day] [Non-Drop] [INSTANT],240.684,100,5 000 000,30 Days Refill,4 hours 37 minutes,,,1034.9412
13387,YouTube Views - [𝐑𝐞𝐚𝐥 𝐀𝐜𝐭𝐢𝐯𝐞 𝐕𝐢𝐞𝐰𝐬] [Lifetime Warranty] [Unlimited] [𝐆𝐨𝐨𝐠𝐥𝐞 𝐒𝐞𝐚𝐫𝐜𝐡 + 𝐄𝐱𝐭𝐞𝐫𝐧𝐚𝐥] [Speed Upto 50-100K/Day] [INSTANT],214.804,100,50 000 000,Lifetime Refill,23 minutes,,,923.6572
11824,YouTube Views - [Max 1M] [Speed 3-5K/Day] [30 Days Refill] [𝐍𝐨𝐧-𝐃𝐫𝐨𝐩] [INSTANT],169.514,1 000,500 000,30 Days Refill,16 minutes,,,728.9102
11825,YouTube Views - [Max 1M] [Speed 10-30K/Day] [30 Days Refill] [𝐒𝐨𝐮𝐫𝐜𝐞: 𝐄𝐱𝐭𝐞𝐫𝐧𝐚𝐥] [Non-Drop] [INSTANT],253.624,100,1 000 000,30 Days Refill,33 minutes,,,1090.5832
11834,YouTube Views - RAV™ [𝐑𝐞𝐚𝐥 𝐕𝐢𝐞𝐰𝐬 & 𝐄𝐧𝐠𝐚𝐠𝐞𝐦𝐞𝐧𝐭𝐬] [30 Days Refill] [Max 100K] [𝐍𝐨𝐧-𝐃𝐫𝐨𝐩] [Speed 1-3K/Day] [0-2HRS],219.98,100,100 000,30 Days Refill,3 hours 4 minutes,,,945.914
13571,YouTube Native Views - [Max 1M] [Lifetime Warranty] [𝐒𝐨𝐮𝐫𝐜𝐞: 𝐃𝐢𝐫𝐞𝐜𝐭 + 𝐎𝐭𝐡𝐞𝐫𝐬 + 𝐄𝐱𝐭𝐞𝐫𝐧𝐚𝐥] [Speed 20-40K/Day] [𝐙𝐞𝐫𝐨 𝐃𝐫𝐨𝐩] [15-30 Minutes],155.28,100,10 000 000,Lifetime Refill,40 hours 16 minutes,,,667.704
13128,YouTube Native Views - [Max 1M] [Lifetime Warranty] [𝐒𝐨𝐮𝐫𝐜𝐞: 𝐃𝐢𝐫𝐞𝐜𝐭 + 𝐎𝐭𝐡𝐞𝐫𝐬 + 𝐄𝐱𝐭𝐞𝐫𝐧𝐚𝐥] [Speed 2-4K/Day] [15-30 Minutes],151.398,100,10 000 000,Lifetime Refill,59 hours 52 minutes,,,651.0114
8296,YouTube Native Views - [Lifetime Warranty] [𝐒𝐨𝐮𝐫𝐜𝐞 - 𝐄𝐱𝐭𝐞𝐫𝐧𝐚𝐥 + 𝐘𝐨𝐮𝐓𝐮𝐛𝐞 𝐎𝐭𝐡𝐞𝐫 𝐅𝐞𝐚𝐭𝐮𝐫𝐞𝐬] [Speed 20K/Day] [0-3 HRS]💧,137.164,100,10 000 000,Lifetime Refill,71 hours 31 minutes,,,589.8052
13367,YouTube Native Views - [Lifetime Warranty] [Max 1M] [𝐒𝐨𝐮𝐫𝐜𝐞 - 𝐄𝐱𝐭𝐞𝐫𝐧𝐚𝐥 + 𝐘𝐨𝐮𝐓𝐮𝐛𝐞 𝐎𝐭𝐡𝐞𝐫 𝐅𝐞𝐚𝐭𝐮𝐫𝐞𝐬] [Speed 100K/Day] [0-2HRS],120.342,2 000,1 000 000,Lifetime Refill,11 minutes,,,517.4706
13366,YouTube Native Views - [Lifetime Warranty] [Max 1M] [𝐒𝐨𝐮𝐫𝐜𝐞 - 𝐄𝐱𝐭𝐞𝐫𝐧𝐚𝐥 + 𝐘𝐨𝐮𝐓𝐮𝐛𝐞 𝐎𝐭𝐡𝐞𝐫 𝐅𝐞𝐚𝐭𝐮𝐫𝐞𝐬] [Speed 50K/Day] [0-2HRS],139.752,100,10 000 000,Lifetime Refill,43 hours 49 minutes,,,600.9336
12485,YouTube Views - [Lifetime Warranty] [𝐒𝐓𝐀𝐁𝐋𝐄] [𝐒𝐨𝐮𝐫𝐜𝐞 - 𝐃𝐢𝐫𝐞𝐜𝐭 / 𝐄𝐱𝐭𝐞𝐫𝐧𝐚𝐥] [Speed 5-10K/Day] [0-2HRS],155.28,10,10 000 000,Lifetime Refill,2 hours 18 minutes,,,667.704
1270,YouTube Views - [Lifetime Warranty] [Max 10M] [Non Drop 1 Year+] [1-5 Mins Retention] [Speed 10K/Day] [INSTANT] [𝐑𝐄𝐂𝐎𝐌𝐌𝐄𝐍𝐃𝐄𝐃],317.03,100,10 000 000,Lifetime Refill,7 hours 30 minutes,,,1363.229
11819,Youtube Views - [Lifetime Warranty] [𝐒𝐨𝐮𝐫𝐜𝐞: 𝐌𝐢𝐱𝐞𝐝] [Speed 50K/Day] [INSTANT],119.048,100,2 000 000,Lifetime Refill,6 hours 12 minutes,,,511.9064
11821,Youtube Views - [Max 1M] [Lifetime Warranty] [𝐒𝐨𝐮𝐫𝐜𝐞: 𝐒𝐮𝐠𝐠𝐞𝐬𝐭𝐞𝐝 + 𝐄𝐱𝐭𝐞𝐫𝐧𝐚𝐥] [𝟏-𝟐 𝐌𝐢𝐧𝐬 𝐑𝐞𝐭𝐞𝐧𝐭𝐢𝐨𝐧] [Speed 10-30K/Day] [INSTANT],87.992,40,300 000,Lifetime Refill,107 hours 5 minutes,,,378.3656
11820,YouTube Native Views - [Lifetime Warranty] [𝐒𝐨𝐮𝐫𝐜𝐞 - 𝐄𝐱𝐭𝐞𝐫𝐧𝐚𝐥 + 𝐘𝐨𝐮𝐓𝐮𝐛𝐞 𝐎𝐭𝐡𝐞𝐫𝐬] [Non-Drop] [Speed 5K/Day] [0-1HR],137.164,100,10 000 000,Lifetime Refill,46 hours 56 minutes,,,589.8052
7725,YouTube Views - [Lifetime Warranty] [𝐒𝐨𝐮𝐫𝐜𝐞 - 𝐒𝐮𝐠𝐠𝐞𝐬𝐭𝐞𝐝 + 𝐃𝐢𝐫𝐞𝐜𝐭 + 𝐁𝐫𝐨𝐰𝐬𝐞 𝐅𝐞𝐚𝐭𝐮𝐫𝐞𝐬] [Speed 50-100K/Day] [INSTANT],94.462,15,350 000,Lifetime Refill,43 hours 43 minutes,,,406.1866
7371,YouTube Views - [Lifetime Warranty] [𝐒𝐨𝐮𝐫𝐜𝐞 - 𝐌𝐢𝐱𝐞𝐝] [Speed Upto 25K/Day] [INSTANT],97.05,15,350 000,Lifetime Refill,11 minutes,,,417.315
11822,Youtube Views - [Max 1M] [Lifetime Warranty] [𝐒𝐨𝐮𝐫𝐜𝐞: 𝐒𝐮𝐠𝐠𝐞𝐬𝐭𝐞𝐝 + 𝐄𝐱𝐭𝐞𝐫𝐧𝐚𝐥] [𝟏-𝟐 𝐌𝐢𝐧𝐬 𝐑𝐞𝐭𝐞𝐧𝐭𝐢𝐨𝐧] [Speed 20-30K/Day] [𝐑𝐞𝐟𝐢𝐥𝐥 𝐁𝐮𝐭𝐭𝐨𝐧] [INSTANT],100.932,15,350 000,Lifetime Refill,33 minutes,,,434.0076
11836,YouTube Views - [Lifetime Warranty] [𝐒𝐨𝐮𝐫𝐜𝐞: 𝐄𝐱𝐭𝐞𝐫𝐧𝐚𝐥] [Speed 20-30K/Day] [INSTANT],239.39,100,1 000 000,Lifetime Refill,12 hours 16 minutes,,,1029.377
8937,YouTube Views - [Lifetime Warranty] [𝐒𝐨𝐮𝐫𝐜𝐞 - 𝐃𝐢𝐫𝐞𝐜𝐭 + 𝐄𝐱𝐭𝐞𝐫𝐧𝐚𝐥 + 𝐔𝐧𝐤𝐧𝐨𝐰𝐧] [Refill Button Enabled] [Speed 5-10K/Day] [INSTANT],207.04,100,300 000,Lifetime Refill,55 minutes,,,890.272
8595,YouTube Views - [Lifetime Warranty] [𝐒𝐨𝐮𝐫𝐜𝐞 - 𝐃𝐢𝐫𝐞𝐜𝐭 + 𝐄𝐱𝐭𝐞𝐫𝐧𝐚𝐥 + 𝐔𝐧𝐤𝐧𝐨𝐰𝐧] [Refill Button Enabled] [Speed 2-5K/Day] [INSTANT],89.286,100,300 000,Lifetime Refill,59 hours 17 minutes,,,383.9298
9016,YouTube Views - [Lifetime Warranty] [𝐒𝐨𝐮𝐫𝐜𝐞 - 𝐄𝐱𝐭𝐞𝐫𝐧𝐚𝐥] [Speed 50K/Day] [0-15Mins],144.928,100,1 000 000,Lifetime Refill,17 minutes,,,623.1904
8407,YouTube Views - [Lifetime Warranty] [𝐒𝐨𝐮𝐫𝐜𝐞 - 𝐄𝐱𝐭𝐞𝐫𝐧𝐚𝐥] [Speed 60K/Day] [0-15Mins],128.106,100,1 000 000,Lifetime Refill,1 hour 14 minutes,,,550.8558
5646,YouTube Views + Likes - [60 Days Refill] [𝐒𝐨𝐮𝐫𝐜𝐞 - 𝐈𝐧𝐭𝐞𝐫𝐧𝐚𝐥] [Speed 30-50K/Day] [INSTANT],133.282,15,10 000 000,60 Days Refill,55 minutes,,,573.1126
12487,YouTube Views - [Lifetime Warranty] [𝐒𝐨𝐮𝐫𝐜𝐞 - 𝐒𝐮𝐠𝐠𝐞𝐬𝐭𝐞𝐝] [Retention 20-30 Sec] [Speed 2-3K/Day] [INSTANT]💧,122.93,15,350 000,Lifetime Refill,13 hours 13 minutes,,,528.599
8227,YouTube Views - [Lifetime Warranty] [𝐒𝐨𝐮𝐫𝐜𝐞 - 𝐃𝐢𝐫𝐞𝐜𝐭 / 𝐔𝐧𝐤𝐧𝐨𝐰𝐧 + 𝐒𝐮𝐠𝐠𝐞𝐬𝐭𝐞𝐝 + 𝐄𝐱𝐭𝐞𝐫𝐧𝐚𝐥] [Non-Drop] [Speed 5-8K/Day] [INSTANT],131.988,15,350 000,Lifetime Refill,23 minutes,,,567.5484
3708,YouTube Views - [Lifetime Warranty] [𝐒𝐨𝐮𝐫𝐜𝐞 - 𝐒𝐮𝐠𝐠𝐞𝐬𝐭𝐞𝐝] [Speed 5-10K/Day] [0-24HRS],139.752,15,350 000,Lifetime Refill,3 hours 52 minutes,,,600.9336
7771,YouTube Views - [Lifetime Warranty] [𝐒𝐨𝐮𝐫𝐜𝐞 - 𝐃𝐢𝐫𝐞𝐜𝐭 + 𝐄𝐱𝐭𝐞𝐫𝐧𝐚𝐥 + 𝐔𝐧𝐤𝐧𝐨𝐰𝐧] [Speed 200-500K/Day] [INSTANT],152.692,100,1 000 000,Lifetime Refill,2 hours 17 minutes,,,656.5756
2892,YouTube Views - [No Refill] [Max 1M] [Speed ​​1-5K/Day] [0-1HR] [Cheapest In The Market],51.76,200,5 000 000,No Refill,46 hours 10 minutes,,,222.568
7740,YouTube Views - [No Refill] [Max 1M] [Speed 5-10K/Day] [INSTANT],60.818,200,1 000 000,No Refill,33 minutes,,,261.5174
7745,YouTube Views - [𝐇𝐢𝐠𝐡 𝐑𝐞𝐭𝐞𝐧𝐭𝐢𝐨𝐧] [No Refill] [𝐒𝐨𝐮𝐫𝐜𝐞 - 𝐒𝐞𝐚𝐫𝐜𝐡 + 𝐁𝐫𝐨𝐰𝐬𝐞𝐫 𝐅𝐞𝐚𝐭𝐮𝐫𝐞] [Retention 3-5 Mins] [Speed 10K/Day] [INSTANT],112.578,1 000,100 000,No Refill,5 minutes,,,484.0854
7746,YouTube Views - [𝐇𝐢𝐠𝐡 𝐑𝐞𝐭𝐞𝐧𝐭𝐢𝐨𝐧] [No Refill] [𝐒𝐨𝐮𝐫𝐜𝐞 - 𝐒𝐮𝐠𝐠𝐞𝐬𝐭+𝐓𝐫𝐞𝐧𝐝𝐢𝐧𝐠+𝐑𝐚𝐧𝐝𝐨𝐦] [Retention 3-5 Mins] [Speed 5-10K/Day] [INSTANT],112.578,1 000,100 000,No Refill,7 minutes,,,484.0854
7744,YouTube Views - [𝐇𝐢𝐠𝐡 𝐑𝐞𝐭𝐞𝐧𝐭𝐢𝐨𝐧] [No Refill] [𝐒𝐨𝐮𝐫𝐜𝐞 - 𝐍𝐢𝐜𝐡𝐞 / 𝐊𝐞𝐲𝐰𝐨𝐫𝐝 𝐒𝐞𝐚𝐫𝐜𝐡] [Retention 3-5 Mins] [Speed 5-10K/Day] [INSTANT],186.336,1 000,100 000,No Refill,55 hours 40 minutes,,,801.2448
7719,YouTube Native Ads Views - [REAL] [Lifetime Refill] [𝐒𝐨𝐮𝐫𝐜𝐞 - 𝐍𝐚𝐭𝐢𝐯𝐞 𝐄𝐦𝐛𝐞𝐝] [Speed 500-600K/Day] [Natural Engagement] [𝐒𝐔𝐏𝐄𝐑 𝐅𝐀𝐒𝐓],209.628,5 000,3 000 000,Lifetime Refill,11 minutes,,,901.4004
7720,YouTube Native Ads Views - [REAL] [Lifetime Refill] [𝐒𝐨𝐮𝐫𝐜𝐞 - 𝐍𝐚𝐭𝐢𝐯𝐞 𝐄𝐦𝐛𝐞𝐝] [Speed 50-100K/Day] [Natural Engagement] [INSTANT],168.22,10 000,3 000 000,Lifetime Refill,55 minutes,,,723.346
7718,YouTube Native Ads Views - [REAL] [Lifetime Refill] [𝐒𝐨𝐮𝐫𝐜𝐞 - 𝐒𝐨𝐜𝐢𝐚𝐥 𝐕𝐢𝐞𝐰𝐬] [Speed 100-200K/Day] [Natural Engagement] [INSTANT],168.22,10 000,2 000 000,Lifetime Refill,33 minutes,,,723.346
11926,YouTube Views - [💡𝐍𝐚𝐭𝐢𝐯𝐞 𝐀𝐝𝐰𝐨𝐫𝐝 𝐕𝐢𝐞𝐰𝐬] [𝐌𝐢𝐧𝐢𝐦𝐮𝐦 𝟓𝟎𝟎𝐊] [Speed 1M/Day] | 👑 𝐒𝐨𝐮𝐫𝐜𝐞 - 𝐍𝐚𝐭𝐢𝐯𝐞 𝐄𝐦𝐛𝐞𝐝 [Non-Drop] [Lifetime Warranty] [0-1HR],137.164,500 000,10 000 000,Lifetime Refill,23 minutes,,,589.8052
11925,YouTube Views - [💡𝐍𝐚𝐭𝐢𝐯𝐞 𝐀𝐝𝐰𝐨𝐫𝐝 𝐕𝐢𝐞𝐰𝐬] [𝐌𝐢𝐧𝐢𝐦𝐮𝐦 𝟏𝐌] [Speed 1M/Day] | 👑 𝐒𝐨𝐮𝐫𝐜𝐞 - 𝐍𝐚𝐭𝐢𝐯𝐞 𝐄𝐦𝐛𝐞𝐝 [Non-Drop] [Lifetime Warranty] [0-1HR],146.222,1 000 000,100 000 000,Lifetime Refill,23 minutes,,,628.7546
16011,YouTube Views - [💡𝐍𝐚𝐭𝐢𝐯𝐞 𝐀𝐝𝐰𝐨𝐫𝐝 𝐕𝐢𝐞𝐰𝐬] [𝐌𝐢𝐧𝐢𝐦𝐮𝐦 𝟑𝐌] [Speed 200-500K/Day] | 👑 𝐒𝐨𝐮𝐫𝐜𝐞 - 𝐍𝐚𝐭𝐢𝐯𝐞 𝐄𝐦𝐛𝐞𝐝 [Non-Drop] [Lifetime Warranty] [0-2HRS],84.11,3 000 000,100 000 000,Lifetime Refill,16 minutes,,,361.673
11923,YouTube Views - [💡𝐍𝐚𝐭𝐢𝐯𝐞 𝐀𝐝𝐰𝐨𝐫𝐝 𝐕𝐢𝐞𝐰𝐬] [𝐌𝐢𝐧𝐢𝐦𝐮𝐦 𝟏𝐌] [Speed 200-500K/Day] | 👑 𝐒𝐨𝐮𝐫𝐜𝐞 - 𝐍𝐚𝐭𝐢𝐯𝐞 𝐄𝐦𝐛𝐞𝐝 [Non-Drop] [Lifetime Warranty] [0-2HRS],85.404,1 000 000,100 000 000,Lifetime Refill,11 minutes,,,367.2372
16012,YouTube Views - [💡𝐍𝐚𝐭𝐢𝐯𝐞 𝐀𝐝𝐰𝐨𝐫𝐝 𝐕𝐢𝐞𝐰𝐬] [𝐌𝐢𝐧𝐢𝐦𝐮𝐦 𝟓𝟎𝟎𝐊] [Speed 200-500K/Day] | 👑 𝐒𝐨𝐮𝐫𝐜𝐞 - 𝐍𝐚𝐭𝐢𝐯𝐞 𝐄𝐦𝐛𝐞𝐝 [Non-Drop] [Lifetime Warranty] [0-2HRS],95.756,500 000,100 000 000,Lifetime Refill,11 minutes,,,411.7508
16013,YouTube Views - [💡𝐍𝐚𝐭𝐢𝐯𝐞 𝐀𝐝𝐰𝐨𝐫𝐝 𝐕𝐢𝐞𝐰𝐬] [𝐌𝐢𝐧𝐢𝐦𝐮𝐦 𝟑𝟎𝟎𝐊] [Speed 200-500K/Day] | 👑 𝐒𝐨𝐮𝐫𝐜𝐞 - 𝐍𝐚𝐭𝐢𝐯𝐞 𝐄𝐦𝐛𝐞𝐝 [Non-Drop] [Lifetime Warranty] [0-2HRS],90.58,300 000,100 000 000,Lifetime Refill,17 minutes,,,389.494
11929,YouTube Views - [💡𝐍𝐚𝐭𝐢𝐯𝐞 𝐀𝐝𝐰𝐨𝐫𝐝 𝐕𝐢𝐞𝐰𝐬] [𝐌𝐢𝐧𝐢𝐦𝐮𝐦 𝟏𝟎𝟎𝐊] [Speed 300K/Day] | 👑 𝐒𝐨𝐮𝐫𝐜𝐞 - 𝐍𝐚𝐭𝐢𝐯𝐞 𝐄𝐦𝐛𝐞𝐝 [Non-Drop] [Lifetime Warranty] [0-6HRS],91.874,100 000,10 000 000,Lifetime Refill,17 minutes,,,395.0582
11924,YouTube Views - [💡𝐍𝐚𝐭𝐢𝐯𝐞 𝐀𝐝𝐰𝐨𝐫𝐝 𝐕𝐢𝐞𝐰𝐬] [𝐌𝐢𝐧𝐢𝐦𝐮𝐦 𝟒𝟎𝐊] [Speed 200-500K/Day] | 👑 𝐒𝐨𝐮𝐫𝐜𝐞 - 𝐍𝐚𝐭𝐢𝐯𝐞 𝐄𝐦𝐛𝐞𝐝 [Non-Drop] [Lifetime Warranty] [0-3HRS],95.756,40 000,100 000 000,Lifetime Refill,77 hours 36 minutes,,,411.7508
11928,YouTube Views - [💡𝐍𝐚𝐭𝐢𝐯𝐞 𝐀𝐝𝐰𝐨𝐫𝐝 𝐕𝐢𝐞𝐰𝐬] [𝐌𝐢𝐧𝐢𝐦𝐮𝐦 𝟑𝟎𝐊] [Speed 100-300K/Day] | 👑 𝐒𝐨𝐮𝐫𝐜𝐞 - 𝐍𝐚𝐭𝐢𝐯𝐞 𝐄𝐦𝐛𝐞𝐝 [Non-Drop] [Lifetime Warranty] [0-3 HRS],135.87,30 000,10 000 000,Lifetime Refill,21 hours 53 minutes,,,584.241
11927,YouTube Views - [💡𝐍𝐚𝐭𝐢𝐯𝐞 𝐀𝐝𝐰𝐨𝐫𝐝 𝐕𝐢𝐞𝐰𝐬] [𝐌𝐢𝐧𝐢𝐦𝐮𝐦 𝟐𝟎𝐊] [Speed 100-300K/Day] | 👑 𝐒𝐨𝐮𝐫𝐜𝐞 - 𝐍𝐚𝐭𝐢𝐯𝐞 𝐄𝐦𝐛𝐞𝐝 [Non-Drop] [Lifetime Warranty] [0-3 HRS],103.52,20 000,10 000 000,Lifetime Refill,50 hours 53 minutes,,,445.136
16014,YouTube Views - [💡𝐍𝐚𝐭𝐢𝐯𝐞 𝐀𝐝𝐰𝐨𝐫𝐝 𝐕𝐢𝐞𝐰𝐬] [𝐌𝐢𝐧𝐢𝐦𝐮𝐦 𝟏𝟎𝐊] [Speed 100-300K/Day] | 👑 𝐒𝐨𝐮𝐫𝐜𝐞 - 𝐍𝐚𝐭𝐢𝐯𝐞 𝐄𝐦𝐛𝐞𝐝 [Non-Drop] [Lifetime Warranty] [0-3 HRS],106.108,10 000,10 000 000,Lifetime Refill,31 hours 47 minutes,,,456.2644
16015,YouTube Views - [💡𝐍𝐚𝐭𝐢𝐯𝐞 𝐀𝐝𝐰𝐨𝐫𝐝 𝐕𝐢𝐞𝐰𝐬] [𝐌𝐢𝐧𝐢𝐦𝐮𝐦 𝟓𝐊] [Speed 100-300K/Day] | 👑 𝐒𝐨𝐮𝐫𝐜𝐞 - 𝐍𝐚𝐭𝐢𝐯𝐞 𝐄𝐦𝐛𝐞𝐝 [Non-Drop] [Lifetime Warranty] [0-3 HRS],134.576,5 000,10 000 000,Lifetime Refill,20 hours 28 minutes,,,578.6768
16016,YouTube Views - [💡𝐍𝐚𝐭𝐢𝐯𝐞 𝐀𝐝𝐰𝐨𝐫𝐝 𝐕𝐢𝐞𝐰𝐬] [𝐌𝐢𝐧𝐢𝐦𝐮𝐦 𝟑𝐊] [Speed 100-300K/Day] | 👑 𝐒𝐨𝐮𝐫𝐜𝐞 - 𝐍𝐚𝐭𝐢𝐯𝐞 𝐄𝐦𝐛𝐞𝐝 [Non-Drop] [Lifetime Warranty] [0-3 HRS],142.34,3 000,10 000 000,Lifetime Refill,18 hours 22 minutes,,,612.062
16017,YouTube Views - [💡𝐍𝐚𝐭𝐢𝐯𝐞 𝐀𝐝𝐰𝐨𝐫𝐝 𝐕𝐢𝐞𝐰𝐬] [𝐌𝐢𝐧𝐢𝐦𝐮𝐦 𝟑𝐊] [Speed 100-300K/Day] | 👑 𝐒𝐨𝐮𝐫𝐜𝐞 - 𝐍𝐚𝐭𝐢𝐯𝐞 𝐄𝐦𝐛𝐞𝐝 [Non-Drop] [Lifetime Warranty] [0-3 HRS],152.692,1 000,10 000 000,Lifetime Refill,6 hours 3 minutes,,,656.5756
13137,YouTube Views - [𝐇𝐢𝐠𝐡 𝐑𝐞𝐭𝐞𝐧𝐭𝐢𝐨𝐧] [Lifetime Warranty] [𝐒𝐨𝐮𝐫𝐜𝐞 - 𝐅𝐚𝐜𝐞𝐛𝐨𝐨𝐤] [𝟐-𝟖 𝐌𝐢𝐧𝐬 𝐑𝐞𝐭𝐞𝐧𝐭𝐢𝐨𝐧] [Non-Drop] [Speed 5K/Day] [INSTANT],244.566,1 000,70 000,Lifetime Refill,33 hours 5 minutes,,,1051.6338
13138,YouTube Views - [𝐇𝐢𝐠𝐡 𝐑𝐞𝐭𝐞𝐧𝐭𝐢𝐨𝐧] [Lifetime Warranty] [𝐒𝐨𝐮𝐫𝐜𝐞 - 𝐌𝐨𝐛𝐢𝐥𝐞] [𝟐-𝟖 𝐌𝐢𝐧𝐬 𝐑𝐞𝐭𝐞𝐧𝐭𝐢𝐨𝐧] [Non-Drop] [Speed 500/Day] [INSTANT],288.562,1 000,1 000 000,Lifetime Refill,71 hours 35 minutes,,,1240.8166
13140,YouTube Views - [𝐇𝐢𝐠𝐡 𝐑𝐞𝐭𝐞𝐧𝐭𝐢𝐨𝐧] [Lifetime Warranty] [𝐒𝐨𝐮𝐫𝐜𝐞 - 𝐆𝐨𝐨𝐠𝐥𝐞 𝐒𝐞𝐚𝐫𝐜𝐡] [𝟏-𝟓 𝐌𝐢𝐧𝐬 𝐑𝐞𝐭𝐞𝐧𝐭𝐢𝐨𝐧] [Non-Drop] [Speed 500/Day] [INSTANT],231.626,100,10 000,Lifetime Refill,1 hour 40 minutes,,,995.9918
11828,YouTube Views + Likes - [𝐇𝐢𝐠𝐡 𝐑𝐞𝐭𝐞𝐧𝐭𝐢𝐨𝐧] [30 Days Refill] [𝐒𝐨𝐜𝐢𝐚𝐥 𝐕𝐢𝐞𝐰𝐬] [Retention 10-30 Seconds] [Speed 3-5K/Day] [INSTANT],298.914,500,500 000,30 Days Refill,45 hours 5 minutes,,,1285.3302
13141,YouTube Views - [𝐇𝐢𝐠𝐡 𝐑𝐞𝐭𝐞𝐧𝐭𝐢𝐨𝐧] [Lifetime Warranty] [𝐒𝐨𝐮𝐫𝐜𝐞 - 𝐆𝐨𝐨𝐠𝐥𝐞 𝐒𝐞𝐚𝐫𝐜𝐡] [𝟏-𝟑 𝐌𝐢𝐧𝐬 𝐑𝐞𝐭𝐞𝐧𝐭𝐢𝐨𝐧] [Non-Drop] [Speed 500/Day] [INSTANT],227.744,100,1 000 000,Lifetime Refill,6 hours 56 minutes,,,979.2992
7723,YouTube Views + Likes - [𝐇𝐢𝐠𝐡 𝐑𝐞𝐭𝐞𝐧𝐭𝐢𝐨𝐧] [30 Days Refill] [𝐒𝐨𝐮𝐫𝐜𝐞 - 𝐆𝐨𝐨𝐠𝐥𝐞 𝐒𝐞𝐚𝐫𝐜𝐡] [Retention 2-15 Mins] [Speed 1-2K/Day] [INSTANT],251.036,100,5 000,30 Days Refill,4 hours 41 minutes,,,1079.4548
13292,YouTube Views + Likes - [𝐇𝐢𝐠𝐡 𝐑𝐞𝐭𝐞𝐧𝐭𝐢𝐨𝐧] [30 Days Refill] [𝐌𝐨𝐛𝐢𝐥𝐞 𝐕𝐢𝐞𝐰𝐬] [Retention 1-5 Mins] [Speed 10K/Day] [INSTANT],322.206,1 000,500 000,30 Days Refill,102 hours 12 minutes,,,1385.4858
6284,YouTube Views + Likes - [𝐇𝐢𝐠𝐡 𝐑𝐞𝐭𝐞𝐧𝐭𝐢𝐨𝐧] [30 Days Refill] [𝐒𝐨𝐜𝐢𝐚𝐥 𝐕𝐢𝐞𝐰𝐬] [Retention 10-30 Seconds] [Speed 10K/Day] [INSTANT],295.032,1 000,1 000 000,30 Days Refill,33 minutes,,,1268.6376
7717,YouTube Views + Likes - [𝐇𝐢𝐠𝐡 𝐑𝐞𝐭𝐞𝐧𝐭𝐢𝐨𝐧] [30 Days Refill] [𝐒𝐨𝐜𝐢𝐚𝐥 𝐕𝐢𝐞𝐰𝐬] [Retention 10-30 Seconds] [Speed 20K/Day] [INSTANT],305.384,1 000,1 000 000,30 Days Refill,17 minutes,,,1313.1512
7721,YouTube Views + Likes - [𝐇𝐢𝐠𝐡 𝐑𝐞𝐭𝐞𝐧𝐭𝐢𝐨𝐧] [30 Days Refill] [𝐒𝐨𝐮𝐫𝐜𝐞 - 𝐃𝐞𝐬𝐤𝐭𝐨𝐩] [Retention 10-30 Seconds] [Speed 5-10K/Day] [INSTANT],298.914,1 000,500 000,30 Days Refill,16 minutes,,,1285.3302
7722,YouTube Views + Likes - [𝐇𝐢𝐠𝐡 𝐑𝐞𝐭𝐞𝐧𝐭𝐢𝐨𝐧] [30 Days Refill] [𝐒𝐨𝐮𝐫𝐜𝐞 - 𝐌𝐨𝐛𝐢𝐥𝐞] [Retention 2-8 Mins] [Speed 5-10K/Day] [INSTANT],322.206,1 000,500 000,30 Days Refill,79 hours 47 minutes,,,1385.4858
10729,YouTube Views + Likes - [𝐇𝐢𝐠𝐡 𝐑𝐞𝐭𝐞𝐧𝐭𝐢𝐨𝐧] [30 Days Refill] [𝐒𝐨𝐮𝐫𝐜𝐞 - 𝐌𝐨𝐛𝐢𝐥𝐞] [Retention 10-30 Seconds] [Speed 5-10K/Day] [INSTANT],324.794,1 000,500 000,30 Days Refill,16 minutes,,,1396.6142
7724,YouTube Views + Likes - [𝐇𝐢𝐠𝐡 𝐑𝐞𝐭𝐞𝐧𝐭𝐢𝐨𝐧] [30 Days Refill] [Retention 2-5 Mins] [Speed 100K/Day] [INSTANT],328.676,1 000,1 000 000,30 Days Refill,46 hours 37 minutes,,,1413.3068
10523,YouTube Views - [𝐇𝐢𝐠𝐡 𝐑𝐞𝐭𝐞𝐧𝐭𝐢𝐨𝐧] [𝐒𝐨𝐮𝐫𝐜𝐞 - 𝐃𝐢𝐫𝐞𝐜𝐭 + 𝐒𝐞𝐚𝐫𝐜𝐡] [Lifetime Warranty] [Retention 30 Secs] [Speed 1-2K/Day] [0-1HR],169.7728,100,1 000 000,Lifetime Refill,8 hours 41 minutes,,,730.02304
8959,YouTube Views - [𝐇𝐢𝐠𝐡 𝐑𝐞𝐭𝐞𝐧𝐭𝐢𝐨𝐧] [𝐒𝐨𝐮𝐫𝐜𝐞 - 𝐅𝐚𝐜𝐞𝐛𝐨𝐨𝐤] [Lifetime Warranty] [Retention 2-8 Minutes] [Speed 5K/Day] [0-1HR],244.566,1 000,1 000 000,Lifetime Refill,48 hours 32 minutes,,,1051.6338
13351,YouTube High Retention Views - Lifetime Warranty | Speed 10-15K/Day | Source : External | Retention 10 Seconds | 0-5 Mins,260.094,100,300 000,Lifetime Refill,22 minutes,,,1118.4042
13352,YouTube High Retention Views - Lifetime Warranty | Speed 10-15K/Day | Source : External | Retention 20 Seconds | 0-5 Mins,301.502,100,300 000,Lifetime Refill,21 minutes,,,1296.4586
13353,YouTube High Retention Views - Lifetime Warranty | Speed 10-15K/Day | Source : External | Retention 90 Seconds | 0-5 Mins,716.876,100,30 000,Lifetime Refill,36 minutes,,,3082.5668
8627,YouTube Views - [𝐇𝐢𝐠𝐡 𝐑𝐞𝐭𝐞𝐧𝐭𝐢𝐨𝐧] [No Refill] [𝐒𝐨𝐮𝐫𝐜𝐞 - 𝐒𝐞𝐚𝐫𝐜𝐡 + 𝐁𝐫𝐨𝐰𝐬𝐞𝐫 𝐅𝐞𝐚𝐭𝐮𝐫𝐞] [Retention 3-5 Mins] [Speed 10K/Day] [INSTANT],112.578,1 000,100 000,No Refill,8 minutes,,,484.0854
8628,YouTube Views - [𝐇𝐢𝐠𝐡 𝐑𝐞𝐭𝐞𝐧𝐭𝐢𝐨𝐧] [No Refill] [𝐒𝐨𝐮𝐫𝐜𝐞 - 𝐒𝐮𝐠𝐠𝐞𝐬𝐭+𝐓𝐫𝐞𝐧𝐝𝐢𝐧𝐠+𝐑𝐚𝐧𝐝𝐨𝐦] [Retention 3-5 Mins] [Speed 5-10K/Day] [INSTANT],112.578,1 000,100 000,No Refill,33 minutes,,,484.0854
8629,YouTube Views - [𝐇𝐢𝐠𝐡 𝐑𝐞𝐭𝐞𝐧𝐭𝐢𝐨𝐧] [No Refill] [𝐒𝐨𝐮𝐫𝐜𝐞 - 𝐍𝐢𝐜𝐡𝐞 / 𝐊𝐞𝐲𝐰𝐨𝐫𝐝 𝐒𝐞𝐚𝐫𝐜𝐡] [Retention 3-5 Mins] [Speed 5-10K/Day] [INSTANT],186.336,1 000,100 000,No Refill,6 hours 54 minutes,,,801.2448
8910,YouTube Views - [𝐔𝐒𝐀 🇺🇸] [𝐇𝐢𝐠𝐡 𝐑𝐞𝐭𝐞𝐧𝐭𝐢𝐨𝐧] [No Refill] [𝐒𝐨𝐮𝐫𝐜𝐞 - 𝐘𝐨𝐮𝐭𝐮𝐛𝐞 𝐒𝐞𝐚𝐫𝐜𝐡 𝐁𝐲 𝐊𝐞𝐲𝐰𝐨𝐫𝐝𝐬] [Retention 3-5 Mins] [Speed 5-10K/Day] [INSTANT],112.578,1 000,100 000,No Refill,5 minutes,,,484.0854
8911,YouTube Views - [𝐔𝐒𝐀 🇺🇸] [𝐇𝐢𝐠𝐡 𝐑𝐞𝐭𝐞𝐧𝐭𝐢𝐨𝐧] [No Refill] [𝐒𝐨𝐮𝐫𝐜𝐞 - 𝐒𝐮𝐠𝐠𝐞𝐬𝐭/𝐒𝐞𝐚𝐫𝐜𝐡/𝐁𝐫𝐨𝐰𝐬𝐞 𝐅𝐞𝐚𝐭𝐮𝐫𝐞𝐬 𝐁𝐲 𝐊𝐞𝐲𝐰𝐨𝐫𝐝𝐬] [Retention 3-5 Mins] [Speed 5-10K/Day] [INSTANT],112.578,1 000,100 000,No Refill,4 minutes,,,484.0854
8912,YouTube Views - [𝐔𝐒𝐀 🇺🇸] [𝐇𝐢𝐠𝐡 𝐑𝐞𝐭𝐞𝐧𝐭𝐢𝐨𝐧] [No Refill] [𝐒𝐨𝐮𝐫𝐜𝐞 - 𝐒𝐮𝐠𝐠𝐞𝐬𝐭/𝐒𝐞𝐚𝐫𝐜𝐡/𝐁𝐫𝐨𝐰𝐬𝐞 𝐅𝐞𝐚𝐭𝐮𝐫𝐞𝐬 𝐁𝐲 𝐊𝐞𝐲𝐰𝐨𝐫𝐝𝐬] [Retention 7-10 Mins] [Speed 5-10K/Day] [INSTANT],221.274,1 000,100 000,No Refill,17 minutes,,,951.4782
8913,YouTube Views - [𝐔𝐒𝐀 🇺🇸] [𝐇𝐢𝐠𝐡 𝐑𝐞𝐭𝐞𝐧𝐭𝐢𝐨𝐧] [No Refill] [𝐒𝐨𝐮𝐫𝐜𝐞 - 𝐒𝐮𝐠𝐠𝐞𝐬𝐭/𝐒𝐞𝐚𝐫𝐜𝐡/𝐁𝐫𝐨𝐰𝐬𝐞 𝐅𝐞𝐚𝐭𝐮𝐫𝐞𝐬 𝐁𝐲 𝐊𝐞𝐲𝐰𝐨𝐫𝐝𝐬] [Retention 15-20 Mins] [Speed 5-10K/Day] [INSTANT],464.546,1 000,100 000,No Refill,22 minutes,,,1997.5478
11604,Youtube Views - [Lifetime Warranty] [USA 🇺🇸] [𝐆𝐄𝐎 - 𝐍𝐚𝐭𝐢𝐯𝐞 𝐄𝐦𝐛𝐞𝐝] [Speed 20-100K/Day] [Real & Non-Drop] [0-3HRS],777.694,5 000,3 000 000,Lifetime Refill,151 hours 23 minutes,,,3344.0842
11615,Youtube Views - [Lifetime Warranty] [Asia] [𝐆𝐄𝐎 - 𝐍𝐚𝐭𝐢𝐯𝐞 𝐄𝐦𝐛𝐞𝐝] [Speed 20-100K/Day] [Real & Non-Drop] [0-3HRS],289.856,20 000,3 000 000,Lifetime Refill,23 minutes,,,1246.3808
11616,Youtube Views - [Lifetime Warranty] [𝐓𝐈𝐄𝐑 𝐎𝐍𝐄 𝐂𝐎𝐔𝐍𝐓𝐑𝐈𝐄𝐒] [𝐆𝐄𝐎 - 𝐍𝐚𝐭𝐢𝐯𝐞 𝐄𝐦𝐛𝐞𝐝] [Speed 20-100K/Day] [Real & Non-Drop] [0-3HRS],762.166,10 000,3 000 000,Lifetime Refill,23 minutes,,,3277.3138
11589,Youtube Views - [Lifetime Warranty] [India 🇮🇳] [𝐆𝐄𝐎 - 𝐍𝐚𝐭𝐢𝐯𝐞 𝐄𝐦𝐛𝐞𝐝] [Speed 20-100K/Day] [Real & Non-Drop] [0-3HRS],252.33,10 000,3 000 000,Lifetime Refill,22 minutes,,,1085.019
11614,Youtube Views - [Lifetime Warranty] [Latin America 🇦🇷] [𝐆𝐄𝐎 - 𝐍𝐚𝐭𝐢𝐯𝐞 𝐄𝐦𝐛𝐞𝐝] [Speed 20-100K/Day] [Real & Non-Drop] [0-3HRS],381.73,10 000,3 000 000,Lifetime Refill,11 minutes,,,1641.439
11590,Youtube Views - [Lifetime Warranty] [Vietnam 🇻🇳] [𝐆𝐄𝐎 - 𝐍𝐚𝐭𝐢𝐯𝐞 𝐄𝐦𝐛𝐞𝐝] [Speed 20-100K/Day] [Real & Non-Drop] [0-3HRS],961.442,10 000,3 000 000,Lifetime Refill,17 minutes,,,4134.2006
11591,Youtube Views - [Lifetime Warranty] [Vietnam 🇻🇳] [𝐆𝐄𝐎 - 𝐍𝐚𝐭𝐢𝐯𝐞 𝐄𝐦𝐛𝐞𝐝] [Speed 20-60K/Day] [Real & Non-Drop] [0-3HRS],564.184,10 000,60 000,Lifetime Refill,23 minutes,,,2425.9912
11593,Youtube Views - [Lifetime Warranty] [South Korea 🇰🇷] [𝐆𝐄𝐎 - 𝐍𝐚𝐭𝐢𝐯𝐞 𝐄𝐦𝐛𝐞𝐝] [Speed 20-100K/Day] [Real & Non-Drop] [0-3HRS],1524.332,10 000,3 000 000,Lifetime Refill,17 minutes,,,6554.6276
11594,Youtube Views - [Lifetime Warranty] [Philippines 🇵🇭] [𝐆𝐄𝐎 - 𝐍𝐚𝐭𝐢𝐯𝐞 𝐄𝐦𝐛𝐞𝐝] [Speed 20-100K/Day] [Real & Non-Drop] [0-3HRS],503.366,10 000,3 000 000,Lifetime Refill,17 minutes,,,2164.4738
11595,Youtube Views - [Lifetime Warranty] [Iraq 🇮🇶] [𝐆𝐄𝐎 - 𝐍𝐚𝐭𝐢𝐯𝐞 𝐄𝐦𝐛𝐞𝐝] [Speed 20-100K/Day] [Real & Non-Drop] [0-3HRS],610.768,10 000,3 000 000,Lifetime Refill,17 minutes,,,2626.3024
11596,Youtube Views - [Lifetime Warranty] [Colombia 🇨🇴] [𝐆𝐄𝐎 - 𝐍𝐚𝐭𝐢𝐯𝐞 𝐄𝐦𝐛𝐞𝐝] [Speed 20-100K/Day] [Real & Non-Drop] [0-3HRS],465.84,10 000,3 000 000,Lifetime Refill,55 minutes,,,2003.112
11597,Youtube Views - [Lifetime Warranty] [Brazil 🇧🇷] [𝐆𝐄𝐎 - 𝐍𝐚𝐭𝐢𝐯𝐞 𝐄𝐦𝐛𝐞𝐝] [Speed 20-100K/Day] [Real & Non-Drop] [0-3HRS],465.84,10 000,3 000 000,Lifetime Refill,55 minutes,,,2003.112
11598,Youtube Views - [Lifetime Warranty] [Indonesia 🇮🇩] [𝐆𝐄𝐎 - 𝐍𝐚𝐭𝐢𝐯𝐞 𝐄𝐦𝐛𝐞𝐝] [Speed 20-100K/Day] [Real & Non-Drop] [0-3HRS],450.312,10 000,3 000 000,Lifetime Refill,33 minutes,,,1936.3416
11599,Youtube Views - [Lifetime Warranty] [Pakistan 🇵🇰] [𝐆𝐄𝐎 - 𝐍𝐚𝐭𝐢𝐯𝐞 𝐄𝐦𝐛𝐞𝐝] [Speed 20-100K/Day] [Real & Non-Drop] [0-3HRS],579.712,10 000,3 000 000,Lifetime Refill,33 minutes,,,2492.7616
11600,Youtube Views - [Lifetime Warranty] [Japan 🇯🇵] [𝐆𝐄𝐎 - 𝐍𝐚𝐭𝐢𝐯𝐞 𝐄𝐦𝐛𝐞𝐝] [Speed 20-100K/Day] [Real & Non-Drop] [0-3HRS],397.258,10 000,3 000 000,Lifetime Refill,23 minutes,,,1708.2094
11601,Youtube Views - [Lifetime Warranty] [Bangladesh 🇧🇩] [𝐆𝐄𝐎 - 𝐍𝐚𝐭𝐢𝐯𝐞 𝐄𝐦𝐛𝐞𝐝] [Speed 20-100K/Day] [Real & Non-Drop] [0-3HRS],465.84,10 000,3 000 000,Lifetime Refill,11 minutes,,,2003.112
11602,Youtube Views - [Lifetime Warranty] [Thailand 🇹🇭] [𝐆𝐄𝐎 - 𝐍𝐚𝐭𝐢𝐯𝐞 𝐄𝐦𝐛𝐞𝐝] [Speed 20-100K/Day] [Real & Non-Drop] [0-3HRS],465.84,10 000,3 000 000,Lifetime Refill,55 minutes,,,2003.112
11603,Youtube Views - [Lifetime Warranty] [Malaysia 🇲🇾] [𝐆𝐄𝐎 - 𝐍𝐚𝐭𝐢𝐯𝐞 𝐄𝐦𝐛𝐞𝐝] [Speed 20-100K/Day] [Real & Non-Drop] [0-3HRS],465.84,10 000,3 000 000,Lifetime Refill,11 minutes,,,2003.112
11605,Youtube Views - [Lifetime Warranty] [France 🇫🇷] [𝐆𝐄𝐎 - 𝐍𝐚𝐭𝐢𝐯𝐞 𝐄𝐦𝐛𝐞𝐝] [Speed 20-100K/Day] [Real & Non-Drop] [0-3HRS],762.166,10 000,3 000 000,Lifetime Refill,16 minutes,,,3277.3138
11606,Youtube Views - [Lifetime Warranty] [Albania 🇦🇱] [𝐆𝐄𝐎 - 𝐍𝐚𝐭𝐢𝐯𝐞 𝐄𝐦𝐛𝐞𝐝] [Speed 20-100K/Day] [Real & Non-Drop] [0-3HRS],687.114,10 000,3 000 000,Lifetime Refill,55 minutes,,,2954.5902
11607,Youtube Views - [Lifetime Warranty] [Mexico 🇲🇽] [𝐆𝐄𝐎 - 𝐍𝐚𝐭𝐢𝐯𝐞 𝐄𝐦𝐛𝐞𝐝] [Speed 20-100K/Day] [Real & Non-Drop] [0-3HRS],640.53,10 000,3 000 000,Lifetime Refill,11 minutes,,,2754.279
11608,Youtube Views - [Lifetime Warranty] [Venezuela 🇻🇪] [𝐆𝐄𝐎 - 𝐍𝐚𝐭𝐢𝐯𝐞 𝐄𝐦𝐛𝐞𝐝] [Speed 20-100K/Day] [Real & Non-Drop] [0-3HRS],465.84,10 000,3 000 000,Lifetime Refill,23 minutes,,,2003.112
11609,Youtube Views - [Lifetime Warranty] [Argentina 🇦🇷] [𝐆𝐄𝐎 - 𝐍𝐚𝐭𝐢𝐯𝐞 𝐄𝐦𝐛𝐞𝐝] [Speed 20-100K/Day] [Real & Non-Drop] [0-3HRS],465.84,10 000,3 000 000,Lifetime Refill,22 minutes,,,2003.112
11610,Youtube Views - [Lifetime Warranty] [Chile 🇨🇱] [𝐆𝐄𝐎 - 𝐍𝐚𝐭𝐢𝐯𝐞 𝐄𝐦𝐛𝐞𝐝] [Speed 20-100K/Day] [Real & Non-Drop] [0-3HRS],495.602,10 000,3 000 000,Lifetime Refill,33 minutes,,,2131.0886
11611,Youtube Views - [Lifetime Warranty] [Uruguay 🇺🇾] [𝐆𝐄𝐎 - 𝐍𝐚𝐭𝐢𝐯𝐞 𝐄𝐦𝐛𝐞𝐝] [Speed 20-100K/Day] [Real & Non-Drop] [0-3HRS],762.166,10 000,3 000 000,Lifetime Refill,11 minutes,,,3277.3138
11612,Youtube Views - [Lifetime Warranty] [Italy 🇮🇹] [𝐆𝐄𝐎 - 𝐍𝐚𝐭𝐢𝐯𝐞 𝐄𝐦𝐛𝐞𝐝] [Speed 20-100K/Day] [Real & Non-Drop] [0-3HRS],442.548,10 000,3 000 000,Lifetime Refill,16 minutes,,,1902.9564
15696,Youtube Views - [Lifetime Warranty] [Dominican 🇩🇴] [𝐆𝐄𝐎 - 𝐍𝐚𝐭𝐢𝐯𝐞 𝐄𝐦𝐛𝐞𝐝] [Speed 20-100K/Day] [Real & Non-Drop] [0-3HRS],762.166,10 000,3 000 000,Lifetime Refill,22 minutes,,,3277.3138
11613,Youtube Views - [Lifetime Warranty] [South America 🇺🇸] [𝐆𝐄𝐎 - 𝐍𝐚𝐭𝐢𝐯𝐞 𝐄𝐦𝐛𝐞𝐝] [Speed 20-100K/Day] [Real & Non-Drop] [0-3HRS],427.02,10 000,3 000 000,Lifetime Refill,23 minutes,,,1836.186
7733,YouTube Views - [Lifetime Warranty] [𝐒𝐨𝐮𝐫𝐜𝐞 - 𝐒𝐮𝐠𝐠𝐞𝐬𝐭𝐞𝐝] [Retention 20-30 Sec] [Speed 5K/Day] [INSTANT],126.812,100,300 000,Lifetime Refill,6 hours 54 minutes,,,545.2916
11909,YouTube Views - [Max 1M] [Lifetime Warranty] [𝐒𝐨𝐮𝐫𝐜𝐞: 𝐒𝐮𝐠𝐠𝐞𝐬𝐭𝐞𝐝] [WorldWide] [Stable] [Speed 5-10K/Day] [INSTANT],120.342,15,500 000 000,Lifetime Refill,32 hours 27 minutes,,,517.4706
6289,YouTube Views - [𝐒𝐨𝐮𝐫𝐜𝐞 - 𝐄𝐱𝐭𝐞𝐫𝐧𝐚𝐥 / 𝐒𝐮𝐠𝐠𝐞𝐬𝐭𝐞𝐝] [Good for Ranking] [Speed 10K/Day] [INSTANT],254.918,100,1 500 000 000,30 Days Refill,13 hours 45 minutes,,,1096.1474
16338,YouTube Views - [𝐒𝐨𝐮𝐫𝐜𝐞 - 𝐄𝐱𝐭𝐞𝐫𝐧𝐚𝐥 / 𝐒𝐮𝐠𝐠𝐞𝐬𝐭𝐞𝐝] [Good for Ranking] [Speed 10K/Day] [INSTANT],254.918,100,1 500 000 000,No Refill,13 hours 25 minutes,,,1096.1474
6283,YouTube Views - [𝐒𝐨𝐮𝐫𝐜𝐞 - 𝐒𝐮𝐠𝐠𝐞𝐬𝐭𝐞𝐝 / 𝐄𝐱𝐭𝐞𝐫𝐧𝐚𝐥 / 𝐃𝐢𝐫𝐞𝐜𝐭] [Good for Ranking] [Speed 50-100K/Day] [INSTANT],245.86,100,15 000 000,30 Days Refill,53 minutes,,,1057.198
13132,YouTube Views - [Lifetime Warranty] [𝐒𝐨𝐮𝐫𝐜𝐞 - 𝐒𝐮𝐠𝐠𝐞𝐬𝐭𝐢𝐨𝐧𝐬 / 𝐄𝐱𝐭𝐞𝐫𝐧𝐚𝐥] [Non-Drop] [Speed 1-5K/Day] [INSTANT],197.982,100,700 000,Lifetime Refill,7 hours 49 minutes,,,851.3226
13133,YouTube Views - [Lifetime Warranty] [𝐒𝐨𝐮𝐫𝐜𝐞 - 𝐒𝐮𝐠𝐠𝐞𝐬𝐭𝐢𝐨𝐧𝐬 / 𝐄𝐱𝐭𝐞𝐫𝐧𝐚𝐥] [Non-Drop] [Speed 200-300K/Day] [INSTANT],231.626,10 000,10 000 001,Lifetime Refill,22 minutes,,,995.9918
15523,🇬🇧 YouTube Video / Shorts Views | UK 🇬🇧 | Lifetime Refill | Speed 10K-25K/Day | 0-6HRS,438.666,1 000,100 000 000,Lifetime Refill,11 minutes,,,1886.2638
15539,🇪🇺 YouTube Video / Shorts Views | Europe 🇪🇺 | Lifetime Refill | Speed 10K-25K/Day | 0-6HRS,438.666,1 000,1 000 000 000,Lifetime Refill,151 hours 17 minutes,,,1886.2638
15524,🇫🇷 YouTube Video / Shorts Views | France 🇫🇷 | Lifetime Refill | Speed 10K-25K/Day | 0-6HRS,438.666,1 000,100 000 000,Lifetime Refill,17 minutes,,,1886.2638
15525,🇷🇺 YouTube Video / Shorts Views | Russia 🇷🇺 | Lifetime Refill | Speed 10K-25K/Day | 0-6HRS,438.666,1 000,10 000 000,Lifetime Refill,55 minutes,,,1886.2638
15526,🇧🇷 YouTube Video / Shorts Views | Brazil 🇧🇷 | Lifetime Refill | Speed 10K-25K/Day | 0-6HRS,438.666,1 000,100 000 000,Lifetime Refill,130 hours 39 minutes,,,1886.2638
15527,🇦🇲 YouTube Video / Shorts Views | Armenia 🇦🇲 | Lifetime Refill | Speed 10K-25K/Day | 0-6HRS,438.666,1 000,10 000 000,Lifetime Refill,33 minutes,,,1886.2638
15528,🇸🇦 YouTube Video / Shorts Views | Arab 🇸🇦 | Lifetime Refill | Speed 10K-25K/Day | 0-6HRS,438.666,1 000,100 000 000,Lifetime Refill,33 minutes,,,1886.2638
15529,🇸🇦 YouTube Video / Shorts Views | Saudi Arabia 🇸🇦 | Lifetime Refill | Speed 10K-25K/Day | 0-6HRS,438.666,1 000,1 000 000 000,Lifetime Refill,33 minutes,,,1886.2638
15530,🇶🇦 YouTube Video / Shorts Views | Qatar 🇶🇦 | Lifetime Refill | Speed 10K-25K/Day | 0-6HRS,438.666,1 000,10 000 000,Lifetime Refill,17 minutes,,,1886.2638
15531,🇲🇦 YouTube Video / Shorts Views | Morocco 🇲🇦 | Lifetime Refill | Speed 10K-25K/Day | 0-6HRS,438.666,1 000,100 000 000,Lifetime Refill,23 minutes,,,1886.2638
15532,🇱🇧 YouTube Video / Shorts Views | Lebanon 🇱🇧 | Lifetime Refill | Speed 10K-25K/Day | 0-6HRS,438.666,1 000,100 000 000,Lifetime Refill,33 minutes,,,1886.2638
15533,🇮🇩 YouTube Video / Shorts Views | Indonesia 🇮🇩 | Lifetime Refill | Speed 10K-25K/Day | 0-6HRS,438.666,1 000,1 000 000 000,Lifetime Refill,11 minutes,,,1886.2638
15534,🇹🇭 YouTube Video / Shorts Views | Thailand 🇹🇭 | Lifetime Refill | Speed 10K-25K/Day | 0-6HRS,438.666,1 000,1 000 000 000,Lifetime Refill,11 minutes,,,1886.2638
15535,🇩🇴 YouTube Video / Shorts Views | Dominican 🇩🇴 | Lifetime Refill | Speed 10K-25K/Day | 0-6HRS,438.666,1 000,100 000 000,Lifetime Refill,55 minutes,,,1886.2638
15536,🇨🇭 YouTube Video / Shorts Views | Switzerland 🇨🇭 | Lifetime Refill | Speed 10K-25K/Day | 0-6HRS,438.666,1 000,1 000 000 000,Lifetime Refill,22 minutes,,,1886.2638
15537,🇹🇳 YouTube Video / Shorts Views | Tunisia 🇹🇳 | Lifetime Refill | Speed 10K-20K/Day | 0-6HRS,438.666,1 000,1 000 000 000,Lifetime Refill,17 minutes,,,1886.2638
15538,🇹🇷 YouTube Video / Shorts Views | Turkey 🇹🇷 | Lifetime Refill | Speed 10K-25K/Day | 0-6HRS,438.666,1 000,100 000 000,Lifetime Refill,16 minutes,,,1886.2638
11802,YouTube Views - [𝐑𝐞𝐚𝐥 𝐀𝐜𝐭𝐢𝐯𝐞 𝐕𝐢𝐞𝐰𝐬] [Lifetime Warranty] [Max 200K] [𝐒𝐨𝐮𝐫𝐜𝐞: 𝐄𝐱𝐭𝐞𝐫𝐧𝐚𝐥] [Non-Drop] [Speed 5-10K/Day] [INSTANT],226.45,100,200 000,Lifetime Refill,9 hours 54 minutes,,,973.735
11823,YouTube Views - RAV™ [𝐑𝐞𝐚𝐥 𝐕𝐢𝐞𝐰𝐬 & 𝐄𝐧𝐠𝐚𝐠𝐞𝐦𝐞𝐧𝐭𝐬] [30 Days Refill] [Max 100K] [𝐍𝐨𝐧-𝐃𝐫𝐨𝐩] [Speed 1-3K/Day] [0-2HRS],241.978,100,100 000,30 Days Refill,22 minutes,,,1040.5054
11806,YouTube Views - [𝐑𝐞𝐚𝐥 𝐀𝐜𝐭𝐢𝐯𝐞 𝐕𝐢𝐞𝐰𝐬] [Lifetime Warranty] [Unlimited] [𝐒𝐨𝐮𝐫𝐜𝐞: 𝐃𝐢𝐫𝐞𝐜𝐭 + 𝐔𝐧𝐤𝐧𝐨𝐰𝐧 + 𝐄𝐱𝐭𝐞𝐫𝐧𝐚𝐥] [Non-Drop] [Speed 50K/Day] [INSTANT],247.154,100,500 000 000,Lifetime Refill,47 hours 52 minutes,,,1062.7622
15540,Youtube Suggest Views By AI | Auto Generate Suggest Views From Videos With Similar Content | USA 🇺🇸 | 1-2 Minutes Retention | 100K/Day | No Refill | 0-5 Mins,120.342,1 000,100 000,No Refill,1 hour 40 minutes,,,517.4706
15541,Youtube Suggest Views By AI | Auto Generate Suggest Views From Videos With Similar Content | USA 🇺🇸 | 2-5 Minutes Retention | 100K/Day | No Refill | 0-5 Mins,196.688,1 000,100 000,No Refill,2 hours 40 minutes,,,845.7584
15542,Youtube Suggest Views By AI | Auto Generate Suggest Views From Videos With Similar Content | USA 🇺🇸 | 7-10 Minutes Retention | 100K/Day | No Refill | 0-5 Mins,345.498,1 000,100 000,No Refill,11 minutes,,,1485.6414
15543,Youtube Suggest Views By AI | Auto Generate Suggest Views From Videos With Similar Content | USA 🇺🇸 | 12-15 Minutes Retention | 100K/Day | No Refill | 0-5 Mins,469.722,1 000,100 000,No Refill,33 minutes,,,2019.8046
15544,Youtube Suggest Views By AI | Auto Generate Suggest Views From Videos With Similar Content | USA 🇺🇸 | 15-20 Minutes Retention | 100K/Day | No Refill | 0-5 Mins,666.41,1 000,100 000,No Refill,22 minutes,,,2865.563
15550,Youtube Suggest Views By AI | Auto Generate Suggest Views From Videos With Similar Content | Vietnam 🇻🇳 | 1-2 Minutes Retention | 100K/Day | No Refill | 0-5 Min,120.342,1 000,100 000,No Refill,16 minutes,,,517.4706
15551,Youtube Suggest Views By AI | Auto Generate Suggest Views From Videos With Similar Content | Vietnam 🇻🇳 | 2-5 Minutes Retention | 100K/Day | No Refill | 0-5 Min,196.688,1 000,100 000,No Refill,23 minutes,,,845.7584
15552,Youtube Suggest Views By AI | Auto Generate Suggest Views From Videos With Similar Content | Vietnam 🇻🇳 | 7-10 Minutes Retention | 100K/Day | No Refill | 0-5 Min,345.498,1 000,100 000,No Refill,16 minutes,,,1485.6414
15553,Youtube Suggest Views By AI | Auto Generate Suggest Views From Videos With Similar Content | Vietnam 🇻🇳 | 12-15 Minutes Retention | 100K/Day | No Refill | 0-5 Min,469.722,1 000,100 000,No Refill,16 minutes,,,2019.8046
15554,Youtube Suggest Views By AI | Auto Generate Suggest Views From Videos With Similar Content | Vietnam 🇻🇳 | 15-20 Minutes Retention | 100K/Day | No Refill | 0-5 Min,666.41,1 000,100 000,No Refill,11 minutes,,,2865.563
15545,Youtube Suggest Views By AI | Auto Generate Suggest Views From Videos With Similar Content | South Korea 🇰🇷 | 1-2 Minutes Retention | 100K/Day | No Refill | 0-5 Min,91.874,1 000,100 000,No Refill,33 minutes,,,395.0582
15546,Youtube Suggest Views By AI | Auto Generate Suggest Views From Videos With Similar Content | South Korea 🇰🇷 | 2-5 Minutes Retention | 100K/Day | No Refill | 0-5 Min,150.104,1 000,100 000,No Refill,11 minutes,,,645.4472
15547,Youtube Suggest Views By AI | Auto Generate Suggest Views From Videos With Similar Content | South Korea 🇰🇷 | 7-10 Minutes Retention | 100K/Day | No Refill | 0-5 Min,344.5922,1 000,100 000,No Refill,11 minutes,,,1481.74646
15548,Youtube Suggest Views By AI | Auto Generate Suggest Views From Videos With Similar Content | South Korea 🇰🇷 | 12-15 Minutes Retention | 100K/Day | No Refill | 0-5 Min,469.722,1 000,100 000,No Refill,16 minutes,,,2019.8046
15549,Youtube Suggest Views By AI | Auto Generate Suggest Views From Videos With Similar Content | South Korea 🇰🇷 | 15-20 Minutes Retention | 100K/Day | No Refill | 0-5 Min,666.41,1 000,100 000,No Refill,22 minutes,,,2865.563
15555,Youtube Suggest Views By AI | Auto Generate Suggest Views From Videos With Similar Content | Japan 🇯🇵 | 1-2 Minutes Retention | 100K/Day | No Refill | 0-5 Min,71.17,1 000,100 000,No Refill,17 minutes,,,306.031
15556,Youtube Suggest Views By AI | Auto Generate Suggest Views From Videos With Similar Content | Japan 🇯🇵 | 2-5 Minutes Retention | 100K/Day | No Refill | 0-5 Min,112.578,1 000,100 000,No Refill,11 minutes,,,484.0854
15557,Youtube Suggest Views By AI | Auto Generate Suggest Views From Videos With Similar Content | Japan 🇯🇵 | 7-10 Minutes Retention | 100K/Day | No Refill | 0-5 Min,161.75,1 000,100 000,No Refill,11 minutes,,,695.525
15558,Youtube Suggest Views By AI | Auto Generate Suggest Views From Videos With Similar Content | Japan 🇯🇵 | 12-15 Minutes Retention | 100K/Day | No Refill | 0-5 Min,469.5926,1 000,100 000,No Refill,16 minutes,,,2019.24818
15559,Youtube Suggest Views By AI | Auto Generate Suggest Views From Videos With Similar Content | Japan 🇯🇵 | 15-20 Minutes Retention | 100K/Day | No Refill | 0-5 Min,666.41,1 000,100 000,No Refill,55 minutes,,,2865.563
7382,YouTube Monetizable Views - [30 Days Refill] [$0.1-$4CPM] [Speed 5-10K/Day] [0-12HRS],296.973,1 000,10 000,30 Days Refill,125 hours 28 minutes,,,1276.9839
3862,YouTube Monetizable Views - [High Retention] [$0.1-3 CPM] [Speed 1-5K/Day] [Retention 2-8 Mins],340.322,1 000,500 000,30 Days Refill,91 hours 34 minutes,,,1463.3846
7770,YouTube Monetizable Short Video Views + Likes - [HR] [Retention 2-8 Mins] [30 Days Refill] [$0.1-$4CPM] [Speed 1-5K/Day] [0-12HRS],288.4326,1 000,6 000,30 Days Refill,55 minutes,,,1240.26018
16062,YouTube 𝐒𝐄𝐎™ Views [𝐖𝐨𝐫𝐥𝐝𝐖𝐢𝐝𝐞 🌎] [𝐋𝐢𝐟𝐞𝐭𝐢𝐦𝐞 𝐑𝐞𝐟𝐢𝐥𝐥 ♻️] [Source: 𝐒𝐞𝐚𝐫𝐜𝐡 𝐁𝐲 𝐊𝐞𝐲𝐰𝐨𝐫𝐝𝐬] [Retention 1-2 Mins] [Speed 20K/Day] [INSTANT],529.246,1 000,1 000 000,Lifetime Refill,9 minutes,,,2275.7578
16064,YouTube 𝐒𝐄𝐎™ Views [𝐖𝐨𝐫𝐥𝐝𝐖𝐢𝐝𝐞 🌎] [𝐋𝐢𝐟𝐞𝐭𝐢𝐦𝐞 𝐑𝐞𝐟𝐢𝐥𝐥 ♻️] [Source: 𝐒𝐞𝐚𝐫𝐜𝐡 𝐁𝐲 𝐊𝐞𝐲𝐰𝐨𝐫𝐝𝐬] [Retention 5-8 Mins] [Speed 20K/Day] [INSTANT],870.862,1 000,10 000 000,Lifetime Refill,11 minutes,,,3744.7066
16063,YouTube 𝐒𝐄𝐎™ Views [𝐖𝐨𝐫𝐥𝐝𝐖𝐢𝐝𝐞 🌎] [𝐋𝐢𝐟𝐞𝐭𝐢𝐦𝐞 𝐑𝐞𝐟𝐢𝐥𝐥 ♻️] [Source: 𝐒𝐞𝐚𝐫𝐜𝐡 𝐁𝐲 𝐊𝐞𝐲𝐰𝐨𝐫𝐝𝐬] [Retention 3-5 Mins] [Speed 20K/Day] [INSTANT],781.576,1 000,1 000 000,Lifetime Refill,16 minutes,,,3360.7768
16069,YouTube 𝐒𝐄𝐎™ Views [𝐔𝐒𝐀 🇺🇸] [𝐋𝐢𝐟𝐞𝐭𝐢𝐦𝐞 𝐑𝐞𝐟𝐢𝐥𝐥 ♻️] [Source: 𝐒𝐞𝐚𝐫𝐜𝐡 𝐁𝐲 𝐊𝐞𝐲𝐰𝐨𝐫𝐝𝐬] [Retention 1-2 Mins] [Speed 20K/Day] [INSTANT],559.008,1 000,1 000 000,Lifetime Refill,16 minutes,,,2403.7344
16071,YouTube 𝐒𝐄𝐎™ Views [𝐔𝐒𝐀 🇺🇸] [𝐋𝐢𝐟𝐞𝐭𝐢𝐦𝐞 𝐑𝐞𝐟𝐢𝐥𝐥 ♻️] [Source: 𝐒𝐞𝐚𝐫𝐜𝐡 𝐁𝐲 𝐊𝐞𝐲𝐰𝐨𝐫𝐝𝐬] [Retention 5-8 Mins] [Speed 20K/Day] [INSTANT],930.386,1 000,1 000 000,Lifetime Refill,22 minutes,,,4000.6598
16070,YouTube 𝐒𝐄𝐎™ Views [𝐔𝐒𝐀 🇺🇸] [𝐋𝐢𝐟𝐞𝐭𝐢𝐦𝐞 𝐑𝐞𝐟𝐢𝐥𝐥 ♻️] [Source: 𝐒𝐞𝐚𝐫𝐜𝐡 𝐁𝐲 𝐊𝐞𝐲𝐰𝐨𝐫𝐝𝐬] [Retention 3-5 Mins] [Speed 20K/Day] [INSTANT],841.1,1 000,1 000 000,Lifetime Refill,22 minutes,,,3616.73
16065,YouTube 𝐒𝐄𝐎™ Views [𝐒𝐨𝐮𝐭𝐡 𝐊𝐨𝐫𝐞𝐚 🇰🇷] [𝐋𝐢𝐟𝐞𝐭𝐢𝐦𝐞 𝐑𝐞𝐟𝐢𝐥𝐥 ♻️] [Source: 𝐒𝐞𝐚𝐫𝐜𝐡 𝐁𝐲 𝐊𝐞𝐲𝐰𝐨𝐫𝐝𝐬] [Retention 1-2 Mins] [Speed 20K/Day] [INSTANT],559.008,1 000,1 000 000,Lifetime Refill,22 minutes,,,2403.7344
16066,YouTube 𝐒𝐄𝐎™ Views [𝐒𝐨𝐮𝐭𝐡 𝐊𝐨𝐫𝐞𝐚 🇰🇷] [𝐋𝐢𝐟𝐞𝐭𝐢𝐦𝐞 𝐑𝐞𝐟𝐢𝐥𝐥 ♻️] [Source: 𝐒𝐞𝐚𝐫𝐜𝐡 𝐁𝐲 𝐊𝐞𝐲𝐰𝐨𝐫𝐝𝐬] [Retention 3-5 Mins] [Speed 20K/Day] [INSTANT],841.1,1 000,1 000 000,Lifetime Refill,22 minutes,,,3616.73
16067,YouTube 𝐒𝐄𝐎™ Views [𝐒𝐨𝐮𝐭𝐡 𝐊𝐨𝐫𝐞𝐚 🇰🇷] [𝐋𝐢𝐟𝐞𝐭𝐢𝐦𝐞 𝐑𝐞𝐟𝐢𝐥𝐥 ♻️] [Source: 𝐒𝐞𝐚𝐫𝐜𝐡 𝐁𝐲 𝐊𝐞𝐲𝐰𝐨𝐫𝐝𝐬] [Retention 5-8 Mins] [Speed 20K/Day] [INSTANT],930.386,1 000,1 000 000,Lifetime Refill,1 hour 45 minutes,,,4000.6598
16077,YouTube 𝐒𝐄𝐎™ Views [𝐉𝐚𝐩𝐚𝐧 🇯🇵] [𝐋𝐢𝐟𝐞𝐭𝐢𝐦𝐞 𝐑𝐞𝐟𝐢𝐥𝐥 ♻️] [Source: 𝐒𝐞𝐚𝐫𝐜𝐡 𝐁𝐲 𝐊𝐞𝐲𝐰𝐨𝐫𝐝𝐬] [Retention 1-2 Mins] [Speed 20K/Day] [INSTANT],559.008,1 000,1 000 000,Lifetime Refill,33 minutes,,,2403.7344
16078,YouTube 𝐒𝐄𝐎™ Views [𝐉𝐚𝐩𝐚𝐧 🇯🇵] [𝐋𝐢𝐟𝐞𝐭𝐢𝐦𝐞 𝐑𝐞𝐟𝐢𝐥𝐥 ♻️] [Source: 𝐒𝐞𝐚𝐫𝐜𝐡 𝐁𝐲 𝐊𝐞𝐲𝐰𝐨𝐫𝐝𝐬] [Retention 3-5 Mins] [Speed 20K/Day] [INSTANT],841.1,1 000,1 000 000,Lifetime Refill,23 minutes,,,3616.73
16079,YouTube 𝐒𝐄𝐎™ Views [𝐉𝐚𝐩𝐚𝐧 🇯🇵] [𝐋𝐢𝐟𝐞𝐭𝐢𝐦𝐞 𝐑𝐞𝐟𝐢𝐥𝐥 ♻️] [Source: 𝐒𝐞𝐚𝐫𝐜𝐡 𝐁𝐲 𝐊𝐞𝐲𝐰𝐨𝐫𝐝𝐬] [Retention 5-8 Mins] [Speed 20K/Day] [INSTANT],930.386,1 000,1 000 000,Lifetime Refill,33 minutes,,,4000.6598
16073,YouTube 𝐒𝐄𝐎™ Views [𝐕𝐢𝐞𝐭𝐧𝐚𝐦 🇻🇳] [𝐋𝐢𝐟𝐞𝐭𝐢𝐦𝐞 𝐑𝐞𝐟𝐢𝐥𝐥 ♻️] [Source: 𝐒𝐞𝐚𝐫𝐜𝐡 𝐁𝐲 𝐊𝐞𝐲𝐰𝐨𝐫𝐝𝐬] [Retention 1-2 Mins] [Speed 20K/Day] [INSTANT],559.008,1 000,1 000 000,Lifetime Refill,55 minutes,,,2403.7344
16074,YouTube 𝐒𝐄𝐎™ Views [𝐕𝐢𝐞𝐭𝐧𝐚𝐦 🇻🇳] [𝐋𝐢𝐟𝐞𝐭𝐢𝐦𝐞 𝐑𝐞𝐟𝐢𝐥𝐥 ♻️] [Source: 𝐒𝐞𝐚𝐫𝐜𝐡 𝐁𝐲 𝐊𝐞𝐲𝐰𝐨𝐫𝐝𝐬] [Retention 3-5 Mins] [Speed 20K/Day] [INSTANT],841.1,1 000,1 000 000,Lifetime Refill,11 minutes,,,3616.73
16075,YouTube 𝐒𝐄𝐎™ Views [𝐕𝐢𝐞𝐭𝐧𝐚𝐦 🇻🇳] [𝐋𝐢𝐟𝐞𝐭𝐢𝐦𝐞 𝐑𝐞𝐟𝐢𝐥𝐥 ♻️] [Source: 𝐒𝐞𝐚𝐫𝐜𝐡 𝐁𝐲 𝐊𝐞𝐲𝐰𝐨𝐫𝐝𝐬] [Retention 5-8 Mins] [Speed 20K/Day] [INSTANT],930.386,1 000,1 000 000,Lifetime Refill,33 minutes,,,4000.6598
17104,YouTube 𝐒𝐄𝐎™ Views | USA 🇺🇸 | Retention: 1-2 Minutes | 100K/Day | Works on all videos | Source: 𝐘𝐨𝐮𝐓𝐮𝐛𝐞 𝐒𝐞𝐚𝐫𝐜𝐡 𝐁𝐲 𝐊𝐞𝐲𝐰𝐨𝐫𝐝𝐬 | No Refill ⛔ | Instant,65.994,1 000,100 000,No Refill,3 minutes,,,283.7742
17105,YouTube 𝐒𝐄𝐎™ Views | USA 🇺🇸 | Retention: 3-5 Minutes | 100K/Day | Works on all videos | Source: 𝐘𝐨𝐮𝐓𝐮𝐛𝐞 𝐒𝐞𝐚𝐫𝐜𝐡 𝐁𝐲 𝐊𝐞𝐲𝐰𝐨𝐫𝐝𝐬 | No Refill ⛔ | Instant,112.578,1 000,100 000,No Refill,6 minutes,,,484.0854
17106,YouTube 𝐒𝐄𝐎™ Views | USA 🇺🇸 | Retention: 7-10 Minutes | 100K/Day | Works on all videos | Source: 𝐘𝐨𝐮𝐓𝐮𝐛𝐞 𝐒𝐞𝐚𝐫𝐜𝐡 𝐁𝐲 𝐊𝐞𝐲𝐰𝐨𝐫𝐝𝐬 | No Refill ⛔ | Instant,221.274,1 000,100 000,No Refill,17 minutes,,,951.4782
17107,YouTube 𝐒𝐄𝐎™ Views | USA 🇺🇸 | Retention: 12-15 Minutes | 100K/Day | Works on all videos | Source: 𝐘𝐨𝐮𝐓𝐮𝐛𝐞 𝐒𝐞𝐚𝐫𝐜𝐡 𝐁𝐲 𝐊𝐞𝐲𝐰𝐨𝐫𝐝𝐬 | No Refill ⛔ | Instant,309.266,1 000,100 000,No Refill,33 minutes,,,1329.8438
17108,YouTube 𝐒𝐄𝐎™ Views | USA 🇺🇸 | Retention: 15-20 Minutes | 100K/Day | Works on all videos | Source: 𝐘𝐨𝐮𝐓𝐮𝐛𝐞 𝐒𝐞𝐚𝐫𝐜𝐡 𝐁𝐲 𝐊𝐞𝐲𝐰𝐨𝐫𝐝𝐬 | No Refill ⛔ | Instant,464.546,1 000,100 000,No Refill,16 minutes,,,1997.5478
17632,------------------------------------------------------------------------------,317218.924,1 000,1 000,No Refill,16 minutes,,,1364041.373
17110,YouTube 𝐒𝐄𝐎™ Views | USA 🇺🇸 | Retention: 1-2 Minutes | 100K/Day | Works on all videos | Source: 𝐘𝐨𝐮𝐓𝐮𝐛𝐞 𝐑𝐚𝐧𝐝𝐨𝐦 (𝐒𝐮𝐠𝐠𝐞𝐬𝐭 + 𝐒𝐞𝐚𝐫𝐜𝐡 + 𝐁𝐫𝐨𝐰𝐬𝐞 𝐅𝐞𝐚𝐭𝐮𝐫𝐞𝐬) 𝐁𝐲 𝐊𝐞𝐲𝐰𝐨𝐫𝐝𝐬 | No Refill ⛔ | Instant,65.994,1 000,100 000,No Refill,4 minutes,,,283.7742
17111,YouTube 𝐒𝐄𝐎™ Views | USA 🇺🇸 | Retention: 3-5 Minutes | 100K/Day | Works on all videos | Source: 𝐘𝐨𝐮𝐓𝐮𝐛𝐞 𝐑𝐚𝐧𝐝𝐨𝐦 (𝐒𝐮𝐠𝐠𝐞𝐬𝐭 + 𝐒𝐞𝐚𝐫𝐜𝐡 + 𝐁𝐫𝐨𝐰𝐬𝐞 𝐅𝐞𝐚𝐭𝐮𝐫𝐞𝐬) 𝐁𝐲 𝐊𝐞𝐲𝐰𝐨𝐫𝐝𝐬 | No Refill ⛔ | Instant,112.578,1 000,100 000,No Refill,33 minutes,,,484.0854
17112,YouTube 𝐒𝐄𝐎™ Views | USA 🇺🇸 | Retention: 7-10 Minutes | 100K/Day | Works on all videos | Source: 𝐘𝐨𝐮𝐓𝐮𝐛𝐞 𝐑𝐚𝐧𝐝𝐨𝐦 (𝐒𝐮𝐠𝐠𝐞𝐬𝐭 + 𝐒𝐞𝐚𝐫𝐜𝐡 + 𝐁𝐫𝐨𝐰𝐬𝐞 𝐅𝐞𝐚𝐭𝐮𝐫𝐞𝐬) 𝐁𝐲 𝐊𝐞𝐲𝐰𝐨𝐫𝐝𝐬 | No Refill ⛔ | Instant,221.274,1 000,100 000,No Refill,11 minutes,,,951.4782
17113,YouTube 𝐒𝐄𝐎™ Views | USA 🇺🇸 | Retention: 12-15 Minutes | 100K/Day | Works on all videos | Source: 𝐘𝐨𝐮𝐓𝐮𝐛𝐞 𝐑𝐚𝐧𝐝𝐨𝐦 (𝐒𝐮𝐠𝐠𝐞𝐬𝐭 + 𝐒𝐞𝐚𝐫𝐜𝐡 + 𝐁𝐫𝐨𝐰𝐬𝐞 𝐅𝐞𝐚𝐭𝐮𝐫𝐞𝐬) 𝐁𝐲 𝐊𝐞𝐲𝐰𝐨𝐫𝐝𝐬 | No Refill ⛔ | Instant,309.266,1 000,100 000,No Refill,22 minutes,,,1329.8438
17114,YouTube 𝐒𝐄𝐎™ Views | USA 🇺🇸 | Retention: 15-20 Minutes | 100K/Day | Works on all videos | Source: 𝐘𝐨𝐮𝐓𝐮𝐛𝐞 𝐑𝐚𝐧𝐝𝐨𝐦 (𝐒𝐮𝐠𝐠𝐞𝐬𝐭 + 𝐒𝐞𝐚𝐫𝐜𝐡 + 𝐁𝐫𝐨𝐰𝐬𝐞 𝐅𝐞𝐚𝐭𝐮𝐫𝐞𝐬) 𝐁𝐲 𝐊𝐞𝐲𝐰𝐨𝐫𝐝𝐬 | No Refill ⛔ | Instant,464.546,1 000,100 000,No Refill,18 minutes,,,1997.5478
17103,------------------------------------------------------------------------------,317218.924,1 000,1 000,No Refill,23 minutes,,,1364041.373
17086,YouTube 𝐒𝐄𝐎™ Views | USA 🇺🇸 | Retention: 1-2 Minutes | 100K/Day | Works on all videos | Source: 𝐘𝐨𝐮𝐓𝐮𝐛𝐞 𝐒𝐞𝐚𝐫𝐜𝐡 / 𝐁𝐫𝐨𝐰𝐬𝐞𝐫 𝐅𝐞𝐚𝐭𝐮𝐫𝐞𝐬 | No Refill ⛔ | Instant,67.288,1 000,100 000,No Refill,3 minutes,,,289.3384
17087,YouTube 𝐒𝐄𝐎™ Views | USA 🇺🇸 | Retention: 3-5 Minutes | 100K/Day | Works on all videos | Source: 𝐘𝐨𝐮𝐓𝐮𝐛𝐞 𝐒𝐞𝐚𝐫𝐜𝐡 / 𝐁𝐫𝐨𝐰𝐬𝐞𝐫 𝐅𝐞𝐚𝐭𝐮𝐫𝐞𝐬 | No Refill ⛔ | Instant,113.872,1 000,100 000,No Refill,6 minutes,,,489.6496
17088,YouTube 𝐒𝐄𝐎™ Views | USA 🇺🇸 | Retention: 7-10 Minutes | 100K/Day | Works on all videos | Source: 𝐘𝐨𝐮𝐓𝐮𝐛𝐞 𝐒𝐞𝐚𝐫𝐜𝐡 / 𝐁𝐫𝐨𝐰𝐬𝐞𝐫 𝐅𝐞𝐚𝐭𝐮𝐫𝐞𝐬 | No Refill ⛔ | Instant,225.156,1 000,100 000,No Refill,55 minutes,,,968.1708
17089,YouTube 𝐒𝐄𝐎™ Views | USA 🇺🇸 | Retention: 12-15 Minutes | 100K/Day | Works on all videos | Source: 𝐘𝐨𝐮𝐓𝐮𝐛𝐞 𝐒𝐞𝐚𝐫𝐜𝐡 / 𝐁𝐫𝐨𝐰𝐬𝐞𝐫 𝐅𝐞𝐚𝐭𝐮𝐫𝐞𝐬 | No Refill ⛔ | Instant,314.442,1 000,100 000,No Refill,22 minutes,,,1352.1006
17090,YouTube 𝐒𝐄𝐎™ Views | USA 🇺🇸 | Retention: 15-20 Minutes | 100K/Day | Works on all videos | Source: 𝐘𝐨𝐮𝐓𝐮𝐛𝐞 𝐒𝐞𝐚𝐫𝐜𝐡 / 𝐁𝐫𝐨𝐰𝐬𝐞𝐫 𝐅𝐞𝐚𝐭𝐮𝐫𝐞𝐬 | No Refill ⛔ | Instant,464.546,1 000,100 000,No Refill,22 minutes,,,1997.5478
17091,------------------------------------------------------------------------------,317218.924,1 000,1 000,No Refill,23 minutes,,,1364041.373
17092,YouTube 𝐒𝐄𝐎™ Views | USA 🇺🇸 | Retention: 1-2 Minutes | 100K/Day | Works on all videos | Source: 𝐘𝐨𝐮𝐓𝐮𝐛𝐞 𝐒𝐮𝐠𝐠𝐞𝐬𝐭 ( 𝐓𝐫𝐞𝐧𝐝𝐢𝐧𝐠 + 𝐑𝐚𝐧𝐝𝐨𝐦 ) | No Refill ⛔ | Instant,65.994,1 000,100 000,No Refill,5 minutes,,,283.7742
17093,YouTube 𝐒𝐄𝐎™ Views | USA 🇺🇸 | Retention: 3-5 Minutes | 100K/Day | Works on all videos | Source: 𝐘𝐨𝐮𝐓𝐮𝐛𝐞 𝐒𝐮𝐠𝐠𝐞𝐬𝐭 ( 𝐓𝐫𝐞𝐧𝐝𝐢𝐧𝐠 + 𝐑𝐚𝐧𝐝𝐨𝐦 ) | No Refill ⛔ | Instant,112.578,1 000,100 000,No Refill,55 minutes,,,484.0854
17094,YouTube 𝐒𝐄𝐎™ Views | USA 🇺🇸 | Retention: 7-10 Minutes | 100K/Day | Works on all videos | Source: 𝐘𝐨𝐮𝐓𝐮𝐛𝐞 𝐒𝐮𝐠𝐠𝐞𝐬𝐭 ( 𝐓𝐫𝐞𝐧𝐝𝐢𝐧𝐠 + 𝐑𝐚𝐧𝐝𝐨𝐦 ) | No Refill ⛔ | Instant,221.274,1 000,100 000,No Refill,16 minutes,,,951.4782
17095,YouTube 𝐒𝐄𝐎™ Views | USA 🇺🇸 | Retention: 12-15 Minutes | 100K/Day | Works on all videos | Source: 𝐘𝐨𝐮𝐓𝐮𝐛𝐞 𝐒𝐮𝐠𝐠𝐞𝐬𝐭 ( 𝐓𝐫𝐞𝐧𝐝𝐢𝐧𝐠 + 𝐑𝐚𝐧𝐝𝐨𝐦 ) | No Refill ⛔ | Instant,309.266,1 000,100 000,No Refill,22 minutes,,,1329.8438
17096,YouTube 𝐒𝐄𝐎™ Views | USA 🇺🇸 | Retention: 15-20 Minutes | 100K/Day | Works on all videos | Source: 𝐘𝐨𝐮𝐓𝐮𝐛𝐞 𝐒𝐮𝐠𝐠𝐞𝐬𝐭 ( 𝐓𝐫𝐞𝐧𝐝𝐢𝐧𝐠 + 𝐑𝐚𝐧𝐝𝐨𝐦 ) | No Refill ⛔ | Instant,464.546,1 000,100 000,No Refill,22 minutes,,,1997.5478
17097,------------------------------------------------------------------------------,129400,1 000,100 000,No Refill,55 minutes,,,556420
17098,YouTube 𝐒𝐄𝐎™ Views | USA 🇺🇸 | Retention: 1-2 Minutes | 100K/Day | Works on all videos | Source: 𝐘𝐨𝐮𝐓𝐮𝐛𝐞 𝐑𝐚𝐧𝐝𝐨𝐦 ( 𝐒𝐮𝐠𝐠𝐞𝐬𝐭 + 𝐒𝐞𝐚𝐫𝐜𝐡 + 𝐁𝐫𝐨𝐰𝐬𝐞 𝐅𝐞𝐚𝐭𝐮𝐫𝐞𝐬 ) | No Refill ⛔ | Instant,65.994,1 000,100 000,No Refill,55 minutes,,,283.7742
17099,YouTube 𝐒𝐄𝐎™ Views | USA 🇺🇸 | Retention: 3-5 Minutes | 100K/Day | Works on all videos | Source: 𝐘𝐨𝐮𝐓𝐮𝐛𝐞 𝐑𝐚𝐧𝐝𝐨𝐦 ( 𝐒𝐮𝐠𝐠𝐞𝐬𝐭 + 𝐒𝐞𝐚𝐫𝐜𝐡 + 𝐁𝐫𝐨𝐰𝐬𝐞 𝐅𝐞𝐚𝐭𝐮𝐫𝐞𝐬 ) | No Refill ⛔ | Instant,112.578,1 000,100 000,No Refill,22 minutes,,,484.0854
17100,YouTube 𝐒𝐄𝐎™ Views | USA 🇺🇸 | Retention: 7-10 Minutes | 100K/Day | Works on all videos | Source: 𝐘𝐨𝐮𝐓𝐮𝐛𝐞 𝐑𝐚𝐧𝐝𝐨𝐦 ( 𝐒𝐮𝐠𝐠𝐞𝐬𝐭 + 𝐒𝐞𝐚𝐫𝐜𝐡 + 𝐁𝐫𝐨𝐰𝐬𝐞 𝐅𝐞𝐚𝐭𝐮𝐫𝐞𝐬 ) | No Refill ⛔ | Instant,221.274,1 000,100 000,No Refill,55 minutes,,,951.4782
17101,YouTube 𝐒𝐄𝐎™ Views | USA 🇺🇸 | Retention: 12-15 Minutes | 100K/Day | Works on all videos | Source: 𝐘𝐨𝐮𝐓𝐮𝐛𝐞 𝐑𝐚𝐧𝐝𝐨𝐦 ( 𝐒𝐮𝐠𝐠𝐞𝐬𝐭 + 𝐒𝐞𝐚𝐫𝐜𝐡 + 𝐁𝐫𝐨𝐰𝐬𝐞 𝐅𝐞𝐚𝐭𝐮𝐫𝐞𝐬 ) | No Refill ⛔ | Instant,309.266,1 000,100 000,No Refill,33 minutes,,,1329.8438
17102,YouTube 𝐒𝐄𝐎™ Views | USA 🇺🇸 | Retention: 15-20 Minutes | 100K/Day | Works on all videos | Source: 𝐘𝐨𝐮𝐓𝐮𝐛𝐞 𝐑𝐚𝐧𝐝𝐨𝐦 ( 𝐒𝐮𝐠𝐠𝐞𝐬𝐭 + 𝐒𝐞𝐚𝐫𝐜𝐡 + 𝐁𝐫𝐨𝐰𝐬𝐞 𝐅𝐞𝐚𝐭𝐮𝐫𝐞𝐬 ) | No Refill ⛔ | Instant,464.546,1 000,100 000,No Refill,11 minutes,,,1997.5478
17133,YouTube 𝐒𝐄𝐎™ Views | Vietnam 🇻🇳 | Retention: 1-2 Minutes | 100K/Day | Works on all videos | Source: 𝐘𝐨𝐮𝐓𝐮𝐛𝐞 𝐒𝐞𝐚𝐫𝐜𝐡 𝐁𝐲 𝐊𝐞𝐲𝐰𝐨𝐫𝐝𝐬 | No Refill ⛔ | Instant,65.994,1 000,100 000,No Refill,22 minutes,,,283.7742
17134,YouTube 𝐒𝐄𝐎™ Views | Vietnam 🇻🇳 | Retention: 3-5 Minutes | 100K/Day | Works on all videos | Source: 𝐘𝐨𝐮𝐓𝐮𝐛𝐞 𝐒𝐞𝐚𝐫𝐜𝐡 𝐁𝐲 𝐊𝐞𝐲𝐰𝐨𝐫𝐝𝐬 | No Refill ⛔ | Instant,112.578,1 000,100 000,No Refill,23 minutes,,,484.0854
17135,YouTube 𝐒𝐄𝐎™ Views | Vietnam 🇻🇳 | Retention: 7-10 Minutes | 100K/Day | Works on all videos | Source: 𝐘𝐨𝐮𝐓𝐮𝐛𝐞 𝐒𝐞𝐚𝐫𝐜𝐡 𝐁𝐲 𝐊𝐞𝐲𝐰𝐨𝐫𝐝𝐬 | No Refill ⛔ | Instant,221.274,1 000,100 000,No Refill,16 minutes,,,951.4782
17136,YouTube 𝐒𝐄𝐎™ Views | Vietnam 🇻🇳 | Retention: 12-15 Minutes | 100K/Day | Works on all videos | Source: 𝐘𝐨𝐮𝐓𝐮𝐛𝐞 𝐒𝐞𝐚𝐫𝐜𝐡 𝐁𝐲 𝐊𝐞𝐲𝐰𝐨𝐫𝐝𝐬 | No Refill ⛔ | Instant,309.266,1 000,100 000,No Refill,16 minutes,,,1329.8438
17137,YouTube 𝐒𝐄𝐎™ Views | Vietnam 🇻🇳 | Retention: 15-20 Minutes | 100K/Day | Works on all videos | Source: 𝐘𝐨𝐮𝐓𝐮𝐛𝐞 𝐒𝐞𝐚𝐫𝐜𝐡 𝐁𝐲 𝐊𝐞𝐲𝐰𝐨𝐫𝐝𝐬 | No Refill ⛔ | Instant,464.546,1 000,100 000,No Refill,17 minutes,,,1997.5478
17138,------------------------------------------------------------------------------,317218.924,1 000,1 000,No Refill,11 minutes,,,1364041.373
17139,YouTube 𝐒𝐄𝐎™ Views | Vietnam 🇻🇳 | Retention: 1-2 Minutes | 100K/Day | Works on all videos | Source: 𝐘𝐨𝐮𝐓𝐮𝐛𝐞 𝐑𝐚𝐧𝐝𝐨𝐦 (𝐒𝐮𝐠𝐠𝐞𝐬𝐭 + 𝐒𝐞𝐚𝐫𝐜𝐡 + 𝐁𝐫𝐨𝐰𝐬𝐞 𝐅𝐞𝐚𝐭𝐮𝐫𝐞𝐬) 𝐁𝐲 𝐊𝐞𝐲𝐰𝐨𝐫𝐝𝐬 | No Refill ⛔ | Instant,65.994,1 000,100 000,No Refill,22 minutes,,,283.7742
17140,YouTube 𝐒𝐄𝐎™ Views | Vietnam 🇻🇳 | Retention: 3-5 Minutes | 100K/Day | Works on all videos | Source: 𝐘𝐨𝐮𝐓𝐮𝐛𝐞 𝐑𝐚𝐧𝐝𝐨𝐦 (𝐒𝐮𝐠𝐠𝐞𝐬𝐭 + 𝐒𝐞𝐚𝐫𝐜𝐡 + 𝐁𝐫𝐨𝐰𝐬𝐞 𝐅𝐞𝐚𝐭𝐮𝐫𝐞𝐬) 𝐁𝐲 𝐊𝐞𝐲𝐰𝐨𝐫𝐝𝐬 | No Refill ⛔ | Instant,112.578,1 000,100 000,No Refill,22 minutes,,,484.0854
17141,YouTube 𝐒𝐄𝐎™ Views | Vietnam 🇻🇳 | Retention: 7-10 Minutes | 100K/Day | Works on all videos | Source: 𝐘𝐨𝐮𝐓𝐮𝐛𝐞 𝐑𝐚𝐧𝐝𝐨𝐦 (𝐒𝐮𝐠𝐠𝐞𝐬𝐭 + 𝐒𝐞𝐚𝐫𝐜𝐡 + 𝐁𝐫𝐨𝐰𝐬𝐞 𝐅𝐞𝐚𝐭𝐮𝐫𝐞𝐬) 𝐁𝐲 𝐊𝐞𝐲𝐰𝐨𝐫𝐝𝐬 | No Refill ⛔ | Instant,221.274,1 000,100 000,No Refill,55 minutes,,,951.4782
17142,YouTube 𝐒𝐄𝐎™ Views | Vietnam 🇻🇳 | Retention: 12-15 Minutes | 100K/Day | Works on all videos | Source: 𝐘𝐨𝐮𝐓𝐮𝐛𝐞 𝐑𝐚𝐧𝐝𝐨𝐦 (𝐒𝐮𝐠𝐠𝐞𝐬𝐭 + 𝐒𝐞𝐚𝐫𝐜𝐡 + 𝐁𝐫𝐨𝐰𝐬𝐞 𝐅𝐞𝐚𝐭𝐮𝐫𝐞𝐬) 𝐁𝐲 𝐊𝐞𝐲𝐰𝐨𝐫𝐝𝐬 | No Refill ⛔ | Instant,309.266,1 000,100 000,No Refill,33 minutes,,,1329.8438
17143,YouTube 𝐒𝐄𝐎™ Views | Vietnam 🇻🇳 | Retention: 15-20 Minutes | 100K/Day | Works on all videos | Source: 𝐘𝐨𝐮𝐓𝐮𝐛𝐞 𝐑𝐚𝐧𝐝𝐨𝐦 (𝐒𝐮𝐠𝐠𝐞𝐬𝐭 + 𝐒𝐞𝐚𝐫𝐜𝐡 + 𝐁𝐫𝐨𝐰𝐬𝐞 𝐅𝐞𝐚𝐭𝐮𝐫𝐞𝐬) 𝐁𝐲 𝐊𝐞𝐲𝐰𝐨𝐫𝐝𝐬 | No Refill ⛔ | Instant,464.546,1 000,100 000,No Refill,23 minutes,,,1997.5478
17633,------------------------------------------------------------------------------,317218.924,1 000,1 000,No Refill,33 minutes,,,1364041.373
17115,YouTube 𝐒𝐄𝐎™ Views | Vietnam 🇻🇳 | Retention: 1-2 Minutes | 100K/Day | Works on all videos | Source: 𝐘𝐨𝐮𝐓𝐮𝐛𝐞 𝐒𝐞𝐚𝐫𝐜𝐡 / 𝐁𝐫𝐨𝐰𝐬𝐞𝐫 𝐅𝐞𝐚𝐭𝐮𝐫𝐞𝐬 | No Refill ⛔ | Instant,65.994,1 000,100 000,No Refill,23 minutes,,,283.7742
17116,YouTube 𝐒𝐄𝐎™ Views | Vietnam 🇻🇳 | Retention: 3-5 Minutes | 100K/Day | Works on all videos | Source: 𝐘𝐨𝐮𝐓𝐮𝐛𝐞 𝐒𝐞𝐚𝐫𝐜𝐡 / 𝐁𝐫𝐨𝐰𝐬𝐞𝐫 𝐅𝐞𝐚𝐭𝐮𝐫𝐞𝐬 | No Refill ⛔ | Instant,112.578,1 000,100 000,No Refill,23 minutes,,,484.0854
17117,YouTube 𝐒𝐄𝐎™ Views | Vietnam 🇻🇳 | Retention: 7-10 Minutes | 100K/Day | Works on all videos | Source: 𝐘𝐨𝐮𝐓𝐮𝐛𝐞 𝐒𝐞𝐚𝐫𝐜𝐡 / 𝐁𝐫𝐨𝐰𝐬𝐞𝐫 𝐅𝐞𝐚𝐭𝐮𝐫𝐞𝐬 | No Refill ⛔ | Instant,221.274,1 000,100 000,No Refill,16 minutes,,,951.4782
17118,YouTube 𝐒𝐄𝐎™ Views | Vietnam 🇻🇳 | Retention: 12-15 Minutes | 100K/Day | Works on all videos | Source: 𝐘𝐨𝐮𝐓𝐮𝐛𝐞 𝐒𝐞𝐚𝐫𝐜𝐡 / 𝐁𝐫𝐨𝐰𝐬𝐞𝐫 𝐅𝐞𝐚𝐭𝐮𝐫𝐞𝐬 | No Refill ⛔ | Instant,309.266,1 000,100 000,No Refill,16 minutes,,,1329.8438
17119,YouTube 𝐒𝐄𝐎™ Views | Vietnam 🇻🇳 | Retention: 15-20 Minutes | 100K/Day | Works on all videos | Source: 𝐘𝐨𝐮𝐓𝐮𝐛𝐞 𝐒𝐞𝐚𝐫𝐜𝐡 / 𝐁𝐫𝐨𝐰𝐬𝐞𝐫 𝐅𝐞𝐚𝐭𝐮𝐫𝐞𝐬 | No Refill ⛔ | Instant,464.546,1 000,100 000,No Refill,33 minutes,,,1997.5478
17120,------------------------------------------------------------------------------,317218.924,1 000,1 000,No Refill,17 minutes,,,1364041.373
17121,YouTube 𝐒𝐄𝐎™ Views | Vietnam 🇻🇳 | Retention: 1-2 Minutes | 100K/Day | Works on all videos | Source: 𝐘𝐨𝐮𝐓𝐮𝐛𝐞 𝐒𝐮𝐠𝐠𝐞𝐬𝐭 ( 𝐓𝐫𝐞𝐧𝐝𝐢𝐧𝐠 + 𝐑𝐚𝐧𝐝𝐨𝐦 ) | No Refill ⛔ | Instant,65.994,1 000,100 000,No Refill,11 minutes,,,283.7742
17122,YouTube 𝐒𝐄𝐎™ Views | Vietnam 🇻🇳 | Retention: 3-5 Minutes | 100K/Day | Works on all videos | Source: 𝐘𝐨𝐮𝐓𝐮𝐛𝐞 𝐒𝐮𝐠𝐠𝐞𝐬𝐭 ( 𝐓𝐫𝐞𝐧𝐝𝐢𝐧𝐠 + 𝐑𝐚𝐧𝐝𝐨𝐦 ) | No Refill ⛔ | Instant,112.578,1 000,100 000,No Refill,22 minutes,,,484.0854
17123,YouTube 𝐒𝐄𝐎™ Views | Vietnam 🇻🇳 | Retention: 7-10 Minutes | 100K/Day | Works on all videos | Source: 𝐘𝐨𝐮𝐓𝐮𝐛𝐞 𝐒𝐮𝐠𝐠𝐞𝐬𝐭 ( 𝐓𝐫𝐞𝐧𝐝𝐢𝐧𝐠 + 𝐑𝐚𝐧𝐝𝐨𝐦 ) | No Refill ⛔ | Instant,221.274,1 000,100 000,No Refill,17 minutes,,,951.4782
17124,YouTube 𝐒𝐄𝐎™ Views | Vietnam 🇻🇳 | Retention: 12-15 Minutes | 100K/Day | Works on all videos | Source: 𝐘𝐨𝐮𝐓𝐮𝐛𝐞 𝐒𝐮𝐠𝐠𝐞𝐬𝐭 ( 𝐓𝐫𝐞𝐧𝐝𝐢𝐧𝐠 + 𝐑𝐚𝐧𝐝𝐨𝐦 ) | No Refill ⛔ | Instant,309.266,1 000,100 000,No Refill,22 minutes,,,1329.8438
17125,YouTube 𝐒𝐄𝐎™ Views | Vietnam 🇻🇳 | Retention: 15-20 Minutes | 100K/Day | Works on all videos | Source: 𝐘𝐨𝐮𝐓𝐮𝐛𝐞 𝐒𝐮𝐠𝐠𝐞𝐬𝐭 ( 𝐓𝐫𝐞𝐧𝐝𝐢𝐧𝐠 + 𝐑𝐚𝐧𝐝𝐨𝐦 ) | No Refill ⛔ | Instant,464.546,1 000,100 000,No Refill,23 minutes,,,1997.5478
17126,------------------------------------------------------------------------------,317218.924,1 000,1 000,No Refill,11 minutes,,,1364041.373
17127,YouTube 𝐒𝐄𝐎™ Views | Vietnam 🇻🇳 | Retention: 1-2 Minutes | 100K/Day | Works on all videos | Source: 𝐘𝐨𝐮𝐓𝐮𝐛𝐞 𝐑𝐚𝐧𝐝𝐨𝐦 ( 𝐒𝐮𝐠𝐠𝐞𝐬𝐭 + 𝐒𝐞𝐚𝐫𝐜𝐡 + 𝐁𝐫𝐨𝐰𝐬𝐞 𝐅𝐞𝐚𝐭𝐮𝐫𝐞𝐬 ) | No Refill ⛔ | Instant,65.994,1 000,100 000,No Refill,33 minutes,,,283.7742
17128,YouTube 𝐒𝐄𝐎™ Views | Vietnam 🇻🇳 | Retention: 3-5 Minutes | 100K/Day | Works on all videos | Source: 𝐘𝐨𝐮𝐓𝐮𝐛𝐞 𝐑𝐚𝐧𝐝𝐨𝐦 ( 𝐒𝐮𝐠𝐠𝐞𝐬𝐭 + 𝐒𝐞𝐚𝐫𝐜𝐡 + 𝐁𝐫𝐨𝐰𝐬𝐞 𝐅𝐞𝐚𝐭𝐮𝐫𝐞𝐬 ) | No Refill ⛔ | Instant,112.578,1 000,100 000,No Refill,17 minutes,,,484.0854
17129,YouTube 𝐒𝐄𝐎™ Views | Vietnam 🇻🇳 | Retention: 7-10 Minutes | 100K/Day | Works on all videos | Source: 𝐘𝐨𝐮𝐓𝐮𝐛𝐞 𝐑𝐚𝐧𝐝𝐨𝐦 ( 𝐒𝐮𝐠𝐠𝐞𝐬𝐭 + 𝐒𝐞𝐚𝐫𝐜𝐡 + 𝐁𝐫𝐨𝐰𝐬𝐞 𝐅𝐞𝐚𝐭𝐮𝐫𝐞𝐬 ) | No Refill ⛔ | Instant,221.274,1 000,100 000,No Refill,23 minutes,,,951.4782
17130,YouTube 𝐒𝐄𝐎™ Views | Vietnam 🇻🇳 | Retention: 12-15 Minutes | 100K/Day | Works on all videos | Source: 𝐘𝐨𝐮𝐓𝐮𝐛𝐞 𝐑𝐚𝐧𝐝𝐨𝐦 ( 𝐒𝐮𝐠𝐠𝐞𝐬𝐭 + 𝐒𝐞𝐚𝐫𝐜𝐡 + 𝐁𝐫𝐨𝐰𝐬𝐞 𝐅𝐞𝐚𝐭𝐮𝐫𝐞𝐬 ) | No Refill ⛔ | Instant,309.266,1 000,100 000,No Refill,33 minutes,,,1329.8438
17131,YouTube 𝐒𝐄𝐎™ Views | Vietnam 🇻🇳 | Retention: 15-20 Minutes | 100K/Day | Works on all videos | Source: 𝐘𝐨𝐮𝐓𝐮𝐛𝐞 𝐑𝐚𝐧𝐝𝐨𝐦 ( 𝐒𝐮𝐠𝐠𝐞𝐬𝐭 + 𝐒𝐞𝐚𝐫𝐜𝐡 + 𝐁𝐫𝐨𝐰𝐬𝐞 𝐅𝐞𝐚𝐭𝐮𝐫𝐞𝐬 ) | No Refill ⛔ | Instant,464.546,1 000,100 000,No Refill,17 minutes,,,1997.5478
17162,YouTube 𝐒𝐄𝐎™ Views | Korea 🇰🇷 | Retention: 1-2 Minutes | 100K/Day | Works on all videos | Source: 𝐘𝐨𝐮𝐓𝐮𝐛𝐞 𝐒𝐞𝐚𝐫𝐜𝐡 𝐁𝐲 𝐊𝐞𝐲𝐰𝐨𝐫𝐝𝐬 | No Refill ⛔ | Instant,65.994,1 000,100 000,No Refill,3 minutes,,,283.7742
17163,YouTube 𝐒𝐄𝐎™ Views | Korea 🇰🇷 | Retention: 3-5 Minutes | 100K/Day | Works on all videos | Source: 𝐘𝐨𝐮𝐓𝐮𝐛𝐞 𝐒𝐞𝐚𝐫𝐜𝐡 𝐁𝐲 𝐊𝐞𝐲𝐰𝐨𝐫𝐝𝐬 | No Refill ⛔ | Instant,112.578,1 000,100 000,No Refill,6 minutes,,,484.0854
17164,YouTube 𝐒𝐄𝐎™ Views | Korea 🇰🇷 | Retention: 7-10 Minutes | 100K/Day | Works on all videos | Source: 𝐘𝐨𝐮𝐓𝐮𝐛𝐞 𝐒𝐞𝐚𝐫𝐜𝐡 𝐁𝐲 𝐊𝐞𝐲𝐰𝐨𝐫𝐝𝐬 | No Refill ⛔ | Instant,221.274,1 000,100 000,No Refill,17 minutes,,,951.4782
17165,YouTube 𝐒𝐄𝐎™ Views | Korea 🇰🇷 | Retention: 12-15 Minutes | 100K/Day | Works on all videos | Source: 𝐘𝐨𝐮𝐓𝐮𝐛𝐞 𝐒𝐞𝐚𝐫𝐜𝐡 𝐁𝐲 𝐊𝐞𝐲𝐰𝐨𝐫𝐝𝐬 | No Refill ⛔ | Instant,309.266,1 000,100 000,No Refill,22 minutes,,,1329.8438
17166,YouTube 𝐒𝐄𝐎™ Views | Korea 🇰🇷 | Retention: 15-20 Minutes | 100K/Day | Works on all videos | Source: 𝐘𝐨𝐮𝐓𝐮𝐛𝐞 𝐒𝐞𝐚𝐫𝐜𝐡 𝐁𝐲 𝐊𝐞𝐲𝐰𝐨𝐫𝐝𝐬 | No Refill ⛔ | Instant,464.546,1 000,100 000,No Refill,23 minutes,,,1997.5478
17161,------------------------------------------------------------------------------,317218.924,1 000,1 000,No Refill,55 minutes,,,1364041.373
17168,YouTube 𝐒𝐄𝐎™ Views | Korea 🇰🇷 | Retention: 1-2 Minutes | 100K/Day | Works on all videos | Source: 𝐘𝐨𝐮𝐓𝐮𝐛𝐞 𝐑𝐚𝐧𝐝𝐨𝐦 (𝐒𝐮𝐠𝐠𝐞𝐬𝐭 + 𝐒𝐞𝐚𝐫𝐜𝐡 + 𝐁𝐫𝐨𝐰𝐬𝐞 𝐅𝐞𝐚𝐭𝐮𝐫𝐞𝐬) 𝐁𝐲 𝐊𝐞𝐲𝐰𝐨𝐫𝐝𝐬 | No Refill ⛔ | Instant,65.994,1 000,100 000,No Refill,3 minutes,,,283.7742
17169,YouTube 𝐒𝐄𝐎™ Views | Korea 🇰🇷 | Retention: 3-5 Minutes | 100K/Day | Works on all videos | Source: 𝐘𝐨𝐮𝐓𝐮𝐛𝐞 𝐑𝐚𝐧𝐝𝐨𝐦 (𝐒𝐮𝐠𝐠𝐞𝐬𝐭 + 𝐒𝐞𝐚𝐫𝐜𝐡 + 𝐁𝐫𝐨𝐰𝐬𝐞 𝐅𝐞𝐚𝐭𝐮𝐫𝐞𝐬) 𝐁𝐲 𝐊𝐞𝐲𝐰𝐨𝐫𝐝𝐬 | No Refill ⛔ | Instant,112.578,1 000,100 000,No Refill,5 minutes,,,484.0854
17170,YouTube 𝐒𝐄𝐎™ Views | Korea 🇰🇷 | Retention: 7-10 Minutes | 100K/Day | Works on all videos | Source: 𝐘𝐨𝐮𝐓𝐮𝐛𝐞 𝐑𝐚𝐧𝐝𝐨𝐦 (𝐒𝐮𝐠𝐠𝐞𝐬𝐭 + 𝐒𝐞𝐚𝐫𝐜𝐡 + 𝐁𝐫𝐨𝐰𝐬𝐞 𝐅𝐞𝐚𝐭𝐮𝐫𝐞𝐬) 𝐁𝐲 𝐊𝐞𝐲𝐰𝐨𝐫𝐝𝐬 | No Refill ⛔ | Instant,221.274,1 000,100 000,No Refill,23 minutes,,,951.4782
17171,YouTube 𝐒𝐄𝐎™ Views | Korea 🇰🇷 | Retention: 12-15 Minutes | 100K/Day | Works on all videos | Source: 𝐘𝐨𝐮𝐓𝐮𝐛𝐞 𝐑𝐚𝐧𝐝𝐨𝐦 (𝐒𝐮𝐠𝐠𝐞𝐬𝐭 + 𝐒𝐞𝐚𝐫𝐜𝐡 + 𝐁𝐫𝐨𝐰𝐬𝐞 𝐅𝐞𝐚𝐭𝐮𝐫𝐞𝐬) 𝐁𝐲 𝐊𝐞𝐲𝐰𝐨𝐫𝐝𝐬 | No Refill ⛔ | Instant,309.266,1 000,100 000,No Refill,16 minutes,,,1329.8438
17172,YouTube 𝐒𝐄𝐎™ Views | Korea 🇰🇷 | Retention: 15-20 Minutes | 100K/Day | Works on all videos | Source: 𝐘𝐨𝐮𝐓𝐮𝐛𝐞 𝐑𝐚𝐧𝐝𝐨𝐦 (𝐒𝐮𝐠𝐠𝐞𝐬𝐭 + 𝐒𝐞𝐚𝐫𝐜𝐡 + 𝐁𝐫𝐨𝐰𝐬𝐞 𝐅𝐞𝐚𝐭𝐮𝐫𝐞𝐬) 𝐁𝐲 𝐊𝐞𝐲𝐰𝐨𝐫𝐝𝐬 | No Refill ⛔ | Instant,464.546,1 000,100 000,No Refill,22 minutes,,,1997.5478
17634,------------------------------------------------------------------------------,317218.924,1 000,1 000,No Refill,22 minutes,,,1364041.373
17144,YouTube 𝐒𝐄𝐎™ Views | Korea 🇰🇷 | Retention: 1-2 Minutes | 100K/Day | Works on all videos | Source: 𝐘𝐨𝐮𝐓𝐮𝐛𝐞 𝐒𝐞𝐚𝐫𝐜𝐡 / 𝐁𝐫𝐨𝐰𝐬𝐞𝐫 𝐅𝐞𝐚𝐭𝐮𝐫𝐞𝐬 | No Refill ⛔ | Instant,65.994,1 000,100 000,No Refill,12 minutes,,,283.7742
17145,YouTube 𝐒𝐄𝐎™ Views | Korea 🇰🇷 | Retention: 3-5 Minutes | 100K/Day | Works on all videos | Source: 𝐘𝐨𝐮𝐓𝐮𝐛𝐞 𝐒𝐞𝐚𝐫𝐜𝐡 / 𝐁𝐫𝐨𝐰𝐬𝐞𝐫 𝐅𝐞𝐚𝐭𝐮𝐫𝐞𝐬 | No Refill ⛔ | Instant,112.578,1 000,100 000,No Refill,7 minutes,,,484.0854
17146,YouTube 𝐒𝐄𝐎™ Views | Korea 🇰🇷 | Retention: 7-10 Minutes | 100K/Day | Works on all videos | Source: 𝐘𝐨𝐮𝐓𝐮𝐛𝐞 𝐒𝐞𝐚𝐫𝐜𝐡 / 𝐁𝐫𝐨𝐰𝐬𝐞𝐫 𝐅𝐞𝐚𝐭𝐮𝐫𝐞𝐬 | No Refill ⛔ | Instant,221.274,1 000,100 000,No Refill,55 minutes,,,951.4782
17147,YouTube 𝐒𝐄𝐎™ Views | Korea 🇰🇷 | Retention: 12-15 Minutes | 100K/Day | Works on all videos | Source: 𝐘𝐨𝐮𝐓𝐮𝐛𝐞 𝐒𝐞𝐚𝐫𝐜𝐡 / 𝐁𝐫𝐨𝐰𝐬𝐞𝐫 𝐅𝐞𝐚𝐭𝐮𝐫𝐞𝐬 | No Refill ⛔ | Instant,309.266,1 000,100 000,No Refill,11 minutes,,,1329.8438
17148,YouTube 𝐒𝐄𝐎™ Views | Korea 🇰🇷 | Retention: 15-20 Minutes | 100K/Day | Works on all videos | Source: 𝐘𝐨𝐮𝐓𝐮𝐛𝐞 𝐒𝐞𝐚𝐫𝐜𝐡 / 𝐁𝐫𝐨𝐰𝐬𝐞𝐫 𝐅𝐞𝐚𝐭𝐮𝐫𝐞𝐬 | No Refill ⛔ | Instant,464.546,1 000,100 000,No Refill,22 minutes,,,1997.5478
17149,------------------------------------------------------------------------------,317218.924,1 000,1 000,No Refill,11 minutes,,,1364041.373
17150,YouTube 𝐒𝐄𝐎™ Views | Korea 🇰🇷 | Retention: 1-2 Minutes | 100K/Day | Works on all videos | Source: 𝐘𝐨𝐮𝐓𝐮𝐛𝐞 𝐒𝐮𝐠𝐠𝐞𝐬𝐭 ( 𝐓𝐫𝐞𝐧𝐝𝐢𝐧𝐠 + 𝐑𝐚𝐧𝐝𝐨𝐦 ) | No Refill ⛔ | Instant,65.994,1 000,100 000,No Refill,23 minutes,,,283.7742
17151,YouTube 𝐒𝐄𝐎™ Views | Korea 🇰🇷 | Retention: 3-5 Minutes | 100K/Day | Works on all videos | Source: 𝐘𝐨𝐮𝐓𝐮𝐛𝐞 𝐒𝐮𝐠𝐠𝐞𝐬𝐭 ( 𝐓𝐫𝐞𝐧𝐝𝐢𝐧𝐠 + 𝐑𝐚𝐧𝐝𝐨𝐦 ) | No Refill ⛔ | Instant,112.578,1 000,100 000,No Refill,6 minutes,,,484.0854
17152,YouTube 𝐒𝐄𝐎™ Views | Korea 🇰🇷 | Retention: 7-10 Minutes | 100K/Day | Works on all videos | Source: 𝐘𝐨𝐮𝐓𝐮𝐛𝐞 𝐒𝐮𝐠𝐠𝐞𝐬𝐭 ( 𝐓𝐫𝐞𝐧𝐝𝐢𝐧𝐠 + 𝐑𝐚𝐧𝐝𝐨𝐦 ) | No Refill ⛔ | Instant,221.274,1 000,100 000,No Refill,11 minutes,,,951.4782
17153,YouTube 𝐒𝐄𝐎™ Views | Korea 🇰🇷 | Retention: 12-15 Minutes | 100K/Day | Works on all videos | Source: 𝐘𝐨𝐮𝐓𝐮𝐛𝐞 𝐒𝐮𝐠𝐠𝐞𝐬𝐭 ( 𝐓𝐫𝐞𝐧𝐝𝐢𝐧𝐠 + 𝐑𝐚𝐧𝐝𝐨𝐦 ) | No Refill ⛔ | Instant,309.266,1 000,100 000,No Refill,55 minutes,,,1329.8438
17154,YouTube 𝐒𝐄𝐎™ Views | Korea 🇰🇷 | Retention: 15-20 Minutes | 100K/Day | Works on all videos | Source: 𝐘𝐨𝐮𝐓𝐮𝐛𝐞 𝐒𝐮𝐠𝐠𝐞𝐬𝐭 ( 𝐓𝐫𝐞𝐧𝐝𝐢𝐧𝐠 + 𝐑𝐚𝐧𝐝𝐨𝐦 ) | No Refill ⛔ | Instant,464.546,1 000,100 000,No Refill,33 minutes,,,1997.5478
17155,------------------------------------------------------------------------------,317218.924,1 000,1 000,No Refill,17 minutes,,,1364041.373
17156,YouTube 𝐒𝐄𝐎™ Views | Korea 🇰🇷 | Retention: 1-2 Minutes | 100K/Day | Works on all videos | Source: 𝐘𝐨𝐮𝐓𝐮𝐛𝐞 𝐑𝐚𝐧𝐝𝐨𝐦 ( 𝐒𝐮𝐠𝐠𝐞𝐬𝐭 + 𝐒𝐞𝐚𝐫𝐜𝐡 + 𝐁𝐫𝐨𝐰𝐬𝐞 𝐅𝐞𝐚𝐭𝐮𝐫𝐞𝐬 ) | No Refill ⛔ | Instant,65.994,1 000,100 000,No Refill,3 minutes,,,283.7742
17157,YouTube 𝐒𝐄𝐎™ Views | Korea 🇰🇷 | Retention: 3-5 Minutes | 100K/Day | Works on all videos | Source: 𝐘𝐨𝐮𝐓𝐮𝐛𝐞 𝐑𝐚𝐧𝐝𝐨𝐦 ( 𝐒𝐮𝐠𝐠𝐞𝐬𝐭 + 𝐒𝐞𝐚𝐫𝐜𝐡 + 𝐁𝐫𝐨𝐰𝐬𝐞 𝐅𝐞𝐚𝐭𝐮𝐫𝐞𝐬 ) | No Refill ⛔ | Instant,112.578,1 000,100 000,No Refill,5 minutes,,,484.0854
17158,YouTube 𝐒𝐄𝐎™ Views | Korea 🇰🇷 | Retention: 7-10 Minutes | 100K/Day | Works on all videos | Source: 𝐘𝐨𝐮𝐓𝐮𝐛𝐞 𝐑𝐚𝐧𝐝𝐨𝐦 ( 𝐒𝐮𝐠𝐠𝐞𝐬𝐭 + 𝐒𝐞𝐚𝐫𝐜𝐡 + 𝐁𝐫𝐨𝐰𝐬𝐞 𝐅𝐞𝐚𝐭𝐮𝐫𝐞𝐬 ) | No Refill ⛔ | Instant,221.274,1 000,100 000,No Refill,23 minutes,,,951.4782
17159,YouTube 𝐒𝐄𝐎™ Views | Korea 🇰🇷 | Retention: 12-15 Minutes | 100K/Day | Works on all videos | Source: 𝐘𝐨𝐮𝐓𝐮𝐛𝐞 𝐑𝐚𝐧𝐝𝐨𝐦 ( 𝐒𝐮𝐠𝐠𝐞𝐬𝐭 + 𝐒𝐞𝐚𝐫𝐜𝐡 + 𝐁𝐫𝐨𝐰𝐬𝐞 𝐅𝐞𝐚𝐭𝐮𝐫𝐞𝐬 ) | No Refill ⛔ | Instant,309.266,1 000,100 000,No Refill,11 minutes,,,1329.8438
17160,YouTube 𝐒𝐄𝐎™ Views | Korea 🇰🇷 | Retention: 15-20 Minutes | 100K/Day | Works on all videos | Source: 𝐘𝐨𝐮𝐓𝐮𝐛𝐞 𝐑𝐚𝐧𝐝𝐨𝐦 ( 𝐒𝐮𝐠𝐠𝐞𝐬𝐭 + 𝐒𝐞𝐚𝐫𝐜𝐡 + 𝐁𝐫𝐨𝐰𝐬𝐞 𝐅𝐞𝐚𝐭𝐮𝐫𝐞𝐬 ) | No Refill ⛔ | Instant,464.546,1 000,100 000,No Refill,11 minutes,,,1997.5478
15674,YouTube 𝐒𝐄𝐎™ Views | Japan 🇯🇵 | Retention: 1-2 Minutes | 100K/Day | Works on all videos | Source: 𝐘𝐨𝐮𝐓𝐮𝐛𝐞 𝐒𝐞𝐚𝐫𝐜𝐡 𝐁𝐲 𝐊𝐞𝐲𝐰𝐨𝐫𝐝𝐬 | No Refill ⛔ | Instant,65.994,1 000,100 000,No Refill,55 minutes,,,283.7742
15675,YouTube 𝐒𝐄𝐎™ Views | Japan 🇯🇵 | Retention: 3-5 Minutes | 100K/Day | Works on all videos | Source: 𝐘𝐨𝐮𝐓𝐮𝐛𝐞 𝐒𝐞𝐚𝐫𝐜𝐡 𝐁𝐲 𝐊𝐞𝐲𝐰𝐨𝐫𝐝𝐬 | No Refill ⛔ | Instant,112.578,1 000,100 000,No Refill,33 minutes,,,484.0854
15676,YouTube 𝐒𝐄𝐎™ Views | Japan 🇯🇵 | Retention: 7-10 Minutes | 100K/Day | Works on all videos | Source: 𝐘𝐨𝐮𝐓𝐮𝐛𝐞 𝐒𝐞𝐚𝐫𝐜𝐡 𝐁𝐲 𝐊𝐞𝐲𝐰𝐨𝐫𝐝𝐬 | No Refill ⛔ | Instant,221.274,1 000,100 000,No Refill,23 minutes,,,951.4782
15677,YouTube 𝐒𝐄𝐎™ Views | Japan 🇯🇵 | Retention: 12-15 Minutes | 100K/Day | Works on all videos | Source: 𝐘𝐨𝐮𝐓𝐮𝐛𝐞 𝐒𝐞𝐚𝐫𝐜𝐡 𝐁𝐲 𝐊𝐞𝐲𝐰𝐨𝐫𝐝𝐬 | No Refill ⛔ | Instant,309.266,1 000,100 000,No Refill,23 minutes,,,1329.8438
17637,YouTube 𝐒𝐄𝐎™ Views | Japan 🇯🇵 | Retention: 15-20 Minutes | 100K/Day | Works on all videos | Source: 𝐘𝐨𝐮𝐓𝐮𝐛𝐞 𝐒𝐞𝐚𝐫𝐜𝐡 𝐁𝐲 𝐊𝐞𝐲𝐰𝐨𝐫𝐝𝐬 | No Refill ⛔ | Instant,464.546,1 000,100 000,No Refill,33 minutes,,,1997.5478
17635,------------------------------------------------------------------------------,4243.026,1 000,100 000,No Refill,23 minutes,,,18245.0118
15678,YouTube 𝐒𝐄𝐎™ Views | Japan 🇯🇵 | Retention: 1-2 Minutes | 100K/Day | Works on all videos | Source: 𝐘𝐨𝐮𝐓𝐮𝐛𝐞 𝐑𝐚𝐧𝐝𝐨𝐦 (𝐒𝐮𝐠𝐠𝐞𝐬𝐭 + 𝐒𝐞𝐚𝐫𝐜𝐡 + 𝐁𝐫𝐨𝐰𝐬𝐞 𝐅𝐞𝐚𝐭𝐮𝐫𝐞𝐬) 𝐁𝐲 𝐊𝐞𝐲𝐰𝐨𝐫𝐝𝐬 | No Refill ⛔ | Instant,65.994,1 000,100 000,No Refill,22 minutes,,,283.7742
15679,YouTube 𝐒𝐄𝐎™ Views | Japan 🇯🇵 | Retention: 3-5 Minutes | 100K/Day | Works on all videos | Source: 𝐘𝐨𝐮𝐓𝐮𝐛𝐞 𝐑𝐚𝐧𝐝𝐨𝐦 (𝐒𝐮𝐠𝐠𝐞𝐬𝐭 + 𝐒𝐞𝐚𝐫𝐜𝐡 + 𝐁𝐫𝐨𝐰𝐬𝐞 𝐅𝐞𝐚𝐭𝐮𝐫𝐞𝐬) 𝐁𝐲 𝐊𝐞𝐲𝐰𝐨𝐫𝐝𝐬 | No Refill ⛔ | Instant,112.578,1 000,100 000,No Refill,23 minutes,,,484.0854
15680,YouTube 𝐒𝐄𝐎™ Views | Japan 🇯🇵 | Retention: 7-10 Minutes | 100K/Day | Works on all videos | Source: 𝐘𝐨𝐮𝐓𝐮𝐛𝐞 𝐑𝐚𝐧𝐝𝐨𝐦 (𝐒𝐮𝐠𝐠𝐞𝐬𝐭 + 𝐒𝐞𝐚𝐫𝐜𝐡 + 𝐁𝐫𝐨𝐰𝐬𝐞 𝐅𝐞𝐚𝐭𝐮𝐫𝐞𝐬) 𝐁𝐲 𝐊𝐞𝐲𝐰𝐨𝐫𝐝𝐬 | No Refill ⛔ | Instant,221.274,1 000,100 000,No Refill,23 minutes,,,951.4782
15687,YouTube 𝐒𝐄𝐎™ Views | Japan 🇯🇵 | Retention: 12-15 Minutes | 100K/Day | Works on all videos | Source: 𝐘𝐨𝐮𝐓𝐮𝐛𝐞 𝐑𝐚𝐧𝐝𝐨𝐦 (𝐒𝐮𝐠𝐠𝐞𝐬𝐭 + 𝐒𝐞𝐚𝐫𝐜𝐡 + 𝐁𝐫𝐨𝐰𝐬𝐞 𝐅𝐞𝐚𝐭𝐮𝐫𝐞𝐬) 𝐁𝐲 𝐊𝐞𝐲𝐰𝐨𝐫𝐝𝐬 | No Refill ⛔ | Instant,309.266,1 000,100 000,No Refill,11 minutes,,,1329.8438
15688,YouTube 𝐒𝐄𝐎™ Views | Japan 🇯🇵 | Retention: 15-20 Minutes | 100K/Day | Works on all videos | Source: 𝐘𝐨𝐮𝐓𝐮𝐛𝐞 𝐑𝐚𝐧𝐝𝐨𝐦 (𝐒𝐮𝐠𝐠𝐞𝐬𝐭 + 𝐒𝐞𝐚𝐫𝐜𝐡 + 𝐁𝐫𝐨𝐰𝐬𝐞 𝐅𝐞𝐚𝐭𝐮𝐫𝐞𝐬) 𝐁𝐲 𝐊𝐞𝐲𝐰𝐨𝐫𝐝𝐬 | No Refill ⛔ | Instant,464.546,1 000,100 000,No Refill,23 minutes,,,1997.5478
17636,------------------------------------------------------------------------------,4243.026,1 000,100 000,No Refill,11 minutes,,,18245.0118
15670,YouTube 𝐒𝐄𝐎™ Views | Japan 🇯🇵 | Retention: 1-2 Minutes | 100K/Day | Works on all videos | Source: 𝐘𝐨𝐮𝐓𝐮𝐛𝐞 𝐒𝐞𝐚𝐫𝐜𝐡 / 𝐁𝐫𝐨𝐰𝐬𝐞𝐫 𝐅𝐞𝐚𝐭𝐮𝐫𝐞𝐬 | No Refill ⛔ | Instant,65.994,1 000,100 000,No Refill,11 minutes,,,283.7742
15681,YouTube 𝐒𝐄𝐎™ Views | Japan 🇯🇵 | Retention: 3-5 Minutes | 100K/Day | Works on all videos | Source: 𝐘𝐨𝐮𝐓𝐮𝐛𝐞 𝐒𝐞𝐚𝐫𝐜𝐡 / 𝐁𝐫𝐨𝐰𝐬𝐞𝐫 𝐅𝐞𝐚𝐭𝐮𝐫𝐞𝐬 | No Refill ⛔ | Instant,112.578,1 000,100 000,No Refill,22 minutes,,,484.0854
17638,YouTube 𝐒𝐄𝐎™ Views | Japan 🇯🇵 | Retention: 7-10 Minutes | 100K/Day | Works on all videos | Source: 𝐘𝐨𝐮𝐓𝐮𝐛𝐞 𝐒𝐞𝐚𝐫𝐜𝐡 / 𝐁𝐫𝐨𝐰𝐬𝐞𝐫 𝐅𝐞𝐚𝐭𝐮𝐫𝐞𝐬 | No Refill ⛔ | Instant,221.274,1 000,100 000,No Refill,17 minutes,,,951.4782
15682,YouTube 𝐒𝐄𝐎™ Views | Japan 🇯🇵 | Retention: 12-15 Minutes | 100K/Day | Works on all videos | Source: 𝐘𝐨𝐮𝐓𝐮𝐛𝐞 𝐒𝐞𝐚𝐫𝐜𝐡 / 𝐁𝐫𝐨𝐰𝐬𝐞𝐫 𝐅𝐞𝐚𝐭𝐮𝐫𝐞𝐬 | No Refill ⛔ | Instant,309.266,1 000,100 000,No Refill,16 minutes,,,1329.8438
17639,YouTube 𝐒𝐄𝐎™ Views | Japan 🇯🇵 | Retention: 15-20 Minutes | 100K/Day | Works on all videos | Source: 𝐘𝐨𝐮𝐓𝐮𝐛𝐞 𝐒𝐞𝐚𝐫𝐜𝐡 / 𝐁𝐫𝐨𝐰𝐬𝐞𝐫 𝐅𝐞𝐚𝐭𝐮𝐫𝐞𝐬 | No Refill ⛔ | Instant,464.546,1 000,100 000,No Refill,22 minutes,,,1997.5478
17640,------------------------------------------------------------------------------,4243.026,1 000,100 000,No Refill,23 minutes,,,18245.0118
15684,YouTube 𝐒𝐄𝐎™ Views | Japan 🇯🇵 | Retention: 1-2 Minutes | 100K/Day | Works on all videos | Source: 𝐘𝐨𝐮𝐓𝐮𝐛𝐞 𝐒𝐮𝐠𝐠𝐞𝐬𝐭 ( 𝐓𝐫𝐞𝐧𝐝𝐢𝐧𝐠 + 𝐑𝐚𝐧𝐝𝐨𝐦 ) | No Refill ⛔ | Instant,65.994,1 000,100 000,No Refill,55 minutes,,,283.7742
17641,YouTube 𝐒𝐄𝐎™ Views | Japan 🇯🇵 | Retention: 3-5 Minutes | 100K/Day | Works on all videos | Source: 𝐘𝐨𝐮𝐓𝐮𝐛𝐞 𝐒𝐮𝐠𝐠𝐞𝐬𝐭 ( 𝐓𝐫𝐞𝐧𝐝𝐢𝐧𝐠 + 𝐑𝐚𝐧𝐝𝐨𝐦 ) | No Refill ⛔ | Instant,112.578,1 000,100 000,No Refill,33 minutes,,,484.0854
15673,YouTube 𝐒𝐄𝐎™ Views | Japan 🇯🇵 | Retention: 7-10 Minutes | 100K/Day | Works on all videos | Source: 𝐘𝐨𝐮𝐓𝐮𝐛𝐞 𝐒𝐮𝐠𝐠𝐞𝐬𝐭 ( 𝐓𝐫𝐞𝐧𝐝𝐢𝐧𝐠 + 𝐑𝐚𝐧𝐝𝐨𝐦 ) | No Refill ⛔ | Instant,221.274,1 000,100 000,No Refill,17 minutes,,,951.4782
15685,YouTube 𝐒𝐄𝐎™ Views | Japan 🇯🇵 | Retention: 12-15 Minutes | 100K/Day | Works on all videos | Source: 𝐘𝐨𝐮𝐓𝐮𝐛𝐞 𝐒𝐮𝐠𝐠𝐞𝐬𝐭 ( 𝐓𝐫𝐞𝐧𝐝𝐢𝐧𝐠 + 𝐑𝐚𝐧𝐝𝐨𝐦 ) | No Refill ⛔ | Instant,309.266,1 000,100 000,No Refill,55 minutes,,,1329.8438
15686,YouTube 𝐒𝐄𝐎™ Views | Japan 🇯🇵 | Retention: 15-20 Minutes | 100K/Day | Works on all videos | Source: 𝐘𝐨𝐮𝐓𝐮𝐛𝐞 𝐒𝐮𝐠𝐠𝐞𝐬𝐭 ( 𝐓𝐫𝐞𝐧𝐝𝐢𝐧𝐠 + 𝐑𝐚𝐧𝐝𝐨𝐦 ) | No Refill ⛔ | Instant,464.546,1 000,100 000,No Refill,11 minutes,,,1997.5478
17642,------------------------------------------------------------------------------,4243.026,1 000,100 000,No Refill,55 minutes,,,18245.0118
17643,YouTube 𝐒𝐄𝐎™ Views | Japan 🇯🇵 | Retention: 1-2 Minutes | 100K/Day | Works on all videos | Source: 𝐘𝐨𝐮𝐓𝐮𝐛𝐞 𝐑𝐚𝐧𝐝𝐨𝐦 ( 𝐒𝐮𝐠𝐠𝐞𝐬𝐭 + 𝐒𝐞𝐚𝐫𝐜𝐡 + 𝐁𝐫𝐨𝐰𝐬𝐞 𝐅𝐞𝐚𝐭𝐮𝐫𝐞𝐬 ) | No Refill ⛔ | Instant,65.994,1 000,100 000,No Refill,11 minutes,,,283.7742
17644,YouTube 𝐒𝐄𝐎™ Views | Japan 🇯🇵 | Retention: 3-5 Minutes | 100K/Day | Works on all videos | Source: 𝐘𝐨𝐮𝐓𝐮𝐛𝐞 𝐑𝐚𝐧𝐝𝐨𝐦 ( 𝐒𝐮𝐠𝐠𝐞𝐬𝐭 + 𝐒𝐞𝐚𝐫𝐜𝐡 + 𝐁𝐫𝐨𝐰𝐬𝐞 𝐅𝐞𝐚𝐭𝐮𝐫𝐞𝐬 ) | No Refill ⛔ | Instant,112.578,1 000,100 000,No Refill,17 minutes,,,484.0854
17645,YouTube 𝐒𝐄𝐎™ Views | Japan 🇯🇵 | Retention: 7-10 Minutes | 100K/Day | Works on all videos | Source: 𝐘𝐨𝐮𝐓𝐮𝐛𝐞 𝐑𝐚𝐧𝐝𝐨𝐦 ( 𝐒𝐮𝐠𝐠𝐞𝐬𝐭 + 𝐒𝐞𝐚𝐫𝐜𝐡 + 𝐁𝐫𝐨𝐰𝐬𝐞 𝐅𝐞𝐚𝐭𝐮𝐫𝐞𝐬 ) | No Refill ⛔ | Instant,221.274,1 000,100 000,No Refill,17 minutes,,,951.4782
17646,YouTube 𝐒𝐄𝐎™ Views | Japan 🇯🇵 | Retention: 12-15 Minutes | 100K/Day | Works on all videos | Source: 𝐘𝐨𝐮𝐓𝐮𝐛𝐞 𝐑𝐚𝐧𝐝𝐨𝐦 ( 𝐒𝐮𝐠𝐠𝐞𝐬𝐭 + 𝐒𝐞𝐚𝐫𝐜𝐡 + 𝐁𝐫𝐨𝐰𝐬𝐞 𝐅𝐞𝐚𝐭𝐮𝐫𝐞𝐬 ) | No Refill ⛔ | Instant,309.266,1 000,100 000,No Refill,11 minutes,,,1329.8438
17647,YouTube 𝐒𝐄𝐎™ Views | Japan 🇯🇵 | Retention: 15-20 Minutes | 100K/Day | Works on all videos | Source: 𝐘𝐨𝐮𝐓𝐮𝐛𝐞 𝐑𝐚𝐧𝐝𝐨𝐦 ( 𝐒𝐮𝐠𝐠𝐞𝐬𝐭 + 𝐒𝐞𝐚𝐫𝐜𝐡 + 𝐁𝐫𝐨𝐰𝐬𝐞 𝐅𝐞𝐚𝐭𝐮𝐫𝐞𝐬 ) | No Refill ⛔ | Instant,464.546,1 000,100 000,No Refill,23 minutes,,,1997.5478
10077,YouTube 𝐍𝐢𝐜𝐡𝐞™ Views - [𝐔𝐒𝐀 🇺🇸] [𝐍𝐨 𝐑𝐞𝐟𝐢𝐥𝐥] [Source: Suggested Videos From [𝐆𝐀𝐌𝐈𝐍𝐆 / 𝐄𝐒𝐏𝐎𝐑𝐓𝐒] Topic Videos] [Retention 3-5 Mins] [Speed 100K/Day] [INSTANT],112.578,1 000,100 000,No Refill,6 minutes,,,484.0854
10078,YouTube 𝐍𝐢𝐜𝐡𝐞™ Views - [𝐔𝐒𝐀 🇺🇸] [𝐍𝐨 𝐑𝐞𝐟𝐢𝐥𝐥] [Source: Suggested Videos From [𝐆𝐀𝐌𝐈𝐍𝐆 / 𝐄𝐒𝐏𝐎𝐑𝐓𝐒] Topic Videos] [Retention 7-10 Mins] [Speed 100K/Day] [INSTANT],221.274,1 000,100 000,No Refill,23 minutes,,,951.4782
16368,YouTube 𝐍𝐢𝐜𝐡𝐞™ Views - [𝐔𝐒𝐀 🇺🇸] [𝐍𝐨 𝐑𝐞𝐟𝐢𝐥𝐥] [Source: Suggested Videos From [𝐆𝐀𝐌𝐈𝐍𝐆 / 𝐄𝐒𝐏𝐎𝐑𝐓𝐒] Topic Videos] [Retention 12-15 Mins] [Speed 100K/Day] [INSTANT],309.266,1 000,100 000,No Refill,11 minutes,,,1329.8438
10079,YouTube 𝐍𝐢𝐜𝐡𝐞™ Views - [𝐔𝐒𝐀 🇺🇸] [𝐍𝐨 𝐑𝐞𝐟𝐢𝐥𝐥] [Source: Suggested Videos From [𝐆𝐀𝐌𝐈𝐍𝐆 / 𝐄𝐒𝐏𝐎𝐑𝐓𝐒] Topic Videos] [Retention 15-20 Mins] [Speed 100K/Day] [INSTANT],464.546,1 000,100 000,No Refill,16 minutes,,,1997.5478
10080,YouTube 𝐍𝐢𝐜𝐡𝐞™ Views - [𝐔𝐒𝐀 🇺🇸] [𝐍𝐨 𝐑𝐞𝐟𝐢𝐥𝐥] [Source: Suggested Videos From [𝐍𝐄𝐖𝐒] Topic Videos] [Retention 3-5 Mins] [Speed 100K/Day] [INSTANT],112.578,1 000,100 000,No Refill,6 minutes,,,484.0854
10081,YouTube 𝐍𝐢𝐜𝐡𝐞™ Views - [𝐔𝐒𝐀 🇺🇸] [𝐍𝐨 𝐑𝐞𝐟𝐢𝐥𝐥] [Source: Suggested Videos From [𝐍𝐄𝐖𝐒] Topic Videos] [Retention 7-10 Mins] [Speed 100K/Day] [INSTANT],221.274,1 000,100 000,No Refill,11 minutes,,,951.4782
10082,YouTube 𝐍𝐢𝐜𝐡𝐞™ Views - [𝐔𝐒𝐀 🇺🇸] [𝐍𝐨 𝐑𝐞𝐟𝐢𝐥𝐥] [Source: Suggested Videos From [𝐍𝐄𝐖𝐒] Topic Videos] [Retention 15-20 Mins] [ [Speed 100K/Day] [INSTANT],464.546,1 000,100 000,No Refill,16 minutes,,,1997.5478
10083,YouTube 𝐍𝐢𝐜𝐡𝐞™ Views - [𝐔𝐒𝐀 🇺🇸] [𝐍𝐨 𝐑𝐞𝐟𝐢𝐥𝐥] [Source: Suggested Videos From [𝐌𝐔𝐒𝐈𝐂] Topic Videos] [Retention 3-5 Mins] [Speed 100K/Day] [INSTANT],112.578,1 000,100 000,No Refill,53 minutes,,,484.0854
10084,YouTube 𝐍𝐢𝐜𝐡𝐞™ Views - [𝐔𝐒𝐀 🇺🇸] [𝐍𝐨 𝐑𝐞𝐟𝐢𝐥𝐥] [Source: Suggested Videos From [𝐌𝐔𝐒𝐈𝐂] Topic Videos] [Retention 7-10 Mins] [Speed 100K/Day] [INSTANT],221.274,1 000,100 000,No Refill,37 minutes,,,951.4782
10085,YouTube 𝐍𝐢𝐜𝐡𝐞™ Views - [𝐔𝐒𝐀 🇺🇸] [𝐍𝐨 𝐑𝐞𝐟𝐢𝐥𝐥] [Source: Suggested Videos From [𝐌𝐔𝐒𝐈𝐂] Topic Videos] [Retention 15-20 Mins] [Speed 100K/Day] [INSTANT],464.546,1 000,100 000,No Refill,48 hours 58 minutes,,,1997.5478
10086,YouTube 𝐍𝐢𝐜𝐡𝐞™ Views - [𝐔𝐒𝐀 🇺🇸] [𝐍𝐨 𝐑𝐞𝐟𝐢𝐥𝐥] [Source: Suggested Videos From [𝐅𝐈𝐍𝐀𝐍𝐂𝐄] Topic Videos] [Retention 3-5 Mins] [Speed 100K/Day] [INSTANT],112.578,1 000,100 000,No Refill,5 minutes,,,484.0854
10087,YouTube 𝐍𝐢𝐜𝐡𝐞™ Views - [𝐔𝐒𝐀 🇺🇸] [𝐍𝐨 𝐑𝐞𝐟𝐢𝐥𝐥] [Source: Suggested Videos From [𝐅𝐈𝐍𝐀𝐍𝐂𝐄] Topic Videos] [Retention 7-10 Mins] [Speed 100K/Day] [INSTANT],221.274,1 000,100 000,No Refill,6 minutes,,,951.4782
10088,YouTube 𝐍𝐢𝐜𝐡𝐞™ Views - [𝐔𝐒𝐀 🇺🇸] [𝐍𝐨 𝐑𝐞𝐟𝐢𝐥𝐥] [Source: Suggested Videos From [𝐅𝐈𝐍𝐀𝐍𝐂𝐄] Topic Videos] [Retention 15-20 Mins] [Speed 100K/Day] [INSTANT],464.546,1 000,100 000,No Refill,23 minutes,,,1997.5478
10089,YouTube 𝐍𝐢𝐜𝐡𝐞™ Views - [𝐔𝐒𝐀 🇺🇸] [𝐍𝐨 𝐑𝐞𝐟𝐢𝐥𝐥] [Source: Suggested Videos From [𝐒𝐓𝐎𝐂𝐊] Topic Videos] [Retention 3-5 Mins] [Speed 100K/Day] [INSTANT],112.578,1 000,100 000,No Refill,4 minutes,,,484.0854
10090,YouTube 𝐍𝐢𝐜𝐡𝐞™ Views - [𝐔𝐒𝐀 🇺🇸] [𝐍𝐨 𝐑𝐞𝐟𝐢𝐥𝐥] [Source: Suggested Videos From [𝐒𝐓𝐎𝐂𝐊] Topic Videos] [Retention 7-10 Mins] [Speed 100K/Day] [INSTANT],221.274,1 000,100 000,No Refill,23 minutes,,,951.4782
10091,YouTube 𝐍𝐢𝐜𝐡𝐞™ Views - [𝐔𝐒𝐀 🇺🇸] [𝐍𝐨 𝐑𝐞𝐟𝐢𝐥𝐥] [Source: Suggested Videos From [𝐒𝐓𝐎𝐂𝐊] Topic Videos] [Retention 15-20 Mins] [Speed 100K/Day] [INSTANT],464.546,1 000,100 000,No Refill,16 minutes,,,1997.5478
10092,YouTube 𝐍𝐢𝐜𝐡𝐞™ Views - [𝐔𝐒𝐀 🇺🇸] [𝐍𝐨 𝐑𝐞𝐟𝐢𝐥𝐥] [Source: Suggested Videos From [𝐊𝐈𝐃𝐒] Topic Videos] [Retention 3-5 Mins] [Speed 100K/Day] [INSTANT],112.578,1 000,100 000,No Refill,17 minutes,,,484.0854
10093,YouTube 𝐍𝐢𝐜𝐡𝐞™ Views - [𝐔𝐒𝐀 🇺🇸] [𝐍𝐨 𝐑𝐞𝐟𝐢𝐥𝐥] [Source: Suggested Videos From [𝐊𝐈𝐃𝐒] Topic Videos] [Retention 7-10 Mins] [Speed 100K/Day] [INSTANT],221.274,1 000,100 000,No Refill,17 minutes,,,951.4782
10094,YouTube 𝐍𝐢𝐜𝐡𝐞™ Views - [𝐔𝐒𝐀 🇺🇸] [𝐍𝐨 𝐑𝐞𝐟𝐢𝐥𝐥] [Source: Suggested Videos From [𝐊𝐈𝐃𝐒] Topic Videos] [Retention 15-20 Mins] [Speed 100K/Day] [INSTANT],464.546,1 000,100 000,No Refill,23 minutes,,,1997.5478
10095,YouTube 𝐍𝐢𝐜𝐡𝐞™ Views - [𝐔𝐒𝐀 🇺🇸] [𝐍𝐨 𝐑𝐞𝐟𝐢𝐥𝐥] [Source: Suggested Videos From [𝐓𝐄𝐂𝐇𝐍𝐎𝐋𝐎𝐆𝐘] Topic Videos] [Retention 3-5 Mins] [Speed 100K/Day] [INSTANT],112.578,1 000,100 000,No Refill,33 minutes,,,484.0854
10096,YouTube 𝐍𝐢𝐜𝐡𝐞™ Views - [𝐔𝐒𝐀 🇺🇸] [𝐍𝐨 𝐑𝐞𝐟𝐢𝐥𝐥] [Source: Suggested Videos From [𝐓𝐄𝐂𝐇𝐍𝐎𝐋𝐎𝐆𝐘] Topic Videos] [Retention 7-10 Mins] [Speed 100K/Day] [INSTANT],221.274,1 000,100 000,No Refill,22 minutes,,,951.4782
10097,YouTube 𝐍𝐢𝐜𝐡𝐞™ Views - [𝐔𝐒𝐀 🇺🇸] [𝐍𝐨 𝐑𝐞𝐟𝐢𝐥𝐥] [Source: Suggested Videos From [𝐓𝐄𝐂𝐇𝐍𝐎𝐋𝐎𝐆𝐘] Topic Videos] [Retention 15-20 Mins] [Speed 100K/Day] [INSTANT],464.546,1 000,100 000,No Refill,16 minutes,,,1997.5478
10098,YouTube 𝐍𝐢𝐜𝐡𝐞™ Views - [𝐔𝐒𝐀 🇺🇸] [𝐍𝐨 𝐑𝐞𝐟𝐢𝐥𝐥] [Source: Suggested Videos From [𝐕𝐋𝐎𝐆𝐒] Topic Videos] [Retention 3-5 Mins] [Speed 5-10K/Day] [INSTANT] [Speed 100K/Day] [INSTANT],112.578,1 000,100 000,No Refill,55 minutes,,,484.0854
10099,YouTube 𝐍𝐢𝐜𝐡𝐞™ Views - [𝐔𝐒𝐀 🇺🇸] [𝐍𝐨 𝐑𝐞𝐟𝐢𝐥𝐥] [Source: Suggested Videos From [𝐕𝐋𝐎𝐆𝐒] Topic Videos] [Retention 7-10 Mins] [Speed 100K/Day] [INSTANT],221.274,1 000,100 000,No Refill,33 minutes,,,951.4782
10100,YouTube 𝐍𝐢𝐜𝐡𝐞™ Views - [𝐔𝐒𝐀 🇺🇸] [𝐍𝐨 𝐑𝐞𝐟𝐢𝐥𝐥] [Source: Suggested Videos From [𝐕𝐋𝐎𝐆𝐒] Topic Videos] [Retention 15-20 Mins] [Speed 100K/Day] [INSTANT],464.546,1 000,100 000,No Refill,33 minutes,,,1997.5478
10101,YouTube 𝐍𝐢𝐜𝐡𝐞™ Views - [𝐔𝐒𝐀 🇺🇸] [𝐍𝐨 𝐑𝐞𝐟𝐢𝐥𝐥] [Source: Suggested Videos From [𝐆𝐀𝐌𝐈𝐍𝐆 / 𝐄𝐒𝐏𝐎𝐑𝐓𝐒] Topic Videos] [Retention 3-5 Mins] [Speed 100K/Day] [INSTANT],112.578,1 000,100 000,No Refill,5 minutes,,,484.0854
10102,YouTube 𝐍𝐢𝐜𝐡𝐞™ Views - [𝐔𝐒𝐀 🇺🇸] [𝐍𝐨 𝐑𝐞𝐟𝐢𝐥𝐥] [Source: Suggested Videos From [𝐆𝐀𝐌𝐈𝐍𝐆 / 𝐄𝐒𝐏𝐎𝐑𝐓𝐒] Topic Videos] [Retention 7-10 Mins] [Speed 100K/Day] [INSTANT],221.274,1 000,100 000,No Refill,22 minutes,,,951.4782
10103,YouTube 𝐍𝐢𝐜𝐡𝐞™ Views - [𝐔𝐒𝐀 🇺🇸] [𝐍𝐨 𝐑𝐞𝐟𝐢𝐥𝐥] [Source: Suggested Videos From [𝐆𝐀𝐌𝐈𝐍𝐆 / 𝐄𝐒𝐏𝐎𝐑𝐓𝐒] Topic Videos] [Retention 15-20 Mins] [Speed 100K/Day] [INSTANT],309.266,1 000,100 000,No Refill,22 minutes,,,1329.8438
15565,YouTube 𝐍𝐢𝐜𝐡𝐞™ Views - [🇰🇷 Korea] [𝐍𝐨 𝐑𝐞𝐟𝐢𝐥𝐥] [Source: Suggested Videos From [𝐆𝐀𝐌𝐈𝐍𝐆] Topic Videos] [Retention 3-5 Mins] [Speed 100K/Day] [INSTANT],112.578,1 000,100 000,No Refill,17 minutes,,,484.0854
15566,YouTube 𝐍𝐢𝐜𝐡𝐞™ Views - [🇰🇷 Korea] [𝐍𝐨 𝐑𝐞𝐟𝐢𝐥𝐥] [Source: Suggested Videos From [𝐆𝐀𝐌𝐈𝐍𝐆] Topic Videos] [Retention 7-10 Mins] [Speed 100K/Day] [INSTANT],221.274,1 000,100 000,No Refill,23 minutes,,,951.4782
15567,YouTube 𝐍𝐢𝐜𝐡𝐞™ Views - [🇰🇷 Korea] [𝐍𝐨 𝐑𝐞𝐟𝐢𝐥𝐥] [Source: Suggested Videos From [𝐆𝐀𝐌𝐈𝐍𝐆] Topic Videos] [Retention 15-20 Mins] [Speed 100K/Day] [INSTANT],464.546,1 000,100 000,No Refill,33 minutes,,,1997.5478
15568,YouTube 𝐍𝐢𝐜𝐡𝐞™ Views - [🇰🇷 Korea] [𝐍𝐨 𝐑𝐞𝐟𝐢𝐥𝐥] [Source: Suggested Videos From [𝐍𝐄𝐖𝐒] Topic Videos] [Retention 3-5 Mins] [Speed 100K/Day] [INSTANT],112.578,1 000,100 000,No Refill,16 minutes,,,484.0854
15569,YouTube 𝐍𝐢𝐜𝐡𝐞™ Views - [🇰🇷 Korea] [𝐍𝐨 𝐑𝐞𝐟𝐢𝐥𝐥] [Source: Suggested Videos From [𝐍𝐄𝐖𝐒] Topic Videos] [Retention 7-10 Mins] [Speed 100K/Day] [INSTANT],221.274,1 000,100 000,No Refill,22 minutes,,,951.4782
15570,YouTube 𝐍𝐢𝐜𝐡𝐞™ Views - [🇰🇷 Korea] [𝐍𝐨 𝐑𝐞𝐟𝐢𝐥𝐥] [Source: Suggested Videos From [𝐍𝐄𝐖𝐒] Topic Videos] [Retention 15-20 Mins] [Speed 100K/Day] [INSTANT],464.546,1 000,100 000,No Refill,22 minutes,,,1997.5478
15571,YouTube 𝐍𝐢𝐜𝐡𝐞™ Views - [🇰🇷 Korea] [𝐍𝐨 𝐑𝐞𝐟𝐢𝐥𝐥] [Source: Suggested Videos From [𝐌𝐔𝐒𝐈𝐂] Topic Videos] [Retention 3-5 Mins] [Speed 100K/Day] [INSTANT],112.578,1 000,100 000,No Refill,16 minutes,,,484.0854
15572,YouTube 𝐍𝐢𝐜𝐡𝐞™ Views - [🇰🇷 Korea] [𝐍𝐨 𝐑𝐞𝐟𝐢𝐥𝐥] [Source: Suggested Videos From [𝐌𝐔𝐒𝐈𝐂] Topic Videos] [Retention 7-10 Mins] [Speed 100K/Day] [INSTANT],221.274,1 000,100 000,No Refill,11 minutes,,,951.4782
15573,YouTube 𝐍𝐢𝐜𝐡𝐞™ Views - [🇰🇷 Korea] [𝐍𝐨 𝐑𝐞𝐟𝐢𝐥𝐥] [Source: Suggested Videos From [𝐌𝐔𝐒𝐈𝐂] Topic Videos] [Retention 15-20 Mins] [Speed 100K/Day] [INSTANT],464.546,1 000,100 000,No Refill,22 minutes,,,1997.5478
15574,YouTube 𝐍𝐢𝐜𝐡𝐞™ Views - [🇰🇷 Korea] [𝐍𝐨 𝐑𝐞𝐟𝐢𝐥𝐥] [Source: Suggested Videos From [𝐅𝐈𝐍𝐀𝐍𝐂𝐄] Topic Videos] [Retention 3-5 Mins] [Speed 100K/Day] [INSTANT],112.578,1 000,100 000,No Refill,22 minutes,,,484.0854
15575,YouTube 𝐍𝐢𝐜𝐡𝐞™ Views - [🇰🇷 Korea] [𝐍𝐨 𝐑𝐞𝐟𝐢𝐥𝐥] [Source: Suggested Videos From [𝐅𝐈𝐍𝐀𝐍𝐂𝐄] Topic Videos] [Retention 7-10 Mins] [Speed 100K/Day] [INSTANT],221.274,1 000,100 000,No Refill,55 minutes,,,951.4782
15576,YouTube 𝐍𝐢𝐜𝐡𝐞™ Views - [🇰🇷 Korea] [𝐍𝐨 𝐑𝐞𝐟𝐢𝐥𝐥] [Source: Suggested Videos From [𝐅𝐈𝐍𝐀𝐍𝐂𝐄] Topic Videos] [Retention 15-20 Mins] [Speed 100K/Day] [INSTANT],464.546,1 000,100 000,No Refill,23 minutes,,,1997.5478
15577,YouTube 𝐍𝐢𝐜𝐡𝐞™ Views - [🇰🇷 Korea] [𝐍𝐨 𝐑𝐞𝐟𝐢𝐥𝐥] [Source: Suggested Videos From [𝐒𝐓𝐎𝐂𝐊] Topic Videos] [Retention 3-5 Mins] [Speed 100K/Day] [INSTANT],112.578,1 000,100 000,No Refill,11 minutes,,,484.0854
15578,YouTube 𝐍𝐢𝐜𝐡𝐞™ Views - [🇰🇷 Korea] [𝐍𝐨 𝐑𝐞𝐟𝐢𝐥𝐥] [Source: Suggested Videos From [𝐒𝐓𝐎𝐂𝐊] Topic Videos] [Retention 7-10 Mins] [[Speed 100K/Day] [INSTANT],221.274,1 000,100 000,No Refill,16 minutes,,,951.4782
15579,YouTube 𝐍𝐢𝐜𝐡𝐞™ Views - [🇰🇷 Korea] [𝐍𝐨 𝐑𝐞𝐟𝐢𝐥𝐥] [Source: Suggested Videos From [𝐒𝐓𝐎𝐂𝐊] Topic Videos] [Retention 15-20 Mins] [Speed 100K/Day] [INSTANT],464.546,1 000,100 000,No Refill,22 minutes,,,1997.5478
15580,YouTube 𝐍𝐢𝐜𝐡𝐞™ Views - [🇰🇷 Korea] [𝐍𝐨 𝐑𝐞𝐟𝐢𝐥𝐥] [Source: Suggested Videos From [𝐊𝐈𝐃𝐒] Topic Videos] [Retention 3-5 Mins] [Speed 100K/Day] [INSTANT],112.578,1 000,100 000,No Refill,23 minutes,,,484.0854
15581,YouTube 𝐍𝐢𝐜𝐡𝐞™ Views - [🇰🇷 Korea] [𝐍𝐨 𝐑𝐞𝐟𝐢𝐥𝐥] [Source: Suggested Videos From [𝐊𝐈𝐃𝐒] Topic Videos] [Retention 7-10 Mins] [Speed 100K/Day] [INSTANT],221.274,1 000,100 000,No Refill,22 minutes,,,951.4782
15582,YouTube 𝐍𝐢𝐜𝐡𝐞™ Views - [🇰🇷 Korea] [𝐍𝐨 𝐑𝐞𝐟𝐢𝐥𝐥] [Source: Suggested Videos From [𝐊𝐈𝐃𝐒] Topic Videos] [Retention 15-20 Mins] [Speed 100K/Day] [INSTANT],464.546,1 000,100 000,No Refill,16 minutes,,,1997.5478
15583,YouTube 𝐍𝐢𝐜𝐡𝐞™ Views - [🇰🇷 Korea] [𝐍𝐨 𝐑𝐞𝐟𝐢𝐥𝐥] [Source: Suggested Videos From [𝐓𝐄𝐂𝐇𝐍𝐎𝐋𝐎𝐆𝐘] Topic Videos] [Retention 3-5 Mins] [Speed 100K/Day] [INSTANT],112.578,1 000,100 000,No Refill,22 minutes,,,484.0854
15584,YouTube 𝐍𝐢𝐜𝐡𝐞™ Views - [🇰🇷 Korea] [𝐍𝐨 𝐑𝐞𝐟𝐢𝐥𝐥] [Source: Suggested Videos From [𝐓𝐄𝐂𝐇𝐍𝐎𝐋𝐎𝐆𝐘] Topic Videos] [Retention 7-10 Mins] [Speed 100K/Day] [INSTANT],221.274,1 000,100 000,No Refill,16 minutes,,,951.4782
15585,YouTube 𝐍𝐢𝐜𝐡𝐞™ Views - [🇰🇷 Korea] [𝐍𝐨 𝐑𝐞𝐟𝐢𝐥𝐥] [Source: Suggested Videos From [𝐓𝐄𝐂𝐇𝐍𝐎𝐋𝐎𝐆𝐘] Topic Videos] [Retention 15-20 Mins] [Speed 100K/Day] [INSTANT],464.546,1 000,100 000,No Refill,23 minutes,,,1997.5478
15586,YouTube 𝐍𝐢𝐜𝐡𝐞™ Views - [🇰🇷 Korea] [𝐍𝐨 𝐑𝐞𝐟𝐢𝐥𝐥] [Source: Suggested Videos From [𝐕𝐋𝐎𝐆𝐒] Topic Videos] [Retention 3-5 Mins] [Speed 100K/Day] [INSTANT],112.578,1 000,100 000,No Refill,23 minutes,,,484.0854
15587,YouTube 𝐍𝐢𝐜𝐡𝐞™ Views - [🇰🇷 Korea] [𝐍𝐨 𝐑𝐞𝐟𝐢𝐥𝐥] [Source: Suggested Videos From [𝐕𝐋𝐎𝐆𝐒] Topic Videos] [Retention 7-10 Mins] [Speed 100K/Day] [INSTANT],221.274,1 000,100 000,No Refill,22 minutes,,,951.4782
15588,YouTube 𝐍𝐢𝐜𝐡𝐞™ Views - [🇰🇷 Korea] [𝐍𝐨 𝐑𝐞𝐟𝐢𝐥𝐥] [Source: Suggested Videos From [𝐕𝐋𝐎𝐆𝐒] Topic Videos] [Retention 15-20 Mins] [Speed 100K/Day] [INSTANT],464.546,1 000,100 000,No Refill,17 minutes,,,1997.5478
15589,YouTube 𝐍𝐢𝐜𝐡𝐞™ Views - [🇰🇷 Korea] [𝐍𝐨 𝐑𝐞𝐟𝐢𝐥𝐥] [Source: Suggested Videos From [𝐆𝐀𝐌𝐈𝐍𝐆 / 𝐄𝐒𝐏𝐎𝐑𝐓𝐒] Topic Videos] [Retention 3-5 Mins] [Speed 100K/Day] [INSTANT],112.578,1 000,100 000,No Refill,17 minutes,,,484.0854
15590,YouTube 𝐍𝐢𝐜𝐡𝐞™ Views - [🇰🇷 Korea] [𝐍𝐨 𝐑𝐞𝐟𝐢𝐥𝐥] [Source: Suggested Videos From [𝐆𝐀𝐌𝐈𝐍𝐆 / 𝐄𝐒𝐏𝐎𝐑𝐓𝐒] Topic Videos] [Retention 7-10 Mins] [Speed 100K/Day] [INSTANT],221.274,1 000,100 000,No Refill,22 minutes,,,951.4782
15591,YouTube 𝐍𝐢𝐜𝐡𝐞™ Views - [🇰🇷 Korea] [𝐍𝐨 𝐑𝐞𝐟𝐢𝐥𝐥] [Source: Suggested Videos From [𝐆𝐀𝐌𝐈𝐍𝐆 / 𝐄𝐒𝐏𝐎𝐑𝐓𝐒] Topic Videos] [Retention 15-20 Mins] [Speed 100K/Day] [INSTANT],464.546,1 000,100 000,No Refill,23 minutes,,,1997.5478
10050,YouTube 𝐍𝐢𝐜𝐡𝐞™ Views - [🇻🇳 Vietnam] [𝐍𝐨 𝐑𝐞𝐟𝐢𝐥𝐥] [Source: Suggested Videos From [𝐆𝐀𝐌𝐈𝐍𝐆] Topic Videos] [Retention 3-5 Mins] [Speed 100K/Day] [INSTANT],112.578,1 000,100 000,No Refill,33 minutes,,,484.0854
10051,YouTube 𝐍𝐢𝐜𝐡𝐞™ Views - [🇻🇳 Vietnam] [𝐍𝐨 𝐑𝐞𝐟𝐢𝐥𝐥] [Source: Suggested Videos From [𝐆𝐀𝐌𝐈𝐍𝐆] Topic Videos] [Retention 7-10 Mins] [Speed 100K/Day] [INSTANT],221.274,1 000,100 000,No Refill,23 minutes,,,951.4782
10052,YouTube 𝐍𝐢𝐜𝐡𝐞™ Views - [🇻🇳 Vietnam] [𝐍𝐨 𝐑𝐞𝐟𝐢𝐥𝐥] [Source: Suggested Videos From [𝐆𝐀𝐌𝐈𝐍𝐆] Topic Videos] [Retention 15-20 Mins] [Speed 100K/Day] [INSTANT],464.546,1 000,100 000,No Refill,23 minutes,,,1997.5478
10053,YouTube 𝐍𝐢𝐜𝐡𝐞™ Views - [🇻🇳 Vietnam] [𝐍𝐨 𝐑𝐞𝐟𝐢𝐥𝐥] [Source: Suggested Videos From [𝐍𝐄𝐖𝐒] Topic Videos] [Retention 3-5 Mins] [Speed 100K/Day] [INSTANT],112.578,1 000,100 000,No Refill,33 minutes,,,484.0854
10054,YouTube 𝐍𝐢𝐜𝐡𝐞™ Views - [🇻🇳 Vietnam] [𝐍𝐨 𝐑𝐞𝐟𝐢𝐥𝐥] [Source: Suggested Videos From [𝐍𝐄𝐖𝐒] Topic Videos] [Retention 7-10 Mins] [Speed 100K/Day] [INSTANT],221.274,1 000,100 000,No Refill,22 minutes,,,951.4782
10055,YouTube 𝐍𝐢𝐜𝐡𝐞™ Views - [🇻🇳 Vietnam] [𝐍𝐨 𝐑𝐞𝐟𝐢𝐥𝐥] [Source: Suggested Videos From [𝐍𝐄𝐖𝐒] Topic Videos] [Retention 15-20 Mins] [Speed 100K/Day] [INSTANT],464.546,1 000,100 000,No Refill,11 minutes,,,1997.5478
10056,YouTube 𝐍𝐢𝐜𝐡𝐞™ Views - [🇻🇳 Vietnam] [𝐍𝐨 𝐑𝐞𝐟𝐢𝐥𝐥] [Source: Suggested Videos From [𝐌𝐔𝐒𝐈𝐂] Topic Videos] [Retention 3-5 Mins] [Speed 100K/Day] [INSTANT],112.578,1 000,100 000,No Refill,23 hours 50 minutes,,,484.0854
10057,YouTube 𝐍𝐢𝐜𝐡𝐞™ Views - [🇻🇳 Vietnam] [𝐍𝐨 𝐑𝐞𝐟𝐢𝐥𝐥] [Source: Suggested Videos From [𝐌𝐔𝐒𝐈𝐂] Topic Videos] [Retention 7-10 Mins] [Speed 100K/Day] [INSTANT],221.274,1 000,100 000,No Refill,33 minutes,,,951.4782
10058,YouTube 𝐍𝐢𝐜𝐡𝐞™ Views - [🇻🇳 Vietnam] [𝐍𝐨 𝐑𝐞𝐟𝐢𝐥𝐥] [Source: Suggested Videos From [𝐌𝐔𝐒𝐈𝐂] Topic Videos] [Retention 15-20 Mins] [Speed 100K/Day] [INSTANT],464.546,1 000,100 000,No Refill,16 minutes,,,1997.5478
10059,YouTube 𝐍𝐢𝐜𝐡𝐞™ Views - [🇻🇳 Vietnam] [𝐍𝐨 𝐑𝐞𝐟𝐢𝐥𝐥] [Source: Suggested Videos From [𝐅𝐈𝐍𝐀𝐍𝐂𝐄] Topic Videos] [Retention 3-5 Mins] [Speed 100K/Day] [INSTANT],112.578,1 000,100 000,No Refill,11 minutes,,,484.0854
10060,YouTube 𝐍𝐢𝐜𝐡𝐞™ Views - [🇻🇳 Vietnam] [𝐍𝐨 𝐑𝐞𝐟𝐢𝐥𝐥] [Source: Suggested Videos From [𝐅𝐈𝐍𝐀𝐍𝐂𝐄] Topic Videos] [Retention 7-10 Mins] [Speed 100K/Day] [INSTANT],221.274,1 000,100 000,No Refill,22 minutes,,,951.4782
10061,YouTube 𝐍𝐢𝐜𝐡𝐞™ Views - [🇻🇳 Vietnam] [𝐍𝐨 𝐑𝐞𝐟𝐢𝐥𝐥] [Source: Suggested Videos From [𝐅𝐈𝐍𝐀𝐍𝐂𝐄] Topic Videos] [Retention 15-20 Mins] [Speed 100K/Day] [INSTANT],464.546,1 000,100 000,No Refill,22 minutes,,,1997.5478
10062,YouTube 𝐍𝐢𝐜𝐡𝐞™ Views - [🇻🇳 Vietnam] [𝐍𝐨 𝐑𝐞𝐟𝐢𝐥𝐥] [Source: Suggested Videos From [𝐒𝐓𝐎𝐂𝐊] Topic Videos] [Retention 3-5 Mins] [Speed 100K/Day] [INSTANT],112.578,1 000,100 000,No Refill,22 minutes,,,484.0854
10063,YouTube 𝐍𝐢𝐜𝐡𝐞™ Views - [🇻🇳 Vietnam] [𝐍𝐨 𝐑𝐞𝐟𝐢𝐥𝐥] [Source: Suggested Videos From [𝐒𝐓𝐎𝐂𝐊] Topic Videos] [Retention 7-10 Mins] [Speed 100K/Day] [INSTANT],221.274,1 000,100 000,No Refill,55 minutes,,,951.4782
10064,YouTube 𝐍𝐢𝐜𝐡𝐞™ Views - [🇻🇳 Vietnam] [𝐍𝐨 𝐑𝐞𝐟𝐢𝐥𝐥] [Source: Suggested Videos From [𝐒𝐓𝐎𝐂𝐊] Topic Videos] [Retention 15-20 Mins] [Speed 100K/Day] [INSTANT],464.546,1 000,100 000,No Refill,11 minutes,,,1997.5478
10065,YouTube 𝐍𝐢𝐜𝐡𝐞™ Views - [🇻🇳 Vietnam] [𝐍𝐨 𝐑𝐞𝐟𝐢𝐥𝐥] [Source: Suggested Videos From [𝐊𝐈𝐃𝐒] Topic Videos] [Retention 3-5 Mins] [Speed 100K/Day] [INSTANT],112.578,1 000,100 000,No Refill,33 minutes,,,484.0854
10066,YouTube 𝐍𝐢𝐜𝐡𝐞™ Views - [🇻🇳 Vietnam] [𝐍𝐨 𝐑𝐞𝐟𝐢𝐥𝐥] [Source: Suggested Videos From [𝐊𝐈𝐃𝐒] Topic Videos] [Retention 7-10 Mins] [Speed 100K/Day] [INSTANT],309.266,1 000,100 000,No Refill,11 minutes,,,1329.8438
10067,YouTube 𝐍𝐢𝐜𝐡𝐞™ Views - [🇻🇳 Vietnam] [𝐍𝐨 𝐑𝐞𝐟𝐢𝐥𝐥] [Source: Suggested Videos From [𝐊𝐈𝐃𝐒] Topic Videos] [Retention 15-20 Mins] [Speed 100K/Day] [INSTANT],464.546,1 000,100 000,No Refill,23 minutes,,,1997.5478
10068,YouTube 𝐍𝐢𝐜𝐡𝐞™ Views - [🇻🇳 Vietnam] [𝐍𝐨 𝐑𝐞𝐟𝐢𝐥𝐥] [Source: Suggested Videos From [𝐓𝐄𝐂𝐇𝐍𝐎𝐋𝐎𝐆𝐘] Topic Videos] [Retention 3-5 Mins] [Speed 100K/Day] [INSTANT],112.578,1 000,100 000,No Refill,55 minutes,,,484.0854
10069,YouTube 𝐍𝐢𝐜𝐡𝐞™ Views - [🇻🇳 Vietnam] [𝐍𝐨 𝐑𝐞𝐟𝐢𝐥𝐥] [Source: Suggested Videos From [𝐓𝐄𝐂𝐇𝐍𝐎𝐋𝐎𝐆𝐘] Topic Videos] [Retention 7-10 Mins] [Speed 100K/Day] [INSTANT],221.274,1 000,100 000,No Refill,55 minutes,,,951.4782
10070,YouTube 𝐍𝐢𝐜𝐡𝐞™ Views - [🇻🇳 Vietnam] [𝐍𝐨 𝐑𝐞𝐟𝐢𝐥𝐥] [Source: Suggested Videos From [𝐓𝐄𝐂𝐇𝐍𝐎𝐋𝐎𝐆𝐘] Topic Videos] [Retention 15-20 Mins] [Speed 100K/Day] [INSTANT],464.546,1 000,100 000,No Refill,23 minutes,,,1997.5478
10071,YouTube 𝐍𝐢𝐜𝐡𝐞™ Views - [🇻🇳 Vietnam] [𝐍𝐨 𝐑𝐞𝐟𝐢𝐥𝐥] [Source: Suggested Videos From [𝐕𝐋𝐎𝐆𝐒] Topic Videos] [Retention 3-5 Mins] [Speed 100K/Day] [INSTANT],112.578,1 000,100 000,No Refill,16 minutes,,,484.0854
10072,YouTube 𝐍𝐢𝐜𝐡𝐞™ Views - [🇻🇳 Vietnam] [𝐍𝐨 𝐑𝐞𝐟𝐢𝐥𝐥] [Source: Suggested Videos From [𝐕𝐋𝐎𝐆𝐒] Topic Videos] [Retention 7-10 Mins] [Speed 100K/Day] [INSTANT],221.274,1 000,100 000,No Refill,33 minutes,,,951.4782
10073,YouTube 𝐍𝐢𝐜𝐡𝐞™ Views - [🇻🇳 Vietnam] [𝐍𝐨 𝐑𝐞𝐟𝐢𝐥𝐥] [Source: Suggested Videos From [𝐕𝐋𝐎𝐆𝐒] Topic Videos] [Retention 15-20 Mins] [Speed 100K/Day] [INSTANT],464.546,1 000,100 000,No Refill,33 minutes,,,1997.5478
10074,YouTube 𝐍𝐢𝐜𝐡𝐞™ Views - [🇻🇳 Vietnam] [𝐍𝐨 𝐑𝐞𝐟𝐢𝐥𝐥] [Source: Suggested Videos From [𝐆𝐀𝐌𝐈𝐍𝐆 / 𝐄𝐒𝐏𝐎𝐑𝐓𝐒] Topic Videos] [Retention 3-5 Mins] [Speed 100K/Day] [INSTANT],112.578,1 000,100 000,No Refill,55 minutes,,,484.0854
10075,YouTube 𝐍𝐢𝐜𝐡𝐞™ Views - [🇻🇳 Vietnam] [𝐍𝐨 𝐑𝐞𝐟𝐢𝐥𝐥] [Source: Suggested Videos From [𝐆𝐀𝐌𝐈𝐍𝐆 / 𝐄𝐒𝐏𝐎𝐑𝐓𝐒] Topic Videos] [Retention 7-10 Mins] [Speed 100K/Day] [INSTANT],221.274,1 000,100 000,No Refill,22 minutes,,,951.4782
10076,YouTube 𝐍𝐢𝐜𝐡𝐞™ Views - [🇻🇳 Vietnam] [𝐍𝐨 𝐑𝐞𝐟𝐢𝐥𝐥] [Source: Suggested Videos From [𝐆𝐀𝐌𝐈𝐍𝐆 / 𝐄𝐒𝐏𝐎𝐑𝐓𝐒] Topic Videos] [Retention 15-20 Mins] [Speed 100K/Day] [INSTANT],464.546,1 000,100 000,No Refill,16 minutes,,,1997.5478
15592,YouTube 𝐍𝐢𝐜𝐡𝐞™ Views - [Japan 🇯🇵] [𝐍𝐨 𝐑𝐞𝐟𝐢𝐥𝐥] [Source: Suggested Videos From [𝐆𝐀𝐌𝐈𝐍𝐆] Topic Videos] [Retention 3-5 Mins] [Speed 100K/Day] [INSTANT],112.578,1 000,100 000,No Refill,11 minutes,,,484.0854
15593,YouTube 𝐍𝐢𝐜𝐡𝐞™ Views - [Japan 🇯🇵] [𝐍𝐨 𝐑𝐞𝐟𝐢𝐥𝐥] [Source: Suggested Videos From [𝐆𝐀𝐌𝐈𝐍𝐆] Topic Videos] [Retention 7-10 Mins] [Speed 100K/Day] [INSTANT],221.274,1 000,100 000,No Refill,17 minutes,,,951.4782
15594,YouTube 𝐍𝐢𝐜𝐡𝐞™ Views - [Japan 🇯🇵] [𝐍𝐨 𝐑𝐞𝐟𝐢𝐥𝐥] [Source: Suggested Videos From [𝐆𝐀𝐌𝐈𝐍𝐆] Topic Videos] [Retention 15-20 Mins] [Speed 100K/Day] [INSTANT],464.546,1 000,100 000,No Refill,17 minutes,,,1997.5478
15595,YouTube 𝐍𝐢𝐜𝐡𝐞™ Views - [Japan 🇯🇵] [𝐍𝐨 𝐑𝐞𝐟𝐢𝐥𝐥] [Source: Suggested Videos From [𝐍𝐄𝐖𝐒] Topic Videos] [Retention 3-5 Mins] [Speed 100K/Day] [INSTANT],112.578,1 000,100 000,No Refill,6 minutes,,,484.0854
15596,YouTube 𝐍𝐢𝐜𝐡𝐞™ Views - [Japan 🇯🇵] [𝐍𝐨 𝐑𝐞𝐟𝐢𝐥𝐥] [Source: Suggested Videos From [𝐍𝐄𝐖𝐒] Topic Videos] [Retention 7-10 Mins] [Speed 100K/Day] [INSTANT],221.274,1 000,100 000,No Refill,22 minutes,,,951.4782
15597,YouTube 𝐍𝐢𝐜𝐡𝐞™ Views - [Japan 🇯🇵] [𝐍𝐨 𝐑𝐞𝐟𝐢𝐥𝐥] [Source: Suggested Videos From [𝐍𝐄𝐖𝐒] Topic Videos] [Retention 15-20 Mins] [Speed 100K/Day] [INSTANT],464.546,1 000,100 000,No Refill,22 minutes,,,1997.5478
15598,YouTube 𝐍𝐢𝐜𝐡𝐞™ Views - [Japan 🇯🇵] [𝐍𝐨 𝐑𝐞𝐟𝐢𝐥𝐥] [Source: Suggested Videos From [𝐌𝐔𝐒𝐈𝐂] Topic Videos] [Retention 3-5 Mins] [Speed 100K/Day] [INSTANT],112.578,1 000,100 000,No Refill,23 minutes,,,484.0854
15599,YouTube 𝐍𝐢𝐜𝐡𝐞™ Views - [Japan 🇯🇵] [𝐍𝐨 𝐑𝐞𝐟𝐢𝐥𝐥] [Source: Suggested Videos From [𝐌𝐔𝐒𝐈𝐂] Topic Videos] [Retention 7-10 Mins] [Speed 100K/Day] [INSTANT],221.274,1 000,100 000,No Refill,22 minutes,,,951.4782
15600,YouTube 𝐍𝐢𝐜𝐡𝐞™ Views - [Japan 🇯🇵] [𝐍𝐨 𝐑𝐞𝐟𝐢𝐥𝐥] [Source: Suggested Videos From [𝐌𝐔𝐒𝐈𝐂] Topic Videos] [Retention 15-20 Mins] [Speed 100K/Day] [INSTANT],464.546,1 000,100 000,No Refill,11 minutes,,,1997.5478
15601,YouTube 𝐍𝐢𝐜𝐡𝐞™ Views - [Japan 🇯🇵] [𝐍𝐨 𝐑𝐞𝐟𝐢𝐥𝐥] [Source: Suggested Videos From [𝐅𝐈𝐍𝐀𝐍𝐂𝐄] Topic Videos] [Retention 3-5 Mins] [Speed 100K/Day] [INSTANT],112.578,1 000,100 000,No Refill,33 minutes,,,484.0854
15602,YouTube 𝐍𝐢𝐜𝐡𝐞™ Views - [Japan 🇯🇵] [𝐍𝐨 𝐑𝐞𝐟𝐢𝐥𝐥] [Source: Suggested Videos From [𝐅𝐈𝐍𝐀𝐍𝐂𝐄] Topic Videos] [Retention 7-10 Mins] [Speed 100K/Day] [INSTANT],221.274,1 000,100 000,No Refill,23 minutes,,,951.4782
15603,YouTube 𝐍𝐢𝐜𝐡𝐞™ Views - [Japan 🇯🇵] [𝐍𝐨 𝐑𝐞𝐟𝐢𝐥𝐥] [Source: Suggested Videos From [𝐅𝐈𝐍𝐀𝐍𝐂𝐄] Topic Videos] [Retention 15-20 Mins] [Speed 100K/Day] [INSTANT],464.546,1 000,100 000,No Refill,11 minutes,,,1997.5478
15604,YouTube 𝐍𝐢𝐜𝐡𝐞™ Views - [Japan 🇯🇵] [𝐍𝐨 𝐑𝐞𝐟𝐢𝐥𝐥] [Source: Suggested Videos From [𝐒𝐓𝐎𝐂𝐊] Topic Videos] [Retention 3-5 Mins] [Speed 100K/Day] [INSTANT],112.578,1 000,100 000,No Refill,17 minutes,,,484.0854
15605,YouTube 𝐍𝐢𝐜𝐡𝐞™ Views - [Japan 🇯🇵] [𝐍𝐨 𝐑𝐞𝐟𝐢𝐥𝐥] [Source: Suggested Videos From [𝐒𝐓𝐎𝐂𝐊] Topic Videos] [Retention 7-10 Mins] [Speed 100K/Day] [INSTANT],221.274,1 000,100 000,No Refill,22 minutes,,,951.4782
15606,YouTube 𝐍𝐢𝐜𝐡𝐞™ Views - [Japan 🇯🇵] [𝐍𝐨 𝐑𝐞𝐟𝐢𝐥𝐥] [Source: Suggested Videos From [𝐒𝐓𝐎𝐂𝐊] Topic Videos] [Retention 15-20 Mins] [Speed 100K/Day] [INSTANT],464.546,1 000,100 000,No Refill,16 minutes,,,1997.5478
15607,YouTube 𝐍𝐢𝐜𝐡𝐞™ Views - [Japan 🇯🇵] [𝐍𝐨 𝐑𝐞𝐟𝐢𝐥𝐥] [Source: Suggested Videos From [𝐊𝐈𝐃𝐒] Topic Videos] [Retention 3-5 Mins] [Speed 100K/Day] [INSTANT],112.578,1 000,100 000,No Refill,11 minutes,,,484.0854
15608,YouTube 𝐍𝐢𝐜𝐡𝐞™ Views - [Japan 🇯🇵] [𝐍𝐨 𝐑𝐞𝐟𝐢𝐥𝐥] [Source: Suggested Videos From [𝐊𝐈𝐃𝐒] Topic Videos] [Retention 7-10 Mins] [Speed 100K/Day] [INSTANT],221.274,1 000,100 000,No Refill,11 minutes,,,951.4782
15609,YouTube 𝐍𝐢𝐜𝐡𝐞™ Views - [Japan 🇯🇵] [𝐍𝐨 𝐑𝐞𝐟𝐢𝐥𝐥] [Source: Suggested Videos From [𝐊𝐈𝐃𝐒] Topic Videos] [Retention 15-20 Mins] [Speed 100K/Day] [INSTANT],464.546,1 000,100 000,No Refill,55 minutes,,,1997.5478
15610,YouTube 𝐍𝐢𝐜𝐡𝐞™ Views - [Japan 🇯🇵] [𝐍𝐨 𝐑𝐞𝐟𝐢𝐥𝐥] [Source: Suggested Videos From [𝐓𝐄𝐂𝐇𝐍𝐎𝐋𝐎𝐆𝐘] Topic Videos] [Retention 3-5 Mins] [Speed 100K/Day] [INSTANT],112.578,1 000,100 000,No Refill,55 minutes,,,484.0854
15611,YouTube 𝐍𝐢𝐜𝐡𝐞™ Views - [Japan 🇯🇵] [𝐍𝐨 𝐑𝐞𝐟𝐢𝐥𝐥] [Source: Suggested Videos From [𝐓𝐄𝐂𝐇𝐍𝐎𝐋𝐎𝐆𝐘] Topic Videos] [Retention 7-10 Mins] [Speed 100K/Day] [INSTANT],221.274,1 000,100 000,No Refill,33 minutes,,,951.4782
15612,YouTube 𝐍𝐢𝐜𝐡𝐞™ Views - [Japan 🇯🇵] [𝐍𝐨 𝐑𝐞𝐟𝐢𝐥𝐥] [Source: Suggested Videos From [𝐓𝐄𝐂𝐇𝐍𝐎𝐋𝐎𝐆𝐘] Topic Videos] [Retention 15-20 Mins] [Speed 100K/Day] [INSTANT],464.546,1 000,100 000,No Refill,11 minutes,,,1997.5478
15613,YouTube 𝐍𝐢𝐜𝐡𝐞™ Views - [Japan 🇯🇵] [𝐍𝐨 𝐑𝐞𝐟𝐢𝐥𝐥] [Source: Suggested Videos From [𝐕𝐋𝐎𝐆𝐒] Topic Videos] [Retention 3-5 Mins] [Speed 100K/Day] [INSTANT],112.578,1 000,100 000,No Refill,11 minutes,,,484.0854
15614,YouTube 𝐍𝐢𝐜𝐡𝐞™ Views - [Japan 🇯🇵] [𝐍𝐨 𝐑𝐞𝐟𝐢𝐥𝐥] [Source: Suggested Videos From [𝐕𝐋𝐎𝐆𝐒] Topic Videos] [Retention 7-10 Mins] [Speed 100K/Day] [INSTANT],221.274,1 000,100 000,No Refill,11 minutes,,,951.4782
15615,YouTube 𝐍𝐢𝐜𝐡𝐞™ Views - [Japan 🇯🇵] [𝐍𝐨 𝐑𝐞𝐟𝐢𝐥𝐥] [Source: Suggested Videos From [𝐕𝐋𝐎𝐆𝐒] Topic Videos] [Retention 15-20 Mins] [Speed 100K/Day] [INSTANT],464.546,1 000,100 000,No Refill,55 minutes,,,1997.5478
15616,YouTube 𝐍𝐢𝐜𝐡𝐞™ Views - [Japan 🇯🇵] [𝐍𝐨 𝐑𝐞𝐟𝐢𝐥𝐥] [Source: Suggested Videos From [𝐆𝐀𝐌𝐈𝐍𝐆 / 𝐄𝐒𝐏𝐎𝐑𝐓𝐒] Topic Videos] [Retention 3-5 Mins] [Speed 100K/Day] [INSTANT],112.578,1 000,100 000,No Refill,22 minutes,,,484.0854
15617,YouTube 𝐍𝐢𝐜𝐡𝐞™ Views - [Japan 🇯🇵] [𝐍𝐨 𝐑𝐞𝐟𝐢𝐥𝐥] [Source: Suggested Videos From [𝐆𝐀𝐌𝐈𝐍𝐆 / 𝐄𝐒𝐏𝐎𝐑𝐓𝐒] Topic Videos] [Retention 7-10 Mins] [Speed 100K/Day] [INSTANT],221.274,1 000,100 000,No Refill,17 minutes,,,951.4782
15618,YouTube 𝐍𝐢𝐜𝐡𝐞™ Views - [Japan 🇯🇵] [𝐍𝐨 𝐑𝐞𝐟𝐢𝐥𝐥] [Source: Suggested Videos From [𝐆𝐀𝐌𝐈𝐍𝐆 / 𝐄𝐒𝐏𝐎𝐑𝐓𝐒] Topic Videos] [Retention 15-20 Mins] [Speed 100K/Day] [INSTANT],464.546,1 000,100 000,No Refill,22 minutes,,,1997.5478
16265,YouTube Views + 10% Likes + 🤖 %1 AI Targeted Comments | 𝐒𝐨𝐮𝐫𝐜𝐞: 𝐌𝐮𝐬𝐢𝐜 | 30 Days Refill | 𝐒𝐨𝐮𝐫𝐜𝐞: 𝐘𝐨𝐮𝐭𝐮𝐛𝐞 𝐒𝐞𝐚𝐫𝐜𝐡 𝐁𝐲 𝐊𝐞𝐲𝐰𝐨𝐫𝐝𝐬 + 𝐒𝐮𝐠𝐠𝐞𝐬𝐭𝐞𝐝 + 𝐄𝐱𝐭𝐞𝐫𝐧𝐚𝐥 | Dynamic Retention: 3-5 Minutes | Speed 10K/Day | Instant,225.156,1 000,1 000 000,30 Days Refill,48 hours 40 minutes,,,968.1708
16266,YouTube Views + 10% Likes + 🤖 %1 AI Targeted Comments | 𝐒𝐨𝐮𝐫𝐜𝐞: 𝐅𝐢𝐧𝐚𝐧𝐜𝐞 | 30 Days Refill | 𝐒𝐨𝐮𝐫𝐜𝐞: 𝐒𝐮𝐠𝐠𝐞𝐬𝐭𝐞𝐝 + 𝐄𝐱𝐭𝐞𝐫𝐧𝐚𝐥 | Dynamic Retention: 3-5 Minutes | Speed 10K/Day | Instant,225.156,1 000,1 000 000,30 Days Refill,23 minutes,,,968.1708
16267,YouTube Views + 10% Likes + 🤖 %1 AI Targeted Comments | 𝐒𝐨𝐮𝐫𝐜𝐞: 𝐂𝐫𝐲𝐩𝐭𝐨 | 30 Days Refill | 𝐒𝐨𝐮𝐫𝐜𝐞: 𝐒𝐮𝐠𝐠𝐞𝐬𝐭𝐞𝐝 + 𝐄𝐱𝐭𝐞𝐫𝐧𝐚𝐥 | Dynamic Retention: 3-5 Minutes | Speed 10K/Day | Instant,225.156,1 000,1 000 000,30 Days Refill,69 hours 23 minutes,,,968.1708
16268,YouTube Views + 10% Likes + 🤖 %1 AI Targeted Comments | 𝐒𝐨𝐮𝐫𝐜𝐞: 𝐄𝐧𝐭𝐞𝐫𝐭𝐚𝐢𝐧𝐦𝐞𝐧𝐭 | 30 Days Refill | 𝐒𝐨𝐮𝐫𝐜𝐞: 𝐒𝐮𝐠𝐠𝐞𝐬𝐭𝐞𝐝 + 𝐄𝐱𝐭𝐞𝐫𝐧𝐚𝐥 | Dynamic Retention: 3-5 Minutes | Speed 1K/Day | Instant,225.156,1 000,1 000 000,30 Days Refill,22 minutes,,,968.1708
16269,YouTube Views + 10% Likes + 🤖 %1 AI Targeted Comments | 𝐒𝐨𝐮𝐫𝐜𝐞: 𝐆𝐚𝐦𝐢𝐧𝐠 | 30 Days Refill | 𝐒𝐨𝐮𝐫𝐜𝐞: 𝐒𝐮𝐠𝐠𝐞𝐬𝐭𝐞𝐝 + 𝐄𝐱𝐭𝐞𝐫𝐧𝐚𝐥 | Dynamic Retention: 3-5 Minutes | Speed 10K/Day | Instant,225.156,1 000,1 000 000,30 Days Refill,17 minutes,,,968.1708
16270,YouTube Views + 10% Likes + 🤖 %1 AI Targeted Comments | 𝐒𝐨𝐮𝐫𝐜𝐞: 𝐍𝐞𝐰𝐬 | 30 Days Refill | 𝐒𝐨𝐮𝐫𝐜𝐞: 𝐒𝐮𝐠𝐠𝐞𝐬𝐭𝐞𝐝 + 𝐄𝐱𝐭𝐞𝐫𝐧𝐚𝐥 | Dynamic Retention: 3-5 Minutes | Speed 1K/Day | Instant,225.156,1 000,1 000 000,30 Days Refill,11 minutes,,,968.1708
16271,YouTube Views + 10% Likes + 🤖 %1 AI Targeted Comments | 𝐒𝐨𝐮𝐫𝐜𝐞: 𝐂𝐨𝐨𝐤𝐢𝐧𝐠 | 30 Days Refill | 𝐒𝐨𝐮𝐫𝐜𝐞: 𝐒𝐮𝐠𝐠𝐞𝐬𝐭𝐞𝐝 + 𝐄𝐱𝐭𝐞𝐫𝐧𝐚𝐥 | Dynamic Retention: 3-5 Minutes | Speed 1K/Day | Instant,225.156,1 000,1 000 000,30 Days Refill,11 minutes,,,968.1708
16272,YouTube Views + 10% Likes + 🤖 %1 AI Targeted Comments | 𝐒𝐨𝐮𝐫𝐜𝐞: 𝐅𝐚𝐬𝐡𝐢𝐨𝐧 | 30 Days Refill | 𝐒𝐨𝐮𝐫𝐜𝐞: 𝐒𝐮𝐠𝐠𝐞𝐬𝐭𝐞𝐝 + 𝐄𝐱𝐭𝐞𝐫𝐧𝐚𝐥 | Dynamic Retention: 3-5 Minutes | Speed 1K/Day | Instant,225.156,1 000,1 000 000,30 Days Refill,88 hours 6 minutes,,,968.1708
16273,YouTube Views + 10% Likes + 🤖 %1 AI Targeted Comments | 𝐒𝐨𝐮𝐫𝐜𝐞: 𝐓𝐞𝐜𝐡 | 30 Days Refill | 𝐒𝐨𝐮𝐫𝐜𝐞: 𝐒𝐮𝐠𝐠𝐞𝐬𝐭𝐞𝐝 + 𝐄𝐱𝐭𝐞𝐫𝐧𝐚𝐥 | Dynamic Retention: 3-5 Minutes | Speed 1K/Day | Instant,225.156,1 000,1 000 000,30 Days Refill,23 minutes,,,968.1708
16274,YouTube Views + 10% Likes + 🤖 %1 AI Targeted Comments | 𝐒𝐨𝐮𝐫𝐜𝐞: 𝐂𝐚𝐫𝐬 | 30 Days Refill | 𝐒𝐨𝐮𝐫𝐜𝐞: 𝐒𝐮𝐠𝐠𝐞𝐬𝐭𝐞𝐝 + 𝐄𝐱𝐭𝐞𝐫𝐧𝐚𝐥 | Dynamic Retention: 3-5 Minutes | Speed 1K/Day | Instant,225.156,1 000,1 000 000,30 Days Refill,17 minutes,,,968.1708
16275,YouTube Views + 10% Likes + 🤖 %1 AI Targeted Comments | 𝐒𝐨𝐮𝐫𝐜𝐞: 𝐅𝐢𝐭𝐧𝐞𝐬𝐬 | 30 Days Refill | 𝐒𝐨𝐮𝐫𝐜𝐞: 𝐒𝐮𝐠𝐠𝐞𝐬𝐭𝐞𝐝 + 𝐄𝐱𝐭𝐞𝐫𝐧𝐚𝐥 | Dynamic Retention: 3-5 Minutes | Speed 1K/Day | Instant,225.156,1 000,1 000 000,30 Days Refill,16 minutes,,,968.1708
16276,YouTube Views + 10% Likes + 🤖 %1 AI Targeted Comments | 𝐒𝐨𝐮𝐫𝐜𝐞: 𝐕𝐥𝐨𝐠𝐬 | 30 Days Refill | 𝐒𝐨𝐮𝐫𝐜𝐞: 𝐒𝐮𝐠𝐠𝐞𝐬𝐭𝐞𝐝 + 𝐄𝐱𝐭𝐞𝐫𝐧𝐚𝐥 | Dynamic Retention: 3-5 Minutes | Speed 1K/Day | Instant,225.156,1 000,1 000 000,30 Days Refill,22 minutes,,,968.1708
16240,YouTube Views + 10% Likes + 🤖 %1 AI Targeted Comments | USA 🇺🇸 | 30 Days Refill | 𝐒𝐨𝐮𝐫𝐜𝐞: 𝐘𝐨𝐮𝐭𝐮𝐛𝐞 𝐒𝐞𝐚𝐫𝐜𝐡 𝐁𝐲 𝐊𝐞𝐲𝐰𝐨𝐫𝐝𝐬 + 𝐒𝐮𝐠𝐠𝐞𝐬𝐭𝐞𝐝 + 𝐄𝐱𝐭𝐞𝐫𝐧𝐚𝐥 | Dynamic Retention: 1-3 Minutes | Speed 1K/Day | Instant,491.72,1 000,1 000 000,30 Days Refill,5 hours 44 minutes,,,2114.396
16241,YouTube Views + 10% Likes + 🤖 %1 AI Targeted Comments | USA 🇺🇸 | 30 Days Refill | 𝐒𝐨𝐮𝐫𝐜𝐞: 𝐘𝐨𝐮𝐭𝐮𝐛𝐞 𝐒𝐞𝐚𝐫𝐜𝐡 𝐁𝐲 𝐊𝐞𝐲𝐰𝐨𝐫𝐝𝐬 + 𝐒𝐮𝐠𝐠𝐞𝐬𝐭𝐞𝐝 + 𝐄𝐱𝐭𝐞𝐫𝐧𝐚𝐥 | Dynamic Retention: 3-5 Minutes | Speed 1K/Day | Instant,531.834,1 000,1 000 000,30 Days Refill,17 minutes,,,2286.8862
16242,YouTube Views + 10% Likes + 🤖 %1 AI Targeted Comments | USA 🇺🇸 | 30 Days Refill | 𝐒𝐨𝐮𝐫𝐜𝐞: 𝐘𝐨𝐮𝐭𝐮𝐛𝐞 𝐒𝐞𝐚𝐫𝐜𝐡 𝐁𝐲 𝐊𝐞𝐲𝐰𝐨𝐫𝐝𝐬 + 𝐒𝐮𝐠𝐠𝐞𝐬𝐭𝐞𝐝 + 𝐄𝐱𝐭𝐞𝐫𝐧𝐚𝐥 | Dynamic Retention: 5-10 Minutes | Speed 1K/Day | Instant,649.588,1 000,1 000 000,30 Days Refill,25 hours 16 minutes,,,2793.2284
16243,YouTube Views + 10% Likes + 🤖 %1 AI Targeted Comments | USA 🇺🇸 | 30 Days Refill | 𝐒𝐨𝐮𝐫𝐜𝐞: 𝐘𝐨𝐮𝐭𝐮𝐛𝐞 𝐒𝐞𝐚𝐫𝐜𝐡 𝐁𝐲 𝐊𝐞𝐲𝐰𝐨𝐫𝐝𝐬 + 𝐒𝐮𝐠𝐠𝐞𝐬𝐭𝐞𝐝 + 𝐄𝐱𝐭𝐞𝐫𝐧𝐚𝐥 | Dynamic Retention: 10-15 Minutes | Speed 1K/Day | Instant,697.466,1 000,1 000 000,30 Days Refill,11 minutes,,,2999.1038
16244,YouTube Views + 10% Likes + 🤖 %1 AI Targeted Comments | USA 🇺🇸 | 30 Days Refill | 𝐒𝐨𝐮𝐫𝐜𝐞: 𝐘𝐨𝐮𝐭𝐮𝐛𝐞 𝐒𝐞𝐚𝐫𝐜𝐡 𝐁𝐲 𝐊𝐞𝐲𝐰𝐨𝐫𝐝𝐬 + 𝐒𝐮𝐠𝐠𝐞𝐬𝐭𝐞𝐝 + 𝐄𝐱𝐭𝐞𝐫𝐧𝐚𝐥 | Dynamic Retention: 20 Minutes | Speed 1K/Day | Instant,747.932,1 000,1 000 000,30 Days Refill,33 minutes,,,3216.1076
16245,YouTube Views + 10% Likes + 🤖 %1 AI Targeted Comments | South Korea 🇰🇷 | 30 Days Refill | 𝐒𝐨𝐮𝐫𝐜𝐞: 𝐘𝐨𝐮𝐭𝐮𝐛𝐞 𝐒𝐞𝐚𝐫𝐜𝐡 𝐁𝐲 𝐊𝐞𝐲𝐰𝐨𝐫𝐝𝐬 + 𝐒𝐮𝐠𝐠𝐞𝐬𝐭𝐞𝐝 + 𝐄𝐱𝐭𝐞𝐫𝐧𝐚𝐥 | Dynamic Retention: 1-3 Minutes | Speed 1K/Day | Instant,491.72,1 000,1 000 000,30 Days Refill,17 minutes,,,2114.396
16246,YouTube Views + 10% Likes + 🤖 %1 AI Targeted Comments | South Korea 🇰🇷 | 30 Days Refill | 𝐒𝐨𝐮𝐫𝐜𝐞: 𝐘𝐨𝐮𝐭𝐮𝐛𝐞 𝐒𝐞𝐚𝐫𝐜𝐡 𝐁𝐲 𝐊𝐞𝐲𝐰𝐨𝐫𝐝𝐬 + 𝐒𝐮𝐠𝐠𝐞𝐬𝐭𝐞𝐝 + 𝐄𝐱𝐭𝐞𝐫𝐧𝐚𝐥 | Dynamic Retention: 3-5 Minutes | Speed 1K/Day | Instant,531.834,1 000,1 000 000,30 Days Refill,11 minutes,,,2286.8862
16247,YouTube Views + 10% Likes + 🤖 %1 AI Targeted Comments | South Korea 🇰🇷 | 30 Days Refill | 𝐒𝐨𝐮𝐫𝐜𝐞: 𝐘𝐨𝐮𝐭𝐮𝐛𝐞 𝐒𝐞𝐚𝐫𝐜𝐡 𝐁𝐲 𝐊𝐞𝐲𝐰𝐨𝐫𝐝𝐬 + 𝐒𝐮𝐠𝐠𝐞𝐬𝐭𝐞𝐝 + 𝐄𝐱𝐭𝐞𝐫𝐧𝐚𝐥 | Dynamic Retention: 5-10 Minutes | Speed 1K/Day | Instant,649.588,1 000,1 000 000,30 Days Refill,11 minutes,,,2793.2284
16248,YouTube Views + 10% Likes + 🤖 %1 AI Targeted Comments | South Korea 🇰🇷 | 30 Days Refill | 𝐒𝐨𝐮𝐫𝐜𝐞: 𝐘𝐨𝐮𝐭𝐮𝐛𝐞 𝐒𝐞𝐚𝐫𝐜𝐡 𝐁𝐲 𝐊𝐞𝐲𝐰𝐨𝐫𝐝𝐬 + 𝐒𝐮𝐠𝐠𝐞𝐬𝐭𝐞𝐝 + 𝐄𝐱𝐭𝐞𝐫𝐧𝐚𝐥 | Dynamic Retention: 10-15 Minutes | Speed 1K/Day | Instant,697.466,1 000,1 000 000,30 Days Refill,22 minutes,,,2999.1038
16249,YouTube Views + 10% Likes + 🤖 %1 AI Targeted Comments | South Korea 🇰🇷 | 30 Days Refill | 𝐒𝐨𝐮𝐫𝐜𝐞: 𝐘𝐨𝐮𝐭𝐮𝐛𝐞 𝐒𝐞𝐚𝐫𝐜𝐡 𝐁𝐲 𝐊𝐞𝐲𝐰𝐨𝐫𝐝𝐬 + 𝐒𝐮𝐠𝐠𝐞𝐬𝐭𝐞𝐝 + 𝐄𝐱𝐭𝐞𝐫𝐧𝐚𝐥 | Dynamic Retention: 20 Minutes | Speed 1K/Day | Instant,747.932,1 000,1 000 000,30 Days Refill,22 minutes,,,3216.1076
16255,YouTube Views + 10% Likes + 🤖 %1 AI Targeted Comments | Japan 🇯🇵 | 30 Days Refill | 𝐒𝐨𝐮𝐫𝐜𝐞: 𝐘𝐨𝐮𝐭𝐮𝐛𝐞 𝐒𝐞𝐚𝐫𝐜𝐡 𝐁𝐲 𝐊𝐞𝐲𝐰𝐨𝐫𝐝𝐬 + 𝐒𝐮𝐠𝐠𝐞𝐬𝐭𝐞𝐝 + 𝐄𝐱𝐭𝐞𝐫𝐧𝐚𝐥 | Dynamic Retention: 1-3 Minutes | Speed 1K/Day | Instant,491.72,1 000,1 000 000,30 Days Refill,17 minutes,,,2114.396
16256,YouTube Views + 10% Likes + 🤖 %1 AI Targeted Comments | Japan 🇯🇵 | 30 Days Refill | 𝐒𝐨𝐮𝐫𝐜𝐞: 𝐘𝐨𝐮𝐭𝐮𝐛𝐞 𝐒𝐞𝐚𝐫𝐜𝐡 𝐁𝐲 𝐊𝐞𝐲𝐰𝐨𝐫𝐝𝐬 + 𝐒𝐮𝐠𝐠𝐞𝐬𝐭𝐞𝐝 + 𝐄𝐱𝐭𝐞𝐫𝐧𝐚𝐥 | Dynamic Retention: 3-5 Minutes | Speed 1K/Day | Instant,531.834,1 000,1 000 000,30 Days Refill,55 minutes,,,2286.8862
16257,YouTube Views + 10% Likes + 🤖 %1 AI Targeted Comments | Japan 🇯🇵 | 30 Days Refill | 𝐒𝐨𝐮𝐫𝐜𝐞: 𝐘𝐨𝐮𝐭𝐮𝐛𝐞 𝐒𝐞𝐚𝐫𝐜𝐡 𝐁𝐲 𝐊𝐞𝐲𝐰𝐨𝐫𝐝𝐬 + 𝐒𝐮𝐠𝐠𝐞𝐬𝐭𝐞𝐝 + 𝐄𝐱𝐭𝐞𝐫𝐧𝐚𝐥 | Dynamic Retention: 5-10 Minutes | Speed 1K/Day | Instant,649.588,1 000,1 000 000,30 Days Refill,33 minutes,,,2793.2284
16258,YouTube Views + 10% Likes + 🤖 %1 AI Targeted Comments | Japan 🇯🇵 | 30 Days Refill | 𝐒𝐨𝐮𝐫𝐜𝐞: 𝐘𝐨𝐮𝐭𝐮𝐛𝐞 𝐒𝐞𝐚𝐫𝐜𝐡 𝐁𝐲 𝐊𝐞𝐲𝐰𝐨𝐫𝐝𝐬 + 𝐒𝐮𝐠𝐠𝐞𝐬𝐭𝐞𝐝 + 𝐄𝐱𝐭𝐞𝐫𝐧𝐚𝐥 | Dynamic Retention: 10-15 Minutes | Speed 1K/Day | Instant,697.466,1 000,1 000 000,30 Days Refill,23 minutes,,,2999.1038
16259,YouTube Views + 10% Likes + 🤖 %1 AI Targeted Comments | Japan 🇯🇵 | 30 Days Refill | 𝐒𝐨𝐮𝐫𝐜𝐞: 𝐘𝐨𝐮𝐭𝐮𝐛𝐞 𝐒𝐞𝐚𝐫𝐜𝐡 𝐁𝐲 𝐊𝐞𝐲𝐰𝐨𝐫𝐝𝐬 + 𝐒𝐮𝐠𝐠𝐞𝐬𝐭𝐞𝐝 + 𝐄𝐱𝐭𝐞𝐫𝐧𝐚𝐥 | Dynamic Retention: 20 Minutes | Speed 1K/Day | Instant,747.932,1 000,1 000 000,30 Days Refill,16 minutes,,,3216.1076
16250,YouTube Views + 10% Likes + 🤖 %1 AI Targeted Comments | Vietnam 🇻🇳 | 30 Days Refill | 𝐒𝐨𝐮𝐫𝐜𝐞: 𝐘𝐨𝐮𝐭𝐮𝐛𝐞 𝐒𝐞𝐚𝐫𝐜𝐡 𝐁𝐲 𝐊𝐞𝐲𝐰𝐨𝐫𝐝𝐬 + 𝐒𝐮𝐠𝐠𝐞𝐬𝐭𝐞𝐝 + 𝐄𝐱𝐭𝐞𝐫𝐧𝐚𝐥 | Dynamic Retention: 1-3 Minutes | Speed 1K/Day | Instant,491.72,1 000,1 000 000,30 Days Refill,55 minutes,,,2114.396
16251,YouTube Views + 10% Likes + 🤖 %1 AI Targeted Comments | Vietnam 🇻🇳 | 30 Days Refill | 𝐒𝐨𝐮𝐫𝐜𝐞: 𝐘𝐨𝐮𝐭𝐮𝐛𝐞 𝐒𝐞𝐚𝐫𝐜𝐡 𝐁𝐲 𝐊𝐞𝐲𝐰𝐨𝐫𝐝𝐬 + 𝐒𝐮𝐠𝐠𝐞𝐬𝐭𝐞𝐝 + 𝐄𝐱𝐭𝐞𝐫𝐧𝐚𝐥 | Dynamic Retention: 3-5 Minutes | Speed 1K/Day | Instant,531.834,1 000,1 000 000,30 Days Refill,22 minutes,,,2286.8862
16252,YouTube Views + 10% Likes + 🤖 %1 AI Targeted Comments | Vietnam 🇻🇳 | 30 Days Refill | 𝐒𝐨𝐮𝐫𝐜𝐞: 𝐘𝐨𝐮𝐭𝐮𝐛𝐞 𝐒𝐞𝐚𝐫𝐜𝐡 𝐁𝐲 𝐊𝐞𝐲𝐰𝐨𝐫𝐝𝐬 + 𝐒𝐮𝐠𝐠𝐞𝐬𝐭𝐞𝐝 + 𝐄𝐱𝐭𝐞𝐫𝐧𝐚𝐥 | Dynamic Retention: 5-10 Minutes | Speed 1K/Day | Instant,649.588,1 000,1 000 000,30 Days Refill,11 minutes,,,2793.2284
16254,YouTube Views + 10% Likes + 🤖 %1 AI Targeted Comments | Vietnam 🇻🇳 | 30 Days Refill | 𝐒𝐨𝐮𝐫𝐜𝐞: 𝐘𝐨𝐮𝐭𝐮𝐛𝐞 𝐒𝐞𝐚𝐫𝐜𝐡 𝐁𝐲 𝐊𝐞𝐲𝐰𝐨𝐫𝐝𝐬 + 𝐒𝐮𝐠𝐠𝐞𝐬𝐭𝐞𝐝 + 𝐄𝐱𝐭𝐞𝐫𝐧𝐚𝐥 | Dynamic Retention: 20 Minutes | Speed 1K/Day | Instant,747.932,1 000,1 000 000,30 Days Refill,11 minutes,,,3216.1076
16253,YouTube Views + 10% Likes + 🤖 %1 AI Targeted Comments | Vietnam 🇻🇳 | 30 Days Refill | 𝐒𝐨𝐮𝐫𝐜𝐞: 𝐘𝐨𝐮𝐭𝐮𝐛𝐞 𝐒𝐞𝐚𝐫𝐜𝐡 𝐁𝐲 𝐊𝐞𝐲𝐰𝐨𝐫𝐝𝐬 + 𝐒𝐮𝐠𝐠𝐞𝐬𝐭𝐞𝐝 + 𝐄𝐱𝐭𝐞𝐫𝐧𝐚𝐥 | Dynamic Retention: 10-15 Minutes | Speed 1K/Day | Instant,697.466,1 000,1 000 000,30 Days Refill,55 minutes,,,2999.1038
16260,YouTube Views + 10% Likes + 🤖 %1 AI Targeted Comments | India 🇮🇳 | 30 Days Refill | 𝐒𝐨𝐮𝐫𝐜𝐞: 𝐘𝐨𝐮𝐭𝐮𝐛𝐞 𝐒𝐞𝐚𝐫𝐜𝐡 𝐁𝐲 𝐊𝐞𝐲𝐰𝐨𝐫𝐝𝐬 + 𝐒𝐮𝐠𝐠𝐞𝐬𝐭𝐞𝐝 + 𝐄𝐱𝐭𝐞𝐫𝐧𝐚𝐥 | Dynamic Retention: 1-3 Minutes | Speed 1K/Day | Instant,491.72,1 000,1 000 000,30 Days Refill,33 minutes,,,2114.396
16261,YouTube Views + 10% Likes + 🤖 %1 AI Targeted Comments | India 🇮🇳 | 30 Days Refill | 𝐒𝐨𝐮𝐫𝐜𝐞: 𝐘𝐨𝐮𝐭𝐮𝐛𝐞 𝐒𝐞𝐚𝐫𝐜𝐡 𝐁𝐲 𝐊𝐞𝐲𝐰𝐨𝐫𝐝𝐬 + 𝐒𝐮𝐠𝐠𝐞𝐬𝐭𝐞𝐝 + 𝐄𝐱𝐭𝐞𝐫𝐧𝐚𝐥 | Dynamic Retention: 3-5 Minutes | Speed 1K/Day | Instant,531.834,1 000,1 000 000,30 Days Refill,23 minutes,,,2286.8862
16262,YouTube Views + 10% Likes + 🤖 %1 AI Targeted Comments | India 🇮🇳 | 30 Days Refill | 𝐒𝐨𝐮𝐫𝐜𝐞: 𝐘𝐨𝐮𝐭𝐮𝐛𝐞 𝐒𝐞𝐚𝐫𝐜𝐡 𝐁𝐲 𝐊𝐞𝐲𝐰𝐨𝐫𝐝𝐬 + 𝐒𝐮𝐠𝐠𝐞𝐬𝐭𝐞𝐝 + 𝐄𝐱𝐭𝐞𝐫𝐧𝐚𝐥 | Dynamic Retention: 5-10 Minutes | Speed 1K/Day | Instant,649.588,1 000,1 000 000,30 Days Refill,23 minutes,,,2793.2284
16263,YouTube Views + 10% Likes + 🤖 %1 AI Targeted Comments | India 🇮🇳 | 30 Days Refill | 𝐒𝐨𝐮𝐫𝐜𝐞: 𝐘𝐨𝐮𝐭𝐮𝐛𝐞 𝐒𝐞𝐚𝐫𝐜𝐡 𝐁𝐲 𝐊𝐞𝐲𝐰𝐨𝐫𝐝𝐬 + 𝐒𝐮𝐠𝐠𝐞𝐬𝐭𝐞𝐝 + 𝐄𝐱𝐭𝐞𝐫𝐧𝐚𝐥 | Dynamic Retention: 10-15 Minutes | Speed 1K/Day | Instant,697.466,1 000,1 000 000,30 Days Refill,55 minutes,,,2999.1038
16264,YouTube Views + 10% Likes + 🤖 %1 AI Targeted Comments | India 🇮🇳 | 30 Days Refill | 𝐒𝐨𝐮𝐫𝐜𝐞: 𝐘𝐨𝐮𝐭𝐮𝐛𝐞 𝐒𝐞𝐚𝐫𝐜𝐡 𝐁𝐲 𝐊𝐞𝐲𝐰𝐨𝐫𝐝𝐬 + 𝐒𝐮𝐠𝐠𝐞𝐬𝐭𝐞𝐝 + 𝐄𝐱𝐭𝐞𝐫𝐧𝐚𝐥 | Dynamic Retention: 20 Minutes | Speed 1K/Day | Instant,747.932,1 000,1 000 000,30 Days Refill,16 minutes,,,3216.1076
6290,YouTube Short Video Views - [𝐑𝐄𝐀𝐋] [Lifetime Warranty] [Speed 500K/Day] [INSTANT],192.806,10 000,3 000 000,Lifetime Refill,33 minutes,,,829.0658
7763,YouTube Short Video Views - [𝐑𝐄𝐀𝐋] [𝐒𝐨𝐮𝐫𝐜𝐞 - 𝐀𝐝𝐯𝐞𝐫𝐬𝐭𝐢𝐬𝐢𝐧𝐠 𝐍𝐞𝐭𝐰𝐨𝐫𝐤 𝐄𝐦𝐛𝐞𝐝] [Lifetime Refill] [Non-Drop] [500K/Day] [INSTANT],222.568,5 000,50 000 000,Lifetime Refill,33 minutes,,,957.0424
12059,YouTube Unique Shorts Views & Engagements - [RAV-GS™ - Real & Active Views] [90 Days Refill] [Speed 50-100K/Day] [Instant],386.906,500,500 000,90 Days Refill,2 hours 7 minutes,,,1663.6958
12217,YouTube Shorts Comments Likes - [𝐂𝐔𝐒𝐓𝐎𝐌] [𝐑𝐞𝐚𝐥] [30 Days Refill] [Max 1M] [Non Drop] [Speed 500-800K/Day] [Always Instant],493.014,10,100 000,30 Days Refill,22 minutes,,,2119.9602
12226,YouTube Shorts Likes - [𝐑𝐞𝐚𝐥] [30 Days Refill] [Max 50K] [Non Drop] [Speed 20-40K/Day] [Always Instant],104.814,100,50 000,30 Days Refill,3 minutes,,,450.7002
12227,YouTube Shorts Likes - [𝐑𝐞𝐚𝐥] [365 Days Refill] [Max 50K] [Non Drop] [Speed 20-40K/Day] [Always Instant],108.696,100,50 000,365 Days Refill,3 minutes,,,467.3928
12228,YouTube Shorts Likes - [𝐑𝐞𝐚𝐥] [Lifetime Refill] [Max 50K] [Non Drop] [Speed 20-40K/Day] [Always Instant],112.578,100,50 000,Lifetime Refill,4 minutes,,,484.0854
6299,YouTube Short Video Likes - [30 Days Refill] [Max 50K] [Speed 30-50K/Day] [Always Instant],100.932,100,50 000,30 Days Refill,4 minutes,,,434.0076
4846,YouTube Short Video Likes - [No Refill] [Max 100k] [Speed 50K/Day] [INSTANT],168.22,100,100 000,No Refill,4 minutes,,,723.346
6298,YouTube Short Video Likes - [30 Days Refill] [𝐍𝐨𝐧-𝐃𝐫𝐨𝐩] [Max 200k] [Speed 40K/HR] [INSTANT],104.814,100,200 000,30 Days Refill,4 minutes,,,450.7002
3853,YouTube Short Video Likes - [Lifetime Refill] [Max 150K] [Speed 50-100K/Day] [𝐈𝐧𝐬𝐭𝐚𝐧𝐭 - 𝐍𝐞𝐯𝐞𝐫 𝐃𝐫𝐨𝐩 - 𝐇𝐐] [𝐁𝐄𝐒𝐓] 🔥,2070.4,100,150 000,Lifetime Refill,16 minutes,,,8902.72
8161,YouTube Short Comments - [𝐂𝐔𝐒𝐓𝐎𝐌] [𝐇𝐢𝐠𝐡 𝐐𝐮𝐚𝐥𝐢𝐭𝐲] [30 Days Refill] [Max 2K] [Non Drop] [Speed 1-2K/Day] [Always Instant],504.66,5,2 000,30 Days Refill,8 minutes,,,2170.038
8162,YouTube Short Comments - [𝐂𝐔𝐒𝐓𝐎𝐌] [𝐑𝐄𝐀𝐋] [30 Days Refill] [Max 5K] [Non Drop] [Speed 5K/Day] [Always Instant],582.3,5,10 000,30 Days Refill,33 minutes,,,2503.89
8163,YouTube Short Comments - [𝐂𝐔𝐒𝐓𝐎𝐌] [Max 5K] [Non-Drop] [Speed 5-10K/Day] [Always Instant],354.556,10,50 000,30 Days Refill,16 minutes,,,1524.5908
11723,YouTube Unique Views & Engagements - [RAV-GS™ - Real & Active Views] [90 Days Refill] [Speed 50-100K/Day] [Instant],399.846,500,500 000,90 Days Refill,9 hours 45 minutes,,,1719.3378
11724,YouTube Unique Shorts Views & Engagements - [RAV-GS™ - Real & Active Views] [90 Days Refill] [Speed 50-100K/Day] [Instant],399.846,500,500 000,90 Days Refill,4 hours 19 minutes,,,1719.3378
11725,YouTube Unique Views & Engagements - [RAV™ - Real & Active Views] [90 Days Refill] [Speed 50-100K/Day] [Instant],416.668,500,500 000,90 Days Refill,13 hours 13 minutes,,,1791.6724
11726,YouTube Unique Views & Engagements - [RAV-MTS™ - High Monetization Views] [90 Days Refill] [Speed 50-100K/Day] [Instant],798.398,500,500 000,90 Days Refill,10 hours 47 minutes,,,3433.1114
11727,YouTube Unique Views & Engagements - [RAV-MMS™ - Music Monetization Views] [90 Days Refill] [Speed 50-100K/Day] [Instant],465.84,500,500 000,90 Days Refill,23 minutes,,,2003.112
11728,YouTube Unique Views & Engagements - [RAV-MMS™ - Music Monetization Views] [90 Days Refill] [Speed 50-100K/Day] [Instant],798.398,500,500 000,90 Days Refill,17 minutes,,,3433.1114
7812,YouTube Unique Views - [USA 🇺🇸] [RAV™ - Real & Active Views] [90 Days Refill] [Speed 500-1K/Day],921.328,500,100 000,90 Days Refill,14 hours 29 minutes,,,3961.7104
7853,YouTube Unique Views - [UK 🇬🇧] [RAV™ - Real & Active Views] [90 Days Refill] [Speed 500-1K/Day],452.9,500,100 000,90 Days Refill,16 minutes,,,1947.47
12231,🇰🇷 YouTube Unique Views - [South Korea 🇰🇷] [RAV™ - Real & Active Views] [90 Days Refill] [Speed 500-1K/Day],460.664,500,100 000,90 Days Refill,55 minutes,,,1980.8552
7814,YouTube Unique Views - [Turkey 🇹🇷] [RAV™ - Real & Active Views] [90 Days Refill] [Speed 500-1K/Day],452.9,500,100 000,90 Days Refill,22 minutes,,,1947.47
7815,YouTube Unique Views - [Indonesia 🇮🇩] [RAV™ - Real & Active Views] [90 Days Refill] [Speed 500-1K/Day],452.9,500,100 000,90 Days Refill,22 minutes,,,1947.47
7816,YouTube Unique Views - [Serbia 🇷🇸] [RAV™ - Real & Active Views] [90 Days Refill] [Speed 500-1K/Day],452.9,500,100 000,90 Days Refill,16 minutes,,,1947.47
7817,YouTube Unique Views - [United Arab Emirates 🇦🇪] [RAV™ - Real & Active Views] [90 Days Refill] [Speed 500-1K/Day],452.9,500,100 000,90 Days Refill,11 minutes,,,1947.47
7818,YouTube Unique Views - [Argentina 🇦🇷] [RAV™ - Real & Active Views] [90 Days Refill] [Speed 500-1K/Day],452.9,500,100 000,90 Days Refill,16 minutes,,,1947.47
7819,YouTube Unique Views - [Bangladesh 🇧🇩] [RAV™ - Real & Active Views] [90 Days Refill] [Speed 500-1K/Day],452.9,500,100 000,90 Days Refill,33 minutes,,,1947.47
7820,YouTube Unique Views - [Brazil 🇧🇷] [RAV™ - Real & Active Views] [90 Days Refill] [Speed 500-1K/Day],452.9,500,100 000,90 Days Refill,51 hours 19 minutes,,,1947.47
7821,YouTube Unique Views - [Egypt 🇪🇬] [RAV™ - Real & Active Views] [90 Days Refill] [Speed 500-1K/Day],452.9,500,100 000,90 Days Refill,22 minutes,,,1947.47
7822,YouTube Unique Views - [India 🇮🇳] [RAV™ - Real & Active Views] [90 Days Refill] [Speed 500-1K/Day],452.9,500,100 000,90 Days Refill,23 minutes,,,1947.47
7823,YouTube Unique Views - [Vietnam 🇻🇳] [RAV™ - Real & Active Views] [90 Days Refill] [Speed 500-1K/Day],452.9,500,100 000,90 Days Refill,23 minutes,,,1947.47
7824,YouTube Unique Views - [Japan 🇯🇵] [RAV™ - Real & Active Views] [90 Days Refill] [Speed 500-1K/Day],452.9,500,100 000,90 Days Refill,23 minutes,,,1947.47
7825,YouTube Unique Views - [Romania 🇷🇴] [RAV™ - Real & Active Views] [90 Days Refill] [Speed 500-1K/Day],452.9,500,100 000,90 Days Refill,22 minutes,,,1947.47
7826,YouTube Unique Views - [South Africa 🇿🇦] [RAV™ - Real & Active Views] [90 Days Refill] [Speed 500-1K/Day],452.9,500,100 000,90 Days Refill,55 minutes,,,1947.47
7827,YouTube Unique Views - [Morocco 🇲🇦] [RAV™ - Real & Active Views] [90 Days Refill] [Speed 500-1K/Day],452.9,500,100 000,90 Days Refill,17 minutes,,,1947.47
7828,YouTube Unique Views - [Colombia 🇨🇴] [RAV™ - Real & Active Views] [90 Days Refill] [Speed 500-1K/Day],452.9,500,100 000,90 Days Refill,23 minutes,,,1947.47
7829,YouTube Unique Views - [Philippines 🇵🇭] [RAV™ - Real & Active Views] [90 Days Refill] [Speed 500-1K/Day],452.9,500,100 000,90 Days Refill,11 minutes,,,1947.47
7830,YouTube Unique Views - [Ecuador 🇪🇨] [RAV™ - Real & Active Views] [90 Days Refill] [Speed 500-1K/Day],452.9,500,100 000,90 Days Refill,17 minutes,,,1947.47
7831,YouTube Unique Views - [Tunisia 🇹🇳] [RAV™ - Real & Active Views] [90 Days Refill] [Speed 500-1K/Day],452.9,500,100 000,90 Days Refill,16 minutes,,,1947.47
7832,YouTube Unique Views - [Saudi Arabia 🇸🇦] [RAV™ - Real & Active Views] [90 Days Refill] [Speed 500-1K/Day],452.9,500,100 000,90 Days Refill,16 minutes,,,1947.47
7833,YouTube Unique Views - [Croatia 🇭🇷] [RAV™ - Real & Active Views] [90 Days Refill] [Speed 500-1K/Day],452.9,500,100 000,90 Days Refill,16 minutes,,,1947.47
7834,YouTube Unique Views - [Venezuela 🇻🇪] [RAV™ - Real & Active Views] [90 Days Refill] [Speed 500-1K/Day],452.9,500,100 000,90 Days Refill,17 minutes,,,1947.47
7835,YouTube Unique Views - [Italy 🇮🇹] [RAV™ - Real & Active Views] [90 Days Refill] [Speed 500-1K/Day],452.9,500,100 000,90 Days Refill,17 minutes,,,1947.47
7836,YouTube Unique Views - [Lebanon 🇱🇧] [RAV™ - Real & Active Views] [90 Days Refill] [Speed 500-1K/Day],452.9,500,100 000,90 Days Refill,55 minutes,,,1947.47
7837,YouTube Unique Views - [Pakistan 🇵🇰] [RAV™ - Real & Active Views] [90 Days Refill] [Speed 500-1K/Day],452.9,500,100 000,90 Days Refill,55 minutes,,,1947.47
7838,YouTube Unique Views - [France 🇫🇷] [RAV™ - Real & Active Views] [90 Days Refill] [Speed 500-1K/Day],452.9,500,100 000,90 Days Refill,30 hours 18 minutes,,,1947.47
7839,YouTube Unique Views - [Nepal 🇳🇵] [RAV™ - Real & Active Views] [90 Days Refill] [Speed 500-1K/Day],452.9,500,100 000,90 Days Refill,16 minutes,,,1947.47
7840,YouTube Unique Views - [Mexico 🇲🇽] [RAV™ - Real & Active Views] [90 Days Refill] [Speed 500-1K/Day],452.9,500,100 000,90 Days Refill,17 minutes,,,1947.47
7841,YouTube Unique Views - [Algeria 🇩🇿] [RAV™ - Real & Active Views] [90 Days Refill] [Speed 500-1K/Day],452.9,500,100 000,90 Days Refill,21 hours 40 minutes,,,1947.47
7842,YouTube Unique Views - [Bulgaria 🇧🇬] [RAV™ - Real & Active Views] [90 Days Refill] [Speed 500-1K/Day],452.9,500,100 000,90 Days Refill,16 minutes,,,1947.47
7843,YouTube Unique Views - [Canada 🇨🇦] [RAV™ - Real & Active Views] [90 Days Refill] [Speed 500-1K/Day],452.9,500,100 000,90 Days Refill,29 hours 12 minutes,,,1947.47
7844,YouTube Unique Views - [Germany 🇩🇪] [RAV™ - Real & Active Views] [90 Days Refill] [Speed 500-1K/Day],452.9,500,100 000,90 Days Refill,27 hours 22 minutes,,,1947.47
7846,YouTube Unique Views - [Greece 🇬🇷] [RAV™ - Real & Active Views] [90 Days Refill] [Speed 500-1K/Day],452.9,500,100 000,90 Days Refill,8 hours 6 minutes,,,1947.47
7848,YouTube Unique Views - [Spain 🇪🇸] [RAV™ - Real & Active Views] [90 Days Refill] [Speed 500-1K/Day],452.9,500,100 000,90 Days Refill,11 minutes,,,1947.47
7849,YouTube Unique Views - [Poland 🇵🇱] [RAV™ - Real & Active Views] [90 Days Refill] [Speed 500-1K/Day],452.9,500,100 000,90 Days Refill,37 hours 55 minutes,,,1947.47
7850,YouTube Unique Views - [Thailand 🇹🇭] [RAV™ - Real & Active Views] [90 Days Refill] [Speed 500-1K/Day],452.9,500,100 000,90 Days Refill,16 minutes,,,1947.47
7851,YouTube Unique Views - [Macedonia 🇲🇰] [RAV™ - Real & Active Views] [90 Days Refill] [Speed 500-1K/Day],452.9,500,100 000,90 Days Refill,22 minutes,,,1947.47
7852,YouTube Unique Views - [Sweden 🇸🇪] [RAV™ - Real & Active Views] [90 Days Refill] [Speed 500-1K/Day],452.9,500,100 000,90 Days Refill,22 minutes,,,1947.47
7854,YouTube Unique Views - [Afghanistan 🇦🇫] [RAV™ - Real & Active Views] [90 Days Refill] [Speed 500-1K/Day],452.9,500,100 000,90 Days Refill,16 minutes,,,1947.47
7855,YouTube Unique Views - [Albania 🇦🇱] [RAV™ - Real & Active Views] [90 Days Refill] [Speed 500-1K/Day],452.9,500,100 000,90 Days Refill,55 minutes,,,1947.47
7856,YouTube Unique Views - [Angola 🇦🇴] [RAV™ - Real & Active Views] [90 Days Refill] [Speed 500-1K/Day],452.9,500,100 000,90 Days Refill,22 minutes,,,1947.47
7858,YouTube Unique Views - [Azerbaijan 🇦🇿] [RAV™ - Real & Active Views] [90 Days Refill] [Speed 500-1K/Day],452.9,500,100 000,90 Days Refill,16 minutes,,,1947.47
7859,YouTube Unique Views - [Bolivia 🇧🇴] [RAV™ - Real & Active Views] [90 Days Refill] [Speed 500-1K/Day],452.9,500,100 000,90 Days Refill,33 minutes,,,1947.47
7860,YouTube Unique Views - [Bosnia 🇧🇦] [RAV™ - Real & Active Views] [90 Days Refill] [Speed 500-1K/Day],452.9,500,100 000,90 Days Refill,16 minutes,,,1947.47
7861,YouTube Unique Views - [Cambodia 🇰🇭] [RAV™ - Real & Active Views] [90 Days Refill] [Speed 500-1K/Day],452.9,500,100 000,90 Days Refill,22 minutes,,,1947.47
7862,YouTube Unique Views - [Chile 🇨🇱] [RAV™ - Real & Active Views] [90 Days Refill] [Speed 500-1K/Day],452.9,500,100 000,90 Days Refill,11 minutes,,,1947.47
7863,YouTube Unique Views - [Costa Rica 🇨🇷] [RAV™ - Real & Active Views] [90 Days Refill] [Speed 500-1K/Day],452.9,500,100 000,90 Days Refill,22 minutes,,,1947.47
7864,YouTube Unique Views - [Dominican Republic 🇩🇴] [RAV™ - Real & Active Views] [90 Days Refill] [Speed 500-1K/Day],452.9,500,100 000,90 Days Refill,11 minutes,,,1947.47
7865,YouTube Unique Views - [El Salvador 🇸🇻] [RAV™ - Real & Active Views] [90 Days Refill] [Speed 500-1K/Day],452.9,500,100 000,90 Days Refill,11 minutes,,,1947.47
7866,YouTube Unique Views - [Georgia 🇬🇪] [RAV™ - Real & Active Views] [90 Days Refill] [Speed 500-1K/Day],452.9,500,100 000,90 Days Refill,11 minutes,,,1947.47
7867,YouTube Unique Views - [Ghana 🇬🇭] [RAV™ - Real & Active Views] [90 Days Refill] [Speed 500-1K/Day],452.9,500,100 000,90 Days Refill,28 hours 10 minutes,,,1947.47
7868,YouTube Unique Views - [Guatemala 🇬🇹] [RAV™ - Real & Active Views] [90 Days Refill] [Speed 500-1K/Day],452.9,500,100 000,90 Days Refill,23 minutes,,,1947.47
7869,YouTube Unique Views - [Honduras 🇭🇳] [RAV™ - Real & Active Views] [90 Days Refill] [Speed 500-1K/Day],452.9,500,100 000,90 Days Refill,11 minutes,,,1947.47
7870,YouTube Unique Views - [Hong Kong 🇭🇰] [RAV™ - Real & Active Views] [90 Days Refill] [Speed 500-1K/Day],452.9,500,100 000,90 Days Refill,33 minutes,,,1947.47
7871,YouTube Unique Views - [Hungary 🇭🇺] [RAV™ - Real & Active Views] [90 Days Refill] [Speed 500-1K/Day],452.9,500,100 000,90 Days Refill,16 minutes,,,1947.47
7872,YouTube Unique Views - [Iraq 🇮🇶] [RAV™ - Real & Active Views] [90 Days Refill] [Speed 500-1K/Day],452.9,500,100 000,90 Days Refill,23 minutes,,,1947.47
7873,YouTube Unique Views - [Israel 🇮🇱] [RAV™ - Real & Active Views] [90 Days Refill] [Speed 500-1K/Day],452.9,500,100 000,90 Days Refill,33 minutes,,,1947.47
7874,YouTube Unique Views - [Jamaica 🇯🇲] [RAV™ - Real & Active Views] [90 Days Refill] [Speed 500-1K/Day],452.9,500,100 000,90 Days Refill,28 hours 11 minutes,,,1947.47
7875,YouTube Unique Views - [Jordan 🇯🇴] [RAV™ - Real & Active Views] [90 Days Refill] [Speed 500-1K/Day],452.9,500,100 000,90 Days Refill,22 minutes,,,1947.47
7876,YouTube Unique Views - [Kenya 🇰🇪] [RAV™ - Real & Active Views] [90 Days Refill] [Speed 500-1K/Day],452.9,500,100 000,90 Days Refill,55 minutes,,,1947.47
7877,YouTube Unique Views - [Kuwait 🇰🇼] [RAV™ - Real & Active Views] [90 Days Refill] [Speed 500-1K/Day],452.9,500,100 000,90 Days Refill,33 minutes,,,1947.47
7878,YouTube Unique Views - [Laos 🇱🇦] [RAV™ - Real & Active Views] [90 Days Refill] [Speed 500-1K/Day],452.9,500,100 000,90 Days Refill,17 minutes,,,1947.47
7879,YouTube Unique Views - [Libya 🇱🇾] [RAV™ - Real & Active Views] [90 Days Refill] [Speed 500-1K/Day],452.9,500,100 000,90 Days Refill,17 minutes,,,1947.47
7880,YouTube Unique Views - [Malaysia 🇲🇾] [RAV™ - Real & Active Views] [90 Days Refill] [Speed 500-1K/Day],465.84,500,100 000,90 Days Refill,23 minutes,,,2003.112
7881,YouTube Unique Views - [Mongolia 🇲🇳] [RAV™ - Real & Active Views] [90 Days Refill] [Speed 500-1K/Day],452.9,500,100 000,90 Days Refill,16 minutes,,,1947.47
7882,YouTube Unique Views - [Montenegro 🇲🇪] [RAV™ - Real & Active Views] [90 Days Refill] [Speed 500-1K/Day],452.9,500,100 000,90 Days Refill,22 minutes,,,1947.47
7883,YouTube Unique Views - [Myanmar 🇲🇲] [RAV™ - Real & Active Views] [90 Days Refill] [Speed 500-1K/Day],452.9,500,100 000,90 Days Refill,55 minutes,,,1947.47
7884,YouTube Unique Views - [Nicaragua 🇳🇮] [RAV™ - Real & Active Views] [90 Days Refill] [Speed 500-1K/Day],452.9,500,100 000,90 Days Refill,22 minutes,,,1947.47
7885,YouTube Unique Views - [Oman 🇴🇲] [RAV™ - Real & Active Views] [90 Days Refill] [Speed 500-1K/Day],452.9,500,100 000,90 Days Refill,17 minutes,,,1947.47
7886,YouTube Unique Views - [Panama 🇵🇦] [RAV™ - Real & Active Views] [90 Days Refill] [Speed 500-1K/Day],452.9,500,100 000,90 Days Refill,23 minutes,,,1947.47
7887,YouTube Unique Views - [Paraguay 🇵🇾] [RAV™ - Real & Active Views] [90 Days Refill] [Speed 500-1K/Day],452.9,500,100 000,90 Days Refill,17 minutes,,,1947.47
7888,YouTube Unique Views - [Peru 🇵🇪] [RAV™ - Real & Active Views] [90 Days Refill] [Speed 500-1K/Day],452.9,500,100 000,90 Days Refill,22 minutes,,,1947.47
7889,YouTube Unique Views - [Portugal 🇵🇹] [RAV™ - Real & Active Views] [90 Days Refill] [Speed 500-1K/Day],452.9,500,100 000,90 Days Refill,16 minutes,,,1947.47
7890,YouTube Unique Views - [Puerto] [RAV™ - Real & Active Views] [90 Days Refill] [Speed 500-1K/Day],452.9,500,100 000,90 Days Refill,33 minutes,,,1947.47
7891,YouTube Unique Views - [Qatar 🇶🇦] [RAV™ - Real & Active Views] [90 Days Refill] [Speed 500-1K/Day],452.9,500,100 000,90 Days Refill,22 minutes,,,1947.47
7892,YouTube Unique Views - [Singapore 🇸🇬] [RAV™ - Real & Active Views] [90 Days Refill] [Speed 500-1K/Day],452.9,500,100 000,90 Days Refill,55 minutes,,,1947.47
7893,YouTube Unique Views - [Senegal 🇸🇳] [RAV™ - Real & Active Views] [90 Days Refill] [Speed 500-1K/Day],452.9,500,100 000,90 Days Refill,55 minutes,,,1947.47
7894,YouTube Unique Views - [Slovenia 🇸🇮] [RAV™ - Real & Active Views] [90 Days Refill] [Speed 500-1K/Day],452.9,500,100 000,90 Days Refill,33 minutes,,,1947.47
7895,YouTube Unique Views - [Sri Lanka 🇱🇰] [RAV™ - Real & Active Views] [90 Days Refill] [Speed 500-1K/Day],452.9,500,100 000,90 Days Refill,55 minutes,,,1947.47
7896,YouTube Unique Views - [Sudan 🇸🇩] [RAV™ - Real & Active Views] [90 Days Refill] [Speed 500-1K/Day],452.9,500,100 000,90 Days Refill,23 minutes,,,1947.47
7897,YouTube Unique Views - [Syria 🇸🇾] [RAV™ - Real & Active Views] [90 Days Refill] [Speed 500-1K/Day],452.9,500,100 000,90 Days Refill,33 minutes,,,1947.47
7898,YouTube Unique Views - [Taiwan 🇹🇼] [RAV™ - Real & Active Views] [90 Days Refill] [Speed 500-1K/Day],452.9,500,100 000,90 Days Refill,55 minutes,,,1947.47
7899,YouTube Unique Views - [Tanzania 🇹🇿] [RAV™ - Real & Active Views] [90 Days Refill] [Speed 500-1K/Day],452.9,500,100 000,90 Days Refill,22 minutes,,,1947.47
7900,YouTube Unique Views - [Trinidad 🇹🇹] [RAV™ - Real & Active Views] [90 Days Refill] [Speed 500-1K/Day],452.9,500,100 000,90 Days Refill,7 hours 34 minutes,,,1947.47
7901,YouTube Unique Views - [Uruguay 🇺🇾] [RAV™ - Real & Active Views] [90 Days Refill] [Speed 500-1K/Day],452.9,500,100 000,90 Days Refill,55 minutes,,,1947.47
7806,YouTube Unique Views - 𝐄𝐧𝐠𝐥𝐢𝐬𝐡 𝐒𝐩𝐞𝐚𝐤𝐞𝐫𝐬 [RAV™ - Real & Active Views],905.8,500,100 000,90 Days Refill,33 minutes,,,3894.94
7807,YouTube Unique Views - 𝐅𝐫𝐞𝐧𝐜𝐡 𝐒𝐩𝐞𝐚𝐤𝐞𝐫𝐬 [RAV™ - Real & Active Views],452.9,500,100 000,90 Days Refill,22 minutes,,,1947.47
7808,YouTube Unique Views - 𝐒𝐩𝐚𝐧𝐢𝐬𝐡 𝐒𝐩𝐞𝐚𝐤𝐞𝐫𝐬 [RAV™ - Real & Active Views],452.9,500,100 000,90 Days Refill,22 minutes,,,1947.47
7809,YouTube Unique Views - 𝐆𝐞𝐫𝐦𝐚𝐧 𝐒𝐩𝐞𝐚𝐤𝐞𝐫𝐬 [RAV™ - Real & Active Views],452.9,500,100 000,90 Days Refill,42 hours 16 minutes,,,1947.47
7810,YouTube Unique Views - 𝐀𝐫𝐚𝐛𝐢𝐜 𝐒𝐩𝐞𝐚𝐤𝐞𝐫𝐬 [RAV™ - Real & Active Views],452.9,500,100 000,90 Days Refill,55 minutes,,,1947.47
7811,YouTube Unique Views - 𝐏𝐨𝐫𝐭𝐮𝐠𝐮𝐞𝐬𝐞 𝐒𝐩𝐞𝐚𝐤𝐞𝐫𝐬 [RAV™ - Real & Active Views],452.9,500,100 000,90 Days Refill,22 minutes,,,1947.47
7908,YouTube Unique Views - [USA 🇺🇸] [RAV-GS™ - Real & Active Views] [90 Days Refill] [Speed 500-1K/Day],925.21,500,100 000,90 Days Refill,18 hours 40 minutes,,,3978.403
7949,YouTube Unique Views - [UK 🇬🇧] [RAV-GS™ - Real & Active Views] [90 Days Refill] [Speed 500-1K/Day],447.724,500,100 000,90 Days Refill,12 hours,,,1925.2132
12229,🇰🇷 YouTube Unique Views - [South Korea 🇰🇷] [RAV-GS™ - Real & Active Views] [90 Days Refill] [Speed 500-1K/Day],925.21,500,100 000,90 Days Refill,17 minutes,,,3978.403
7910,YouTube Unique Views - [Turkey 🇹🇷] [RAV-GS™ - Real & Active Views] [90 Days Refill] [Speed 500-1K/Day],447.724,500,100 000,90 Days Refill,55 minutes,,,1925.2132
7911,YouTube Unique Views - [Indonesia 🇮🇩] [RAV-GS™ - Real & Active Views] [90 Days Refill] [Speed 500-1K/Day],447.724,500,100 000,90 Days Refill,22 minutes,,,1925.2132
7912,YouTube Unique Views - [Serbia 🇷🇸] [RAV-GS™ - Real & Active Views] [90 Days Refill] [Speed 500-1K/Day],447.724,500,100 000,90 Days Refill,23 minutes,,,1925.2132
7913,YouTube Unique Views - [United Arab Emirates 🇦🇪] [RAV-GS™ - Real & Active Views] [90 Days Refill] [Speed 500-1K/Day],447.724,500,100 000,90 Days Refill,55 minutes,,,1925.2132
7914,YouTube Unique Views - [Argentina 🇦🇷] [RAV-GS™ - Real & Active Views] [90 Days Refill] [Speed 500-1K/Day],447.724,500,100 000,90 Days Refill,5 hours 22 minutes,,,1925.2132
7915,YouTube Unique Views - [Bangladesh 🇧🇩] [RAV-GS™ - Real & Active Views] [90 Days Refill] [Speed 500-1K/Day],447.724,500,100 000,90 Days Refill,3 hours 1 minute,,,1925.2132
7916,YouTube Unique Views - [Taiwan 🇹🇼] [RAV-GS™ - Real & Active Views] [90 Days Refill] [Speed 500-1K/Day],447.724,500,100 000,90 Days Refill,11 minutes,,,1925.2132
7917,YouTube Unique Views - [Brazil 🇧🇷] [RAV-GS™ - Real & Active Views] [90 Days Refill] [Speed 500-1K/Day],447.724,500,100 000,90 Days Refill,55 minutes,,,1925.2132
7918,YouTube Unique Views - [Egypt 🇪🇬] [RAV-GS™ - Real & Active Views] [90 Days Refill] [Speed 500-1K/Day],447.724,500,100 000,90 Days Refill,16 minutes,,,1925.2132
7919,YouTube Unique Views - [India 🇮🇳] [RAV-GS™ - Real & Active Views] [90 Days Refill] [Speed 500-1K/Day],447.724,500,100 000,90 Days Refill,33 minutes,,,1925.2132
7920,YouTube Unique Views - [Vietnam 🇻🇳] [RAV-GS™ - Real & Active Views] [90 Days Refill] [Speed 500-1K/Day],447.724,500,100 000,90 Days Refill,55 minutes,,,1925.2132
7921,YouTube Unique Views - [Japan 🇯🇵] [RAV-GS™ - Real & Active Views] [90 Days Refill] [Speed 500-1K/Day],447.724,500,100 000,90 Days Refill,16 minutes,,,1925.2132
7922,YouTube Unique Views - [Romania 🇷🇴] [RAV-GS™ - Real & Active Views] [90 Days Refill] [Speed 500-1K/Day],447.724,500,100 000,90 Days Refill,23 minutes,,,1925.2132
7923,YouTube Unique Views - [Morocco 🇲🇦] [RAV-GS™ - Real & Active Views] [90 Days Refill] [Speed 500-1K/Day],447.724,500,100 000,90 Days Refill,22 minutes,,,1925.2132
7924,YouTube Unique Views - [Colombia 🇨🇴] [RAV-GS™ - Real & Active Views] [90 Days Refill] [Speed 500-1K/Day],447.724,500,100 000,90 Days Refill,6 hours 31 minutes,,,1925.2132
7925,YouTube Unique Views - [Philippines 🇵🇭] [RAV-GS™ - Real & Active Views] [90 Days Refill] [Speed 500-1K/Day],447.724,500,100 000,90 Days Refill,11 minutes,,,1925.2132
7926,YouTube Unique Views - [Ecuador 🇪🇨] [RAV-GS™ - Real & Active Views] [90 Days Refill] [Speed 500-1K/Day],447.724,500,100 000,90 Days Refill,33 minutes,,,1925.2132
7927,YouTube Unique Views - [Tunisia 🇹🇳] [RAV-GS™ - Real & Active Views] [90 Days Refill] [Speed 500-1K/Day],447.724,500,100 000,90 Days Refill,17 minutes,,,1925.2132
7928,YouTube Unique Views - [Saudi Arabia 🇸🇦] [RAV-GS™ - Real & Active Views] [90 Days Refill] [Speed 500-1K/Day],447.724,500,100 000,90 Days Refill,17 minutes,,,1925.2132
7929,YouTube Unique Views - [Croatia 🇭🇷] [RAV-GS™ - Real & Active Views] [90 Days Refill] [Speed 500-1K/Day],447.724,500,100 000,90 Days Refill,16 minutes,,,1925.2132
7930,YouTube Unique Views - [Venezuela 🇻🇪] [RAV-GS™ - Real & Active Views] [90 Days Refill] [Speed 500-1K/Day],447.724,500,100 000,90 Days Refill,11 minutes,,,1925.2132
7931,YouTube Unique Views - [Italy 🇮🇹] [RAV-GS™ - Real & Active Views] [90 Days Refill] [Speed 500-1K/Day],447.724,500,100 000,90 Days Refill,33 minutes,,,1925.2132
7932,YouTube Unique Views - [Lebanon 🇱🇧] [RAV-GS™ - Real & Active Views] [90 Days Refill] [Speed 500-1K/Day],447.724,500,100 000,90 Days Refill,16 minutes,,,1925.2132
7933,YouTube Unique Views - [Pakistan 🇵🇰] [RAV-GS™ - Real & Active Views] [90 Days Refill] [Speed 500-1K/Day],447.724,500,100 000,90 Days Refill,55 minutes,,,1925.2132
7934,YouTube Unique Views - [France 🇫🇷] [RAV-GS™ - Real & Active Views] [90 Days Refill] [Speed 500-1K/Day],447.724,500,100 000,90 Days Refill,22 minutes,,,1925.2132
7935,YouTube Unique Views - [Nepal 🇳🇵] [RAV-GS™ - Real & Active Views] [90 Days Refill] [Speed 500-1K/Day],447.724,500,100 000,90 Days Refill,17 minutes,,,1925.2132
7936,YouTube Unique Views - [Mexico 🇲🇽] [RAV-GS™ - Real & Active Views] [90 Days Refill] [Speed 500-1K/Day],447.724,500,100 000,90 Days Refill,22 minutes,,,1925.2132
7937,YouTube Unique Views - [Algeria 🇩🇿] [RAV-GS™ - Real & Active Views] [90 Days Refill] [Speed 500-1K/Day],447.724,500,100 000,90 Days Refill,55 minutes,,,1925.2132
7938,YouTube Unique Views - [Bulgaria 🇧🇬] [RAV-GS™ - Real & Active Views] [90 Days Refill] [Speed 500-1K/Day],447.724,500,100 000,90 Days Refill,22 minutes,,,1925.2132
7939,YouTube Unique Views - [Canada 🇨🇦] [RAV-GS™ - Real & Active Views] [90 Days Refill] [Speed 500-1K/Day],447.724,500,100 000,90 Days Refill,33 minutes,,,1925.2132
7940,YouTube Unique Views - [Germany 🇩🇪] [RAV-GS™ - Real & Active Views] [90 Days Refill] [Speed 500-1K/Day],447.724,500,100 000,90 Days Refill,31 hours 58 minutes,,,1925.2132
7942,YouTube Unique Views - [Greece 🇬🇷] [RAV-GS™ - Real & Active Views] [90 Days Refill] [Speed 500-1K/Day],447.724,500,100 000,90 Days Refill,33 minutes,,,1925.2132
7944,YouTube Unique Views - [Spain 🇪🇸] [RAV-GS™ - Real & Active Views] [90 Days Refill] [Speed 500-1K/Day],447.724,500,100 000,90 Days Refill,17 minutes,,,1925.2132
7945,YouTube Unique Views - [Poland 🇵🇱] [RAV-GS™ - Real & Active Views] [90 Days Refill] [Speed 500-1K/Day],447.724,500,100 000,90 Days Refill,23 minutes,,,1925.2132
7946,YouTube Unique Views - [Thailand 🇹🇭] [RAV-GS™ - Real & Active Views] [90 Days Refill] [Speed 500-1K/Day],447.724,500,100 000,90 Days Refill,33 minutes,,,1925.2132
7947,YouTube Unique Views - [Macedonia 🇲🇰] [RAV-GS™ - Real & Active Views] [90 Days Refill] [Speed 500-1K/Day],447.724,500,100 000,90 Days Refill,22 minutes,,,1925.2132
7948,YouTube Unique Views - [Sweden 🇸🇪] [RAV-GS™ - Real & Active Views] [90 Days Refill] [Speed 500-1K/Day],447.724,500,100 000,90 Days Refill,22 minutes,,,1925.2132
7950,YouTube Unique Views - [Afghanistan 🇦🇫] [RAV-GS™ - Real & Active Views] [90 Days Refill] [Speed 500-1K/Day],447.724,500,100 000,90 Days Refill,55 minutes,,,1925.2132
7951,YouTube Unique Views - [Albania 🇦🇱] [RAV-GS™ - Real & Active Views] [90 Days Refill] [Speed 500-1K/Day],447.724,500,100 000,90 Days Refill,23 minutes,,,1925.2132
7952,YouTube Unique Views - [Angola 🇦🇴] [RAV-GS™ - Real & Active Views] [90 Days Refill] [Speed 500-1K/Day],447.724,500,100 000,90 Days Refill,16 minutes,,,1925.2132
7954,YouTube Unique Views - [Azerbaijan 🇦🇿] [RAV-GS™ - Real & Active Views] [90 Days Refill] [Speed 500-1K/Day],447.724,500,100 000,90 Days Refill,55 minutes,,,1925.2132
7955,YouTube Unique Views - [Bolivia 🇧🇴] [RAV-GS™ - Real & Active Views] [90 Days Refill] [Speed 500-1K/Day],447.724,500,100 000,90 Days Refill,16 minutes,,,1925.2132
7956,YouTube Unique Views - [Bosnia 🇧🇦] [RAV-GS™ - Real & Active Views] [90 Days Refill] [Speed 500-1K/Day],447.724,500,100 000,90 Days Refill,23 minutes,,,1925.2132
7957,YouTube Unique Views - [Cambodia 🇰🇭] [RAV-GS™ - Real & Active Views] [90 Days Refill] [Speed 500-1K/Day],447.724,500,100 000,90 Days Refill,22 minutes,,,1925.2132
7958,YouTube Unique Views - [Chile 🇨🇱] [RAV-GS™ - Real & Active Views] [90 Days Refill] [Speed 500-1K/Day],447.724,500,100 000,90 Days Refill,17 minutes,,,1925.2132
7959,YouTube Unique Views - [Costa Rica 🇨🇷] [RAV-GS™ - Real & Active Views] [90 Days Refill] [Speed 500-1K/Day],447.724,500,100 000,90 Days Refill,22 minutes,,,1925.2132
7960,YouTube Unique Views - [Dominican Republic 🇩🇴] [RAV-GS™ - Real & Active Views] [90 Days Refill] [Speed 500-1K/Day],447.724,500,100 000,90 Days Refill,10 hours 7 minutes,,,1925.2132
7961,YouTube Unique Views - [El Salvador 🇸🇻] [RAV-GS™ - Real & Active Views] [90 Days Refill] [Speed 500-1K/Day],447.724,500,100 000,90 Days Refill,23 minutes,,,1925.2132
7962,YouTube Unique Views - [Georgia 🇬🇪] [RAV-GS™ - Real & Active Views] [90 Days Refill] [Speed 500-1K/Day],447.724,500,100 000,90 Days Refill,33 minutes,,,1925.2132
7963,YouTube Unique Views - [Ghana 🇬🇭] [RAV-GS™ - Real & Active Views] [90 Days Refill] [Speed 500-1K/Day],447.724,500,100 000,90 Days Refill,11 minutes,,,1925.2132
7964,YouTube Unique Views - [Guatemala 🇬🇹] [RAV-GS™ - Real & Active Views] [90 Days Refill] [Speed 500-1K/Day],447.724,500,100 000,90 Days Refill,16 minutes,,,1925.2132
7965,YouTube Unique Views - [Honduras 🇭🇳] [RAV-GS™ - Real & Active Views] [90 Days Refill] [Speed 500-1K/Day],447.724,500,100 000,90 Days Refill,17 minutes,,,1925.2132
7966,YouTube Unique Views - [Hong Kong 🇭🇰] [RAV-GS™ - Real & Active Views] [90 Days Refill] [Speed 500-1K/Day],447.724,500,100 000,90 Days Refill,55 minutes,,,1925.2132
7967,YouTube Unique Views - [Hungary 🇭🇺] [RAV-GS™ - Real & Active Views] [90 Days Refill] [Speed 500-1K/Day],447.724,500,100 000,90 Days Refill,33 minutes,,,1925.2132
7968,YouTube Unique Views - [Iraq 🇮🇶] [RAV-GS™ - Real & Active Views] [90 Days Refill] [Speed 500-1K/Day],447.724,500,100 000,90 Days Refill,17 minutes,,,1925.2132
7969,YouTube Unique Views - [Israel 🇮🇱] [RAV-GS™ - Real & Active Views] [90 Days Refill] [Speed 500-1K/Day],447.724,500,100 000,90 Days Refill,11 minutes,,,1925.2132
7970,YouTube Unique Views - [Jamaica 🇯🇲] [RAV-GS™ - Real & Active Views] [90 Days Refill] [Speed 500-1K/Day],447.724,500,100 000,90 Days Refill,16 minutes,,,1925.2132
7971,YouTube Unique Views - [Jordan 🇯🇴] [RAV-GS™ - Real & Active Views] [90 Days Refill] [Speed 500-1K/Day],447.724,500,100 000,90 Days Refill,16 minutes,,,1925.2132
7972,YouTube Unique Views - [Kenya 🇰🇪] [RAV-GS™ - Real & Active Views] [90 Days Refill] [Speed 500-1K/Day],447.724,500,100 000,90 Days Refill,17 minutes,,,1925.2132
7973,YouTube Unique Views - [Kuwait 🇰🇼] [RAV-GS™ - Real & Active Views] [90 Days Refill] [Speed 500-1K/Day],447.724,500,100 000,90 Days Refill,22 minutes,,,1925.2132
7974,YouTube Unique Views - [Laos 🇱🇦] [RAV-GS™ - Real & Active Views] [90 Days Refill] [Speed 500-1K/Day],447.724,500,100 000,90 Days Refill,22 minutes,,,1925.2132
7975,YouTube Unique Views - [Libya 🇱🇾] [RAV-GS™ - Real & Active Views] [90 Days Refill] [Speed 500-1K/Day],447.724,500,100 000,90 Days Refill,23 minutes,,,1925.2132
7976,YouTube Unique Views - [Malaysia 🇲🇾] [RAV-GS™ - Real & Active Views] [90 Days Refill] [Speed 500-1K/Day],450.312,500,100 000,90 Days Refill,16 minutes,,,1936.3416
7977,YouTube Unique Views - [Mongolia 🇲🇳] [RAV-GS™ - Real & Active Views] [90 Days Refill] [Speed 500-1K/Day],447.724,500,100 000,90 Days Refill,11 minutes,,,1925.2132
7978,YouTube Unique Views - [Montenegro 🇲🇪] [RAV-GS™ - Real & Active Views] [90 Days Refill] [Speed 500-1K/Day],447.724,500,100 000,90 Days Refill,23 minutes,,,1925.2132
7979,YouTube Unique Views - [Myanmar 🇲🇲] [RAV-GS™ - Real & Active Views] [90 Days Refill] [Speed 500-1K/Day],447.724,500,100 000,90 Days Refill,33 minutes,,,1925.2132
7980,YouTube Unique Views - [Nicaragua 🇳🇮] [RAV-GS™ - Real & Active Views] [90 Days Refill] [Speed 500-1K/Day],447.724,500,100 000,90 Days Refill,11 minutes,,,1925.2132
7981,YouTube Unique Views - [Oman 🇴🇲] [RAV-GS™ - Real & Active Views] [90 Days Refill] [Speed 500-1K/Day],447.724,500,100 000,90 Days Refill,33 minutes,,,1925.2132
7982,YouTube Unique Views - [Panama 🇵🇦] [RAV-GS™ - Real & Active Views] [90 Days Refill] [Speed 500-1K/Day],447.724,500,100 000,90 Days Refill,33 minutes,,,1925.2132
7983,YouTube Unique Views - [Paraguay 🇵🇾] [RAV-GS™ - Real & Active Views] [90 Days Refill] [Speed 500-1K/Day],447.724,500,100 000,90 Days Refill,33 minutes,,,1925.2132
7984,YouTube Unique Views - [Peru 🇵🇪] [RAV-GS™ - Real & Active Views] [90 Days Refill] [Speed 500-1K/Day],447.724,500,100 000,90 Days Refill,23 minutes,,,1925.2132
7985,YouTube Unique Views - [Portugal 🇵🇹] [RAV-GS™ - Real & Active Views] [90 Days Refill] [Speed 500-1K/Day],447.724,500,100 000,90 Days Refill,11 minutes,,,1925.2132
7986,YouTube Unique Views - [Puerto] [RAV-GS™ - Real & Active Views] [90 Days Refill] [Speed 500-1K/Day],447.724,500,100 000,90 Days Refill,23 minutes,,,1925.2132
7987,YouTube Unique Views - [Qatar 🇶🇦] [RAV-GS™ - Real & Active Views] [90 Days Refill] [Speed 500-1K/Day],447.724,500,100 000,90 Days Refill,33 minutes,,,1925.2132
7988,YouTube Unique Views - [Singapore 🇸🇬] [RAV-GS™ - Real & Active Views] [90 Days Refill] [Speed 500-1K/Day],447.724,500,100 000,90 Days Refill,16 minutes,,,1925.2132
7989,YouTube Unique Views - [Senegal 🇸🇳] [RAV-GS™ - Real & Active Views] [90 Days Refill] [Speed 500-1K/Day],447.724,500,100 000,90 Days Refill,33 minutes,,,1925.2132
7990,YouTube Unique Views - [Slovenia 🇸🇮] [RAV-GS™ - Real & Active Views] [90 Days Refill] [Speed 500-1K/Day],447.724,500,100 000,90 Days Refill,33 minutes,,,1925.2132
7991,YouTube Unique Views - [Sri Lanka 🇱🇰] [RAV-GS™ - Real & Active Views] [90 Days Refill] [Speed 500-1K/Day],447.724,500,100 000,90 Days Refill,17 minutes,,,1925.2132
7992,YouTube Unique Views - [Sudan 🇸🇩] [RAV-GS™ - Real & Active Views] [90 Days Refill] [Speed 500-1K/Day],447.724,500,100 000,90 Days Refill,33 minutes,,,1925.2132
7993,YouTube Unique Views - [Syria 🇸🇾] [RAV-GS™ - Real & Active Views] [90 Days Refill] [Speed 500-1K/Day],447.724,500,100 000,90 Days Refill,55 minutes,,,1925.2132
7994,YouTube Unique Views - [Tanzania 🇹🇿] [RAV-GS™ - Real & Active Views] [90 Days Refill] [Speed 500-1K/Day],447.724,500,100 000,90 Days Refill,11 minutes,,,1925.2132
7995,YouTube Unique Views - [Trinidad 🇹🇹] [RAV-GS™ - Real & Active Views] [90 Days Refill] [Speed 500-1K/Day],447.724,500,100 000,90 Days Refill,9 hours 44 minutes,,,1925.2132
7996,YouTube Unique Views - [Uruguay 🇺🇾] [RAV-GS™ - Real & Active Views] [90 Days Refill] [Speed 500-1K/Day],447.724,500,100 000,90 Days Refill,33 minutes,,,1925.2132
7902,YouTube Unique Views - 𝐄𝐧𝐠𝐥𝐢𝐬𝐡 𝐒𝐩𝐞𝐚𝐤𝐞𝐫𝐬 [RAV-GS™ - Real & Active Views],925.21,500,100 000,90 Days Refill,16 hours 12 minutes,,,3978.403
7903,YouTube Unique Views - 𝐅𝐫𝐞𝐧𝐜𝐡 𝐒𝐩𝐞𝐚𝐤𝐞𝐫𝐬 [RAV-GS™ - Real & Active Views],447.724,500,100 000,90 Days Refill,22 minutes,,,1925.2132
7904,YouTube Unique Views - 𝐒𝐩𝐚𝐧𝐢𝐬𝐡 𝐒𝐩𝐞𝐚𝐤𝐞𝐫𝐬 [RAV-GS™ - Real & Active Views],447.724,500,100 000,90 Days Refill,8 hours 18 minutes,,,1925.2132
7905,YouTube Unique Views - 𝐆𝐞𝐫𝐦𝐚𝐧 𝐒𝐩𝐞𝐚𝐤𝐞𝐫𝐬 [RAV-GS™ - Real & Active Views],450.312,500,100 000,90 Days Refill,27 hours 16 minutes,,,1936.3416
7906,YouTube Unique Views - 𝐀𝐫𝐚𝐛𝐢𝐜 𝐒𝐩𝐞𝐚𝐤𝐞𝐫𝐬 [RAV-GS™ - Real & Active Views],447.724,500,100 000,90 Days Refill,22 minutes,,,1925.2132
7907,YouTube Unique Views - 𝐏𝐨𝐫𝐭𝐮𝐠𝐮𝐞𝐬𝐞 𝐒𝐩𝐞𝐚𝐤𝐞𝐫𝐬 [RAV-GS™ - Real & Active Views],447.724,500,100 000,90 Days Refill,11 minutes,,,1925.2132
8991,YouTube Unique Views - [USA 🇺🇸] [RAV-MTS™ - High Monetization Views] [90 Days Refill] [Speed 500-1K/Day],1356.112,500,100 000,90 Days Refill,17 hours 6 minutes,,,5831.2816
12232,🇰🇷 YouTube Unique Views - [South Korea 🇰🇷] [RAV-MTS™ - High Monetization Views] [90 Days Refill] [Speed 500-1K/Day],1356.112,500,100 000,90 Days Refill,33 minutes,,,5831.2816
12233,🇬🇧 YouTube Unique Views - [Great Britain 🇬🇧] [RAV-MTS™ - High Monetization Views] [90 Days Refill] [Speed 500-1K/Day],899.33,500,100 000,90 Days Refill,23 minutes,,,3867.119
8993,YouTube Unique Views - [Indonesia 🇮🇩] [RAV-MTS™ - High Monetization Views] [90 Days Refill] [Speed 500-1K/Day],899.33,500,100 000,90 Days Refill,17 minutes,,,3867.119
12234,🇫🇷 YouTube Unique Views - [France 🇫🇷] [RAV-MTS™ - High Monetization Views] [90 Days Refill] [Speed 500-1K/Day],899.33,500,100 000,90 Days Refill,4 hours 20 minutes,,,3867.119
8994,YouTube Unique Views - [India 🇮🇳] [RAV-MTS™ - High Monetization Views] [90 Days Refill] [Speed 500-1K/Day],899.33,500,100 000,90 Days Refill,55 minutes,,,3867.119
12235,🇨🇦 YouTube Unique Views - [Canada 🇨🇦] [RAV-MTS™ - High Monetization Views] [90 Days Refill] [Speed 500-1K/Day],899.33,500,100 000,90 Days Refill,55 minutes,,,3867.119
8995,YouTube Unique Views - [Bangladesh 🇧🇩] [RAV-MTS™ - High Monetization Views] [90 Days Refill] [Speed 500-1K/Day],899.33,500,100 000,90 Days Refill,55 minutes,,,3867.119
12236,🇧🇪 YouTube Unique Views - [Belgium 🇧🇪] [RAV-MTS™ - High Monetization Views] [90 Days Refill] [Speed 500-1K/Day],899.33,500,100 000,90 Days Refill,35 hours 42 minutes,,,3867.119
8996,YouTube Unique Views - [Vietnam 🇻🇳] [RAV-MTS™ - High Monetization Views] [90 Days Refill] [Speed 500-1K/Day],899.33,500,100 000,90 Days Refill,22 minutes,,,3867.119
12237,🇩🇪 YouTube Unique Views - [Germany 🇩🇪] [RAV-MTS™ - High Monetization Views] [90 Days Refill] [Speed 500-1K/Day],899.33,500,100 000,90 Days Refill,17 hours 19 minutes,,,3867.119
8997,YouTube Unique Views - [Thailand 🇹🇭] [RAV-MTS™ - High Monetization Views] [90 Days Refill] [Speed 500-1K/Day],899.33,500,100 000,90 Days Refill,17 minutes,,,3867.119
12238,🇮🇱 YouTube Unique Views - [Israel 🇮🇱] [RAV-MTS™ - High Monetization Views] [90 Days Refill] [Speed 500-1K/Day],899.33,500,100 000,90 Days Refill,22 minutes,,,3867.119
8998,YouTube Unique Views - [Turkey 🇹🇷] [RAV-MTS™ - High Monetization Views] [90 Days Refill] [Speed 500-1K/Day],899.33,500,100 000,90 Days Refill,55 minutes,,,3867.119
12239,🇧🇬 YouTube Unique Views - [Bulgaria 🇧🇬] [RAV-MTS™ - High Monetization Views] [90 Days Refill] [Speed 500-1K/Day],899.33,500,100 000,90 Days Refill,55 minutes,,,3867.119
8999,YouTube Unique Views - [Brazil 🇧🇷] [RAV-MTS™ - High Monetization Views] [90 Days Refill] [Speed 500-1K/Day],899.33,500,100 000,90 Days Refill,16 minutes,,,3867.119
9000,YouTube Unique Views - [Italy 🇮🇹] [RAV-MTS™ - High Monetization Views] [90 Days Refill] [Speed 500-1K/Day],899.33,500,100 000,90 Days Refill,22 minutes,,,3867.119
9001,YouTube Unique Views - [Portugal 🇵🇹] [RAV-MTS™ - High Monetization Views] [90 Days Refill] [Speed 500-1K/Day],899.33,500,100 000,90 Days Refill,23 minutes,,,3867.119
9002,YouTube Unique Views - [Taiwan 🇹🇼] [RAV-MTS™ - High Monetization Views] [90 Days Refill] [Speed 500-1K/Day],899.33,500,100 000,90 Days Refill,11 minutes,,,3867.119
9003,YouTube Unique Views - [Philippines 🇵🇭] [RAV-MTS™ - High Monetization Views] [90 Days Refill] [Speed 500-1K/Day],899.33,500,100 000,90 Days Refill,33 minutes,,,3867.119
9004,YouTube Unique Views - [Japan 🇯🇵] [RAV-MTS™ - High Monetization Views] [90 Days Refill] [Speed 500-1K/Day],899.33,500,100 000,90 Days Refill,2 hours 7 minutes,,,3867.119
15480,YouTube Subscribers - [30 Days Refill] [𝐍𝐨 𝐕𝐢𝐝𝐞𝐨𝐬 𝐑𝐞𝐪𝐮𝐢𝐫𝐞𝐝] [Max 500K] [Speed 300-500/Day] [0-2HRS],3687.9,100,500 000,30 Days Refill,22 hours 8 minutes,,,15857.97
11985,YouTube 𝐒𝐮𝐛𝐬𝐜𝐫𝐢𝐛𝐞𝐫𝐬 + 𝐊𝐞𝐲𝐰𝐨𝐫𝐝 𝐒𝐞𝐚𝐫𝐜𝐡 𝐕𝐢𝐞𝐰𝐬 - [60 Days Refill] [Max 500K] [Speed 2-5K/Day] [0-1HR],3117.246,100,100 000,60 Days Refill,136 hours 15 minutes,,,13404.1578
11669,YouTube Subscribers - [USA 🇺🇸] [Max 500K] [Lifetime Refill] [𝐍𝐨𝐧-𝐃𝐫𝐨𝐩] [Speed 15-30K/Day] [INSTANT],3322.992,100,100 000,Lifetime Refill,28 hours 20 minutes,,,14288.8656
11826,YouTube Views - [𝐂𝐡𝐚𝐧𝐧𝐞𝐥 𝐆𝐫𝐨𝐰𝐭𝐡 𝐏𝐚𝐜𝐤𝐚𝐠𝐞 - 𝐕𝐢𝐞𝐰𝐬 + 𝐋𝐢𝐤𝐞𝐬 + 𝐒𝐮𝐛𝐜𝐫𝐢𝐛𝐞𝐫𝐬 𝐃𝐢𝐯𝐢𝐝𝐞𝐝 𝐈𝐧𝐭𝐨 𝟐𝟎-𝟑𝟎 𝐕𝐢𝐝𝐞𝐨𝐬 𝐅𝐫𝐨𝐦 𝐂𝐡𝐚𝐧𝐧𝐞𝐥] [New Uploads Accepted] [𝐃𝐫𝐢𝐩𝐟𝐞𝐞𝐝 𝐄𝐱𝐜𝐥𝐮𝐬𝐢𝐯𝐞] [Non-Drop] [0-24HRS],192.159,10 000,150 000,30 Days Refill,195 hours 17 minutes,,,826.2837
7764,YouTube Subscribers - [VIEWS + LIKES + SUBSCRIBERS] [𝐒𝐨𝐮𝐫𝐜𝐞 - 𝐂𝐮𝐬𝐭𝐨𝐦 𝐒𝐞𝐚𝐫𝐜𝐡] [Max 100k] [Speed 3-5K/Day] [0-6HRS],2158.392,50,1 000,30 Days Refill,116 hours 13 minutes,,,9281.0856
1136,YouTube Super Fast Likes - [Lifetime Refill] [Max 150K] [Speed 50-100K/Day] [𝐈𝐧𝐬𝐭𝐚𝐧𝐭 - 𝐍𝐞𝐯𝐞𝐫 𝐃𝐫𝐨𝐩 - 𝐇𝐐] [𝐁𝐄𝐒𝐓] 🔥,2329.2,50,150 000,Lifetime Refill,4 minutes,,,10015.56
12244,YouTube Fast Likes - [Lifetime Refill] [Max 1M] [Speed 100K/HR] [𝐍𝐞𝐯𝐞𝐫 𝐃𝐫𝐨𝐩] [Refill Button] [INSTANT],507.248,10,1 000 000,Lifetime Refill,3 minutes,,,2181.1664
12225,YouTube Video Likes - [𝐑𝐞𝐚𝐥] [Lifetime Refill] [Max 300K] [Non Drop] [Refill Button] [Speed 300K/Day] [Always Instant],543.48,100,300 000,Lifetime Refill,6 minutes,,,2336.964
12222,YouTube Video Likes - [𝐑𝐞𝐚𝐥] [Lifetime Refill] [Max 150K] [Non Drop] [Refill Button] [Speed 150K/Day] [Always Instant],485.25,100,150 000,Lifetime Refill,5 minutes,,,2086.575
582,YouTube Likes - [𝐑𝐄𝐀𝐋] [30 Days Refill] [Max 1M] [𝟏𝟎𝟎% 𝐍𝐨𝐧-𝐃𝐫𝐨𝐩] [Speed 200K/Day] [Always Instant] [𝐑𝐄𝐂𝐎𝐌𝐌𝐄𝐍𝐃𝐄𝐃],465.84,10,1 000 000,30 Days Refill,8 minutes,,,2003.112
8006,YouTube Likes - [30 Days Refill] [𝐍𝐨𝐧-𝐃𝐫𝐨𝐩] [Max 200k] [Speed 40K/HR] [INSTANT],507.248,10,200 000,30 Days Refill,3 minutes,,,2181.1664
9201,YouTube Likes - [Organic] [30 Days Refill] [Max 5K] [Speed 5K/Day] [0-1 Min],100.932,10,5 000,30 Days Refill,4 minutes,,,434.0076
12220,YouTube Video Likes - [𝐑𝐞𝐚𝐥] [30 Days Refill] [Max 150K] [𝐍𝐨𝐧-𝐃𝐫𝐨𝐩] [𝐑𝐞𝐟𝐢𝐥𝐥 𝐁𝐮𝐭𝐭𝐨𝐧] [Speed 150K/Day] [Always Instant],108.696,100,150 000,30 Days Refill,4 minutes,,,467.3928
16194,YouTube Likes - [Organic] [30 Days Refill] [Max 20K] [Speed 20K/Day] [0-1 Min],108.696,20,20 000,30 Days Refill,4 minutes,,,467.3928
8004,YouTube Likes - [30 Days Refill] [Max 500k] [Speed 50K/Day] [INSTANT],196.688,100,500 000,30 Days Refill,6 minutes,,,845.7584
6279,YouTube Likes - [30 Days Refill] [Max 500K] [Speed 50K/HR] [𝐑𝐞𝐟𝐢𝐥𝐥 𝐁𝐮𝐭𝐭𝐨𝐧] [𝐒𝐓𝐀𝐁𝐋𝐄] [Always Instant],120.342,100,500 000,30 Days Refill,5 minutes,,,517.4706
3299,🇺🇸 YouTube Likes - [𝐔𝐒𝐀 🇺🇸] [30 Days Refill] [Max 100K] [Speed 100K/Day] [Non-Drop] [Refill Button Available] [INSTANT],146.222,10,100 000,30 Days Refill,8 minutes,,,628.7546
1132,YouTube Likes - [𝐅𝐀𝐒𝐓] [30 Days Refill] [Max 100K] [Less Drop] [Speed 300K/Day] [INSTANT],131.988,100,20 000,30 Days Refill,4 minutes,,,567.5484
12223,YouTube Video Likes - [𝐑𝐞𝐚𝐥] [30 Days Refill] [Max 300K] [𝐍𝐨𝐧-𝐃𝐫𝐨𝐩] [𝐑𝐞𝐟𝐢𝐥𝐥 𝐁𝐮𝐭𝐭𝐨𝐧] [Speed 300K/Day] [Always Instant],103.52,100,300 000,30 Days Refill,7 minutes,,,445.136
6282,YouTube Likes - [30 Days Refill] [Max 300K] [𝐍𝐨𝐧-𝐃𝐫𝐨𝐩] [Speed 100K/Hour] [𝐒𝐮𝐩𝐞𝐫 𝐅𝐚𝐬𝐭] [INSTANT],562.89,100,300 000,30 Days Refill,4 minutes,,,2420.427
6286,YouTube Likes - [30 Days Refill] [Max 50K] [Speed 30-50K/Day] [Always Instant],221.274,100,50 000,30 Days Refill,4 minutes,,,951.4782
8007,YouTube Likes - [365 Days Refill] [𝐍𝐨𝐧-𝐃𝐫𝐨𝐩] [Max 500k] [Speed 200K/Day] [INSTANT],582.3,10,500 000,365 Days Refill,3 minutes,,,2503.89
16195,YouTube Likes - [Organic] [30 Days Refill] [Max 1M] [Speed 500K/Day] [0-1 Min],116.46,10,10 000,365 Days Refill,17 minutes,,,500.778
12221,YouTube Video Likes - [𝐑𝐞𝐚𝐥] [365 Days Refill] [Max 150K] [Non Drop] [Refill Button] [Speed 150K/Day] [Always Instant],155.28,100,150 000,365 Days Refill,7 minutes,,,667.704
12224,YouTube Video Likes - [𝐑𝐞𝐚𝐥] [365 Days Refill] [Max 300K] [Non Drop] [Refill Button] [Speed 300K/Day] [Always Instant],662.528,10,300 000,365 Days Refill,4 minutes,,,2848.8704
11680,Youtube Likes - [Geo-Targeted] [USA 🇺🇸] [Max 100K] [Speed 100K/Day] [Instant],87.992,10,100 000,Lifetime Refill,54 minutes,,,378.3656
12101,Youtube Likes - [Geo-Targeted] [Argentina 🇦🇷] [Max 100K] [Speed 100K/Day] [Instant],87.992,10,100 000,Lifetime Refill,1 hour 4 minutes,,,378.3656
11681,Youtube Likes - [Geo-Targeted] [VIETNAM 🇻🇳] [Max 100K] [Speed 100K/Day] [Instant],87.992,10,100 000,Lifetime Refill,51 minutes,,,378.3656
12102,Youtube Likes - [Geo-Targeted] [Algeria 🇩🇿] [Max 100K] [Speed 100K/Day] [Instant],87.992,10,100 000,Lifetime Refill,44 minutes,,,378.3656
11682,Youtube Likes - [Geo-Targeted] [INDIA 🇮🇳] [Max 100K] [Speed 100K/Day] [Instant],87.992,10,100 000,Lifetime Refill,1 hour 1 minute,,,378.3656
12103,Youtube Likes - [Geo-Targeted] [Afghanistan 🇦🇫] [Max 100K] [Speed 100K/Day] [Instant],87.992,10,100 000,Lifetime Refill,55 minutes,,,378.3656
11683,Youtube Likes - [Geo-Targeted] [CANADA 🇨🇦] [Max 100K] [Speed 100K/Day] [Instant],87.992,10,100 000,Lifetime Refill,1 hour 7 minutes,,,378.3656
12104,Youtube Likes - [Geo-Targeted] [Angola 🇦🇴] [Max 100K] [Speed 100K/Day] [Instant],87.992,10,100 000,Lifetime Refill,47 minutes,,,378.3656
11684,Youtube Likes - [Geo-Targeted] [Turkish 🇨🇳] [Max 100K] [Speed 100K/Day] [Instant],87.992,10,100 000,Lifetime Refill,52 minutes,,,378.3656
12105,Youtube Likes - [Geo-Targeted] [Austria 🇦🇹] [Max 100K] [Speed 100K/Day] [Instant],87.992,10,100 000,Lifetime Refill,56 minutes,,,378.3656
11685,Youtube Likes - [Geo-Targeted] [JAPAN 🇯🇵] [Max 100K] [Speed 100K/Day] [Instant],87.992,10,100 000,Lifetime Refill,1 hour 11 minutes,,,378.3656
12106,Youtube Likes - [Geo-Targeted] [Armenia 🇦🇲] [Max 100K] [Speed 100K/Day] [Instant],87.992,10,100 000,Lifetime Refill,54 minutes,,,378.3656
11686,Youtube Likes - [Geo-Targeted] [BRAZIL 🇧🇷] [Max 100K] [Speed 100K/Day] [Instant],87.992,10,100 000,Lifetime Refill,13 hours 14 minutes,,,378.3656
12107,Youtube Likes - [Geo-Targeted] [Bangladesh 🇧🇩] [Max 100K] [Speed 100K/Day] [Instant],87.992,10,100 000,Lifetime Refill,48 minutes,,,378.3656
11687,Youtube Likes - [Geo-Targeted] [PHILIPPINES 🇵🇭] [Max 100K] [Speed 100K/Day] [Instant],87.992,10,100 000,Lifetime Refill,47 minutes,,,378.3656
12108,Youtube Likes - [Geo-Targeted] [Burkina Faso] [Max 100K] [Speed 100K/Day] [Instant],87.992,10,100 000,Lifetime Refill,59 minutes,,,378.3656
11688,Youtube Likes - [Geo-Targeted] [GERMANY 🇩🇪] [Max 100K] [Speed 100K/Day] [Instant],87.992,10,100 000,Lifetime Refill,1 hour 5 minutes,,,378.3656
12109,Youtube Likes - [Geo-Targeted] [Burundi] [Max 100K] [Speed 100K/Day] [Instant],87.992,10,100 000,Lifetime Refill,46 minutes,,,378.3656
11689,Youtube Likes - [Geo-Targeted] [LEBANON 🇱🇧] [Max 100K] [Speed 100K/Day] [Instant],87.992,10,100 000,Lifetime Refill,45 minutes,,,378.3656
12110,Youtube Likes - [Geo-Targeted] [Benin] [Max 100K] [Speed 100K/Day] [Instant],87.992,10,100 000,Lifetime Refill,44 minutes,,,378.3656
11690,Youtube Likes - [Geo-Targeted] [AZERBAIJAN 🇨🇳] [Max 100K] [Speed 100K/Day] [Instant],87.992,10,100 000,Lifetime Refill,50 minutes,,,378.3656
12111,Youtube Likes - [Geo-Targeted] [Bolivia 🇧🇴] [Max 100K] [Speed 100K/Day] [Instant],87.992,10,100 000,Lifetime Refill,42 minutes,,,378.3656
11691,Youtube Likes - [Geo-Targeted] [KUWAIT 🇰🇼] [Max 100K] [Speed 100K/Day] [Instant],87.992,10,100 000,Lifetime Refill,53 minutes,,,378.3656
12112,Youtube Likes - [Geo-Targeted] [Belarus 🇧🇾] [Max 100K] [Speed 100K/Day] [Instant],87.992,10,100 000,Lifetime Refill,53 minutes,,,378.3656
11692,Youtube Likes - [Geo-Targeted] [PAKISTAN 🇵🇰] [Max 100K] [Speed 100K/Day] [Instant],87.992,10,100 000,Lifetime Refill,1 hour 28 minutes,,,378.3656
12113,Youtube Likes - [Geo-Targeted] [Bulgaria 🇧🇬] [Max 100K] [Speed 100K/Day] [Instant],87.992,10,100 000,Lifetime Refill,58 minutes,,,378.3656
11693,Youtube Likes - [Geo-Targeted] [IRAN 🇮🇷] [Max 100K] [Speed 100K/Day] [Instant],87.992,10,100 000,Lifetime Refill,44 minutes,,,378.3656
12114,Youtube Likes - [Geo-Targeted] [Bosnia and Herzegovina] [Max 100K] [Speed 100K/Day] [Instant],87.992,10,100 000,Lifetime Refill,50 minutes,,,378.3656
11694,Youtube Likes - [Geo-Targeted] [RUSSIA 🇷🇺] [Max 100K] [Speed 100K/Day] [Instant],87.992,10,100 000,Lifetime Refill,54 minutes,,,378.3656
12115,Youtube Likes - [Geo-Targeted] [Botswana 🇧🇼] [Max 100K] [Speed 100K/Day] [Instant],87.992,10,100 000,Lifetime Refill,47 minutes,,,378.3656
11695,Youtube Likes - [Geo-Targeted] [FRANCE 🇫🇷] [Max 100K] [Speed 100K/Day] [Instant],87.992,10,100 000,Lifetime Refill,26 minutes,,,378.3656
12116,Youtube Likes - [Geo-Targeted] [Bahrain 🇧🇭] [Max 100K] [Speed 100K/Day] [Instant],87.992,10,100 000,Lifetime Refill,41 minutes,,,378.3656
11696,Youtube Likes - [Geo-Targeted] [ROMANIA 🇷🇴] [Max 100K] [Speed 100K/Day] [Instant],87.992,10,100 000,Lifetime Refill,46 minutes,,,378.3656
12117,Youtube Likes - [Geo-Targeted] [China 🇨🇳] [Max 100K] [Speed 100K/Day] [Instant],87.992,10,100 000,Lifetime Refill,38 minutes,,,378.3656
11697,Youtube Likes - [Geo-Targeted] [ITALIAN 🇮🇹] [Max 100K] [Speed 100K/Day] [Instant],87.992,10,100 000,Lifetime Refill,35 minutes,,,378.3656
12118,Youtube Likes - [Geo-Targeted] [Colombia 🇨🇴] [Max 100K] [Speed 100K/Day] [Instant],87.992,10,100 000,Lifetime Refill,34 minutes,,,378.3656
11698,Youtube Likes - [Geo-Targeted] [SWEDEN 🇸🇪] [Max 100K] [Speed 100K/Day] [Instant],87.992,10,100 000,Lifetime Refill,39 minutes,,,378.3656
12119,Youtube Likes - [Geo-Targeted] [Cameroon 🇨🇲] [Max 100K] [Speed 100K/Day] [Instant],87.992,10,100 000,Lifetime Refill,38 minutes,,,378.3656
11699,Youtube Likes - [Geo-Targeted] [ARABIC 🇦🇪] [Max 100K] [Speed 100K/Day] [Instant],87.992,10,100 000,Lifetime Refill,38 minutes,,,378.3656
12120,Youtube Likes - [Geo-Targeted] [Côte d'Ivoire] [Max 100K] [Speed 100K/Day] [Instant],87.992,10,100 000,Lifetime Refill,43 minutes,,,378.3656
11700,Youtube Likes - [Geo-Targeted] [DENMARK 🇩🇰] [Max 100K] [Speed 100K/Day] [Instant],87.992,10,100 000,Lifetime Refill,37 minutes,,,378.3656
12121,Youtube Likes - [Geo-Targeted] [Chile 🇨🇱] [Max 100K] [Speed 100K/Day] [Instant],87.992,10,100 000,Lifetime Refill,41 minutes,,,378.3656
11701,Youtube Likes - [Geo-Targeted] [SINGAPORE 🇸🇬] [Max 100K] [Speed 100K/Day] [Instant],87.992,10,100 000,Lifetime Refill,34 minutes,,,378.3656
12122,Youtube Likes - [Geo-Targeted] [Cambodia 🇰🇭] [Max 100K] [Speed 100K/Day] [Instant],87.992,10,100 000,Lifetime Refill,39 minutes,,,378.3656
11702,Youtube Likes - [Geo-Targeted] [INDONESIA 🇮🇩] [Max 100K] [Speed 100K/Day] [Instant],87.992,10,100 000,Lifetime Refill,39 minutes,,,378.3656
12123,Youtube Likes - [Geo-Targeted] [Chad 🇹🇩] [Max 100K] [Speed 100K/Day] [Instant],87.992,10,100 000,Lifetime Refill,38 minutes,,,378.3656
11703,Youtube Likes - [Geo-Targeted] [EGYPT 🇪🇬] [Max 100K] [Speed 100K/Day] [Instant],87.992,10,100 000,Lifetime Refill,38 minutes,,,378.3656
12124,Youtube Likes - [Geo-Targeted] [CUBA 🇨🇺] [Max 100K] [Speed 100K/Day] [Instant],87.992,10,100 000,Lifetime Refill,31 minutes,,,378.3656
11704,Youtube Likes - [Geo-Targeted] [UK 🇬🇧] [Max 100K] [Speed 100K/Day] [Instant],87.992,10,100 000,Lifetime Refill,36 minutes,,,378.3656
12125,Youtube Likes - [Geo-Targeted] [Congo 🇨🇩] [Max 100K] [Speed 100K/Day] [Instant],87.992,10,100 000,Lifetime Refill,29 minutes,,,378.3656
11705,Youtube Likes - [Geo-Targeted] [AUSTRALIA 🇦🇺] [Max 100K] [Speed 100K/Day] [Instant],87.992,10,100 000,Lifetime Refill,34 minutes,,,378.3656
12126,Youtube Likes - [Geo-Targeted] [Costa Rica 🇨🇷] [Max 100K] [Speed 100K/Day] [Instant],87.992,10,100 000,Lifetime Refill,34 minutes,,,378.3656
11706,Youtube Likes - [Geo-Targeted] [BELGIUM 🇧🇪] [Max 100K] [Speed 100K/Day] [Instant],87.992,10,100 000,Lifetime Refill,32 minutes,,,378.3656
12127,Youtube Likes - [Geo-Targeted] [Central African Republic] [Max 100K] [Speed 100K/Day] [Instant],87.992,10,100 000,Lifetime Refill,43 minutes,,,378.3656
11707,Youtube Likes - [Geo-Targeted] [MOROCCO 🇲🇦] [Max 100K] [Speed 100K/Day] [Instant],87.992,10,100 000,Lifetime Refill,37 minutes,,,378.3656
12128,Youtube Likes - [Geo-Targeted] [Croatia 🇭🇷] [Max 100K] [Speed 100K/Day] [Instant],87.992,10,100 000,Lifetime Refill,42 minutes,,,378.3656
11708,Youtube Likes - [Geo-Targeted] [NETHERLANDS 🇳🇱] [Max 100K] [Speed 100K/Day] [Instant],87.992,10,100 000,Lifetime Refill,1 hour 35 minutes,,,378.3656
12129,Youtube Likes - [Geo-Targeted] [Cyprus 🇨🇾] [Max 100K] [Speed 100K/Day] [Instant],87.992,10,100 000,Lifetime Refill,35 minutes,,,378.3656
11709,Youtube Likes - [Geo-Targeted] [PORTUGAL 🇵🇹] [Max 100K] [Speed 100K/Day] [Instant],87.992,10,100 000,Lifetime Refill,32 minutes,,,378.3656
12130,Youtube Likes - [Geo-Targeted] [DR Congo] [Max 100K] [Speed 100K/Day] [Instant],87.992,10,100 000,Lifetime Refill,38 minutes,,,378.3656
11710,Youtube Likes - [Geo-Targeted] [SAUDI ARABIA 🇸🇦] [Max 100K] [Speed 100K/Day] [Instant],87.992,10,100 000,Lifetime Refill,37 minutes,,,378.3656
12131,Youtube Likes - [Geo-Targeted] [Dominican Republic 🇩🇴] [Max 100K] [Speed 100K/Day] [Instant],87.992,10,100 000,Lifetime Refill,42 minutes,,,378.3656
11711,Youtube Likes - [Geo-Targeted] [UKRAINE 🇺🇦] [Max 100K] [Speed 100K/Day] [Instant],87.992,10,100 000,Lifetime Refill,29 minutes,,,378.3656
12132,Youtube Likes - [Geo-Targeted] [Ethiopia 🇪🇹] [Max 100K] [Speed 100K/Day] [Instant],87.992,10,100 000,Lifetime Refill,48 minutes,,,378.3656
11712,Youtube Likes - [Geo-Targeted] [TAIWAN 🇹🇼] [Max 40K] [Speed 30K/Day] [0-30 Mins],87.992,10,100 000,Lifetime Refill,41 minutes,,,378.3656
12133,Youtube Likes - [Geo-Targeted] [Ecuador 🇪🇨] [Max 100K] [Speed 100K/Day] [Instant],87.992,10,100 000,Lifetime Refill,41 minutes,,,378.3656
11713,Youtube Likes - [Geo-Targeted] [SOUTH KOREA 🇰🇷] [Max 100K] [Speed 100K/Day] [Instant],87.992,10,100 000,Lifetime Refill,1 hour 17 minutes,,,378.3656
12134,Youtube Likes - [Geo-Targeted] [El Salvador 🇸🇻] [Max 100K] [Speed 100K/Day] [Instant],87.992,10,100 000,Lifetime Refill,30 minutes,,,378.3656
11714,Youtube Likes - [Geo-Targeted] [SPAIN 🇪🇸] [Max 100K] [Speed 100K/Day] [Instant],87.992,10,100 000,Lifetime Refill,28 minutes,,,378.3656
12135,Youtube Likes - [Geo-Targeted] [Eritrea] [Max 40K] [Max 100K] [Speed 100K/Day] [Instant],87.992,10,100 000,Lifetime Refill,28 minutes,,,378.3656
11715,Youtube Likes - [Geo-Targeted] [ALBANIA 🇦🇱] [Max 100K] [Speed 100K/Day] [Instant],87.992,10,100 000,Lifetime Refill,33 minutes,,,378.3656
12136,Youtube Likes - [Geo-Targeted] [Equatorial Guinea 🇬🇶] [Max 100K] [Speed 100K/Day] [Instant],87.992,10,100 000,Lifetime Refill,27 minutes,,,378.3656
11716,Youtube Likes - [Geo-Targeted] [MALAYSIA 🇲🇾] [Max 100K] [Speed 100K/Day] [Instant],87.992,10,100 000,Lifetime Refill,26 minutes,,,378.3656
12137,Youtube Likes - [Geo-Targeted] [Estonia 🇪🇪] [Max 100K] [Speed 100K/Day] [Instant],87.992,10,100 000,Lifetime Refill,25 minutes,,,378.3656
11717,Youtube Likes - [Geo-Targeted] [POLAND 🇵🇱] [Max 100K] [Speed 100K/Day] [Instant],87.992,10,100 000,Lifetime Refill,4 minutes,,,378.3656
12138,Youtube Likes - [Geo-Targeted] [Finland 🇫🇮] [Max 100K] [Speed 100K/Day] [Instant],87.992,10,100 000,Lifetime Refill,23 minutes,,,378.3656
11718,Youtube Likes - [Geo-Targeted] [MEXICO 🇲🇽] [Max 100K] [Speed 100K/Day] [Instant],87.992,10,100 000,Lifetime Refill,31 minutes,,,378.3656
12139,Youtube Likes - [Geo-Targeted] [Ghana 🇬🇭] [Max 100K] [Speed 100K/Day] [Instant],87.992,10,100 000,Lifetime Refill,28 minutes,,,378.3656
11719,Youtube Likes - [Geo-Targeted] [GREECE 🇬🇷] [Max 100K] [Speed 100K/Day] [Instant],87.992,10,100 000,Lifetime Refill,34 minutes,,,378.3656
12140,Youtube Likes - [Geo-Targeted] [Guatemala] [Max 100K] [Speed 100K/Day] [Instant],87.992,10,100 000,Lifetime Refill,29 minutes,,,378.3656
11720,Youtube Likes - [Geo-Targeted] [CZECH REPUBLIC 🇨🇿] [Max 100K] [Speed 100K/Day] [Instant],87.992,10,100 000,Lifetime Refill,28 minutes,,,378.3656
12141,Youtube Likes - [Geo-Targeted] [Guinea 🇬🇳] [Max 100K] [Speed 100K/Day] [Instant],87.992,10,100 000,Lifetime Refill,3 hours 11 minutes,,,378.3656
11721,Youtube Likes - [Geo-Targeted] [SOUTH AFRICA 🇿🇦] [Max 100K] [Speed 100K/Day] [Instant],87.992,10,100 000,Lifetime Refill,3 hours 9 minutes,,,378.3656
12142,Youtube Likes - [Geo-Targeted] [Georgia 🇬🇪] [Max 100K] [Speed 100K/Day] [Instant],87.992,10,100 000,Lifetime Refill,3 hours 7 minutes,,,378.3656
11722,Youtube Likes - [Geo-Targeted] [JORDAN 🇯🇴] [Max 100K] [Speed 100K/Day] [Instant],87.992,10,100 000,Lifetime Refill,2 hours 51 minutes,,,378.3656
12143,Youtube Likes - [Geo-Targeted] [Gambia 🇬🇲] [Max 100K] [Speed 100K/Day] [Instant],87.992,10,100 000,Lifetime Refill,2 hours 47 minutes,,,378.3656
12144,Youtube Likes - [Geo-Targeted] [Gabon] [Max 100K] [Speed 100K/Day] [Instant],87.992,10,100 000,Lifetime Refill,2 hours 46 minutes,,,378.3656
12145,Youtube Likes - [Geo-Targeted] [Guinea-Bissau] [Max 100K] [Speed 100K/Day] [Instant],87.992,10,100 000,Lifetime Refill,2 hours 44 minutes,,,378.3656
12146,Youtube Likes - [Geo-Targeted] [Haiti] [Max 100K] [Speed 100K/Day] [Instant],87.992,10,100 000,Lifetime Refill,2 hours 43 minutes,,,378.3656
12147,Youtube Likes - [Geo-Targeted] [Honduras 🇭🇳] [Max 100K] [Speed 100K/Day] [Instant],87.992,10,100 000,Lifetime Refill,1 minute,,,378.3656
12148,Youtube Likes - [Geo-Targeted] [Hungary 🇭🇺] [Max 100K] [Speed 100K/Day] [Instant],87.992,10,100 000,Lifetime Refill,2 minutes,,,378.3656
12149,Youtube Likes - [Geo-Targeted] [Hong Kong 🇭🇰] [Max 100K] [Speed 100K/Day] [Instant],87.992,10,100 000,Lifetime Refill,2 minutes,,,378.3656
12150,Youtube Likes - [Geo-Targeted] [Iraq 🇮🇶] [Max 100K] [Speed 100K/Day] [Instant],87.992,10,100 000,Lifetime Refill,2 minutes,,,378.3656
12151,Youtube Likes - [Geo-Targeted] [Israel 🇮🇱] [Max 100K] [Speed 100K/Day] [Instant],87.992,10,100 000,Lifetime Refill,2 minutes,,,378.3656
12152,Youtube Likes - [Geo-Targeted] [Ireland 🇮🇪] [Max 100K] [Speed 100K/Day] [Instant],87.992,10,100 000,Lifetime Refill,2 minutes,,,378.3656
12153,Youtube Likes - [Geo-Targeted] [Jamaica 🇯🇲] [Max 100K] [Speed 100K/Day] [Instant],87.992,10,100 000,Lifetime Refill,2 minutes,,,378.3656
12154,Youtube Likes - [Geo-Targeted] [Kenya 🇰🇪] [Max 100K] [Speed 100K/Day] [Instant],87.992,10,100 000,Lifetime Refill,1 minute,,,378.3656
12155,Youtube Likes - [Geo-Targeted] [Kazakhstan 🇰🇿] [Max 100K] [Speed 100K/Day] [Instant],87.992,10,100 000,Lifetime Refill,2 minutes,,,378.3656
12156,Youtube Likes - [Geo-Targeted] [Kyrgyzstan 🇰🇬] [Max 100K] [Speed 100K/Day] [Instant],87.992,10,100 000,Lifetime Refill,1 minute,,,378.3656
12157,Youtube Likes - [Geo-Targeted] [Laos 🇱🇦] [Max 100K] [Speed 100K/Day] [Instant],87.992,10,100 000,Lifetime Refill,11 minutes,,,378.3656
12158,Youtube Likes - [Geo-Targeted] [Libya 🇱🇾] [Max 100K] [Speed 100K/Day] [Instant],87.992,10,100 000,Lifetime Refill,23 minutes,,,378.3656
12159,Youtube Likes - [Geo-Targeted] [Liberia 🇱🇷] [Max 100K] [Speed 100K/Day] [Instant],87.992,10,100 000,Lifetime Refill,17 minutes,,,378.3656
12160,Youtube Likes - [Geo-Targeted] [Lithuania 🇱🇹] [Max 100K] [Speed 100K/Day] [Instant],87.992,10,100 000,Lifetime Refill,1 minute,,,378.3656
12161,Youtube Likes - [Geo-Targeted] [Lesotho] [Max 100K] [Speed 100K/Day] [Instant],87.992,10,100 000,Lifetime Refill,2 minutes,,,378.3656
12162,Youtube Likes - [Geo-Targeted] [Latvia] [Max 100K] [Speed 100K/Day] [Instant],87.992,10,100 000,Lifetime Refill,2 minutes,,,378.3656
12163,Youtube Likes - [Geo-Targeted] [Myanmar 🇲🇲] [Max 100K] [Speed 100K/Day] [Instant],87.992,10,100 000,Lifetime Refill,2 minutes,,,378.3656
12164,Youtube Likes - [Geo-Targeted] [Mozambique] [Max 100K] [Speed 100K/Day] [Instant],87.992,10,100 000,Lifetime Refill,2 minutes,,,378.3656
12165,Youtube Likes - [Geo-Targeted] [Madagascar 🇲🇬] [Max 100K] [Speed 100K/Day] [Instant],87.992,10,100 000,Lifetime Refill,1 minute,,,378.3656
12166,Youtube Likes - [Geo-Targeted] [Mali] [Max 100K] [Speed 100K/Day] [Instant],87.992,10,100 000,Lifetime Refill,2 minutes,,,378.3656
12167,Youtube Likes - [Geo-Targeted] [Malawi] [Max 100K] [Speed 100K/Day] [Instant],87.992,10,100 000,Lifetime Refill,2 minutes,,,378.3656
12168,Youtube Likes - [Geo-Targeted] [Mauritania] [Max 100K] [Speed 100K/Day] [Instant],87.992,10,100 000,Lifetime Refill,1 minute,,,378.3656
12169,Youtube Likes - [Geo-Targeted] [Moldova] [Max 100K] [Speed 100K/Day] [Instant],87.992,10,100 000,Lifetime Refill,2 minutes,,,378.3656
12170,Youtube Likes - [Geo-Targeted] [Mongolia 🇲🇳] [Max 100K] [Speed 100K/Day] [Instant],87.992,10,100 000,Lifetime Refill,1 minute,,,378.3656
12171,Youtube Likes - [Geo-Targeted] [Nigeria 🇳🇬] [Max 100K] [Speed 100K/Day] [Instant],87.992,10,100 000,Lifetime Refill,7 minutes,,,378.3656
12172,Youtube Likes - [Geo-Targeted] [Nepal 🇳🇵] [Max 100K] [Speed 100K/Day] [Instant],87.992,10,100 000,Lifetime Refill,2 minutes,,,378.3656
12174,Youtube Likes - [Geo-Targeted] [Niger] [Max 100K] [Speed 100K/Day] [Instant],87.992,10,100 000,Lifetime Refill,2 minutes,,,378.3656
12175,Youtube Likes - [Geo-Targeted] [Nicaragua 🇳🇮] [Max 100K] [Speed 100K/Day] [Instant],87.992,10,100 000,Lifetime Refill,2 minutes,,,378.3656
12176,Youtube Likes - [Geo-Targeted] [Norway] [Max 100K] [Speed 100K/Day] [Instant],87.992,10,100 000,Lifetime Refill,1 minute,,,378.3656
12177,Youtube Likes - [Geo-Targeted] [New Zealand 🇳🇿] [Max 100K] [Speed 100K/Day] [Instant],87.992,10,100 000,Lifetime Refill,2 minutes,,,378.3656
12178,Youtube Likes - [Geo-Targeted] [Namibia 🇳🇦] [Max 100K] [Speed 100K/Day] [Instant],87.992,10,100 000,Lifetime Refill,1 minute,,,378.3656
12179,Youtube Likes - [Geo-Targeted] [North Macedonia] [Max 100K] [Speed 100K/Day] [Instant],87.992,10,100 000,Lifetime Refill,2 minutes,,,378.3656
12180,Youtube Likes - [Geo-Targeted] [Oman 🇴🇲] [Max 100K] [Speed 100K/Day] [Instant],87.992,10,100 000,Lifetime Refill,2 minutes,,,378.3656
12181,Youtube Likes - [Geo-Targeted] [Peru 🇵🇪] [Max 100K] [Speed 100K/Day] [Instant],87.992,10,100 000,Lifetime Refill,3 minutes,,,378.3656
12182,Youtube Likes - [Geo-Targeted] [Papua New Guinea] [Max 100K] [Speed 100K/Day] [Instant],87.992,10,100 000,Lifetime Refill,2 minutes,,,378.3656
12183,Youtube Likes - [Geo-Targeted] [Paraguay 🇵🇾] [Max 100K] [Speed 100K/Day] [Instant],87.992,10,100 000,Lifetime Refill,1 minute,,,378.3656
12184,Youtube Likes - [Geo-Targeted] [Panama] [Max 100K] [Speed 100K/Day] [Instant],87.992,10,100 000,Lifetime Refill,1 minute,,,378.3656
12185,Youtube Likes - [Geo-Targeted] [Qatar 🇶🇦] [Max 100K] [Speed 100K/Day] [Instant],87.992,10,100 000,Lifetime Refill,1 minute,,,378.3656
12186,Youtube Likes - [Geo-Targeted] [Rwanda 🇷🇼] [Max 100K] [Speed 100K/Day] [Instant],87.992,10,100 000,Lifetime Refill,2 minutes,,,378.3656
12187,Youtube Likes - [Geo-Targeted] [Sudan 🇸🇩] [Max 100K] [Speed 100K/Day] [Instant],87.992,10,100 000,Lifetime Refill,2 minutes,,,378.3656
12188,Youtube Likes - [Geo-Targeted] [Sri Lanka 🇱🇰] [Max 100K] [Speed 100K/Day] [Instant],87.992,10,100 000,Lifetime Refill,1 minute,,,378.3656
12189,Youtube Likes - [Geo-Targeted] [Syria 🇸🇾] [Max 100K] [Speed 100K/Day] [Instant],87.992,10,100 000,Lifetime Refill,1 minute,,,378.3656
12190,Youtube Likes - [Geo-Targeted] [Senegal 🇸🇳] [Max 100K] [Speed 100K/Day] [Instant],87.992,10,100 000,Lifetime Refill,2 minutes,,,378.3656
12191,Youtube Likes - [Geo-Targeted] [Somalia 🇸🇴] [Max 100K] [Speed 100K/Day] [Instant],87.992,10,100 000,Lifetime Refill,2 minutes,,,378.3656
12192,Youtube Likes - [Geo-Targeted] [South Sudan] [Max 100K] [Speed 100K/Day] [Instant],87.992,10,100 000,Lifetime Refill,1 minute,,,378.3656
12193,Youtube Likes - [Geo-Targeted] [Serbia 🇷🇸] [Max 100K] [Speed 100K/Day] [Instant],87.992,10,100 000,Lifetime Refill,1 minute,,,378.3656
12194,Youtube Likes - [Geo-Targeted] [Switzerland 🇨🇭] [Max 100K] [Speed 100K/Day] [Instant],87.992,10,100 000,Lifetime Refill,1 minute,,,378.3656
12195,Youtube Likes - [Geo-Targeted] [Sierra Leone] [Max 100K] [Speed 100K/Day] [Instant],87.992,10,100 000,Lifetime Refill,2 minutes,,,378.3656
12196,Youtube Likes - [Geo-Targeted] [Slovakia 🇸🇰] [Max 100K] [Speed 100K/Day] [Instant],87.992,10,100 000,Lifetime Refill,2 minutes,,,378.3656
12197,Youtube Likes - [Geo-Targeted] [Palestine] [Max 100K] [Speed 100K/Day] [Instant],87.992,10,100 000,Lifetime Refill,1 minute,,,378.3656
12198,Youtube Likes - [Geo-Targeted] [Slovenia 🇸🇮] [Max 100K] [Speed 100K/Day] [Instant],87.992,10,100 000,Lifetime Refill,1 minute,,,378.3656
12199,Youtube Likes - [Geo-Targeted] [Thailand 🇹🇭] [Max 100K] [Speed 100K/Day] [Instant],87.992,10,100 000,Lifetime Refill,2 minutes,,,378.3656
12200,Youtube Likes - [Geo-Targeted] [Tanzania 🇹🇿] [Max 100K] [Speed 100K/Day] [Instant],87.992,10,100 000,Lifetime Refill,1 minute,,,378.3656
12201,Youtube Likes - [Geo-Targeted] [Tunisia 🇹🇳] [Max 100K] [Speed 100K/Day] [Instant],87.992,10,100 000,Lifetime Refill,1 minute,,,378.3656
12202,Youtube Likes - [Geo-Targeted] [Tajikistan 🇹🇯] [Max 100K] [Speed 100K/Day] [Instant],87.992,10,100 000,Lifetime Refill,2 minutes,,,378.3656
12203,Youtube Likes - [Geo-Targeted] [Togo] [Max 100K] [Speed 100K/Day] [Instant],87.992,10,100 000,Lifetime Refill,1 minute,,,378.3656
12204,Youtube Likes - [Geo-Targeted] [Turkmenistan 🇹🇲] [Max 100K] [Speed 100K/Day] [Instant],87.992,10,100 000,Lifetime Refill,1 minute,,,378.3656
12205,Youtube Likes - [Geo-Targeted] [Uganda 🇺🇬] [Max 100K] [Speed 100K/Day] [Instant],87.992,10,100 000,Lifetime Refill,2 minutes,,,378.3656
12206,Youtube Likes - [Geo-Targeted] [Uzbekistan 🇺🇿] [Max 100K] [Speed 100K/Day] [Instant],87.992,10,100 000,Lifetime Refill,2 minutes,,,378.3656
12207,Youtube Likes - [Geo-Targeted] [Uruguay 🇺🇾] [Max 100K] [Speed 100K/Day] [Instant],87.992,10,100 000,Lifetime Refill,2 minutes,,,378.3656
12208,Youtube Likes - [Geo-Targeted] [Venezuela 🇻🇪] [Max 100K] [Speed 100K/Day] [Instant],87.992,10,100 000,Lifetime Refill,2 minutes,,,378.3656
12209,Youtube Likes - [Geo-Targeted] [Zambia 🇿🇲] [Max 100K] [Speed 100K/Day] [Instant],87.992,10,100 000,Lifetime Refill,1 minute,,,378.3656
12210,Youtube Likes - [Geo-Targeted] [Zimbabwe 🇿🇼] [Max 100K] [Speed 100K/Day] [Instant],87.992,10,100 000,Lifetime Refill,1 minute,,,378.3656
8012,🇺🇸 YouTube Likes US | 100K Max | Speed 100K/Day | Lifetime Warranty [Instant],150.104,10,100 000,Lifetime Refill,1 hour 57 minutes,,,645.4472
8014,🇬🇧 YouTube Likes UK | 100K Max | Speed 100K/Day | Lifetime Warranty [Instant],139.752,10,100 000,Lifetime Refill,4 hours 33 minutes,,,600.9336
8015,🇦🇺 YouTube Likes Australia | 100K Max | Speed 100K/Day | Lifetime Warranty [Instant],139.752,10,100 000,Lifetime Refill,8 minutes,,,600.9336
8016,🇨🇦 YouTube Likes Canada | 100K Max | Speed 100K/Day | Lifetime Warranty [Instant],139.752,10,100 000,Lifetime Refill,55 minutes,,,600.9336
8020,🇫🇷 YouTube Likes France | 100K Max | Speed 100K/Day | Lifetime Warranty [Instant],139.752,10,100 000,Lifetime Refill,3 minutes,,,600.9336
8021,🇩🇪 YouTube Likes Germany | 100K Max | Speed 100K/Day | Lifetime Warranty [Instant],139.752,10,100 000,Lifetime Refill,23 minutes,,,600.9336
8009,🇻🇳 YouTube Likes Vietnam | 100K Max | Speed 100K/Day | Lifetime Warranty [Instant],139.752,10,100 000,Lifetime Refill,22 minutes,,,600.9336
8010,🇮🇩 YouTube Likes Indonesia | 100K Max | Speed 100K/Day | Lifetime Warranty [Instant],139.752,10,100 000,Lifetime Refill,41 minutes,,,600.9336
8011,🇧🇩 YouTube Likes Bangladesh | 100K Max | Speed 100K/Day | Lifetime Warranty [Instant],139.752,10,100 000,Lifetime Refill,55 minutes,,,600.9336
8013,🇮🇳 YouTube Likes India | 100K Max | Speed 100K/Day | Lifetime Warranty [Instant],139.752,10,100 000,Lifetime Refill,4 minutes,,,600.9336
8017,🇧🇷 YouTube Likes Brazil | 100K Max | Speed 100K/Day | Lifetime Warranty [Instant],139.752,10,100 000,Lifetime Refill,3 hours 7 minutes,,,600.9336
8018,🇪🇬 YouTube Likes Egypt | 100K Max | Speed 100K/Day | Lifetime Warranty [Instant],139.752,10,100 000,Lifetime Refill,23 minutes,,,600.9336
8019,🇧🇪 YouTube Likes Belgium | 100K Max | Speed 100K/Day | Lifetime Warranty [Instant],139.752,10,100 000,Lifetime Refill,55 minutes,,,600.9336
8022,🇲🇦 YouTube Likes Morocco | 100K Max | Speed 100K/Day | Lifetime Warranty [Instant],139.752,10,100 000,Lifetime Refill,2 minutes,,,600.9336
8023,🇮🇹 YouTube Likes Italy | 100K Max | Speed 100K/Day | Lifetime Warranty [Instant],139.752,10,100 000,Lifetime Refill,33 minutes,,,600.9336
8024,🇳🇱 YouTube Likes Netherlands | 100K Max | Speed 100K/Day | Lifetime Warranty [Instant],139.752,10,100 000,Lifetime Refill,4 minutes,,,600.9336
8025,🇵🇹 YouTube Likes Portugal | 100K Max | Speed 100K/Day | Lifetime Warranty [Instant],139.752,10,100 000,Lifetime Refill,55 minutes,,,600.9336
8026,🇷🇺 YouTube Likes Russia | 100K Max | Speed 100K/Day | Lifetime Warranty [Instant],139.752,10,100 000,Lifetime Refill,16 minutes,,,600.9336
8027,🇸🇦 YouTube Likes Saudi Arabia | 100K Max | Speed 100K/Day | Lifetime Warranty [Instant],139.752,10,100 000,Lifetime Refill,27 minutes,,,600.9336
8028,🇯🇵 YouTube Likes Japan | 100K Max | Speed 100K/Day | Lifetime Warranty [0-1HR],89.286,10,100 000,Lifetime Refill,58 minutes,,,383.9298
8029,🇹🇷 YouTube Likes Turkey | 100K Max | Speed 100K/Day | Lifetime Warranty [Instant],139.752,10,100 000,Lifetime Refill,33 minutes,,,600.9336
8030,🇺🇦 YouTube Likes Ukraine | 100K Max | Speed 100K/Day | Lifetime Warranty [Instant],139.752,10,100 000,Lifetime Refill,22 minutes,,,600.9336
8031,🇹🇼 YouTube Likes Taiwan | 100K Max | Speed 100K/Day | Lifetime Warranty [Instant],139.752,10,100 000,Lifetime Refill,55 minutes,,,600.9336
8032,🇰🇷 YouTube Likes South Korea | 100K Max | Speed 100K/Day | Lifetime Warranty [Instant],139.752,10,100 000,Lifetime Refill,3 hours 2 minutes,,,600.9336
8033,🇪🇸 YouTube Likes Spain | 100K Max | Speed 100K/Day | Lifetime Warranty [Instant],139.752,10,100 000,Lifetime Refill,3 hours 38 minutes,,,600.9336
8034,🇸🇪 YouTube Likes Sweden | 100K Max | Speed 100K/Day | Lifetime Warranty [Instant],139.752,10,100 000,Lifetime Refill,23 minutes,,,600.9336
8035,🇵🇱 YouTube Likes Poland | 100K Max | Speed 100K/Day | Lifetime Warranty [Instant],139.752,10,100 000,Lifetime Refill,22 minutes,,,600.9336
8036,🇲🇽 YouTube Likes | Mexico | 100K Max | Speed 100K/Day | Lifetime Warranty [Instant],139.752,10,100 000,Lifetime Refill,51 minutes,,,600.9336
8037,🇬🇷 YouTube Likes Greece | 100K Max | Speed 100K/Day | Lifetime Warranty [Instant],139.752,10,100 000,Lifetime Refill,5 minutes,,,600.9336
8038,🇨🇿 YouTube Likes Czech Republic | 100K Max | Speed 100K/Day | Lifetime Warranty [Instant],139.752,10,100 000,Lifetime Refill,55 minutes,,,600.9336
8039,🇿🇦 YouTube Likes South Africa | 100K Max | Speed 100K/Day | Lifetime Warranty [Instant],139.752,10,100 000,Lifetime Refill,22 minutes,,,600.9336
8040,🇦🇱 YouTube Likes Albania | 100K Max | Speed 100K/Day | Lifetime Warranty [Instant],139.752,10,100 000,Lifetime Refill,25 minutes,,,600.9336
8041,🇲🇾 YouTube Likes Malaysia | 100K Max | Speed 100K/Day | Lifetime Warranty [Instant],139.752,10,100 000,Lifetime Refill,17 minutes,,,600.9336
10191,YouTube Likes - [𝐂𝐨𝐧𝐭𝐢𝐧𝐞𝐧𝐭 𝐎𝐟 𝐀𝐬𝐢𝐚] [Lifetime Refill] [Speed 20K/Day] [INSTANT],170.808,20,100 000,Lifetime Refill,11 minutes,,,734.4744
10192,YouTube Likes - [𝐂𝐨𝐧𝐭𝐢𝐧𝐞𝐧𝐭 𝐎𝐟 𝐀𝐟𝐫𝐢𝐜𝐚] [Lifetime Refill] [Speed 20K/Day] [INSTANT],170.808,20,100 000,Lifetime Refill,33 minutes,,,734.4744
10193,YouTube Likes - [𝐂𝐨𝐧𝐭𝐢𝐧𝐞𝐧𝐭 𝐎𝐟 𝐄𝐮𝐫𝐨𝐩𝐞] [Lifetime Refill] [Speed 20K/Day] [INSTANT],170.808,20,5 000,Lifetime Refill,45 minutes,,,734.4744
10194,YouTube Likes - [𝐂𝐨𝐧𝐭𝐢𝐧𝐞𝐧𝐭 𝐎𝐟 𝐍𝐨𝐫𝐭𝐡 𝐀𝐦𝐞𝐫𝐢𝐜𝐚] [Lifetime Refill] [Speed 20K/Day] [INSTANT],170.808,20,100 000,Lifetime Refill,7 minutes,,,734.4744
10195,YouTube Likes - [𝐂𝐨𝐧𝐭𝐢𝐧𝐞𝐧𝐭 𝐎𝐟 𝐒𝐨𝐮𝐭𝐡 𝐀𝐦𝐞𝐫𝐢𝐜𝐚] [Lifetime Refill] [Speed 20K/Day] [INSTANT],170.808,20,100 000,Lifetime Refill,23 minutes,,,734.4744
10196,YouTube Likes - [𝐂𝐨𝐧𝐭𝐢𝐧𝐞𝐧𝐭 𝐎𝐟 𝐀𝐧𝐭𝐚𝐫𝐭𝐢𝐜𝐚] [Lifetime Refill] [Speed 20K/Day] [INSTANT],170.808,20,100 000,Lifetime Refill,22 minutes,,,734.4744
10197,YouTube Likes - [𝐂𝐨𝐧𝐭𝐢𝐧𝐞𝐧𝐭 𝐎𝐟 𝐀𝐮𝐬𝐭𝐫𝐚𝐥𝐢𝐚] [Lifetime Refill] [Speed 20K/Day] [INSTANT],170.808,20,100 000,Lifetime Refill,17 minutes,,,734.4744
11991,Youtube Likes - [𝐂𝐫𝐲𝐩𝐭𝐨 & 𝐍𝐅𝐓] | REAL [30 Days Refill] [Max 50K] [Non-Drop] [Speed 100K/Day],160.456,20,5 000,30 Days Refill,2 minutes,,,689.9608
11992,Youtube Likes - [𝐂𝐫𝐲𝐩𝐭𝐨 & 𝐍𝐅𝐓] | REAL [365 Days Refill] [Max 50K] [Non-Drop] [Speed 100K/Day],168.22,20,5 000,365 Days Refill,17 minutes,,,723.346
11993,Youtube Likes - [𝐂𝐫𝐲𝐩𝐭𝐨 & 𝐍𝐅𝐓] | REAL [Lifetime Refill] [Max 50K] [Non-Drop] [Speed 100K/Day],178.572,20,5 000,Lifetime Refill,55 minutes,,,767.8596
12000,Youtube Likes - [𝐌𝐮𝐬𝐢𝐜] | REAL [30 Days Refill] [Max 50K] [Non-Drop] [Speed 100K/Day],160.456,20,5 000,30 Days Refill,55 minutes,,,689.9608
12001,Youtube Likes - [𝐌𝐮𝐬𝐢𝐜] | REAL [365 Days Refill] [Max 50K] [Non-Drop] [Speed 100K/Day],168.22,20,5 000,365 Days Refill,5 hours 29 minutes,,,723.346
12002,Youtube Likes - [𝐌𝐮𝐬𝐢𝐜] | REAL [Lifetime Refill] [Max 50K] [Non-Drop] [Speed 100K/Day],177.278,20,5 000,Lifetime Refill,10 minutes,,,762.2954
12006,Youtube Likes - [𝐍𝐞𝐰𝐬] | REAL [30 Days Refill] [Max 50K] [Non-Drop] [Speed 100K/Day],160.456,20,5 000,30 Days Refill,17 minutes,,,689.9608
12007,Youtube Likes - [𝐍𝐞𝐰𝐬] | REAL [365 Days Refill] [Max 50K] [Non-Drop] [Speed 100K/Day],168.22,20,5 000,365 Days Refill,55 minutes,,,723.346
12008,Youtube Likes - [𝐍𝐞𝐰𝐬] | REAL [Lifetime Refill] [Max 50K] [Non-Drop] [Speed 100K/Day],178.572,20,5 000,Lifetime Refill,22 minutes,,,767.8596
11997,Youtube Likes - [𝐌𝐨𝐯𝐢𝐞 𝐓𝐫𝐚𝐢𝐥𝐞𝐫] | REAL [30 Days Refill] [Max 50K] [Non-Drop] [Speed 100K/Day],161.75,20,5 000,30 Days Refill,55 minutes,,,695.525
11998,Youtube Likes - [𝐌𝐨𝐯𝐢𝐞 𝐓𝐫𝐚𝐢𝐥𝐞𝐫] | REAL [365 Days Refill] [Max 50K] [Non-Drop] [Speed 100K/Day],168.22,20,5 000,365 Days Refill,23 minutes,,,723.346
11999,Youtube Likes - [𝐌𝐨𝐯𝐢𝐞 𝐓𝐫𝐚𝐢𝐥𝐞𝐫] | REAL [Lifetime Refill] [Max 50K] [Non-Drop] [Speed 100K/Day],178.572,20,5 000,Lifetime Refill,11 minutes,,,767.8596
12003,Youtube Likes - [𝐆𝐚𝐦𝐢𝐧𝐠] | REAL [30 Days Refill] [Max 50K] [Non-Drop] [Speed 100K/Day],161.75,20,5 000,30 Days Refill,1 hour 12 minutes,,,695.525
12004,Youtube Likes - [𝐆𝐚𝐦𝐢𝐧𝐠] | REAL [365 Days Refill] [Max 50K] [Non-Drop] [Speed 100K/Day],168.22,20,5 000,365 Days Refill,42 minutes,,,723.346
12005,Youtube Likes - [𝐆𝐚𝐦𝐢𝐧𝐠] | REAL [Lifetime Refill] [Max 50K] [Non-Drop] [Speed 100K/Day],178.572,20,5 000,30 Days Refill,33 minutes,,,767.8596
12009,Youtube Likes - [𝐓𝐞𝐜𝐡] | REAL [30 Days Refill] [Max 50K] [Non-Drop] [Speed 100K/Day],161.75,20,5 000,30 Days Refill,33 minutes,,,695.525
12010,Youtube Likes - [𝐓𝐞𝐜𝐡] | REAL [365 Days Refill] [Max 50K] [Non-Drop] [Speed 100K/Day],168.22,20,5 000,365 Days Refill,33 minutes,,,723.346
12011,Youtube Likes - [𝐓𝐞𝐜𝐡] | REAL [Lifetime Refill] [Max 50K] [Non-Drop] [Speed 100K/Day],178.572,20,5 000,Lifetime Refill,17 minutes,,,767.8596
12012,Youtube Likes - [𝐊𝐢𝐝𝐬] | REAL [30 Days Refill] [Max 50K] [Non-Drop] [Speed 100K/Day],161.75,20,5 000,30 Days Refill,3 minutes,,,695.525
12013,Youtube Likes - [𝐊𝐢𝐝𝐬] | REAL [365 Days Refill] [Max 50K] [Non-Drop] [Speed 100K/Day],169.514,20,5 000,365 Days Refill,22 minutes,,,728.9102
12014,Youtube Likes - [𝐊𝐢𝐝𝐬] | REAL [Lifetime Refill] [Max 50K] [Non-Drop] [Speed 100K/Day],178.572,20,5 000,Lifetime Refill,23 minutes,,,767.8596
12015,Youtube Likes - [𝐕𝐥𝐨𝐠] | REAL [30 Days Refill] [Max 50K] [Non-Drop] [Speed 100K/Day],161.75,20,5 000,30 Days Refill,16 minutes,,,695.525
12016,Youtube Likes - [𝐕𝐥𝐨𝐠] | REAL [365 Days Refill] [Max 50K] [Non-Drop] [Speed 100K/Day],169.514,20,5 000,365 Days Refill,11 minutes,,,728.9102
12017,Youtube Likes - [𝐕𝐥𝐨𝐠] | REAL [Lifetime Refill] [Max 50K] [Non-Drop] [Speed 100K/Day],178.572,20,5 000,Lifetime Refill,16 minutes,,,767.8596
11994,Youtube Likes - [𝐒𝐭𝐨𝐜𝐤] | REAL [30 Days Refill] [Max 50K] [Non-Drop] [Speed 100K/Day],161.75,20,5 000,365 Days Refill,48 minutes,,,695.525
11995,Youtube Likes - [𝐒𝐭𝐨𝐜𝐤] | REAL [365 Days Refill] [Max 50K] [Non-Drop] [Speed 100K/Day],169.514,20,5 000,365 Days Refill,55 minutes,,,728.9102
11996,Youtube Likes - [𝐒𝐭𝐨𝐜𝐤] | REAL [Lifetime Refill] [Max 50K] [Non-Drop] [Speed 100K/Day],178.572,20,5 000,Lifetime Refill,42 minutes,,,767.8596
12018,Youtube Likes - [𝐆𝐚𝐦𝐛𝐥𝐞] | REAL [30 Days Refill] [Max 50K] [Non-Drop] [Speed 100K/Day],161.75,20,5 000,30 Days Refill,11 minutes,,,695.525
12019,Youtube Likes - [𝐆𝐚𝐦𝐛𝐥𝐞] | REAL [365 Days Refill] [Max 50K] [Non-Drop] [Speed 100K/Day],168.22,20,5 000,365 Days Refill,33 minutes,,,723.346
12020,Youtube Likes - [𝐆𝐚𝐦𝐛𝐥𝐞] | REAL [Lifetime Refill] [Max 50K] [Non-Drop] [Speed 100K/Day],178.572,20,5 000,Lifetime Refill,22 minutes,,,767.8596
12021,YouTube Referrer Likes - [𝐅𝐚𝐜𝐞𝐛𝐨𝐨𝐤.𝐜𝐨𝐦] | REAL [Lifetime Refill] [Max 50K] [Non-Drop] [Speed 50K/Day],178.572,20,5 000,Lifetime Refill,17 minutes,,,767.8596
12022,YouTube Referrer Likes - [𝐖𝐡𝐚𝐭𝐬𝐚𝐩𝐩.𝐜𝐨𝐦] | REAL [Lifetime Refill] [Max 50K] [Non-Drop] [Speed 50K/Day],178.572,20,5 000,Lifetime Refill,17 minutes,,,767.8596
12027,YouTube Referrer Likes - [𝐑𝐞𝐝𝐝𝐢𝐭.𝐜𝐨𝐦] | REAL [Lifetime Refill] [Max 50K] [Non-Drop] [Speed 50K/Day],178.572,20,5 000,Lifetime Refill,22 minutes,,,767.8596
12034,YouTube Referrer Likes - [𝐓𝐰𝐢𝐭𝐭𝐞𝐫.𝐜𝐨𝐦] | REAL [Lifetime Refill] [Max 50K] [Non-Drop] [Speed 50K/Day],178.572,20,5 000,Lifetime Refill,16 minutes,,,767.8596
12036,YouTube Referrer Likes - [𝐋𝐢𝐧𝐤𝐞𝐝𝐢𝐧.𝐜𝐨𝐦] | REAL [Lifetime Refill] [Max 50K] [Non-Drop] [Speed 50K/Day],178.572,20,5 000,Lifetime Refill,23 minutes,,,767.8596
12023,YouTube Referrer Likes - [𝐈𝐧𝐬𝐭𝐚𝐠𝐫𝐚𝐦.𝐜𝐨𝐦] | REAL [Lifetime Refill] [Max 50K] [Non-Drop] [Speed 50K/Day],178.572,20,5 000,Lifetime Refill,17 minutes,,,767.8596
12025,YouTube Referrer Likes - [𝐓𝐢𝐤𝐭𝐨𝐤.𝐜𝐨𝐦] | REAL [Lifetime Refill] [Max 50K] [Non-Drop] [Speed 50K/Day],178.572,20,5 000,Lifetime Refill,17 minutes,,,767.8596
12029,YouTube Referrer Likes - [𝐓𝐞𝐥𝐞𝐠𝐫𝐚𝐦.𝐨𝐫𝐠] | REAL [Lifetime Refill] [Max 50K] [Non-Drop] [Speed 50K/Day],178.572,20,5 000,Lifetime Refill,33 minutes,,,767.8596
12038,YouTube Referrer Likes - [𝐓𝐡𝐫𝐞𝐚𝐝𝐬.𝐧𝐞𝐭] | REAL [Lifetime Refill] [Max 50K] [Non-Drop] [Speed 50K/Day],178.572,20,5 000,Lifetime Refill,22 minutes,,,767.8596
12030,YouTube Referrer Likes - [𝐒𝐧𝐚𝐩𝐜𝐡𝐚𝐭.𝐜𝐨𝐦] | REAL [Lifetime Refill] [Max 50K] [Non-Drop] [Speed 50K/Day],178.572,20,5 000,Lifetime Refill,22 minutes,,,767.8596
12035,YouTube Referrer Likes - [𝐏𝐢𝐧𝐭𝐞𝐫𝐞𝐬𝐭.𝐜𝐨𝐦] | REAL [Lifetime Refill] [Max 50K] [Non-Drop] [Speed 50K/Day],178.572,20,5 000,Lifetime Refill,16 minutes,,,767.8596
12046,YouTube Referrer Likes - [𝐒𝐡𝐨𝐩𝐞𝐞.𝐜𝐨𝐦] | REAL [Lifetime Refill] [Max 50K] [Non-Drop] [Speed 50K/Day],178.572,20,5 000,Lifetime Refill,33 minutes,,,767.8596
12044,YouTube Referrer Likes - [𝐓𝐰𝐢𝐭𝐜𝐡.𝐭𝐯] | REAL [Lifetime Refill] [Max 50K] [Non-Drop] [Speed 50K/Day],178.572,20,5 000,Lifetime Refill,22 minutes,,,767.8596
12026,YouTube Referrer Likes - [𝐌𝐞𝐬𝐬𝐞𝐧𝐠𝐞𝐫.𝐜𝐨𝐦] | REAL [Lifetime Refill] [Max 50K] [Non-Drop] [Speed 50K/Day],178.572,20,5 000,Lifetime Refill,23 minutes,,,767.8596
12024,YouTube Referrer Likes - [𝐖𝐞𝐜𝐡𝐚𝐭.𝐜𝐨𝐦] | REAL [Lifetime Refill] [Max 50K] [Non-Drop] [Speed 50K/Day],178.572,20,5 000,Lifetime Refill,33 minutes,,,767.8596
12028,YouTube Referrer Likes - [𝐃𝐨𝐮𝐲𝐢𝐧.𝐜𝐨𝐦] | REAL [Lifetime Refill] [Max 50K] [Non-Drop] [Speed 50K/Day],178.572,20,5 000,Lifetime Refill,17 minutes,,,767.8596
12031,YouTube Referrer Likes - [𝐊𝐮𝐚𝐢𝐬𝐡𝐨𝐮.𝐜𝐨𝐦] | REAL [Lifetime Refill] [Max 50K] [Non-Drop] [Speed 50K/Day],178.572,20,5 000,Lifetime Refill,17 minutes,,,767.8596
12032,YouTube Referrer Likes - [𝐖𝐞𝐢𝐛𝐨.𝐜𝐨𝐦] | REAL [Lifetime Refill] [Max 50K] [Non-Drop] [Speed 50K/Day],178.572,20,5 000,Lifetime Refill,22 minutes,,,767.8596
12033,YouTube Referrer Likes - [𝐈𝐦.𝐪𝐪.𝐜𝐨𝐦] | REAL [Lifetime Refill] [Max 50K] [Non-Drop] [Speed 50K/Day],178.572,20,5 000,Lifetime Refill,17 minutes,,,767.8596
12037,YouTube Referrer Likes - [𝐁𝐬𝐤𝐲.𝐬𝐨𝐜𝐢𝐚𝐥] | REAL [Lifetime Refill] [Max 50K] [Non-Drop] [Speed 50K/Day],178.572,20,5 000,Lifetime Refill,16 minutes,,,767.8596
12039,YouTube Referrer Likes - [𝐕𝐤.𝐜𝐨𝐦] | REAL [Lifetime Refill] [Max 50K] [Non-Drop] [Speed 50K/Day],178.572,20,5 000,Lifetime Refill,22 minutes,,,767.8596
12040,YouTube Referrer Likes - [𝐎𝐤.𝐫𝐮] | REAL [Lifetime Refill] [Max 50K] [Non-Drop] [Speed 50K/Day],178.572,20,5 000,Lifetime Refill,17 minutes,,,767.8596
12041,YouTube Referrer Likes - [𝐓𝐮𝐦𝐛𝐥𝐫.𝐜𝐨𝐦] | REAL [Lifetime Refill] [Max 50K] [Non-Drop] [Speed 50K/Day],178.572,20,5 000,Lifetime Refill,17 minutes,,,767.8596
12042,YouTube Referrer Likes - [𝐃𝐢𝐬𝐜𝐨𝐫𝐝.𝐜𝐨𝐦] | REAL [Lifetime Refill] [Max 50K] [Non-Drop] [Speed 50K/Day],178.572,20,5 000,Lifetime Refill,55 minutes,,,767.8596
12043,YouTube Referrer Likes - [𝐂𝐥𝐮𝐛𝐡𝐨𝐮𝐬𝐞.𝐜𝐨𝐦] | REAL [Lifetime Refill] [Max 50K] [Non-Drop] [Speed 50K/Day],178.572,20,5 000,Lifetime Refill,17 minutes,,,767.8596
12045,YouTube Referrer Likes - [𝐊𝐢𝐜𝐤.𝐜𝐨𝐦] | REAL [Lifetime Refill] [Max 50K] [Non-Drop] [Speed 50K/Day],178.572,20,5 000,Lifetime Refill,22 minutes,,,767.8596
12047,YouTube Referrer Likes - [𝐁𝐢𝐥𝐢𝐛𝐢𝐥𝐢.𝐜𝐨𝐦] | REAL [Lifetime Refill] [Max 50K] [Non-Drop] [Speed 50K/Day],178.572,20,5 000,Lifetime Refill,17 minutes,,,767.8596
12048,YouTube Referrer Likes - [𝐆𝐨𝐨𝐠𝐥𝐞.𝐜𝐨𝐦] | REAL [Lifetime Refill] [Max 50K] [Non-Drop] [Speed 50K/Day],178.572,20,5 000,Lifetime Refill,3 minutes,,,767.8596
12049,YouTube Referrer Likes - [𝐁𝐢𝐧𝐠.𝐜𝐨𝐦] | REAL [Lifetime Refill] [Max 50K] [Non-Drop] [Speed 50K/Day],178.572,20,5 000,Lifetime Refill,23 minutes,,,767.8596
12051,YouTube Referrer Likes - [𝐘𝐚𝐡𝐨𝐨.𝐜𝐨𝐦] | REAL [Lifetime Refill] [Max 50K] [Non-Drop] [Speed 50K/Day],178.572,20,5 000,Lifetime Refill,11 minutes,,,767.8596
12050,YouTube Referrer Likes - [𝐁𝐚𝐢𝐝𝐮.𝐜𝐨𝐦] | REAL [Lifetime Refill] [Max 50K] [Non-Drop] [Speed 50K/Day],178.572,20,5 000,Lifetime Refill,23 minutes,,,767.8596
12052,YouTube Referrer Likes - [𝐘𝐚𝐧𝐝𝐞𝐱.𝐜𝐨𝐦] | REAL [Lifetime Refill] [Max 50K] [Non-Drop] [Speed 50K/Day],178.572,20,5 000,Lifetime Refill,11 minutes,,,767.8596
12053,YouTube Referrer Likes - [𝐃𝐮𝐜𝐤𝐝𝐮𝐜𝐤𝐠𝐨.𝐜𝐨𝐦] | REAL [Lifetime Refill] [Max 50K] [Non-Drop] [Speed 50K/Day],178.572,20,5 000,Lifetime Refill,33 minutes,,,767.8596
12054,YouTube Referrer Likes - [𝐀𝐬𝐤.𝐜𝐨𝐦] | REAL [Lifetime Refill] [Max 50K] [Non-Drop] [Speed 50K/Day],178.572,20,5 000,Lifetime Refill,16 minutes,,,767.8596
12055,YouTube Referrer Likes - [𝐀𝐨𝐥.𝐜𝐨𝐦] | REAL [Lifetime Refill] [Max 50K] [Non-Drop] [Speed 50K/Day],178.572,20,5 000,Lifetime Refill,33 minutes,,,767.8596
12056,YouTube Referrer Likes - [𝐍𝐚𝐯𝐞𝐫.𝐜𝐨𝐦] | REAL [Lifetime Refill] [Max 50K] [Non-Drop] [Speed 50K/Day],178.572,20,5 000,Lifetime Refill,16 minutes,,,767.8596
12057,YouTube Referrer Likes - [𝐄𝐜𝐨𝐬𝐢𝐚.𝐨𝐫𝐠] | REAL [Lifetime Refill] [Max 50K] [Non-Drop] [Speed 50K/Day],178.572,20,5 000,Lifetime Refill,11 minutes,,,767.8596
12058,YouTube Referrer Likes - [𝐀𝐫𝐜𝐡𝐢𝐯𝐞.𝐨𝐫𝐠] | REAL [Lifetime Refill] [Max 50K] [Non-Drop] [Speed 50K/Day],178.572,20,5 000,Lifetime Refill,17 minutes,,,767.8596
12089,YouTube Referrer Likes - [𝐖𝐢𝐤𝐢𝐩𝐞𝐝𝐢𝐚.𝐨𝐫𝐠.𝐜𝐨𝐦] | REAL [Lifetime Refill] [Max 50K] [Non-Drop] [Speed 50K/Day],178.572,20,5 000,Lifetime Refill,33 minutes,,,767.8596
12090,YouTube Referrer Likes - [𝐅𝐚𝐧𝐝𝐨𝐦.𝐜𝐨𝐦] | REAL [Lifetime Refill] [Max 50K] [Non-Drop] [Speed 50K/Day],178.572,20,5 000,Lifetime Refill,22 minutes,,,767.8596
12091,YouTube Referrer Likes - [𝐆𝐢𝐭𝐡𝐮𝐛.𝐜𝐨𝐦] | REAL [Lifetime Refill] [Max 50K] [Non-Drop] [Speed 50K/Day],178.572,20,5 000,Lifetime Refill,11 minutes,,,767.8596
12092,YouTube Referrer Likes - [𝐐𝐮𝐨𝐫𝐚.𝐜𝐨𝐦] | REAL [Lifetime Refill] [Max 50K] [Non-Drop] [Speed 50K/Day],178.572,20,5 000,Lifetime Refill,16 minutes,,,767.8596
12093,YouTube Referrer Likes - [𝐁𝐥𝐨𝐠𝐠𝐞𝐫.𝐜𝐨𝐦] | REAL [Lifetime Refill] [Max 50K] [Non-Drop] [Speed 50K/Day],178.572,20,5 000,Lifetime Refill,23 minutes,,,767.8596
12094,YouTube Referrer Likes - [𝐃𝐳𝐞𝐧.𝐫𝐮] | REAL [Lifetime Refill] [Max 50K] [Non-Drop] [Speed 50K/Day],178.572,20,5 000,Lifetime Refill,22 minutes,,,767.8596
12095,YouTube Referrer Likes - [𝟒𝐜𝐡𝐚𝐧.𝐨𝐫𝐠] | REAL [Lifetime Refill] [Max 50K] [Non-Drop] [Speed 50K/Day],178.572,20,5 000,Lifetime Refill,22 minutes,,,767.8596
12096,YouTube Referrer Likes - [𝐒𝐨𝐦𝐞𝐭𝐡𝐢𝐧𝐠𝐚𝐰𝐟𝐮𝐥.𝐜𝐨𝐦] | REAL [Lifetime Refill] [Max 50K] [Non-Drop] [Speed 50K/Day],178.572,20,5 000,Lifetime Refill,55 minutes,,,767.8596
12097,YouTube Referrer Likes - [𝐆𝐚𝐦𝐞𝐟𝐚𝐪𝐬.𝐆𝐚𝐦𝐞𝐬𝐩𝐨𝐭.𝐜𝐨𝐦] | REAL [Lifetime Refill] [Max 50K] [Non-Drop] [Speed 50K/Day],178.572,20,5 000,Lifetime Refill,33 minutes,,,767.8596
12098,YouTube Referrer Likes - [𝐍𝐞𝐨𝐠𝐚𝐟.𝐜𝐨𝐦] | REAL [Lifetime Refill] [Max 50K] [Non-Drop] [Speed 50K/Day],178.572,20,5 000,Lifetime Refill,22 minutes,,,767.8596
12099,YouTube Referrer Likes - [𝐅𝐥𝐲𝐞𝐫𝐭𝐚𝐥𝐤.𝐜𝐨𝐦] | REAL [Lifetime Refill] [Max 50K] [Non-Drop] [Speed 50K/Day],178.572,20,5 000,Lifetime Refill,22 minutes,,,767.8596
12100,YouTube Referrer Likes - [𝐖𝐞𝐛𝐦𝐚𝐬𝐭𝐞𝐫𝐰𝐨𝐫𝐥𝐝.𝐜𝐨𝐦] | REAL [Lifetime Refill] [Max 50K] [Non-Drop] [Speed 50K/Day],178.572,20,5 000,Lifetime Refill,18 minutes,,,767.8596
12060,YouTube Referrer Likes - [𝐀𝐦𝐚𝐳𝐨𝐧.𝐜𝐨𝐦] | REAL [Lifetime Refill] [Max 50K] [Non-Drop] [Speed 50K/Day],173.396,20,5 000,Lifetime Refill,17 minutes,,,745.6028
12061,YouTube Referrer Likes - [𝐄𝐛𝐚𝐲.𝐜𝐨𝐦] | REAL [Lifetime Refill] [Max 50K] [Non-Drop] [Speed 50K/Day],173.396,20,5 000,Lifetime Refill,17 minutes,,,745.6028
12062,YouTube Referrer Likes - [𝐀𝐥𝐢𝐞𝐱𝐩𝐫𝐞𝐬𝐬.𝐜𝐨𝐦] | REAL [Lifetime Refill] [Max 50K] [Non-Drop] [Speed 50K/Day],173.396,20,5 000,Lifetime Refill,17 minutes,,,745.6028
12063,YouTube Referrer Likes - [𝐁𝐚𝐧𝐠𝐠𝐨𝐨𝐝.𝐜𝐨𝐦] | REAL [Lifetime Refill] [Max 50K] [Non-Drop] [Speed 50K/Day],173.396,20,5 000,Lifetime Refill,22 minutes,,,745.6028
12064,YouTube Referrer Likes - [𝐖𝐚𝐥𝐦𝐚𝐫𝐭.𝐜𝐨𝐦] | REAL [Lifetime Refill] [Max 50K] [Non-Drop] [Speed 50K/Day],175.984,20,5 000,Lifetime Refill,17 minutes,,,756.7312
12065,YouTube Referrer Likes - [𝐄𝐭𝐬𝐲.𝐜𝐨𝐦] | REAL [Lifetime Refill] [Max 50K] [Non-Drop] [Speed 50K/Day],173.396,20,5 000,Lifetime Refill,33 minutes,,,745.6028
12066,YouTube Referrer Likes - [𝐒𝐡𝐨𝐩𝐢𝐟𝐲.𝐜𝐨𝐦] | REAL [Lifetime Refill] [Max 50K] [Non-Drop] [Speed 50K/Day],173.396,20,5 000,Lifetime Refill,55 minutes,,,745.6028
12067,YouTube Referrer Likes - [𝐁𝐞𝐬𝐭𝐛𝐮𝐲.𝐜𝐨𝐦] | REAL [Lifetime Refill] [Max 50K] [Non-Drop] [Speed 50K/Day],173.396,20,5 000,Lifetime Refill,23 minutes,,,745.6028
12068,YouTube Referrer Likes - [𝐓𝐚𝐫𝐠𝐞𝐭.𝐜𝐨𝐦] | REAL [Lifetime Refill] [Max 50K] [Non-Drop] [Speed 50K/Day],173.396,20,5 000,Lifetime Refill,16 minutes,,,745.6028
12069,YouTube Referrer Likes - [𝐖𝐚𝐲𝐟𝐚𝐢𝐫.𝐜𝐨𝐦] | REAL [Lifetime Refill] [Max 50K] [Non-Drop] [Speed 50K/Day],173.396,20,5 000,Lifetime Refill,33 minutes,,,745.6028
12070,YouTube Referrer Likes - [𝐍𝐞𝐰𝐞𝐠𝐠.𝐜𝐨𝐦] | REAL [Lifetime Refill] [Max 50K] [Non-Drop] [Speed 50K/Day],173.396,20,5 000,Lifetime Refill,55 minutes,,,745.6028
12071,YouTube Referrer Likes - [𝐙𝐚𝐩𝐩𝐨𝐬.𝐜𝐨𝐦] | REAL [Lifetime Refill] [Max 50K] [Non-Drop] [Speed 50K/Day],173.396,20,5 000,Lifetime Refill,55 minutes,,,745.6028
12072,YouTube Referrer Likes - [𝐅𝐢𝐯𝐞𝐫𝐫.𝐜𝐨𝐦] | REAL [Lifetime Refill] [Max 50K] [Non-Drop] [Speed 50K/Day],173.396,20,5 000,Lifetime Refill,11 minutes,,,745.6028
12073,YouTube Referrer Likes - [𝐂𝐚𝐧𝐯𝐚.𝐜𝐨𝐦] | REAL [Lifetime Refill] [Max 50K] [Non-Drop] [Speed 50K/Day],173.396,20,5 000,Lifetime Refill,22 minutes,,,745.6028
12074,YouTube Referrer Likes - [𝐔𝐝𝐞𝐦𝐲.𝐜𝐨𝐦] | REAL [Lifetime Refill] [Max 50K] [Non-Drop] [Speed 50K/Day],173.396,20,5 000,Lifetime Refill,16 minutes,,,745.6028
12075,YouTube Referrer Likes - [𝐒𝐭𝐨𝐜𝐤𝐱.𝐜𝐨𝐦] | REAL [Lifetime Refill] [Max 50K] [Non-Drop] [Speed 50K/Day],173.396,20,5 000,Lifetime Refill,33 minutes,,,745.6028
12076,YouTube Referrer Likes - [𝐍𝐞𝐰𝐬.𝐆𝐨𝐨𝐠𝐥𝐞.𝐜𝐨𝐦] | REAL [Lifetime Refill] [Max 50K] [Non-Drop] [Speed 50K/Day],173.396,20,5 000,Lifetime Refill,55 minutes,,,745.6028
12077,YouTube Referrer Likes - [𝐍𝐞𝐰𝐬.𝐘𝐚𝐡𝐨𝐨.𝐜𝐨𝐦] | REAL [Lifetime Refill] [Max 50K] [Non-Drop] [Speed 50K/Day],173.396,20,5 000,Lifetime Refill,11 minutes,,,745.6028
12078,YouTube Referrer Likes - [𝐍𝐞𝐰𝐬.𝐍𝐚𝐯𝐞𝐫.𝐜𝐨𝐦] | REAL [Lifetime Refill] [Max 50K] [Non-Drop] [Speed 50K/Day],173.396,20,5 000,Lifetime Refill,16 minutes,,,745.6028
12079,YouTube Referrer Likes - [𝐄𝐝𝐢𝐭𝐢𝐨𝐧.𝐂𝐧𝐧.𝐜𝐨𝐦] | REAL [Lifetime Refill] [Max 50K] [Non-Drop] [Speed 50K/Day],173.396,20,5 000,Lifetime Refill,16 minutes,,,745.6028
12080,YouTube Referrer Likes - [𝐍𝐲𝐭𝐢𝐦𝐞𝐬.𝐜𝐨𝐦] | REAL [Lifetime Refill] [Max 50K] [Non-Drop] [Speed 50K/Day],173.396,20,5 000,Lifetime Refill,17 minutes,,,745.6028
12081,YouTube Referrer Likes - [𝐁𝐛𝐜.𝐜𝐨𝐦] | REAL [Lifetime Refill] [Max 50K] [Non-Drop] [Speed 50K/Day],173.396,20,5 000,Lifetime Refill,16 minutes,,,745.6028
12082,YouTube Referrer Likes - [𝐑𝐞𝐮𝐭𝐞𝐫𝐬.𝐜𝐨𝐦] | REAL [Lifetime Refill] [Max 50K] [Non-Drop] [Speed 50K/Day],173.396,20,5 000,Lifetime Refill,23 minutes,,,745.6028
12083,YouTube Referrer Likes - [𝐅𝐨𝐱𝐧𝐞𝐰𝐬.𝐜𝐨𝐦] | REAL [Lifetime Refill] [Max 50K] [Non-Drop] [Speed 50K/Day],173.396,20,5 000,Lifetime Refill,16 minutes,,,745.6028
12084,YouTube Referrer Likes - [𝐍𝐛𝐜𝐧𝐞𝐰𝐬.𝐜𝐨𝐦] | REAL [Lifetime Refill] [Max 50K] [Non-Drop] [Speed 50K/Day],173.396,20,5 000,Lifetime Refill,11 minutes,,,745.6028
12085,YouTube Referrer Likes - [𝐓𝐡𝐞𝐠𝐮𝐚𝐫𝐝𝐢𝐚𝐧.𝐜𝐨𝐦] | REAL [Lifetime Refill] [Max 50K] [Non-Drop] [Speed 50K/Day],173.396,20,5 000,Lifetime Refill,55 minutes,,,745.6028
12086,YouTube Referrer Likes - [𝐖𝐚𝐬𝐡𝐢𝐧𝐠𝐭𝐨𝐧𝐩𝐨𝐬𝐭.𝐜𝐨𝐦] | REAL [Lifetime Refill] [Max 50K] [Non-Drop] [Speed 50K/Day],173.396,20,5 000,Lifetime Refill,23 minutes,,,745.6028
12087,YouTube Referrer Likes - [𝐃𝐚𝐢𝐥𝐲𝐦𝐚𝐢𝐥.𝐜𝐨.𝐮𝐤.𝐜𝐨𝐦] | REAL [Lifetime Refill] [Max 50K] [Non-Drop] [Speed 50K/Day],173.396,20,5 000,Lifetime Refill,11 minutes,,,745.6028
12088,YouTube Referrer Likes - [𝐀𝐚𝐣𝐭𝐚𝐤.𝐢𝐧.𝐜𝐨𝐦] | REAL [Lifetime Refill] [Max 50K] [Non-Drop] [Speed 50K/Day],173.396,20,5 000,Lifetime Refill,23 minutes,,,745.6028
8047,YouTube Comments - [𝐂𝐔𝐒𝐓𝐎𝐌] [No Refill] [Max 50K] [Speed 1K/Day] [0-2Mins],351.968,5,1 000 000,No Refill,5 hours 31 minutes,,,1513.4624
4842,YouTube Comments - [𝐂𝐔𝐒𝐓𝐎𝐌] [𝐑𝐄𝐀𝐋] [30 Days Refill] [Max 15K] [Non Drop] [Speed 5K/Day] [Always Instant],710.406,10,15 000,30 Days Refill,1 hour 5 minutes,,,3054.7458
4841,YouTube Comments - [𝐂𝐔𝐒𝐓𝐎𝐌] [𝐇𝐢𝐠𝐡 𝐐𝐮𝐚𝐥𝐢𝐭𝐲] [30 Days Refill] [Max 2K] [Non Drop] [Speed 1-2K/Day] [Always Instant],588.77,5,2 000,30 Days Refill,30 minutes,,,2531.711
6297,YouTube Comments - [𝐂𝐔𝐒𝐓𝐎𝐌] [30 Days Refill] [Max 100K] [Speed 10K/Day] [0-15 Mins],727.228,5,100 000,30 Days Refill,41 minutes,,,3127.0804
12212,YouTube Comments - [𝐂𝐔𝐒𝐓𝐎𝐌] [𝐑𝐞𝐚𝐥] [30 Days Refill] [Max 10K] [Non Drop] [Speed 2-5K/Day] [Always Instant],588.77,5,10 000,30 Days Refill,1 hour 49 minutes,,,2531.711
4840,YouTube Comments - [𝐑𝐄𝐀𝐋] [Lifetime Refill] [Max 10K] [Non Drop] [Speed 5-10K/Day] [Always Instant] [𝐑𝐄𝐂𝐎𝐌𝐌𝐄𝐍𝐃𝐄𝐃],672.88,5,10 000,Lifetime Refill,48 minutes,,,2893.384
9203,YouTube Comments - [𝐂𝐔𝐒𝐓𝐎𝐌] [60 Days Refill] [REAL] [Max 50K] [Speed 20K/Day] [0-30Mins],756.99,5,50 000,60 Days Refill,1 hour 6 minutes,,,3255.057
6295,YouTube Comments - [𝐂𝐔𝐒𝐓𝐎𝐌] [Max 5K] [Non-Drop] [Speed 5-10K/Day] [Always Instant] [Recommended],485.25,5,5 000,30 Days Refill,27 minutes,,,2086.575
4839,YouTube Comments - [𝐑𝐀𝐍𝐃𝐎𝐌] [30 Days Refill] [Max 5K] [Speed 1K/Day] [0-3HRS],460.664,10,5 000,30 Days Refill,13 minutes,,,1980.8552
9204,YouTube Comments - [𝐑𝐀𝐍𝐃𝐎𝐌] [No Refill] [Max 100K] [Speed 5-10K/Day] [0-5 Mins],446.43,5,100 000,No Refill,8 minutes,,,1919.649
4808,YouTube Comments - [𝐂𝐔𝐒𝐓𝐎𝐌] [No Refill] [Max 100K] [Speed 5-10K/Day] [0-1HR],465.84,10,100 000,No Refill,41 minutes,,,2003.112
16149,YouTube 𝐕𝐢𝐝𝐞𝐨 𝐂𝐨𝐦𝐦𝐞𝐧𝐭𝐬 Made by AI | Max 10K | 30 Days Refill | 100% Real Accounts | Drop 0% | Speed 10K/Day | Instant Start,776.4,5,10 000,30 Days Refill,16 minutes,,,3338.52
16150,YouTube 𝐕𝐢𝐝𝐞𝐨 𝐂𝐨𝐦𝐦𝐞𝐧𝐭𝐬 Made by AI | Max 10K | 365 Days Refill | 100% Real Accounts | Drop 0% | Speed 10K/Day | Instant Start,789.34,5,10 000,365 Days Refill,27 minutes,,,3394.162
6227,YouTube Comment Likes 👍 - [30 Days Refill Button] [10K Max] [Speed 10K/Day] [INSTANT],157.868,5,5 000,30 Days Refill,3 hours 7 minutes,,,678.8324
8043,YouTube Comment Likes 👍 - [100K Max] [Speed 20-40K/Day] [ALWAYS INSTANT],370.084,10,100 000,No Refill,23 minutes,,,1591.3612
2707,YouTube Comment Likes 👍 - [30 Days Refill Button] [100K Max] [Speed 100K/Day] [INSTANT],379.142,10,100 000 000,30 Days Refill,15 hours 16 minutes,,,1630.3106
8042,YouTube Comment Likes 👍 - [No Refill] [50K Max] [Speed 5-10K/Day] [INSTANT],164.338,5,50 000,No Refill,3 hours 12 minutes,,,706.6534
1268,YouTube Comment Likes 👍 - [Lifetime Warranty & Refill Button] [70k Max] [Speed 10-20k/Day] [Super Fast],388.2,10,10 000 000,Lifetime Refill,4 minutes,,,1669.26
121,YouTube Comment Likes 👍 - [Lifetime Warranty & Refill Button] [50k Max] [Speed 20K/Day] [Recommended Always Instant],2185.566,10,100 000,Lifetime Refill,15 minutes,,,9397.9338
3307,YouTube Comment Likes 👍 - [Lifetime Warranty] [Max 100k] [Speed 10-12K/Day] [INSTANT],194.1,5,5 000,Lifetime Refill,10 minutes,,,834.63
3306,YouTube Comment Likes 👍 - [Lifetime Warranty] [Speed 5-10K/Day] [Max 30K] [INSTANT],319.618,5,30 000,Lifetime Refill,24 minutes,,,1374.3574
12216,YouTube Community Likes - [𝐑𝐞𝐚𝐥] [30 Days Refill] [Max 100K] [Non Drop] [Speed 50K/Day] [Always Instant],740.168,10,100 000,30 Days Refill,3 minutes,,,3182.7224
12240,YouTube Unique Live Views - [RAV™ - Real & Active Views] [No Refill] [Speed 500-1K/Day],465.84,1 000,100 000,No Refill,22 minutes,,,2003.112
12243,YouTube Pre-Premiere Waiting - [APV™ Automated Passive Views] [No Refill] [Speed 500-1K/Day] [INSTANT],150.104,5 000,5 000,No Refill,23 minutes,,,645.4472
12241,YouTube Unique Live Views - [RAV™ - Real & Active Views] [No Refill] [Speed 500-1K/Day],266.564,100 000,500 000,No Refill,17 minutes,,,1146.2252
12242,YouTube Pre-Premiere Waiting - [RAV™ - Real & Active Views] [No Refill] [Speed 500-1K/Day] [INSTANT],465.84,1 000,100 000,No Refill,55 minutes,,,2003.112
16498,YouTube Real Time Live Chat Comments | 𝐋𝐢𝐯𝐞𝐒𝐭𝐫𝐞𝐚𝐦/𝐏𝐫𝐞𝐦𝐢𝐞𝐫𝐞 | 𝐀𝐈 𝐆𝐞𝐧𝐞𝐫𝐚𝐭𝐞𝐝 | Auto-Generated Comments 𝐁𝐚𝐬𝐞𝐝 𝐨𝐧 𝐍𝐢𝐜𝐡𝐞 | INSTANT,218.686,5,100 000,7 Days Refill,6 minutes,,,940.3498
16499,YouTube Real Time Live Chat Comments | 𝐋𝐢𝐯𝐞𝐒𝐭𝐫𝐞𝐚𝐦/𝐏𝐫𝐞𝐦𝐢𝐞𝐫𝐞 | 𝐀𝐈 𝐆𝐞𝐧𝐞𝐫𝐚𝐭𝐞𝐝 | Auto-Generated Comments 𝐁𝐚𝐬𝐞𝐝 𝐨𝐧 𝐍𝐢𝐜𝐡𝐞 | Speed 1-5 Chats Per Minute,218.686,5,100 000,7 Days Refill,30 minutes,,,940.3498
16500,YouTube Real Time Live Chat Comments | 𝐋𝐢𝐯𝐞𝐒𝐭𝐫𝐞𝐚𝐦/𝐏𝐫𝐞𝐦𝐢𝐞𝐫𝐞 | 𝐀𝐈 𝐆𝐞𝐧𝐞𝐫𝐚𝐭𝐞𝐝 | Auto-Generated Comments 𝐁𝐚𝐬𝐞𝐝 𝐨𝐧 𝐍𝐢𝐜𝐡𝐞 | Speed 5-10 Chats Per Minute,218.686,5,100 000,7 Days Refill,2 minutes,,,940.3498
16501,YouTube Real Time Live Chat Comments | 𝐋𝐢𝐯𝐞𝐒𝐭𝐫𝐞𝐚𝐦/𝐏𝐫𝐞𝐦𝐢𝐞𝐫𝐞 | 𝐀𝐈 𝐆𝐞𝐧𝐞𝐫𝐚𝐭𝐞𝐝 | Auto-Generated Comments 𝐁𝐚𝐬𝐞𝐝 𝐨𝐧 𝐍𝐢𝐜𝐡𝐞 | Speed 10-20 Chats Per Minute,218.686,5,100 000,7 Days Refill,20 minutes,,,940.3498
16502,YouTube Real Time Live Chat Comments | 𝐋𝐢𝐯𝐞𝐒𝐭𝐫𝐞𝐚𝐦/𝐏𝐫𝐞𝐦𝐢𝐞𝐫𝐞 | 𝐀𝐈 𝐆𝐞𝐧𝐞𝐫𝐚𝐭𝐞𝐝 | Auto-Generated Comments 𝐁𝐚𝐬𝐞𝐝 𝐨𝐧 𝐍𝐢𝐜𝐡𝐞 | Speed 20-30 Chats Per Minute,218.686,5,100 000,7 Days Refill,23 minutes,,,940.3498
16503,YouTube Real Time Live Chat Comments | 𝐋𝐢𝐯𝐞𝐒𝐭𝐫𝐞𝐚𝐦/𝐏𝐫𝐞𝐦𝐢𝐞𝐫𝐞 | 𝐀𝐈 𝐆𝐞𝐧𝐞𝐫𝐚𝐭𝐞𝐝 | Auto-Generated Comments 𝐁𝐚𝐬𝐞𝐝 𝐨𝐧 𝐍𝐢𝐜𝐡𝐞 | Speed 30-40 Chats Per Minute,218.686,5,100 000,7 Days Refill,4 minutes,,,940.3498
16504,YouTube Real Time Live Chat Comments | 𝐋𝐢𝐯𝐞𝐒𝐭𝐫𝐞𝐚𝐦/𝐏𝐫𝐞𝐦𝐢𝐞𝐫𝐞 | 𝐀𝐈 𝐆𝐞𝐧𝐞𝐫𝐚𝐭𝐞𝐝 | Auto-Generated Comments 𝐁𝐚𝐬𝐞𝐝 𝐨𝐧 𝐍𝐢𝐜𝐡𝐞 | Speed 40-50 Chats Per Minute,218.686,5,100 000,7 Days Refill,4 minutes,,,940.3498
10003,YouTube Live Stream Views - [Premium Quality] [15 Minutes Live CONCURRENT],84.11,50,500 000,No Refill,3 hours 16 minutes,,,361.673
10004,YouTube Live Stream Views - [Premium Quality] [30 Minutes Live CONCURRENT],168.22,50,500 000,No Refill,1 hour 25 minutes,,,723.346
10005,YouTube Live Stream Views - [Premium Quality] [60 Minutes Live CONCURRENT],336.44,50,500 000,No Refill,1 hour 3 minutes,,,1446.692
10006,YouTube Live Stream Views - [Premium Quality] [3 Hours Live CONCURRENT],1009.32,50,500 000,No Refill,2 hours 3 minutes,,,4340.076
10007,YouTube Live Stream Views - [Premium Quality] [6 Hours Live CONCURRENT],2018.64,50,500 000,No Refill,3 hours 50 minutes,,,8680.152
10008,YouTube Live Stream Views - [Premium Quality] [12 Hours Live CONCURRENT],4037.28,50,500 000,No Refill,10 hours 18 minutes,,,17360.304
10009,YouTube Live Stream Views - [Premium Quality] [24 Hours Live CONCURRENT],8074.56,50,500 000,No Refill,23 minutes,,,34720.608
3803,YouTube Live Stream Viewers - [15 Minutes] 𝟏𝟎𝟎% 𝐂𝐨𝐧𝐜𝐮𝐫𝐫𝐞𝐧𝐭 | High Quality | 100K Max,81.522,50,100 000,No Refill,1 hour 24 minutes,,,350.5446
3804,YouTube Live Stream Viewers - [30 Minutes] 𝟏𝟎𝟎% 𝐂𝐨𝐧𝐜𝐮𝐫𝐫𝐞𝐧𝐭 | High Quality | 100K Max,161.75,50,100 000,No Refill,32 minutes,,,695.525
3805,YouTube Live Stream Viewers - [60 Minutes] 𝟏𝟎𝟎% 𝐂𝐨𝐧𝐜𝐮𝐫𝐫𝐞𝐧𝐭 | High Quality | 100K Max,323.5,50,100 000,No Refill,1 hour,,,1391.05
11930,YouTube Live Stream Viewers - [45 Minutes] 𝟏𝟎𝟎% 𝐂𝐨𝐧𝐜𝐮𝐫𝐫𝐞𝐧𝐭 | High Quality | 500K Max,388.2,50,500 000,No Refill,23 minutes,,,1669.26
11931,YouTube Live Stream Viewers - [90 Minutes] 𝟏𝟎𝟎% 𝐂𝐨𝐧𝐜𝐮𝐫𝐫𝐞𝐧𝐭 | High Quality | 100K Max,485.25,50,100 000,No Refill,1 hour 27 minutes,,,2086.575
3806,YouTube Live Stream Viewers - [120 Minutes] 𝟏𝟎𝟎% 𝐂𝐨𝐧𝐜𝐮𝐫𝐫𝐞𝐧𝐭 | High Quality | 100K Max,647,50,100 000,No Refill,2 hours 1 minute,,,2782.1
3807,YouTube Live Stream Viewers - [180 Minutes] 𝟏𝟎𝟎% 𝐂𝐨𝐧𝐜𝐮𝐫𝐫𝐞𝐧𝐭 | High Quality | 100K Max,970.5,50,100 000,No Refill,3 hours,,,4173.15
3808,YouTube Live Stream Viewers - [360 Minutes] 𝟏𝟎𝟎% 𝐂𝐨𝐧𝐜𝐮𝐫𝐫𝐞𝐧𝐭 | High Quality | 100K Max,1941,50,100 000,No Refill,3 hours 31 minutes,,,8346.3
3809,YouTube Live Stream Viewers - [720 Minutes] 𝟏𝟎𝟎% 𝐂𝐨𝐧𝐜𝐮𝐫𝐫𝐞𝐧𝐭 | High Quality | 100K Max,3882,50,100 000,No Refill,1 hour 6 minutes,,,16692.6
3810,YouTube Live Stream Viewers - [1440 Minutes] 𝟏𝟎𝟎% 𝐂𝐨𝐧𝐜𝐮𝐫𝐫𝐞𝐧𝐭 | High Quality | 100K Max,7764,50,100 000,No Refill,35 minutes,,,33385.2
10345,YouTube Live Stream Views [ High Quality ] [ 15 Minutes ] [BEST FOR RANKING LIVE],87.992,50,300 000,No Refill,22 minutes,,,378.3656
8948,YouTube Live Stream Views [ High Quality ] [ 30 Minutes ] [BEST FOR RANKING LIVE],174.69,50,300 000,No Refill,38 minutes,,,751.167
8949,YouTube Live Stream Views [ High Quality ] [ 60 Minutes ] [ BEST FOR RANKING LIVE ],349.38,50,300 000,No Refill,1 hour 49 minutes,,,1502.334
8950,YouTube Live Stream Views [ High Quality ] [ 90 Minutes ] [ BEST FOR RANKING LIVE ],524.07,50,300 000,No Refill,1 hour 29 minutes,,,2253.501
8951,YouTube Live Stream Views [ High Quality ] [ 120 Minutes ] [ BEST FOR RANKING LIVE ],698.76,50,300 000,No Refill,22 minutes,,,3004.668
8952,YouTube Live Stream Views [ High Quality ] [ 150 Minutes ] [ BEST FOR RANKING LIVE ],873.45,50,300 000,No Refill,11 minutes,,,3755.835
8953,YouTube Live Stream Views [ High Quality ] [ 180 Minutes ] [ BEST FOR RANKING LIVE ],1048.14,50,300 000,No Refill,55 minutes,,,4507.002
8954,YouTube Live Stream Views [ High Quality ] [ 360 Minutes ] [ BEST FOR RANKING LIVE ],2096.28,50,300 000,No Refill,3 hours 50 minutes,,,9014.004
8955,YouTube Live Stream Views [ High Quality ] [ 720 Minutes ] [ BEST FOR RANKING LIVE ],4192.56,50,300 000,No Refill,1 hour 39 minutes,,,18028.008
8956,YouTube Live Stream Views [ High Quality ] [ 1440 Minutes ] [ BEST FOR RANKING LIVE ],8385.12,50,300 000,No Refill,11 minutes,,,36056.016
11933,YouTube Live Stream Viewers [15 Minutes] | Cheapest | Max 200K,69.876,50,200 000,No Refill,6 hours 10 minutes,,,300.4668
11934,YouTube Live Stream Viewers [30 Minutes] | Cheapest | Max 200K,139.752,50,200 000,No Refill,42 minutes,,,600.9336
11935,YouTube Live Stream Viewers [60 Minutes] | Cheapest | Max 200K,279.504,50,200 000,No Refill,1 hour 7 minutes,,,1201.8672
11936,YouTube Live Stream Viewers [90 Minutes] | Cheapest | Max 200K,465.84,50,200 000,No Refill,1 hour 5 minutes,,,2003.112
11937,YouTube Live Stream Viewers [120 Minutes] | Cheapest | Max 200K,621.12,50,200 000,No Refill,1 hour 36 minutes,,,2670.816
11939,YouTube Live Stream Viewers [180 Minutes] | Cheapest | Max 200K,931.68,50,200 000,No Refill,3 hours 9 minutes,,,4006.224
11940,YouTube Live Stream Viewers [6 Hours] | Cheapest | Max 200K,1863.36,50,200 000,No Refill,6 hours 7 minutes,,,8012.448
11941,YouTube Live Stream Viewers [12 Hours] | Cheapest | Max 200K,3726.72,50,200 000,No Refill,12 hours 8 minutes,,,16024.896
11942,YouTube Live Stream Viewers [24 Hours] | Cheapest | Max 200K,7453.44,50,200 000,No Refill,23 minutes,,,32049.792
8187,YouTube Live Stream [𝐋𝐢𝐤𝐞𝐬] [Max 50K] [Speed 10K/Day] [INSTANT],164.338,20,5 000,No Refill,59 minutes,,,706.6534
8189,YouTube Live Stream Chat 💬 - [𝐂𝐮𝐬𝐭𝐨𝐦 𝐂𝐨𝐦𝐦𝐞𝐧𝐭𝐬] [Max 2K] [Speed 1K/Day] [INSTANT],698.76,5,2 000,No Refill,8 minutes,,,3004.668
16154,YouTube 𝐋𝐢𝐯𝐞 𝐂𝐡𝐚𝐭 𝐂𝐮𝐬𝐭𝐨𝐦 𝐂𝐨𝐦𝐦𝐞𝐧𝐭𝐬 | Live Stream - Premiere Video - Waiting To Be Published | Max 100K | Speed 20K/Day | 0-15 Mins,201.864,5,100 000,30 Days Refill,5 minutes,,,868.0152
16155,YouTube 𝐋𝐢𝐯𝐞 𝐂𝐡𝐚𝐭 𝐂𝐮𝐬𝐭𝐨𝐦 𝐂𝐨𝐦𝐦𝐞𝐧𝐭𝐬 | Live Stream - Premiere Video - Waiting To Be Published | Max 100K | 𝐒𝐩𝐞𝐞𝐝 𝟏-𝟓 𝐂𝐡𝐚𝐭𝐬 𝐏𝐞𝐫 𝐌𝐢𝐧𝐮𝐭𝐞𝐬 | 0-15 Mins,201.864,5,100 000,30 Days Refill,4 minutes,,,868.0152
16156,YouTube 𝐋𝐢𝐯𝐞 𝐂𝐡𝐚𝐭 𝐂𝐮𝐬𝐭𝐨𝐦 𝐂𝐨𝐦𝐦𝐞𝐧𝐭𝐬 | Live Stream - Premiere Video - Waiting To Be Published | Max 100K | 𝐒𝐩𝐞𝐞𝐝 𝟓-𝟏𝟎 𝐂𝐡𝐚𝐭𝐬 𝐏𝐞𝐫 𝐌𝐢𝐧𝐮𝐭𝐞𝐬 | 0-15 Mins,201.864,5,100 000,30 Days Refill,23 minutes,,,868.0152
16157,YouTube 𝐋𝐢𝐯𝐞 𝐂𝐡𝐚𝐭 𝐂𝐮𝐬𝐭𝐨𝐦 𝐂𝐨𝐦𝐦𝐞𝐧𝐭𝐬 | Live Stream - Premiere Video - Waiting To Be Published | Max 100K | 𝐒𝐩𝐞𝐞𝐝 𝟏𝟎-𝟐𝟎 𝐂𝐡𝐚𝐭𝐬 𝐏𝐞𝐫 𝐌𝐢𝐧𝐮𝐭𝐞𝐬 | 0-15 Mins,201.864,5,100 000,30 Days Refill,22 minutes,,,868.0152
16158,YouTube 𝐋𝐢𝐯𝐞 𝐂𝐡𝐚𝐭 𝐂𝐮𝐬𝐭𝐨𝐦 𝐂𝐨𝐦𝐦𝐞𝐧𝐭𝐬 | Live Stream - Premiere Video - Waiting To Be Published | Max 100K | 𝐒𝐩𝐞𝐞𝐝 𝟐𝟎-𝟑𝟎 𝐂𝐡𝐚𝐭𝐬 𝐏𝐞𝐫 𝐌𝐢𝐧𝐮𝐭𝐞𝐬 | 0-15 Mins,201.864,5,100 000,30 Days Refill,55 minutes,,,868.0152
16159,YouTube 𝐋𝐢𝐯𝐞 𝐂𝐡𝐚𝐭 𝐂𝐮𝐬𝐭𝐨𝐦 𝐂𝐨𝐦𝐦𝐞𝐧𝐭𝐬 | Live Stream - Premiere Video - Waiting To Be Published | Max 100K | 𝐒𝐩𝐞𝐞𝐝 𝟑𝟎-𝟒𝟎 𝐂𝐡𝐚𝐭𝐬 𝐏𝐞𝐫 𝐌𝐢𝐧𝐮𝐭𝐞𝐬 | 0-15 Mins,201.864,5,100 000,30 Days Refill,5 minutes,,,868.0152
16160,YouTube 𝐋𝐢𝐯𝐞 𝐂𝐡𝐚𝐭 𝐂𝐮𝐬𝐭𝐨𝐦 𝐂𝐨𝐦𝐦𝐞𝐧𝐭𝐬 | Live Stream - Premiere Video - Waiting To Be Published | Max 100K | 𝐒𝐩𝐞𝐞𝐝 𝟒𝟎-𝟓𝟎 𝐂𝐡𝐚𝐭𝐬 𝐏𝐞𝐫 𝐌𝐢𝐧𝐮𝐭𝐞𝐬 | 0-15 Mins,201.864,5,100 000,30 Days Refill,3 minutes,,,868.0152
11958,YouTube Live Stream Reactions - 𝐌𝐢𝐱𝐞𝐝 [🎉😳💯❤️😃] [30 Days Refill] [Max 300K] [INSTANT],15.528,10,300 000,30 Days Refill,1 minute,,,66.7704
11953,YouTube Live Stream Reactions - [❤️] [30 Days Refill] [Max 300K] [INSTANT],15.528,10,300 000,30 Days Refill,1 minute,,,66.7704
11954,YouTube Live Stream Reactions - [😃] [30 Days Refill] [Max 300K] [INSTANT],15.528,10,300 000,30 Days Refill,1 minute,,,66.7704
11955,YouTube Live Stream Reactions - [🎉] [30 Days Refill] [Max 300K] [INSTANT],15.528,10,300 000,30 Days Refill,1 minute,,,66.7704
11956,YouTube Live Stream Reactions - [😳] [30 Days Refill] [Max 300K] [INSTANT],15.528,10,300 000,30 Days Refill,33 minutes,,,66.7704
11957,YouTube Live Stream Reactions - [💯] [30 Days Refill] [Max 300K] [INSTANT],15.528,10,300 000,30 Days Refill,1 minute,,,66.7704
8072,YouTube Shares - [𝟏𝟔 𝐒𝐎𝐔𝐑𝐂𝐄𝐒] [Lifetime Refill] [Max 100K] [Speed 2-5K/Day] [0-6HRS],131.988,100,100 000,Lifetime Refill,13 minutes,,,567.5484
8073,YouTube Shares - [𝐄𝐌𝐀𝐈𝐋] [Lifetime Refill] [Max 100K] [Speed 2-5K/Day] [0-6HRS],131.988,100,100 000,Lifetime Refill,22 minutes,,,567.5484
8074,YouTube Shares - [𝐖𝐇𝐀𝐓𝐒𝐀𝐏𝐏] [Lifetime Refill] [Max 100K] [Speed 2-5K/Day] [0-6HRS],99.638,100,100 000,Lifetime Refill,11 minutes,,,428.4434
8075,YouTube Shares - [𝐄𝐌𝐁𝐄𝐃] [Lifetime Refill] [Max 100K] [Speed 2-5K/Day] [0-6HRS],131.988,100,100 000,Lifetime Refill,16 minutes,,,567.5484
8076,YouTube Shares - [𝐍𝐀𝐕𝐄𝐑] [Lifetime Refill] [Max 10K] [Max 100K] [Speed 2-5K/Day] [0-6HRS],657.352,100,100 000,Lifetime Refill,16 minutes,,,2826.6136
8078,YouTube Shares - [𝐎𝐃𝐍𝐎𝐊𝐋𝐀𝐒𝐒𝐍𝐈𝐊𝐈] [Lifetime Refill] [Max 100K] [Speed 2-5K/Day] [0-6HRS],99.638,100,100 000,Lifetime Refill,22 minutes,,,428.4434
8077,YouTube Shares - [카카오스토리 - 𝐊𝐀𝐊𝐀𝐎𝐓𝐀𝐋𝐊] [Lifetime Refill] [Max 100K] [Speed 2-5K/Day] [0-6HRS],131.988,100,100 000,Lifetime Refill,16 minutes,,,567.5484
132,YouTube Shares - [𝐅𝐀𝐂𝐄𝐁𝐎𝐎𝐊] [Lifetime Refill] [Max 100K] [Speed 2-5K/Day] [0-6HRS],99.638,100,100 000,Lifetime Refill,55 minutes,,,428.4434
476,YouTube Shares - [𝐓𝐖𝐈𝐓𝐓𝐄𝐑] [Lifetime Refill] [Max 100K] [Speed 2-5K/Day] [0-6HRS],99.638,100,100 000,Lifetime Refill,14 minutes,,,428.4434
477,YouTube Shares - [𝐑𝐄𝐃𝐃𝐈𝐓] [Lifetime Refill] [Max 100K] [Speed 2-5K/Day] [0-6HRS],99.638,100,100 000,Lifetime Refill,16 minutes,,,428.4434
479,YouTube Shares - [𝐏𝐈𝐍𝐓𝐄𝐑𝐄𝐒𝐓] [Lifetime Refill] [Max 10K] [Max 100K] [Speed 2-5K/Day] [0-6HRS],99.638,100,100 000,Lifetime Refill,17 minutes,,,428.4434
1139,YouTube Shares - [𝐋𝐈𝐍𝐊𝐄𝐃𝐈𝐍] [Lifetime Refill] [Max 100K] [Speed 2-5K/Day] [0-6HRS],99.638,100,100 000,Lifetime Refill,33 minutes,,,428.4434
3865,YouTube Shares - [𝐓𝐔𝐌𝐁𝐋𝐑] [Lifetime Refill] [Max 100K] [Speed 2-5K/Day] [0-6HRS],99.638,100,100 000,Lifetime Refill,33 minutes,,,428.4434
3866,YouTube Shares - [𝐁𝐋𝐎𝐆𝐆𝐄𝐑] [Lifetime Refill] [Max 100K] [Speed 2-5K/Day] [0-6HRS],99.638,100,100 000,Lifetime Refill,22 minutes,,,428.4434
3867,YouTube Shares - [𝐕𝐊𝐎𝐍𝐓𝐀𝐊𝐓𝐄] [Lifetime Refill] [Max 100K] [Speed 2-5K/Day] [0-6HRS],99.638,100,100 000,Lifetime Refill,55 minutes,,,428.4434
3868,YouTube Shares - [𝐒𝐓𝐔𝐌𝐁𝐋𝐄𝐔𝐏𝐎𝐍] [Lifetime Refill] [Max 100K] [Speed 2-5K/Day] [0-6HRS],99.638,100,100 000,Lifetime Refill,17 minutes,,,428.4434
11390,YouTube Social Shares - [Brazil] [No Refill] [Max 500M] [Speed 10K-10M/Day] [INSTANT],23.292,50,500 000 000,No Refill,16 minutes,,,100.1556
11391,YouTube Social Shares - [USA] [No Refill] [Max 500M] [Speed 10K-10M/Day] [INSTANT],23.292,50,500 000 000,No Refill,1 minute,,,100.1556
11392,YouTube Social Shares - [Indonesia] [No Refill] [Max 500M] [Speed 10K-10M/Day] [INSTANT],23.292,50,500 000 000,No Refill,55 minutes,,,100.1556
11404,YouTube Social Shares - [Italy] [No Refill] [Max 500M] [Speed 10K-10M/Day] [INSTANT],23.292,50,500 000 000,No Refill,23 minutes,,,100.1556
11394,YouTube Social Shares - [Turkey] [No Refill] [Max 500M] [Speed 10K-10M/Day] [INSTANT],23.292,50,500 000 000,No Refill,16 minutes,,,100.1556
11395,YouTube Social Shares - [Canada] [No Refill] [Max 500M] [Speed 10K-10M/Day] [INSTANT],23.292,50,500 000 000,No Refill,17 minutes,,,100.1556
11396,YouTube Social Shares - [Spain] [No Refill] [Max 500M] [Speed 10K-10M/Day] [INSTANT],23.292,50,500 000 000,No Refill,1 minute,,,100.1556
11397,YouTube Social Shares - [Switzerland] [No Refill] [Max 500M] [Speed 10K-10M/Day] [INSTANT],23.292,50,500 000 000,No Refill,33 minutes,,,100.1556
11405,YouTube Social Shares - [Japan] [No Refill] [Max 500M] [Speed 10K-10M/Day] [INSTANT],23.292,50,500 000 000,No Refill,11 minutes,,,100.1556
11398,YouTube Social Shares - [Netherlands] [No Refill] [Max 500M] [Speed 10K-10M/Day] [INSTANT],23.292,50,500 000 000,No Refill,1 minute,,,100.1556
11399,YouTube Social Shares - [Bangladesh] [No Refill] [Max 500M] [Speed 10K-10M/Day] [INSTANT],23.292,50,500 000 000,No Refill,17 minutes,,,100.1556
11400,YouTube Social Shares - [Nigeria] [No Refill] [Max 500M] [Speed 10K-10M/Day] [INSTANT],23.292,50,500 000 000,No Refill,16 minutes,,,100.1556
11411,YouTube Social Shares - [EU] [No Refill] [Max 500M] [Speed 10K-10M/Day] [INSTANT],23.292,50,500 000 000,No Refill,1 minute,,,100.1556
11401,YouTube Social Shares - [Argentina] [No Refill] [Max 500M] [Speed 10K-10M/Day] [INSTANT],23.292,50,500 000 000,No Refill,1 minute,,,100.1556
11406,YouTube Social Shares - [UK] [No Refill] [Max 500M] [Speed 10K-10M/Day] [INSTANT],23.292,50,500 000 000,No Refill,16 minutes,,,100.1556
11415,YouTube Social Shares - [Malaysia] [No Refill] [Max 500M] [Speed 10K-10M/Day] [INSTANT],23.292,50,500 000 000,No Refill,16 minutes,,,100.1556
11408,YouTube Social Shares - [Ukrain] [No Refill] [Max 500M] [Speed 10K-10M/Day] [INSTANT],23.292,50,500 000 000,No Refill,22 minutes,,,100.1556
11407,YouTube Social Shares - [Russian] [No Refill] [Max 500M] [Speed 10K-10M/Day] [INSTANT],23.292,50,500 000 000,No Refill,16 minutes,,,100.1556
11420,YouTube Social Shares - [Pakistan] [No Refill] [Max 500M] [Speed 10K-10M/Day] [INSTANT],23.292,50,500 000 000,No Refill,16 minutes,,,100.1556
11402,YouTube Social Shares - [Vietnam] [No Refill] [Max 500M] [Speed 10K-10M/Day] [INSTANT],23.292,50,500 000 000,No Refill,33 minutes,,,100.1556
11410,YouTube Social Shares - [Saudi Arabia] [No Refill] [Max 500M] [Speed 10K-10M/Day] [INSTANT],23.292,50,500 000 000,No Refill,11 minutes,,,100.1556
11412,YouTube Social Shares - [Australia] [No Refill] [Max 500M] [Speed 10K-10M/Day] [INSTANT],23.292,50,500 000 000,No Refill,55 minutes,,,100.1556
11414,YouTube Social Shares - [Poland] [No Refill] [Max 500M] [Speed 10K-10M/Day] [INSTANT],23.292,50,500 000 000,No Refill,22 minutes,,,100.1556
11416,YouTube Social Shares - [Taiwan] [No Refill] [Max 500M] [Speed 10K-10M/Day] [INSTANT],23.292,50,500 000 000,No Refill,55 minutes,,,100.1556
11422,YouTube Social Shares - [Greece] [No Refill] [Max 500M] [Speed 10K-10M/Day] [INSTANT],23.292,50,500 000 000,No Refill,55 minutes,,,100.1556
11419,YouTube Social Shares - [Morocco] [No Refill] [Max 500M] [Speed 10K-10M/Day] [INSTANT],23.292,50,500 000 000,No Refill,11 minutes,,,100.1556
11417,YouTube Social Shares - [Mexico] [No Refill] [Max 500M] [Speed 10K-10M/Day] [INSTANT],23.292,50,500 000 000,No Refill,16 minutes,,,100.1556
11421,YouTube Social Shares - [South Africa] [No Refill] [Max 500M] [Speed 10K-10M/Day] [INSTANT],23.292,50,500 000 000,No Refill,22 minutes,,,100.1556
11413,YouTube Social Shares - [South Korea] [No Refill] [Max 500M] [Speed 10K-10M/Day] [INSTANT],23.292,50,500 000 000,No Refill,23 minutes,,,100.1556
11403,YouTube Social Shares - [Egypt] [No Refill] [Max 500M] [Speed 10K-10M/Day] [INSTANT],23.292,50,500 000 000,No Refill,22 minutes,,,100.1556
11418,YouTube Social Shares - [Thailand] [No Refill] [Max 500M] [Speed 10K-10M/Day] [INSTANT],23.292,50,500 000 000,No Refill,33 minutes,,,100.1556
8079,YouTube Shares - [USA] [16 SOURCES] [Lifetime Refill] [Max 100K] [Speed 2-5K/Day] [0-6HRS],164.338,100,100 000,Lifetime Refill,8 minutes,,,706.6534
8080,YouTube Shares - [USA] [WhatsApp] [Lifetime Refill] [Max 100K] [Speed 2-5K/Day] [0-6HRS],164.338,100,100 000,Lifetime Refill,9 minutes,,,706.6534
8081,YouTube Shares - [USA] [Email] [Lifetime Refill] [Max 100K] [Max 100K] [Speed 2-5K/Day] [0-6HRS],164.338,100,100 000,Lifetime Refill,6 minutes,,,706.6534
8082,YouTube Shares - [USA] [Embed] [Lifetime Refill] [Max 100K] [Speed 2-5K/Day] [0-6HRS],164.338,100,100 000,Lifetime Refill,17 minutes,,,706.6534
8083,YouTube Shares - [USA] [KakaoTalk - 카카오스토리] [Lifetime Refill] [Max 100K] [Speed 2-5K/Day] [0-6HRS],164.338,100,100 000,Lifetime Refill,9 minutes,,,706.6534
4921,YouTube Shares - [USA] [FACEBOOK] [Lifetime Refill] [Max 100K] [Speed 2-5K/Day] [0-6HRS],148.81,100,100 000,Lifetime Refill,9 minutes,,,639.883
4922,YouTube Shares - [USA] [TWITTER] [Lifetime Refill] [Max 100K] [Speed 2-5K/Day] [0-6HRS],148.81,100,100 000,Lifetime Refill,9 minutes,,,639.883
4923,YouTube Shares - [USA] [REDDIT] [Lifetime Refill] [Max 100K] [Speed 2-5K/Day] [0-6HRS],148.81,100,100 000,Lifetime Refill,22 minutes,,,639.883
4924,YouTube Shares - [USA] [PINTEREST] [Lifetime Refill] [Max 100K] [Speed 2-5K/Day] [0-6HRS],148.81,100,100 000,Lifetime Refill,22 minutes,,,639.883
4925,YouTube Shares - [USA] [LINKEDIN] [Lifetime Refill] [Max 100K] [Speed 2-5K/Day] [0-6HRS],148.81,100,100 000,Lifetime Refill,11 minutes,,,639.883
4926,YouTube Shares - [USA] [ODNOKLASSNIKI] [Lifetime Refill] [Max 100K] [Speed 2-5K/Day] [0-6HRS],148.81,100,100 000,Lifetime Refill,33 minutes,,,639.883
4927,YouTube Shares - [USA] [TUMBLR] [Lifetime Refill] [Max 100K] [Speed 2-5K/Day] [0-6HRS],148.81,100,100 000,Lifetime Refill,11 minutes,,,639.883
4928,YouTube Shares - [USA] [BLOGGER] [Lifetime Refill] [Max 100K] [Speed 2-5K/Day] [0-6HRS],148.81,100,100 000,Lifetime Refill,11 minutes,,,639.883
4929,YouTube Shares - [USA] [VKONTAKTE] [Lifetime Refill] [Max 100K] [Speed 2-5K/Day] [0-6HRS],148.81,100,100 000,Lifetime Refill,17 minutes,,,639.883
4930,YouTube Shares - [USA] [STUMBLEUPON] [Lifetime Refill] [Max 100K] [Speed 2-5K/Day] [0-6HRS],148.81,100,100 000,Lifetime Refill,17 minutes,,,639.883
4931,YouTube Shares - [BRAZIL] [FACEBOOK] [Lifetime Refill] [Max 10K] [Speed 200-1K/Day] [0-6HRS]],129.4,100,10 000,Lifetime Refill,55 minutes,,,556.42
4932,YouTube Shares - [BRAZIL] [TWITTER] [Lifetime Refill] [Max 10K] [Speed 200-1K/Day] [0-6HRS],129.4,100,10 000,Lifetime Refill,55 minutes,,,556.42
4933,YouTube Shares - [BRAZIL] [REDDIT] [Lifetime Refill] [Max 10K] [Speed 200-1K/Day] [0-6HRS],129.4,100,10 000,Lifetime Refill,22 minutes,,,556.42
4934,YouTube Shares - [BRAZIL] [PINTEREST] [Lifetime Refill] [Max 10K] [Speed 200-1K/Day] [0-6HRS],129.4,100,10 000,Lifetime Refill,22 minutes,,,556.42
4935,YouTube Shares - [BRAZIL] [LINKEDIN] [Lifetime Refill] [Max 10K] [Speed 200-1K/Day] [0-6HRS],129.4,100,10 000,Lifetime Refill,17 minutes,,,556.42
4936,YouTube Shares - [BRAZIL] [ODNOKLASSNIKI] [Lifetime Refill] [Max 10K] [Speed 200-1K/Day] [0-6HRS],129.4,100,10 000,Lifetime Refill,33 minutes,,,556.42
4937,YouTube Shares - [BRAZIL] [TUMBLR] [Lifetime Refill] [Max 10K] [Speed 200-1K/Day] [0-6HRS],129.4,100,10 000,Lifetime Refill,17 minutes,,,556.42
4938,YouTube Shares - [BRAZIL] [BLOGGER] [Lifetime Refill] [Max 10K] [Speed 200-1K/Day] [0-6HRS],129.4,100,10 000,Lifetime Refill,55 minutes,,,556.42
4939,YouTube Shares - [BRAZIL] [VKONTAKTE] [Lifetime Refill] [Max 10K] [Speed 200-1K/Day] [0-6HRS],129.4,100,10 000,Lifetime Refill,23 minutes,,,556.42
4940,YouTube Shares - [BRAZIL] [STUMBLEUPON] [Lifetime Refill] [Max 10K] [Speed 200-1K/Day] [0-6HRS],129.4,100,10 000,Lifetime Refill,22 minutes,,,556.42
4941,YouTube Shares - [CANADA] [FACEBOOK] [Lifetime Refill] [Max 10K] [Speed 200-10K/Day] [0-6HRS],129.4,100,10 000,Lifetime Refill,23 minutes,,,556.42
4942,YouTube Shares - [CANADA] [TWITTER] [Lifetime Refill] [Max 10K] [Speed 200-10K/Day] [0-6HRS],129.4,100,10 000,Lifetime Refill,16 minutes,,,556.42
4943,YouTube Shares - [CANADA] [REDDIT] [Lifetime Refill] [Max 10K] [Speed 200-10K/Day] [0-6HRS],129.4,100,10 000,Lifetime Refill,33 minutes,,,556.42
4944,YouTube Shares - [CANADA] [PINTEREST] [Lifetime Refill] [Max 10K] [Speed 200-10K/Day] [0-6HRS],129.4,100,10 000,Lifetime Refill,22 minutes,,,556.42
4945,YouTube Shares - [CANADA] [LINKEDIN] [Lifetime Refill] [Max 10K] [Speed 200-10K/Day] [0-6HRS],129.4,100,10 000,Lifetime Refill,22 minutes,,,556.42
4946,YouTube Shares - [CANADA] [BLOGGER] [Lifetime Refill] [Max 10K] [Speed 200-10K/Day] [0-6HRS],129.4,100,10 000,Lifetime Refill,16 minutes,,,556.42
4955,YouTube Shares - [INDIA] [FACEBOOK] [Lifetime Refill] [Max 10K] [Speed 200-1K/Day] [0-6HRS],129.4,100,10 000,Lifetime Refill,24 hours 21 minutes,,,556.42
4956,YouTube Shares - [INDIA] [TWITTER] [Lifetime Refill] [Max 10K] [Speed 200-1K/Day] [0-6HRS],129.4,100,10 000,Lifetime Refill,134 hours 18 minutes,,,556.42
4957,YouTube Shares - [INDIA] [REDDIT] [Lifetime Refill] [Max 10K] [Speed 200-1K/Day] [0-6HRS],129.4,100,10 000,Lifetime Refill,33 minutes,,,556.42
4958,YouTube Shares - [INDIA] [PINTEREST] [Lifetime Refill] [Max 10K] [Speed 200-1K/Day] [0-6HRS],129.4,100,10 000,Lifetime Refill,23 minutes,,,556.42
4959,YouTube Shares - [INDIA] [LINKEDIN] [Lifetime Refill] [Max 10K] [Speed 200-1K/Day] [0-6HRS],129.4,100,10 000,Lifetime Refill,17 minutes,,,556.42
4960,YouTube Shares - [INDIA] [TUMBLR] [Lifetime Refill] [Max 10K] [Speed 200-1K/Day] [0-6HRS],129.4,100,10 000,Lifetime Refill,22 minutes,,,556.42
4961,YouTube Shares - [INDIA] [BLOGGER] [Lifetime Refill] [Max 10K] [Speed 200-1K/Day] [0-6HRS],129.4,100,10 000,Lifetime Refill,68 hours 13 minutes,,,556.42
8127,YouTube Shares - [ITALY] [FACEBOOK] [Lifetime Refill] [Max 10K] [Speed 200-10K/Day] [0-6HRS],129.4,100,10 000,Lifetime Refill,16 minutes,,,556.42
8128,YouTube Shares - [ITALY] [TWITTER] [Lifetime Refill] [Max 10K] [Speed 200-10K/Day] [0-6HRS],129.4,100,10 000,Lifetime Refill,55 minutes,,,556.42
8129,YouTube Shares - [ITALY] [REDDIT] [Lifetime Refill] [Max 10K] [Speed 200-1K/Day] [0-6HRS],129.4,100,10 000,Lifetime Refill,55 minutes,,,556.42
8130,YouTube Shares - [ITALY] [PINTEREST] [Lifetime Refill] [Max 10K] [Speed 200-1K/Day] [0-6HRS],129.4,100,10 000,Lifetime Refill,55 minutes,,,556.42
8131,YouTube Shares - [ITALY] [LINKEDIN] [Lifetime Refill] [Max 10K] [Speed 200-1K/Day] [0-6HRS],129.4,100,10 000,Lifetime Refill,33 minutes,,,556.42
8132,YouTube Shares - [ITALY] [TUMBLR] [Lifetime Refill] [Max 10K] [Speed 200-1K/Day] [0-6HRS],129.4,100,10 000,Lifetime Refill,17 minutes,,,556.42
8133,YouTube Shares - [ITALY] [BLOGGER] [Lifetime Refill] [Max 10K] [Speed 200-1K/Day] [0-6HRS],129.4,100,10 000,Lifetime Refill,33 minutes,,,556.42
8134,YouTube Shares - [ITALY] [VKONTAKTE] [Lifetime Refill] [Max 10K] [Speed 200-1K/Day] [0-6HRS],129.4,100,10 000,Lifetime Refill,17 minutes,,,556.42
8135,YouTube Shares - [ITALY] [STUMBLEUPON] [Lifetime Refill] [Max 10K] [Speed 200-1K/Day] [0-6HRS],129.4,100,10 000,Lifetime Refill,55 minutes,,,556.42
8091,YouTube Shares - [INDONESIA] [FACEBOOK] [Lifetime Refill] [Max 10K] [Speed 200-1K/Day] [0-6HRS],129.4,100,10 000,Lifetime Refill,16 minutes,,,556.42
8092,YouTube Shares - [INDONESIA] [TWITTER] [Lifetime Refill] [Max 8K] [Speed 200-1K/Day] [0-6HRS],129.4,100,10 000,Lifetime Refill,23 minutes,,,556.42
8093,YouTube Shares - [INDONESIA] [REDDIT] [Lifetime Refill] [Max 8K] [Speed 200-1K/Day] [0-6HRS],129.4,100,10 000,Lifetime Refill,33 minutes,,,556.42
8094,YouTube Shares - [INDONESIA] [PINTEREST] [Lifetime Refill] [Max 8K] [Speed 200-1K/Day] [0-6HRS],129.4,100,10 000,Lifetime Refill,22 minutes,,,556.42
8095,YouTube Shares - [INDONESIA] [TUMBLR] [Lifetime Refill] [Max 8K] [Speed 200-1K/Day] [0-6HRS],129.4,100,10 000,Lifetime Refill,11 minutes,,,556.42
8096,YouTube Shares - [INDONESIA] [BLOGGER] [Lifetime Refill] [Max 8K] [Speed 200-1K/Day] [0-6HRS],129.4,100,10 000,Lifetime Refill,11 minutes,,,556.42
8097,YouTube Shares - [JAPAN] [FACEBOOK] [Lifetime Refill] [Max 10K] [Speed 200-10K/Day] [0-6HRS],129.4,100,10 000,Lifetime Refill,11 minutes,,,556.42
8098,YouTube Shares - [JAPAN] [TWITTER] [Lifetime Refill] [Max 8K] [Speed 200-1K/Day] [0-6HRS],129.4,100,10 000,Lifetime Refill,23 minutes,,,556.42
8099,YouTube Shares - [JAPAN] [REDDIT] [Lifetime Refill] [Max 8K] [Speed 200-1K/Day] [0-6HRS],129.4,100,10 000,Lifetime Refill,33 minutes,,,556.42
8100,YouTube Shares - [JAPAN] [PINTEREST] [Lifetime Refill] [Max 8K] [Speed 200-10K/Day] [0-6HRS],129.4,100,10 000,Lifetime Refill,55 minutes,,,556.42
8101,YouTube Shares - [JAPAN] [BLOGGER] [Lifetime Refill] [Max 8K] [Speed 200-10K/Day] [0-6HRS],129.4,100,10 000,Lifetime Refill,17 minutes,,,556.42
8084,YouTube Shares - [KOREA] [FACEBOOK] [Lifetime Refill] [Max 10K] [Speed 200-1K/Day] [0-6HRS],129.4,100,10 000,Lifetime Refill,13 hours 25 minutes,,,556.42
8085,YouTube Shares - [KOREA] [TWITTER] [Lifetime Refill] [Max 8K] [Speed 200-1K/Day] [0-6HRS],129.4,100,10 000,Lifetime Refill,17 hours 37 minutes,,,556.42
8086,YouTube Shares - [KOREA] [REDDIT] [Lifetime Refill] [Max 8K] [Speed 200-1K/Day] [0-6HRS],129.4,100,10 000,Lifetime Refill,14 hours 26 minutes,,,556.42
8087,YouTube Shares - [KOREA] [PINTEREST] [Lifetime Refill] [Max 8K] [Speed 200-1K/Day] [0-6HRS],129.4,100,10 000,Lifetime Refill,22 minutes,,,556.42
8088,YouTube Shares - [KOREA] [LINKEDIN] [Lifetime Refill] [Max 8K] [Speed 200-10K/Day] [0-6HRS],129.4,100,10 000,Lifetime Refill,15 hours 49 minutes,,,556.42
8089,YouTube Shares - [KOREA] [TUMBLR] [Lifetime Refill] [Max 8K] [Speed 200-10K/Day] [0-6HRS],129.4,100,10 000,Lifetime Refill,17 minutes,,,556.42
8090,YouTube Shares - [KOREA] [BLOGGER] [Lifetime Refill] [Max 8K] [Speed 200-10K/Day] [0-6HRS],129.4,100,10 000,Lifetime Refill,15 hours 9 minutes,,,556.42
8120,YouTube Shares - [PHILIPPINES] [FACEBOOK] [Lifetime Refill] [Max 10K] [Speed 200-1K/Day] [0-6HRS],129.4,100,10 000,Lifetime Refill,33 minutes,,,556.42
8121,YouTube Shares - [PHILIPPINES] [TWITTER] [Lifetime Refill] [Max 10K] [Speed 200-1K/Day] [0-6HRS],129.4,100,10 000,Lifetime Refill,23 minutes,,,556.42
8122,YouTube Shares - [PHILIPPINES] [REDDIT] [Lifetime Refill] [Max 10K] [Speed 200-1K/Day] [0-6HRS],129.4,100,10 000,Lifetime Refill,23 minutes,,,556.42
8123,YouTube Shares - [PHILIPPINES] [PINTEREST] [Lifetime Refill] [Max 10K] [Speed 200-1K/Day] [0-6HRS],129.4,100,10 000,Lifetime Refill,11 minutes,,,556.42
8124,YouTube Shares - [PHILIPPINES] [LINKEDIN] [Lifetime Refill] [Max 10K] [Speed 200-1K/Day] [0-6HRS],129.4,100,10 000,Lifetime Refill,17 minutes,,,556.42
8125,YouTube Shares - [PHILIPPINES] [TUMBLR] [Lifetime Refill] [Max 10K] [Speed 200-1K/Day] [0-6HRS],129.4,100,10 000,Lifetime Refill,16 minutes,,,556.42
8126,YouTube Shares - [PHILIPPINES] [BLOGGER] [Lifetime Refill] [Max 10K] [Speed 200-1K/Day] [0-6HRS],129.4,100,10 000,Lifetime Refill,11 minutes,,,556.42
8136,YouTube Shares - [RUSSIA] [FACEBOOK] [Lifetime Refill] [Max 10K] [Speed 200-1K/Day] [0-6HRS],129.4,100,10 000,Lifetime Refill,16 minutes,,,556.42
8137,YouTube Shares - [RUSSIA] [TWITTER] [Lifetime Refill] [Max 10K] [Speed 200-1K/Day] [0-6HRS],129.4,100,10 000,Lifetime Refill,16 minutes,,,556.42
8138,YouTube Shares - [RUSSIA] [REDDIT] [Lifetime Refill] [Max 10K] [Speed 200-1K/Day] [0-6HRS],129.4,100,10 000,Lifetime Refill,16 minutes,,,556.42
8139,YouTube Shares - [RUSSIA] [PINTEREST] [Lifetime Refill] [Max 10K] [Speed 200-1K/Day] [0-6HRS],129.4,100,10 000,Lifetime Refill,23 minutes,,,556.42
8140,YouTube Shares - [RUSSIA] [LINKEDIN] [Lifetime Refill] [Max 10K] [Speed 200-1K/Day] [0-6HRS],129.4,100,10 000,Lifetime Refill,17 minutes,,,556.42
8141,YouTube Shares - [RUSSIA] [Odnoklassniki] [Lifetime Refill] [Max 10K] [Speed 200-1K/Day] [0-6HRS],129.4,100,10 000,Lifetime Refill,55 minutes,,,556.42
8142,YouTube Shares - [RUSSIA] [Vkontakte] [Lifetime Refill] [Max 10K] [Speed 200-1K/Day] [0-6HRS],129.4,100,10 000,Lifetime Refill,33 minutes,,,556.42
8143,YouTube Shares - [RUSSIA] [BLOGGER] [Lifetime Refill] [Max 10K] [Speed 200-1K/Day] [0-6HRS],129.4,100,10 000,Lifetime Refill,33 minutes,,,556.42
11423,YouTube Shares - [SPAIN] [Lifetime Refill] [Max 10K] [Speed 200-1K/Day] [0-6HRS],223.6032,50,10 000,Lifetime Refill,28 hours 20 minutes,,,961.49376
11424,YouTube Shares - [SPAIN] [FACEBOOK] [Lifetime Refill] [Max 10K] [Speed 200-1K/Day] [0-6HRS],223.6032,100,10 000,Lifetime Refill,55 minutes,,,961.49376
11425,YouTube Shares - [SPAIN] [TWITTER] [Lifetime Refill] [Max 10K] [Speed 200-1K/Day] [0-6HRS],223.6032,100,10 000,Lifetime Refill,22 minutes,,,961.49376
11426,YouTube Shares - [SPAIN] [REDDIT] [Lifetime Refill] [Max 10K] [Speed 200-1K/Day] [0-6HRS],223.6032,100,10 000,Lifetime Refill,17 minutes,,,961.49376
11427,YouTube Shares - [SPAIN] [PINTEREST] [Lifetime Refill] [Max 10K] [Speed 200-1K/Day] [0-6HRS],223.6032,100,10 000,Lifetime Refill,23 minutes,,,961.49376
11428,YouTube Shares - [SPAIN] [BLOGGER] [Lifetime Refill] [Max 10K] [Speed 200-1K/Day] [0-6HRS],223.6032,100,10 000,Lifetime Refill,16 minutes,,,961.49376
11429,YouTube Shares - [SPAIN] [TUMBLR] [Lifetime Refill] [Max 10K] [Speed 200-1K/Day] [0-6HRS],223.6032,100,10 000,Lifetime Refill,23 minutes,,,961.49376
11430,YouTube Shares - [SPAIN] [LINKEDIN] [Lifetime Refill] [Max 10K] [Speed 200-1K/Day] [0-6HRS],223.6032,100,10 000,Lifetime Refill,22 minutes,,,961.49376
11431,YouTube Shares - [TURKEY] [Lifetime Refill] [Max 10K] [Speed 200-1K/Day] [0-6HRS],223.6032,50,10 000,Lifetime Refill,17 minutes,,,961.49376
11432,YouTube Shares - [TURKEY] [FACEBOOK] [Lifetime Refill] [Max 10K] [Speed 200-1K/Day] [0-6HRS],129.4,100,10 000,Lifetime Refill,16 minutes,,,556.42
11433,YouTube Shares - [TURKEY] [TWITTER] [Lifetime Refill] [Max 10K] [Speed 200-1K/Day] [0-6HRS],129.4,100,10 000,Lifetime Refill,22 minutes,,,556.42
11434,YouTube Shares - [TURKEY] [REDDIT] [Lifetime Refill] [Max 10K] [Speed 200-1K/Day] [0-6HRS],129.4,100,10 000,Lifetime Refill,23 minutes,,,556.42
11435,YouTube Shares - [TURKEY] [PINTEREST] [Lifetime Refill] [Max 10K] [Speed 200-1K/Day] [0-6HRS],129.4,100,10 000,Lifetime Refill,23 minutes,,,556.42
11436,YouTube Shares - [TURKEY] [LINKEDIN] [Lifetime Refill] [Max 10K] [Speed 200-1K/Day] [0-6HRS],129.4,100,10 000,Lifetime Refill,23 minutes,,,556.42
11437,YouTube Shares - [TURKEY] [BLOGGER] [Lifetime Refill] [Max 10K] [Speed 200-1K/Day] [0-6HRS],129.4,100,10 000,Lifetime Refill,55 minutes,,,556.42
8102,YouTube Shares - [THAILAND] [FACEBOOK] [Lifetime Refill] [Max 10K] [Speed 200-10K/Day] [0-6HRS],129.4,100,10 000,Lifetime Refill,23 minutes,,,556.42
8103,YouTube Shares - [THAILAND] [TWITTER] [Lifetime Refill] [Max 10K] [Speed 200-10K/Day] [0-6HRS],129.4,100,10 000,Lifetime Refill,16 minutes,,,556.42
8104,YouTube Shares - [THAILAND] [REDDIT] [Lifetime Refill] [Max 10K] [Speed 200-10K/Day] [0-6HRS],129.4,100,10 000,Lifetime Refill,23 minutes,,,556.42
8105,YouTube Shares - [THAILAND] [PINTEREST] [Lifetime Refill] [Max 10K] [Speed 200-10K/Day] [0-6HRS],129.4,100,10 000,Lifetime Refill,16 minutes,,,556.42
8106,YouTube Shares - [THAILAND] [LINKEDIN] [Lifetime Refill] [Max 10K] [Speed 200-10K/Day] [0-6HRS],129.4,100,10 000,Lifetime Refill,11 minutes,,,556.42
8107,YouTube Shares - [THAILAND] [Odnoklassniki] [Lifetime Refill] [Max 10K] [Speed 200-10K/Day] [0-6HRS],129.4,100,10 000,Lifetime Refill,11 minutes,,,556.42
8108,YouTube Shares - [THAILAND] [TUMBLR] [Lifetime Refill] [Max 10K] [Speed 200-10K/Day] [0-6HRS],129.4,100,10 000,Lifetime Refill,11 minutes,,,556.42
8149,YouTube Shares - [SAUDI ARABIA] [FACEBOOK] [Lifetime Refill] [Max 10K] [Speed 200-10K/Day] [0-6HRS],129.4,100,10 000,Lifetime Refill,16 minutes,,,556.42
8150,YouTube Shares - [SAUDI ARABIA] [TWITTER] [Lifetime Refill] [Max 10K] [Speed 200-10K/Day] [0-6HRS],129.4,100,10 000,Lifetime Refill,16 minutes,,,556.42
8151,YouTube Shares - [SAUDI ARABIA] [REDDIT] [Lifetime Refill] [Max 10K] [Speed 200-10K/Day] [0-6HRS],129.4,100,10 000,Lifetime Refill,33 minutes,,,556.42
8152,YouTube Shares - [SAUDI ARABIA] [PINTEREST] [Lifetime Refill] [Max 10K] [Speed 200-10K/Day] [0-6HRS],129.4,100,10 000,Lifetime Refill,55 minutes,,,556.42
8153,YouTube Shares - [SAUDI ARABIA] [LINKEDIN] [Lifetime Refill] [Max 10K] [Speed 200-10K/Day] [0-6HRS],129.4,100,10 000,Lifetime Refill,55 minutes,,,556.42
8154,YouTube Shares - [SAUDI ARABIA] [BLOGGER] [Lifetime Refill] [Max 10K] [Speed 200-10K/Day] [0-6HRS],129.4,100,10 000,Lifetime Refill,55 minutes,,,556.42
8155,YouTube Shares - [SAUDI ARABIA] [TUMBLR] [Lifetime Refill] [Max 10K] [Speed 200-10K/Day] [0-6HRS],129.4,100,10 000,Lifetime Refill,17 minutes,,,556.42
8144,YouTube Shares - [TAIWAN] [FACEBOOK] [Lifetime Refill] [Max 10K] [Speed 200-10K/Day] [0-6HRS],129.4,100,10 000,Lifetime Refill,55 minutes,,,556.42
8145,YouTube Shares - [TAIWAN] [TWITTER] [Lifetime Refill] [Max 10K] [Speed 200-10K/Day] [0-6HRS],129.4,100,10 000,Lifetime Refill,17 minutes,,,556.42
8146,YouTube Shares - [TAIWAN] [REDDIT] [Lifetime Refill] [Max 10K] [Speed 200-10K/Day] [0-6HRS],129.4,100,10 000,Lifetime Refill,22 minutes,,,556.42
8147,YouTube Shares - [TAIWAN] [PINTEREST] [Lifetime Refill] [Max 10K] [Speed 200-10K/Day] [0-6HRS],129.4,100,10 000,Lifetime Refill,11 minutes,,,556.42
8148,YouTube Shares - [TAIWAN] [BLOGGER] [Lifetime Refill] [Max 10K] [Speed 200-10K/Day] [0-6HRS],129.4,100,10 000,Lifetime Refill,22 minutes,,,556.42
8110,YouTube Shares - [VIETNAM] [FACEBOOK] [Lifetime Refill] [Max 10K] [Speed 200-10K/Day] [0-6HRS],129.4,100,10 000,Lifetime Refill,33 minutes,,,556.42
8111,YouTube Shares - [VIETNAM] [TWITTER] [Lifetime Refill] [Max 10K] [Speed 200-10K/Day] [0-6HRS],129.4,100,10 000,Lifetime Refill,33 minutes,,,556.42
8112,YouTube Shares - [VIETNAM] [REDDIT] [Lifetime Refill] [Max 10K] [Speed 200-10K/Day] [0-6HRS],129.4,100,10 000,Lifetime Refill,16 minutes,,,556.42
8113,YouTube Shares - [VIETNAM] [PINTEREST] [Lifetime Refill] [Max 10K] [Speed 200-10K/Day] [0-6HRS],129.4,100,10 000,Lifetime Refill,16 minutes,,,556.42
8114,YouTube Shares - [VIETNAM] [LINKEDIN] [Lifetime Refill] [Max 10K] [Speed 200-10K/Day] [0-6HRS],129.4,100,10 000,Lifetime Refill,55 minutes,,,556.42
8115,YouTube Shares - [VIETNAM] [Odnoklassniki] [Lifetime Refill] [Max 10K] [Speed 200-10K/Day] [0-6HRS],129.4,100,10 000,Lifetime Refill,16 minutes,,,556.42
8116,YouTube Shares - [VIETNAM] [TUMBLR] [Lifetime Refill] [Max 10K] [Speed 200-10K/Day] [0-6HRS],129.4,100,10 000,Lifetime Refill,11 minutes,,,556.42
8117,YouTube Shares - [VIETNAM] [BLOGGER] [Lifetime Refill] [Max 10K] [Speed 200-10K/Day] [0-6HRS],129.4,100,10 000,Lifetime Refill,23 minutes,,,556.42
8118,YouTube Shares - [VIETNAM] [VKONTAKTE] [Lifetime Refill] [Max 10K] [Speed 200-1K/Day] [0-6HRS],129.4,100,10 000,Lifetime Refill,23 minutes,,,556.42
8119,YouTube Shares - [VIETNAM] [STUMBLEUPON] [Lifetime Refill] [Max 10K] [Speed 200-1K/Day] [0-6HRS],129.4,100,10 000,Lifetime Refill,33 minutes,,,556.42
16646,TikTok Followers | 𝐁𝐑𝐀𝐙𝐈𝐋 🇧🇷 | No Refill | 𝐍𝐚𝐭𝐮𝐫𝐚𝐥 𝐒𝐩𝐞𝐞𝐝 | Max 150K | Speed Up To 500/Day | 0-10 Mins,289.856,10,150 000,No Refill,4 hours 4 minutes,,,1246.3808
16645,TikTok Followers | 𝐁𝐑𝐀𝐙𝐈𝐋 🇧🇷 | 30 Days Refill ♻️ | 𝐍𝐚𝐭𝐮𝐫𝐚𝐥 𝐒𝐩𝐞𝐞𝐝 | Max 150K | 𝐙𝐞𝐫𝐨 𝐃𝐫𝐨𝐩 | Speed Up To 500/Day | 0-10 Mins,367.496,10,150 000,30 Days Refill,12 hours 35 minutes,,,1580.2328
16647,TikTok Likes | 𝐁𝐑𝐀𝐙𝐈𝐋 🇧🇷 | No Refill | 𝐇𝐢𝐠𝐡 𝐐𝐮𝐚𝐥𝐢𝐭𝐲 | Max 10M | Speed Up To 50K/Day | 0-5 Mins,31.056,10,10 000 000,No Refill,18 minutes,,,133.5408
16648,TikTok Likes | 𝐁𝐑𝐀𝐙𝐈𝐋 🇧🇷 | 30 Days Refill ♻️ | 𝐇𝐢𝐠𝐡 𝐐𝐮𝐚𝐥𝐢𝐭𝐲 | Max 10M | Speed Up To 50K/Day | 0-5 Mins,38.82,10,10 000 000,30 Days Refill,13 minutes,,,166.926
16509,TikTok Video Views | 30 Days Refill ♻️ | 𝟏𝟎𝟎% 𝐍𝐨𝐧-𝐃𝐫𝐨𝐩 | Max 10M | 𝐁𝐞𝐬𝐭 𝐈𝐧 𝐓𝐡𝐞 𝐌𝐚𝐫𝐤𝐞𝐭 | Speed 10M/Day | 0-5 Mins,9.058,100,10 000 000,30 Days Refill,10 minutes,,,38.9494
16508,TikTok Video Views | 15 Days Refill ♻️ | 𝟏𝟎𝟎% 𝐍𝐨𝐧-𝐃𝐫𝐨𝐩 | Max 10M | 𝐁𝐞𝐬𝐭 𝐈𝐧 𝐓𝐡𝐞 𝐌𝐚𝐫𝐤𝐞𝐭 | Speed 10M/Day | 0-5 Mins,7.764,100,10 000 000,15 Days Refill,3 minutes,,,33.3852
16510,TikTok Video Views | 7 Days Refill ♻️ | 𝟏𝟎𝟎% 𝐍𝐨𝐧-𝐃𝐫𝐨𝐩 | Max 10M | 𝐁𝐞𝐬𝐭 𝐈𝐧 𝐓𝐡𝐞 𝐌𝐚𝐫𝐤𝐞𝐭 | Speed 10M/Day | 0-5 Mins,7.764,100,10 000 000,7 Days Refill,1 hour 2 minutes,,,33.3852
16481,TikTok Likes + Views | No Refill | Max 1M | 🇧🇷 𝗕𝗿𝗮𝘇𝗶𝗹 & 𝗪𝗼𝗿𝗹𝗱𝗪𝗶𝗱𝗲 𝗠𝗶𝘅𝗲𝗱 | Speed Up To 50K/Day | 0-15 Mins,36.232,10,100 000,No Refill,33 minutes,,,155.7976
16482,TikTok Likes + Views | 3 Days Refill ♻️ | Max 1M | 🇧🇷 𝗕𝗿𝗮𝘇𝗶𝗹 & 𝗪𝗼𝗿𝗹𝗱𝗪𝗶𝗱𝗲 𝗠𝗶𝘅𝗲𝗱 | Speed Up To 50K/Day | 0-15 Mins,16.822,10,1 000 000,No Refill,77 hours 30 minutes,,,72.3346
16483,TikTok Likes + Views | 30 Days Refill ♻️ | Max 1M | 🇧🇷 𝗕𝗿𝗮𝘇𝗶𝗹 & 𝗪𝗼𝗿𝗹𝗱𝗪𝗶𝗱𝗲 𝗠𝗶𝘅𝗲𝗱 | Speed Up To 50K/Day | 0-15 Mins,67.288,10,100 000,30 Days Refill,17 minutes,,,289.3384
16595,TikTok Likes | 𝐋𝐨𝐰 𝐃𝐫𝐨𝐩 + 𝐅𝐚𝐬𝐭 | No Refill | Max 300K | Speed Up To 40K/Day | 0-5 Mins,18.116,10,300 000,No Refill,1 hour 18 minutes,,,77.8988
16596,TikTok Likes | 𝐋𝐨𝐰 𝐃𝐫𝐨𝐩 + 𝐅𝐚𝐬𝐭 | 10 Days Refill | Max 300K | Speed Up To 40K/Day | 0-5 Mins,18.116,10,300 000,No Refill,4 hours 22 minutes,,,77.8988
16597,TikTok Likes | 𝐋𝐨𝐰 𝐃𝐫𝐨𝐩 + 𝐅𝐚𝐬𝐭 | 20 Days Refill | Max 300K | Speed Up To 40K/Day | 0-5 Mins,20.704,10,300 000,No Refill,2 hours 27 minutes,,,89.0272
16598,TikTok Likes | 𝐋𝐨𝐰 𝐃𝐫𝐨𝐩 + 𝐅𝐚𝐬𝐭 | 30 Days Refill | Max 300K | Speed Up To 40K/Day | 0-5 Mins,34.938,10,300 000,30 Days Refill,2 hours 30 minutes,,,150.2334
16641,TikTok Likes | 𝐖𝐨𝐫𝐥𝐝𝐖𝐢𝐝𝐞 🌎 | No Refill | 𝐇𝐢𝐠𝐡 𝐐𝐮𝐚𝐥𝐢𝐭𝐲 & 𝐑𝐞𝐚𝐥 | Max 5M | 𝟏𝟎𝟎% 𝐍𝐨𝐧-𝐃𝐫𝐨𝐩 | Speed Up To 1K/Day | 0-20 Mins,97.05,10,5 000 000,No Refill,46 hours 56 minutes,,,417.315
16642,TikTok Likes | 𝐖𝐨𝐫𝐥𝐝𝐖𝐢𝐝𝐞 🌎 | 30 Days Refill ♻️ | 𝐇𝐢𝐠𝐡 𝐐𝐮𝐚𝐥𝐢𝐭𝐲 & 𝐑𝐞𝐚𝐥 | Max 5M | 𝟏𝟎𝟎% 𝐍𝐨𝐧-𝐃𝐫𝐨𝐩 | Speed Up To 1K/Day | 0-20 Mins,120.342,10,5 000 000,30 Days Refill,14 hours 8 minutes,,,517.4706
16643,TikTok Likes | 𝐁𝐑𝐀𝐙𝐈𝐋 🇧🇷 | No Refill | 𝐇𝐢𝐠𝐡 𝐐𝐮𝐚𝐥𝐢𝐭𝐲 & 𝐑𝐞𝐚𝐥 | Max 5M | 𝟏𝟎𝟎% 𝐍𝐨𝐧-𝐃𝐫𝐨𝐩 | Speed Up To 1K/Day | 0-20 Mins,97.05,10,5 000 000,No Refill,44 hours 36 minutes,,,417.315
16644,TikTok Likes | 𝐁𝐑𝐀𝐙𝐈𝐋 🇧🇷 | 30 Days Refill ♻️ | 𝐇𝐢𝐠𝐡 𝐐𝐮𝐚𝐥𝐢𝐭𝐲 & 𝐑𝐞𝐚𝐥 | Max 5M | 𝟏𝟎𝟎% 𝐍𝐨𝐧-𝐃𝐫𝐨𝐩 | Speed Up To 1K/Day | 0-20 Mins,120.342,10,5 000 000,30 Days Refill,35 hours 3 minutes,,,517.4706
16578,TikTok Followers | 𝐎𝐥𝐝 𝐀𝐜𝐜𝐨𝐮𝐧𝐭𝐬 𝐖𝐢𝐭𝐡 𝐏𝐨𝐬𝐭 | 30 Days Refill | Max 500K | Speed Up To 20K/Day | INSTANT,530.54,10,500 000,30 Days Refill,3 hours 10 minutes,,,2281.322
16577,TikTok Followers | 𝐎𝐥𝐝 𝐀𝐜𝐜𝐨𝐮𝐧𝐭𝐬 𝐖𝐢𝐭𝐡 𝐏𝐨𝐬𝐭 | 15 Days Refill | Max 500K | Speed Up To 20K/Day | INSTANT,335.146,10,500 000,15 Days Refill,29 hours 53 minutes,,,1441.1278
16580,TikTok Followers | 𝐎𝐥𝐝 𝐀𝐜𝐜𝐨𝐮𝐧𝐭𝐬 𝐖𝐢𝐭𝐡 𝐏𝐨𝐬𝐭 | 30 Days Refill | Max 200K | Speed Up To 10K/Day | INSTANT,350.674,10,200 000,30 Days Refill,2 hours 40 minutes,,,1507.8982
16579,TikTok Followers | 𝐎𝐥𝐝 𝐀𝐜𝐜𝐨𝐮𝐧𝐭𝐬 𝐖𝐢𝐭𝐡 𝐏𝐨𝐬𝐭 | 15 Days Refill | Max 200K | Speed Up To 10K/Day | INSTANT,471.016,10,200 000,15 Days Refill,11 hours 19 minutes,,,2025.3688
16347,TikTok Followers | No Refill | 𝐍𝐨 𝐒𝐭𝐮𝐜𝐤 𝐈𝐬𝐬𝐮𝐞 | Max 500K | Speed Up To 20K/Day | 0-15 Mins ᴺᴱᵂ,214.804,10,500 000,No Refill,17 hours 29 minutes,,,923.6572
16538,TikTok Followers | 15 Days Refill ♻️ | 𝐕𝐞𝐫𝐲 𝐋𝐨𝐰 𝐃𝐫𝐨𝐩 | Max 5M | Speed Up To 5K/Day | 𝐑𝐞𝐟𝐢𝐥𝐥 & 𝐂𝐚𝐧𝐜𝐞𝐥 𝐁𝐮𝐭𝐭𝐨𝐧 𝐖𝐨𝐫𝐤𝐢𝐧𝐠 | 0-30 Mins,432.196,10,5 000 000,15 Days Refill,20 hours 34 minutes,,,1858.4428
16539,TikTok Followers | 30 Days Refill ♻️ | 𝐕𝐞𝐫𝐲 𝐋𝐨𝐰 𝐃𝐫𝐨𝐩 | Max 5M | Speed Up To 5K/Day | 𝐑𝐞𝐟𝐢𝐥𝐥 & 𝐂𝐚𝐧𝐜𝐞𝐥 𝐁𝐮𝐭𝐭𝐨𝐧 𝐖𝐨𝐫𝐤𝐢𝐧𝐠 | 0-30 Mins,451.606,10,5 000 000,30 Days Refill,11 hours 33 minutes,,,1941.9058
16388,TikTok Followers | No Refill | Max 100K | Speed Up To 300/HR | 0-3 HRS,239.39,10,1 000 000,No Refill,4 hours 42 minutes,,,1029.377
16389,TikTok Followers | 15 Days Refill ♻️ | 𝐍𝐨 𝐃𝐫𝐨𝐩𝐬 | Max 100K | Speed Up To 300/HR | 0-3 HRS,407.61,10,100 000,15 Days Refill,8 hours 33 minutes,,,1752.723
16390,TikTok Followers | 30 Days Refill ♻️ | 𝐍𝐨 𝐃𝐫𝐨𝐩𝐬 | Max 100K | Speed Up To 300/HR | 0-3 HRS,423.138,10,100 000,30 Days Refill,9 hours 47 minutes,,,1819.4934
16519,TikTok Followers | No Refill | 𝐋𝐨𝐰 𝐃𝐫𝐨𝐩 | Max 1M | Speed Up To 2K/Day | 0-5 Mins,194.1,10,1 000 000,No Refill,28 hours 57 minutes,,,834.63
16494,TikTok Likes + Views | 30 Days Refill ♻️ | Max 500K | 𝐋𝐨𝐰𝐞𝐬𝐭 𝐃𝐫𝐨𝐩 𝐀𝐟𝐭𝐞𝐫 𝐔𝐩𝐝𝐚𝐭𝐞 | Speed 40K/Day | 0-5 Mins,38.82,10,1 000 000,30 Days Refill,13 minutes,,,166.926
16493,TikTok Likes | 30 Days Refill ♻️ | Max 100K | 𝐒𝐔𝐏𝐄𝐑 𝐅𝐀𝐒𝐓 | Speed 25K/Day | 0-5 Mins,40.114,10,100 000,30 Days Refill,14 minutes,,,172.4902
16491,TikTok Likes | 10 Days Refill ♻️ | Max 5M | 𝟏𝟎𝟎% 𝐇𝐐 & 𝐍𝐨𝐧-𝐃𝐫𝐨𝐩 | Speed 1K/Day | 0-3 Mins,69.876,10,5 000 000,No Refill,11 hours 35 minutes,,,300.4668
16492,TikTok Likes | 30 Days Refill ♻️ | Max 5M | 𝟏𝟎𝟎% 𝐇𝐐 & 𝐍𝐨𝐧-𝐃𝐫𝐨𝐩 | Speed 1K/Day | 0-3 Mins,75.052,10,5 000 000,30 Days Refill,12 hours 57 minutes,,,322.7236
16354,TikTok Likes | Max 100K | No Refill | 𝟏𝟎𝟎% 𝐑𝐞𝐚𝐥 𝐀𝐜𝐜𝐨𝐮𝐧𝐭𝐬 & 𝐒𝐮𝐩𝐞𝐫 𝐅𝐚𝐬𝐭 | Speed Up To 50K/Day | 0-5 Mins,40.114,10,100 000,No Refill,16 minutes,,,172.4902
16355,TikTok Likes | Max 100K | 30 Days Refill ♻️ | 𝟏𝟎𝟎% 𝐑𝐞𝐚𝐥 𝐀𝐜𝐜𝐨𝐮𝐧𝐭𝐬 & 𝐒𝐮𝐩𝐞𝐫 𝐅𝐚𝐬𝐭 | Speed Up To 50K/Day | 0-30 Mins,42.702,10,100 000,30 Days Refill,38 minutes,,,183.6186
16558,TikTok Likes | No Refill | Max 300K | Speed Up To 10K Day | 0-15 Mins,24.586,10,300 000,No Refill,8 minutes,,,105.7198
16353,TikTok Likes | Max 500K | No Refill | Speed Up To 50K/Day | 0-30 Mins,16.822,10,500 000,No Refill,4 hours 39 minutes,,,72.3346
16559,TikTok Likes | 30 Days Refill ♻️ | Max 300K | Speed Up To 10K Day | 0-15 Mins,49.172,10,300 000,30 Days Refill,39 minutes,,,211.4396
16350,TikTok Likes | Max 1M | No Refill | Speed Up To 100K/Day | 0-5 Mins,34.938,10,1 000 000,No Refill,4 hours 19 minutes,,,150.2334
16554,TikTok Likes | No Refill | 𝐒𝐮𝐩𝐞𝐫 𝐅𝐚𝐬𝐭 | Max 1M | Speed Up To 200K Day | 0-5 Mins,25.88,10,1 000 000,No Refill,47 minutes,,,111.284
16630,TikTok Likes | No Refill | Max 1M | Speed Up To 50K Day | 0-5 Mins ᴺᴱᵂ,29.762,10,1 000 000,No Refill,32 minutes,,,127.9766
16351,TikTok Likes | Max 1M | 𝐍𝐨𝐧-𝐃𝐫𝐨𝐩 | 15 Days Refill ♻️ | Speed Up To 100K/Day | 0-5 Mins,51.76,10,1 000 000,15 Days Refill,4 hours 45 minutes,,,222.568
16555,TikTok Likes | No Refill | 𝐆𝐨𝐨𝐝 𝐐𝐮𝐚𝐥𝐢𝐭𝐲 | Max 500K | Speed Up To 50K Day | 0-5 Mins,12.94,10,500 000,No Refill,8 hours 51 minutes,,,55.642
16352,TikTok Likes | Max 1M | 𝐍𝐨𝐧-𝐃𝐫𝐨𝐩 | 30 Days Refill ♻️ | Speed Up To 100K/Day | 0-5 Mins,59.524,10,1 000 000,30 Days Refill,5 hours 2 minutes,,,255.9532
16556,TikTok Likes | No Refill | 𝐋𝐨𝐰 𝐃𝐫𝐨𝐩 | Max 100K | Speed Up To 50K Day | 0-2 Mins,32.35,10,10 000 000,No Refill,6 hours 15 minutes,,,139.105
16557,TikTok Likes | 30 Days Refill ♻️ | 𝐋𝐨𝐰 𝐃𝐫𝐨𝐩 | Max 100K | Speed Up To 50K Day | 0-2 Mins,19.41,10,1 000 000,30 Days Refill,65 hours,,,83.463
8585,TikTok Live Streaming Views [15 Minutes] [Max 50K] [INSTANT],405.022,50,50 000,No Refill,24 minutes,,,1741.5946
8586,TikTok Live Streaming Views [30 Minutes] [Max 50K] [INSTANT],808.75,50,50 000,No Refill,1 hour 26 minutes,,,3477.625
8587,TikTok Live Streaming Views [60 Minutes] [Max 50K] [INSTANT],1617.5,50,50 000,No Refill,1 hour 1 minute,,,6955.25
8588,TikTok Live Streaming Views [90 Minutes] [Max 50K] [INSTANT],2426.25,50,50 000,No Refill,2 hours 59 minutes,,,10432.875
8589,TikTok Live Streaming Views [120 Minutes] [Max 50K] [INSTANT],3235,50,50 000,No Refill,57 hours 9 minutes,,,13910.5
8590,TikTok Live Streaming Views [180 Minutes] [Max 50K] [INSTANT],4852.5,50,50 000,No Refill,11 minutes,,,20865.75
8591,TikTok Live Streaming Views [240 Minutes] [Max 50K] [INSTANT],6470,50,50 000,No Refill,23 minutes,,,27821
16082,🇧🇷 TikTok Followers [BRAZIL 🇧🇷] | 30 Days Refill | 𝐇𝐢𝐠𝐡 𝐐𝐮𝐚𝐥𝐢𝐭𝐲 | Max 300K | Speed 15K/Day | 0-30 Mins,362.32,10,100 000,30 Days Refill,2 hours 56 minutes,,,1557.976
16080,🇧🇷 TikTok Followers [BRAZIL 🇧🇷] | No Refill | Max 100K | Speed 10K/Day | 0-1HR,278.21,10,100 000,No Refill,4 hours 3 minutes,,,1196.303
16086,🇧🇷 TikTok Followers [BRAZIL 🇧🇷] | 15 Days Refill | Max 100K | Speed 10K/Day | 0-1HR,284.68,10,100 000,15 Days Refill,2 hours 45 minutes,,,1224.124
16085,🇧🇷 TikTok Followers [BRAZIL 🇧🇷] | 30 Days Refill | Max 100K | Speed 10K/Day | 0-1HR,355.85,10,100 000,30 Days Refill,3 hours 59 minutes,,,1530.155
16083,🇧🇷 TikTok Likes + Views [BRAZIL 🇧🇷] | 30 Days Refill | Max 1M | Speed 30K/Day | 0-1 HR,29.762,10,10 000 000,30 Days Refill,10 minutes,,,127.9766
16778,TikTok Followers | No Refill | Max 500K | Cheapest In The Market | Speed Up To 10K/Day | INSTANT,168.22,10,500 000,No Refill,4 hours 45 minutes,,,723.346
16779,TikTok Followers | No Refill | Max 500K | Cheapest In The Market | Speed Up To 10K/Day | INSTANT,174.69,10,500 000,No Refill,2 hours 2 minutes,,,751.167
16777,TikTok Followers | No Refill | Max 500K | Cheapest In The Market | Speed Up To 5K/Day | INSTANT,161.75,10,500 000,No Refill,3 hours 33 minutes,,,695.525
16172,TikTok Followers | Max 1M | No Refill | 𝐇𝐢𝐠𝐡 𝐐𝐮𝐚𝐥𝐢𝐭𝐲 | Speed Up To 50K/Day | Non-Drop | 𝐎𝐧𝐞 𝐂𝐥𝐢𝐜𝐤 𝐒𝐭𝐚𝐫𝐭,165.632,10,1 000 000,No Refill,20 hours,,,712.2176
16186,TikTok Followers [No Refill] [Max 500K] [Speed Up To 70K/Day] [0-5 Mins],216.098,10,500 000,No Refill,28 hours 29 minutes,,,929.2214
16057,TikTok Followers [No Refill] [Max 1M] [𝐑𝐞𝐚𝐥 & 𝐎𝐫𝐠𝐚𝐧𝐢𝐜] [Speed Up To 100K/Day] [𝐎𝐧𝐞 𝐂𝐥𝐢𝐜𝐤 𝐒𝐭𝐚𝐫𝐭],210.922,10,1 000 000,No Refill,14 hours 8 minutes,,,906.9646
16333,TikTok Followers | No Refill | 𝐖𝐨𝐫𝐥𝐝𝐖𝐢𝐝𝐞 | Speed Up To 5K Day | 𝐍𝐨 𝐃𝐫𝐨𝐩𝐬 | 0-15 Mins ᴺᴱᵂ,267.858,10,1 000 000,No Refill,2 hours 31 minutes,,,1151.7894
13244,TikTok Followers - [No Refill] [Max 100K] [Speed 5-10K/Day] [INSTANT],129.4,20,100 000,No Refill,62 hours 24 minutes,,,556.42
17480,TikTok Followers | No Refill | Max 300K | 𝐇𝐐 & 𝐑𝐞𝐚𝐥 | Speed Up To 10K/Day | INSTANT,152.692,10,300 000,No Refill,15 hours 7 minutes,,,656.5756
16634,TikTok Followers | No Refill | Max 100K | 𝟏𝟎𝟎% 𝐏𝐫𝐨𝐟𝐢𝐥𝐞 𝐏𝐢𝐜𝐭𝐮𝐫𝐞𝐬 | Speed Up To 300/HR | INSTANT,168.22,10,100 000,No Refill,95 hours 28 minutes,,,723.346
13666,TikTok Followers | No Refill | 𝐎𝐋𝐃 𝐀𝐂𝐂𝐎𝐔𝐍𝐓𝐒 + 𝐀𝐋𝐖𝐀𝐘𝐒 𝐅𝐀𝐒𝐓 | Max 1M | Speed 50K/Day | 0-1 Min,155.28,10,1 000 000,No Refill,2 hours 14 minutes,,,667.704
16113,TikTok Followers [No Refill] [Max 50K] [𝐆𝐨𝐨𝐝 𝐐𝐮𝐚𝐥𝐢𝐭𝐲 + 𝐏𝐢𝐜𝐭𝐮𝐫𝐞𝐬] [Low Drop] [Speed Up To 50K/Day] [0-5 Mins],126.812,10,1 000 000,No Refill,19 hours 9 minutes,,,545.2916
16348,TikTok Followers | No Refill | 𝐇𝐢𝐠𝐡 𝐐𝐮𝐚𝐥𝐢𝐭𝐲 | Max 500K | Speed Up To 𝟐𝐊/𝐇𝐑 | 0-5 Mins ᴺᴱᵂ,218.686,10,500 000,No Refill,2 hours 16 minutes,,,940.3498
17489,TikTok Followers | No Refill | Max 50K | Speed 25K/Day ⚡| Low Drop | 0-10 Mins,414.08,20,50 000,No Refill,29 hours 12 minutes,,,1780.544
13361,TikTok Followers - No Refill | Max 100K | 𝟏𝟎𝟎% 𝐑𝐞𝐚𝐥 𝐀𝐜𝐜𝐨𝐮𝐧𝐭𝐬 | STABLE SERVICE | Speed Up To 5K/HR | 0-30Mins,219.98,10,1 000 000,No Refill,10 hours 37 minutes,,,945.914
16117,TikTok Followers [No Refill] [Max 100K] [Worldwide 🌍] [Low Drop] [Speed Up To 3K/HR] [0-15 Mins],142.34,10,100 000,No Refill,25 hours 28 minutes,,,612.062
8427,TikTok Followers - [No Refill] [⭐ 𝐑𝐞𝐚𝐥 𝐐𝐮𝐚𝐥𝐢𝐭𝐲 𝐀𝐜𝐜𝐨𝐮𝐧𝐭𝐬] [Max 100K] [Speed 50K/Day] [INSTANT],218.686,10,1 000 000,No Refill,5 hours 27 minutes,,,940.3498
8414,TikTok Followers - [No Refill] [⭐ 𝐑𝐞𝐚𝐥 𝐐𝐮𝐚𝐥𝐢𝐭𝐲 𝐀𝐜𝐜𝐨𝐮𝐧𝐭𝐬] [Max 1M] [Speed 50-100K/Day] [INSTANT] 🚀🚀⚡⚡,161.75,50,1 000 000,No Refill,17 hours 1 minute,,,695.525
8417,TikTok Followers - [No Refill] [𝟏𝟎𝟎% 𝐇𝐐 & 𝐑𝐞𝐚𝐥 𝐀𝐜𝐜𝐨𝐮𝐧𝐭𝐬] [Max 150K] [⚡Speed 30K/Day] [INSTANT] 🚀⛔,301.502,100,150 000,No Refill,7 hours 19 minutes,,,1296.4586
13362,TikTok Followers - No Refill | Max 500K | 𝟏𝟎𝟎% 𝐑𝐞𝐚𝐥 𝐀𝐜𝐜𝐨𝐮𝐧𝐭𝐬 | STABLE SERVICE | Speed Up To 50K/Day | 0-1HR,402.434,50,500 000,No Refill,22 minutes,,,1730.4662
4698,TikTok Followers [No Refill] [𝐒𝐔𝐏𝐄𝐑 𝐅𝐀𝐒𝐓] [Max 3M] [Speed 100K/Day] [INSTANT],263.976,50,3 000 000,No Refill,7 hours 17 minutes,,,1135.0968
10718,TikTok Followers - [No Refill] [Max 100K] [𝐍𝐨𝐧-𝐃𝐫𝐨𝐩] [WORLDWIDE] [Speed 10-20K/Day] [0-5 Mins] ⚡🔥,693.584,50,100 000,No Refill,11 minutes,,,2982.4112
8537,TikTok Followers - [𝐖𝐨𝐫𝐥𝐝𝐰𝐢𝐝𝐞 🌎] [30 Days Refill] [Max 300K] [Speed 80K/Day] [0-15 Minutes],432.196,50,300 000,30 Days Refill,6 minutes,,,1858.4428
16411,TikTok Followers | 𝐎𝐥𝐝 𝐀𝐜𝐜𝐨𝐮𝐧𝐭𝐬 𝐖𝐢𝐭𝐡 𝐏𝐨𝐬𝐭 | No Refill | 𝐋𝐨𝐰 𝐃𝐫𝐨𝐩 | Max 500K | Speed Up To 40K/Day | 0-5 Mins,289.856,10,500 000,No Refill,33 minutes,,,1246.3808
16513,TikTok Followers | 30 Days Refill ♻️ | 𝐍𝐨 𝐒𝐭𝐮𝐜𝐤 𝐈𝐬𝐬𝐮𝐞 | Max 100K | 10-20% Drop | Speed Up To 2K/Day | 0-5 Mins ⛔,258.8,10,100 000,30 Days Refill,9 hours 45 minutes,,,1112.84
16412,TikTok Followers | 𝐎𝐥𝐝 𝐀𝐜𝐜𝐨𝐮𝐧𝐭𝐬 𝐖𝐢𝐭𝐡 𝐏𝐨𝐬𝐭 | 10 Days Refill | 𝐋𝐨𝐰 𝐃𝐫𝐨𝐩 | Max 500K | Speed Up To 40K/Day | 0-5 Mins,518.894,15,500 000,No Refill,17 minutes,,,2231.2442
16512,TikTok Followers | 15 Days Refill ♻️ | 𝐍𝐨 𝐒𝐭𝐮𝐜𝐤 𝐈𝐬𝐬𝐮𝐞 | Max 100K | 10-20% Drop | Speed Up To 2K/Day | 0-5 Mins ⛔,251.036,10,100 000,15 Days Refill,3 hours 22 minutes,,,1079.4548
16182,TikTok Followers | Max 1M | 15 Days Refill | 𝐇𝐢𝐠𝐡 𝐐𝐮𝐚𝐥𝐢𝐭𝐲 | Speed Up To 50K/Day | 𝐖𝐨𝐫𝐤𝐢𝐧𝐠 𝐑𝐞𝐟𝐢𝐥𝐥 𝐁𝐮𝐭𝐭𝐨𝐧 | Non-Drop | 𝐎𝐧𝐞 𝐂𝐥𝐢𝐜𝐤 𝐒𝐭𝐚𝐫𝐭,322.206,10,1 000 000,15 Days Refill,55 minutes,,,1385.4858
13364,TikTok Followers | 30 Days Refill | Max 1M | 𝟏𝟎𝟎% 𝐑𝐞𝐚𝐥 𝐀𝐜𝐜𝐨𝐮𝐧𝐭𝐬 | STABLE SERVICE | Speed Up To 2K/HR | 0-1HR,322.206,50,1 000 000,30 Days Refill,57 minutes,,,1385.4858
16183,TikTok Followers | Max 1M | 30 Days Refill | 𝐇𝐢𝐠𝐡 𝐐𝐮𝐚𝐥𝐢𝐭𝐲 | Speed Up To 50K/Day | 𝐖𝐨𝐫𝐤𝐢𝐧𝐠 𝐑𝐞𝐟𝐢𝐥𝐥 𝐁𝐮𝐭𝐭𝐨𝐧 | Non-Drop | 𝐎𝐧𝐞 𝐂𝐥𝐢𝐜𝐤 𝐒𝐭𝐚𝐫𝐭,322.206,10,1 000 000,30 Days Refill,6 hours 54 minutes,,,1385.4858
16188,TikTok Followers [15 Days Refill] [Max 500K] [Speed Up To 70K/Day] [0-5 Mins],216.098,10,100 000,15 Days Refill,21 hours 20 minutes,,,929.2214
16413,TikTok Followers | 𝐎𝐥𝐝 𝐀𝐜𝐜𝐨𝐮𝐧𝐭𝐬 𝐖𝐢𝐭𝐡 𝐏𝐨𝐬𝐭 | 20 Days Refill | 𝐋𝐨𝐰 𝐃𝐫𝐨𝐩 | Max 500K | Speed Up To 40K/Day | 0-5 Mins,340.322,10,500 000,No Refill,23 minutes,,,1463.3846
16511,TikTok Followers | 7 Days Refill ♻️ | 𝐍𝐨 𝐒𝐭𝐮𝐜𝐤 𝐈𝐬𝐬𝐮𝐞 | Max 100K | 10-20% Drop | Speed Up To 2K/Day | 0-5 Mins ⛔,243.272,10,100 000,7 Days Refill,3 hours 6 minutes,,,1046.0696
15421,🆕 TikTok Followers - 30 Days Refill | Max 100K | 𝐒𝐓𝐀𝐁𝐋𝐄 𝐒𝐄𝐑𝐕𝐈𝐂𝐄 | Speed Upto 70K/Day | 𝐅𝐀𝐒𝐓 𝐒𝐓𝐀𝐑𝐓,322.206,10,100 000,30 Days Refill,29 minutes,,,1385.4858
16334,TikTok Followers | 10 Days Refill Button Enabled ♻️ | 𝐖𝐨𝐫𝐥𝐝𝐖𝐢𝐝𝐞 | Speed Up To 5K Day | 𝐍𝐨 𝐃𝐫𝐨𝐩𝐬 | 0-15 Mins ᴺᴱᵂ,419.256,10,10 000 000,No Refill,1 hour 14 minutes,,,1802.8008
16410,TikTok Followers | 𝐎𝐥𝐝 𝐀𝐜𝐜𝐨𝐮𝐧𝐭𝐬 𝐖𝐢𝐭𝐡 𝐏𝐨𝐬𝐭 | 30 Days Refill | 𝐋𝐨𝐰 𝐃𝐫𝐨𝐩 | Max 500K | Speed Up To 40K/Day | 0-5 Mins,577.124,15,500 000,30 Days Refill,33 minutes,,,2481.6332
13247,TikTok Followers - [𝐑𝐞𝐚𝐥 + 𝐄𝐧𝐠𝐥𝐢𝐬𝐡 𝐏𝐫𝐨𝐟𝐢𝐥𝐞𝐬] [30 Days Refill] [Max 300K] [Speed 20K/Day] [INSTANT],439.96,10,1 000 000,30 Days Refill,33 minutes,,,1891.828
16200,TikTok Followers | Max 50K | 7 Days Refill | 𝐇𝐢𝐠𝐡 𝐐𝐮𝐚𝐥𝐢𝐭𝐲 | Speed Up To 20K/Day | Non-Drop | 𝐎𝐧𝐞 𝐂𝐥𝐢𝐜𝐤 𝐒𝐭𝐚𝐫𝐭,156.574,10,1 000 000,7 Days Refill,21 hours 18 minutes,,,673.2682
16335,TikTok Followers | 30 Days Refill Button Enabled ♻️ | 𝐖𝐨𝐫𝐥𝐝𝐖𝐢𝐝𝐞 | Speed Up To 5K Day | 𝐍𝐨 𝐃𝐫𝐨𝐩𝐬 | 0-15 Mins ᴺᴱᵂ,459.37,10,5 000 000,30 Days Refill,9 hours 48 minutes,,,1975.291
16391,TikTok Followers | 7 Days Refill ♻️ | 𝐇𝐢𝐠𝐡 𝐐𝐮𝐚𝐥𝐢𝐭𝐲 | Max 1M | 𝐑𝐞𝐟𝐢𝐥𝐥 𝐁𝐮𝐭𝐭𝐨𝐧 𝐄𝐧𝐚𝐛𝐥𝐞𝐝 | Speed Up To 30K/Day | 0-10 Mins,244.566,10,1 000 000,7 Days Refill,11 hours 57 minutes,,,1051.6338
16161,TikTok Followers [30 Days Refill] [Max 50K] [𝐆𝐨𝐨𝐝 𝐐𝐮𝐚𝐥𝐢𝐭𝐲 + 𝐏𝐢𝐜𝐭𝐮𝐫𝐞𝐬] [Low Drop] [Speed Up To 50K/Day] [0-5 Mins],438.666,10,1 000 000,15 Days Refill,89 hours 8 minutes,,,1886.2638
16201,TikTok Followers | Max 50K | 15 Days Refill | 𝐇𝐢𝐠𝐡 𝐐𝐮𝐚𝐥𝐢𝐭𝐲 | Speed Up To 20K/Day | Non-Drop | 𝐎𝐧𝐞 𝐂𝐥𝐢𝐜𝐤 𝐒𝐭𝐚𝐫𝐭,282.092,10,1 000 000,15 Days Refill,22 minutes,,,1212.9956
16392,TikTok Followers | 15 Days Refill ♻️ | 𝐇𝐢𝐠𝐡 𝐐𝐮𝐚𝐥𝐢𝐭𝐲 | Max 1M | 𝐑𝐞𝐟𝐢𝐥𝐥 𝐁𝐮𝐭𝐭𝐨𝐧 𝐄𝐧𝐚𝐛𝐥𝐞𝐝 | Speed Up To 30K/Day | 0-10 Mins,275.622,10,1 000 000,15 Days Refill,17 hours 58 minutes,,,1185.1746
17490,TikTok Followers | ♻️ 7 Days Refill | Max 50K | Speed 25K/Day ⚡| Low Drop | 0-10 Mins,445.136,20,50 000,7 Days Refill,55 minutes,,,1914.0848
16059,TikTok Followers [15 Days Refill] [Max 1M] [𝐑𝐞𝐚𝐥 & 𝐎𝐫𝐠𝐚𝐧𝐢𝐜] [Speed Up To 100K/Day] [𝐎𝐧𝐞 𝐂𝐥𝐢𝐜𝐤 𝐒𝐭𝐚𝐫𝐭],468.428,10,5 000 000,15 Days Refill,11 minutes,,,2014.2404
16393,TikTok Followers | 30 Days Refill ♻️ | 𝐇𝐢𝐠𝐡 𝐐𝐮𝐚𝐥𝐢𝐭𝐲 | Max 1M | 𝐑𝐞𝐟𝐢𝐥𝐥 𝐁𝐮𝐭𝐭𝐨𝐧 𝐄𝐧𝐚𝐛𝐥𝐞𝐝 | Speed Up To 30K/Day | 0-10 Mins,261.388,10,1 000 000,30 Days Refill,103 hours 23 minutes,,,1123.9684
17491,TikTok Followers | ♻️ 14 Days Refill | Max 50K | Speed 25K/Day ⚡| Low Drop | 0-10 Mins,502.072,20,50 000,No Refill,48 hours 20 minutes,,,2158.9096
15859,TikTok Followers [14 Days Refill] [Max 1M] [Speed 30K/Day] [0-30 Mins],275.622,10,1 000 000,No Refill,17 minutes,,,1185.1746
16118,TikTok Followers [7 Days Refill] [Max 100K] [Worldwide 🌍] [Low Drop] [Speed Up To 3K/HR] [0-15 Mins],142.34,10,100 000,7 Days Refill,30 hours 3 minutes,,,612.062
15861,TikTok Followers [30 Days Refill] [No Drop] [Max 1M] [Speed 20K/Day] [0-1HR],414.08,50,10 000 000,30 Days Refill,23 minutes,,,1780.544
16116,TikTok Followers [15 Days Refill] [Max 100K] [Worldwide 🌍] [Low Drop] [Speed Up To 3K/HR] [0-15 Mins],210.922,10,100 000,15 Days Refill,24 hours 12 minutes,,,906.9646
15502,TikTok Followers | 30 Days Refill | 𝐎𝐋𝐃 𝐀𝐂𝐂𝐎𝐔𝐍𝐓𝐒 + 𝐀𝐋𝐖𝐀𝐘𝐒 𝐅𝐀𝐒𝐓 | Max 1M | Refill Button | Speed 20K/HR | 0-1 Min,401.14,50,1 000 000,30 Days Refill,8 hours 11 minutes,,,1724.902
15501,TikTok Followers | 30 Days Refill | 𝐎𝐋𝐃 𝐀𝐂𝐂𝐎𝐔𝐍𝐓𝐒 + 𝐀𝐋𝐖𝐀𝐘𝐒 𝐅𝐀𝐒𝐓 | Max 300K | Refill Button | Speed 10K/D | 0-1 Min,427.02,10,1 000 000,30 Days Refill,31 hours 36 minutes,,,1836.186
16060,TikTok Followers [30 Days Refill] [Max 1M] [𝐑𝐞𝐚𝐥 & 𝐎𝐫𝐠𝐚𝐧𝐢𝐜] [Speed Up To 100K/Day] [𝐎𝐧𝐞 𝐂𝐥𝐢𝐜𝐤 𝐒𝐭𝐚𝐫𝐭],386.906,10,1 000 000,30 Days Refill,22 hours 17 minutes,,,1663.6958
13363,TikTok Followers - 30 Days Refill | Max 1M | 𝟏𝟎𝟎% 𝐑𝐞𝐚𝐥 𝐀𝐜𝐜𝐨𝐮𝐧𝐭𝐬 | STABLE SERVICE | Speed Up To 100K/Day | 𝐅𝐀𝐒𝐓 𝐒𝐓𝐀𝐑𝐓,300.208,20,1 000 000,30 Days Refill,29 hours 12 minutes,,,1290.8944
10689,TikTok Followers | 30 Days Refill | Max 5M | 𝐍𝐨𝐧-𝐃𝐫𝐨𝐩 | Speed 100K/Day | Refill Button | 0-10 Mins,342.91,10,5 000 000,60 Days Refill,27 hours 4 minutes,,,1474.513
10674,TikTok Followers | 30 Days Refill | Max 5M | 𝐍𝐨𝐧-𝐃𝐫𝐨𝐩 | Speed 100K/Day | Refill Button | 0-10 Mins,349.38,10,5 000 000,30 Days Refill,1 hour 37 minutes,,,1502.334
13384,TikTok Followers - 10 Days Refill | Max 200K | STABLE SERVICE | Speed UPTO 50K/Day | 0-1HR,427.02,10,1 000 000,No Refill,17 minutes,,,1836.186
12752,TikTok Followers - [𝟏𝟎𝟎% 𝐑𝐞𝐚𝐥 𝐀𝐜𝐜𝐨𝐮𝐧𝐭𝐬] [30 Days Refill] [Max 500K] [Speed 100K/Day] [0-5 Mins],327.382,50,500 000,30 Days Refill,2 hours,,,1407.7426
12750,TikTok Followers - [🌎 𝐑𝐞𝐚𝐥 𝐆𝐥𝐨𝐛𝐚𝐥 𝐔𝐬𝐞𝐫𝐬] [30 Days Refill] [Max 1M] [Speed 50K/Day] [INSTANT],258.8,100,1 000 000,30 Days Refill,108 hours 59 minutes,,,1112.84
12753,TikTok Followers - [𝟏𝟎𝟎% 𝐰𝐢𝐭𝐡 𝐏𝐫𝐨𝐟𝐢𝐥𝐞 𝐏𝐢𝐜𝐭𝐮𝐫𝐞] [10 Days Refill] [Max 1M] [Speed 30-50K/Day] [INSTANT],203.158,10,1 000 000,No Refill,19 hours 39 minutes,,,873.5794
7172,TikTok Followers - [30 Days Refill] [Max 300K] [Speed 150K/Day] [𝐒𝐓𝐀𝐁𝐋𝐄 & 𝐅𝐀𝐒𝐓𝐄𝐒𝐓] [0-1HR] 🚀🚀,452.9,100,300 000,30 Days Refill,17 minutes,,,1947.47
12748,TikTok Followers - [𝟏𝟎𝟎% 𝐰𝐢𝐭𝐡 𝐏𝐫𝐨𝐟𝐢𝐥𝐞 𝐏𝐢𝐜𝐭𝐮𝐫𝐞] [30 Days Refill] [Max 100K] [Speed 5K/Day] [0-5Mins],517.6,50,100 000,30 Days Refill,33 minutes,,,2225.68
16132,TikTok Followers | No Refill | Max 300K | Speed Up To 30K/Day | 0-30 Mins,500.778,50,300 000,No Refill,4 minutes,,,2153.3454
16133,TikTok Followers | 𝐋𝐨𝐰 𝐃𝐫𝐨𝐩 | 7 Days Refill | Max 300K | Speed Up To 30K/Day | 0-30 Mins,327.382,10,5 000 000,7 Days Refill,15 hours 35 minutes,,,1407.7426
16134,TikTok Followers | 𝐋𝐨𝐰 𝐃𝐫𝐨𝐩 | 15 Days Refill | Max 300K | Speed Up To 30K/Day | 0-30 Mins,571.948,50,300 000,15 Days Refill,88 hours 30 minutes,,,2459.3764
16135,TikTok Followers | 𝐋𝐨𝐰 𝐃𝐫𝐨𝐩 | 30 Days Refill | Max 300K | Speed Up To 30K/Day | 0-30 Mins,608.18,10,1 000 000,30 Days Refill,11 minutes,,,2615.174
8947,TikTok Followers - [𝐑𝐄𝐀𝐋 & 𝐎𝐑𝐆𝐀𝐍𝐈𝐂] [𝐅𝐀𝐒𝐓] [30 Days Refill] [Max 50K] [Speed 50K/Day] [INSTANT],679.35,50,500 000,30 Days Refill,5 hours 4 minutes,,,2921.205
10605,TikTok Followers - [𝟏𝟎𝟎% 𝐎𝐑𝐆𝐀𝐍𝐈𝐂] [30 Days Refill] [Max 200K] [Speed 15K/Day] [0-15Mins],524.07,100,200 000,30 Days Refill,23 hours 37 minutes,,,2253.501
7999,TikTok Followers - [𝐑𝐄𝐀𝐋 & 𝐎𝐑𝐆𝐀𝐍𝐈𝐂] [30 Days Refill] [Max 300K] [Speed 1K/HR] [Always Instant],776.4,500,300 000,30 Days Refill,11 minutes,,,3338.52
8000,TikTok Followers - [𝐑𝐄𝐀𝐋 & 𝐎𝐑𝐆𝐀𝐍𝐈𝐂] [𝐁𝐞𝐬𝐭 𝐐𝐮𝐚𝐥𝐢𝐭𝐲] [30 Days Refill] [Max 200K] [Speed 5K/HR] [INSTANT],815.22,50,200 000,30 Days Refill,9 hours 17 minutes,,,3505.446
4823,TikTok Followers - [𝐑𝐄𝐀𝐋 & 𝐎𝐑𝐆𝐀𝐍𝐈𝐂] [30 Days Refill] [Max 100K] [Speed 2K/HR] [INSTANT],718.17,100,100 000,30 Days Refill,16 minutes,,,3088.131
10604,TikTok Followers - [𝟏𝟎𝟎% 𝐎𝐑𝐆𝐀𝐍𝐈𝐂] [30 Days Refill] [Max 50K] [Speed 15-20K/Day] [Always Instant],543.48,50,50 000,30 Days Refill,16 minutes,,,2336.964
10603,TikTok Followers - [𝟏𝟎𝟎% 𝐎𝐑𝐆𝐀𝐍𝐈𝐂] [30 Days Refill] [Max 75K] [Speed 10K/Day] [0-15Mins],892.86,100,80 000,30 Days Refill,16 minutes,,,3839.298
10691,🇧🇷 TikTok Followers - [𝐁𝐫𝐚𝐳𝐢𝐥 🇧🇷] [Lifetime Warranty] [Max 50K] [Speed 500-3K/Day] [0-2HRS],405.022,10,50 000,Lifetime Refill,13 minutes,,,1741.5946
10692,🇦🇪 TikTok Followers - [𝐔𝐀𝐄 🇦🇪] [Lifetime Warranty] [Max 50K] [Speed 500-3K/Day] [0-2HRS],405.022,10,50 000,Lifetime Refill,10 hours 6 minutes,,,1741.5946
10693,🇺🇸 TikTok Followers - [𝐔𝐒𝐀 🇺🇸] [Lifetime Warranty] [Max 50K] [Speed 500-3K/Day] [0-2HRS],405.022,10,50 000,Lifetime Refill,58 minutes,,,1741.5946
10694,🇬🇧 TikTok Followers - [𝐔𝐊 🇬🇧] [Lifetime Warranty] [Max 50K] [Speed 500-3K/Day] [0-2HRS],405.022,10,50 000,Lifetime Refill,7 hours 56 minutes,,,1741.5946
10695,🇮🇩 TikTok Followers - [𝐈𝐧𝐝𝐨𝐧𝐞𝐬𝐢𝐚 🇮🇩] [Lifetime Warranty] [Max 50K] [Speed 500-3K/Day] [0-2HRS],405.022,10,50 000,Lifetime Refill,19 minutes,,,1741.5946
10696,🇨🇳 TikTok Followers - [𝐂𝐡𝐢𝐧𝐚 🇨🇳] [Lifetime Warranty] [Max 50K] [Speed 500-3K/Day] [0-2HRS],405.022,10,50 000,Lifetime Refill,41 minutes,,,1741.5946
10697,🇪🇬 TikTok Followers - [𝐄𝐠𝐲𝐩𝐭 🇪🇬] [Lifetime Warranty] [Max 50K] [Speed 500-3K/Day] [0-2HRS],405.022,10,50 000,Lifetime Refill,16 minutes,,,1741.5946
10698,🇳🇬 TikTok Followers - [𝐍𝐢𝐠𝐞𝐫𝐢𝐚 🇳🇬] [Lifetime Warranty] [Max 50K] [Speed 500-3K/Day] [0-2HRS],405.022,10,50 000,Lifetime Refill,5 hours 45 minutes,,,1741.5946
10699,🇮🇳 TikTok Followers - [𝐈𝐧𝐝𝐢𝐚 🇮🇳] [Lifetime Warranty] [Max 50K] [Speed 500-3K/Day] [0-2HRS],405.022,10,50 000,Lifetime Refill,33 minutes,,,1741.5946
10700,🇯🇵 TikTok Followers - [𝐉𝐚𝐩𝐚𝐧 🇯🇵] [Lifetime Warranty] [Max 50K] [Speed 500-3K/Day] [0-2HRS],405.022,10,50 000,Lifetime Refill,21 minutes,,,1741.5946
10701,🇲🇾 TikTok Followers - [𝐌𝐚𝐥𝐚𝐲𝐬𝐢𝐚 🇲🇾] [Lifetime Warranty] [Max 50K] [Speed 500-3K/Day] [0-2HRS],405.022,10,50 000,Lifetime Refill,1 hour 27 minutes,,,1741.5946
10702,🇰🇷 TikTok Followers - [𝐒𝐨𝐮𝐭𝐡 𝐊𝐨𝐫𝐞𝐚 🇰🇷] [Lifetime Warranty] [Max 50K] [Speed 500-3K/Day] [0-2HRS],405.022,10,50 000,Lifetime Refill,55 minutes,,,1741.5946
10703,🇵🇭 TikTok Followers - [𝐏𝐡𝐢𝐥𝐢𝐩𝐩𝐢𝐧𝐞𝐬 🇵🇭] [Lifetime Warranty] [Max 50K] [Speed 500-3K/Day] [0-2HRS],405.022,10,50 000,Lifetime Refill,22 minutes,,,1741.5946
10704,🇪🇸 TikTok Followers - [𝐒𝐩𝐚𝐢𝐧 🇪🇸] [Lifetime Warranty] [Max 50K] [Speed 500-3K/Day] [0-2HRS],405.022,10,50 000,Lifetime Refill,20 minutes,,,1741.5946
10705,🇸🇦 TikTok Followers - [𝐒𝐚𝐮𝐝𝐢 𝐀𝐫𝐚𝐛𝐢𝐚 🇸🇦] [Lifetime Warranty] [Max 50K] [Speed 500-3K/Day] [0-2HRS],405.022,10,50 000,Lifetime Refill,6 hours 33 minutes,,,1741.5946
10706,🇧🇩 TikTok Followers - [𝐁𝐚𝐧𝐠𝐥𝐚𝐝𝐞𝐬𝐡 🇧🇩] [Lifetime Warranty] [Max 50K] [Speed 500-3K/Day] [0-2HRS],405.022,10,50 000,Lifetime Refill,33 minutes,,,1741.5946
10707,🇦🇺 TikTok Followers - [𝐀𝐮𝐬𝐭𝐫𝐚𝐥𝐢𝐚 🇦🇺] [Lifetime Warranty] [Max 50K] [Speed 500-3K/Day] [0-2HRS],405.022,10,50 000,Lifetime Refill,16 minutes,,,1741.5946
10708,🇬🇪 TikTok Followers - [𝐆𝐞𝐨𝐫𝐠𝐢𝐚 🇬🇪] [Lifetime Warranty] [Max 50K] [Speed 500-3K/Day] [0-2HRS],405.022,10,50 000,Lifetime Refill,16 minutes,,,1741.5946
10709,🇭🇰 TikTok Followers - [𝐇𝐨𝐧𝐠 𝐊𝐨𝐧𝐠 🇭🇰] [Lifetime Warranty] [Max 50K] [Speed 500-3K/Day] [0-2HRS],405.022,10,50 000,Lifetime Refill,33 minutes,,,1741.5946
10710,🇶🇦 TikTok Followers - [𝐐𝐚𝐭𝐚𝐫 🇶🇦] [Lifetime Warranty] [Max 50K] [Speed 500-3K/Day] [0-2HRS],405.022,10,50 000,Lifetime Refill,35 minutes,,,1741.5946
10482,TikTok 100% Views + 10% Likes - [Max 10M] [Speed 1M/Day] [0-30Mins],15.528,200,100 000,No Refill,51 minutes,,,66.7704
10483,TikTok 100% Views + 20% Likes - [Max 10M] [Speed 1M/Day] [0-30Mins],18.116,200,100 000,No Refill,1 hour,,,77.8988
10484,TikTok 100% Views + 30% Likes - [Max 10M] [Speed 1M/Day] [0-30Mins],21.998,200,100 000,No Refill,36 hours 53 minutes,,,94.5914
10485,TikTok 100% Views + 40% Likes - [Max 10M] [Speed 1M/Day] [0-30Mins],24.586,200,100 000,No Refill,2 hours 9 minutes,,,105.7198
10486,TikTok 100% Views + 50% Likes - [Max 10M] [Speed 1M/Day] [0-30Mins],27.174,200,100 000,No Refill,11 hours 42 minutes,,,116.8482
13291,TikTok 100% Views + 100% Likes - [Max 10M] [Speed 1M/Day] [0-30Mins],42.702,200,100 000,No Refill,1 hour 8 minutes,,,183.6186
15849,TikTok High Retention Views + 5% Likes | Trending Home Page Views + Likes | Retention 10-30 Secs | Speed 10K/Day | 0-30 Mins,63.406,100,200 000,No Refill,2 hours 45 minutes,,,272.6458
16226,TikTok High Retention Views + 5% Likes | Trending Home Page Views + Likes | Retention 1-2 Mins | Speed 10K/Day | 0-30 Mins,110.7664,100,200 000,No Refill,1 hour 30 minutes,,,476.29552
6588,TikTok Views - [30 Days Refill] [Max 10M] [Speed 5-10M/Day] [High Speed] [Always Instant] [𝐑𝐞𝐜𝐨𝐦𝐦𝐞𝐧𝐝𝐞𝐝],5.176,100,100 000 000,30 Days Refill,9 minutes,,,22.2568
8228,TikTok Views - [Max 10M] [Ultra Fast] [Speed 1M/Day] [Non-Drop] [Always Instant] [𝐑𝐞𝐜𝐨𝐦𝐦𝐞𝐧𝐝𝐞𝐝],2.588,100,10 000 000,No Refill,8 minutes,,,11.1284
5097,TikTok Views - [No Refill] [Max 10M] [Speed 50M/Day] [Always Instant] [𝐑𝐞𝐜𝐨𝐦𝐦𝐞𝐧𝐝𝐞𝐝],3.882,100,100 000 000,No Refill,5 minutes,,,16.6926
16414,TikTok Video Views | No Refill | Max 10M | Speed 5M/Day | INSTANT,2.588,100,2 147 483 647,No Refill,7 minutes,,,11.1284
16622,TikTok Views | Cheapest | Max 100M | Speed 50M/Day | 0-15 Mins,3.882,100,2 147 483 647,No Refill,1 hour 35 minutes,,,16.6926
16417,TikTok Video Views | No Refill | Max 3M | Speed 2M/Day | 0-15 Mins,5.176,100,100 000 000,No Refill,21 minutes,,,22.2568
16624,TikTok Views | Cheapest | Max 100M | Speed 10M/Day | 0-5 Min,6.47,100,100 000 000,No Refill,54 minutes,,,27.821
16415,TikTok Video Views | No Refill | Max 5M | Speed 3M/Day | 0-5 Mins,2.588,100,50 000 000,No Refill,3 minutes,,,11.1284
16479,TikTok Video Views | 30 Days Refill ♻️ | Max 10M | Speed 5M/Day | 0-5 Mins,5.176,100,2 147 483 647,30 Days Refill,10 minutes,,,22.2568
16416,TikTok Video Views | 30 Days Refill ♻️ | Max 5M | Speed 3M/Day | 0-5 Mins,5.176,100,50 000 000,30 Days Refill,3 minutes,,,22.2568
13239,TikTok Views - [Unlimited] [FAST] [Speed 5M/Day] [INSTANT],2.588,100,2 147 483 647,No Refill,5 minutes,,,11.1284
16480,TikTok Video Views | No Refill | Max 10M | Speed 5M/Day | 0-5 Mins,2.588,100,10 000 000,No Refill,3 hours 23 minutes,,,11.1284
6950,TikTok Views - [30 Days Refill] [Max 10M] [Speed 5M/Day] [Non-Drop] [INSTANT],11.646,100,10 000 000,30 Days Refill,3 minutes,,,50.0778
16418,TikTok Video Views | 30 Days Refill ♻️ | Max 3M | Speed 10M/Day | 0-1HR,5.176,100,2 147 483 647,30 Days Refill,3 minutes,,,22.2568
1317,TikTok Views - [No Refill] [Max 3M] [Speed 20M/Day] [FAST START] ⛔,6.0818,100,100 000 000,No Refill,1 hour 13 minutes,,,26.15174
10010,TikTok Views - [Max 100M] [Speed 10M/Day] [INSTANT],7.764,100,100 000 000,7 Days Refill,4 minutes,,,33.3852
15845,TikTok Views | Cheapest | Max 100M | Speed 1-2M/Day | 0-15 Mins,3.882,100,1 000 000 000,No Refill,2 hours 54 minutes,,,16.6926
16171,TikTok Video Views | No Refill | Max 5M | Speed 500K/Day | INSTANT,3.882,100,1 000 000 000,No Refill,26 minutes,,,16.6926
7170,TikTok Views - [Max 5M] [Speed 3M/Day] [0-5Mins],5.176,100,5 000 000,No Refill,17 minutes,,,22.2568
6691,TikTok Views - [Max 50M] [Speed 1M/Day] [0-1 HR],6.47,100,100 000 000,No Refill,4 minutes,,,27.821
10711,TikTok Views - [Unlimited] [Speed 30M/Day] [INSTANT],6.47,100,1 000 000 000,No Refill,17 minutes,,,27.821
5096,TikTok Views - [Lifetime Refill] [Unlimited] [𝐕𝐢𝐝𝐞𝐨 𝐕𝐢𝐫𝐚𝐥 & 𝐓𝐫𝐞𝐧𝐝𝐢𝐧𝐠 🚀✨] [Speed 10M/Day] [INSTANT],10.352,100,500 000 000,Lifetime Refill,9 minutes,,,44.5136
6592,TikTok Views - [30 Days Refill] [𝐃𝐢𝐬𝐜𝐨𝐯𝐞𝐫𝐲 𝐄𝐟𝐟𝐞𝐜𝐭 🔥] [Max 10M] [Speed 5M/Day] [INSTANT],9.058,100,10 000 000,30 Days Refill,4 minutes,,,38.9494
7092,TikTok Views - [No Refill] [Worldwide Mixed] [Max 5M] [Speed 50-100K/Day] [0-2HRS],6.47,100,100 000 000,No Refill,37 minutes,,,27.821
6593,Tiktok Views - [USA 🇺🇸] [No Refill] [Max 5M] [Speed 500K/Day] [INSTANT],98.344,100,50 000 000,No Refill,29 hours 49 minutes,,,422.8792
4732,Tiktok Views - [Discovery] [30 Days Refill] [Max 10M] [Speed 5M/Day] [INSTANT],5.176,100,10 000 000,30 Days Refill,15 minutes,,,22.2568
7683,Tiktok Views - [USA 🇺🇸] [No Refill] [Max 5M] [Speed 100-200K/Day] [INSTANT],98.344,100,50 000 000,No Refill,34 hours 35 minutes,,,422.8792
7479,TikTok Views - [Turkey 🇹🇷] [No Refill] [Max 5M] [Speed 100-200K/Day] [INSTANT],98.344,100,50 000 000,No Refill,39 minutes,,,422.8792
7480,Tiktok Views - [Afghanistan 🇦🇫] [No Refill] [Max 5M] [Speed 100-200K/Day] [INSTANT],98.344,100,50 000 000,No Refill,16 minutes,,,422.8792
7481,Tiktok Views - [Albania 🇦🇱] [No Refill] [Max 5M] [Speed 100-200K/Day] [INSTANT],98.344,100,50 000 000,No Refill,23 minutes,,,422.8792
7482,Tiktok Views - [Algeria 🇩🇿] [No Refill] [Max 5M] [Speed 100-200K/Day] [INSTANT],98.344,100,50 000 000,No Refill,23 minutes,,,422.8792
7483,Tiktok Views - [USA 🇺🇸] [No Refill] [Max 5M] [Speed 100-200K/Day] [INSTANT],98.344,100,50 000 000,No Refill,17 hours 16 minutes,,,422.8792
7484,Tiktok Views - [Andorra 🇦🇩] [No Refill] [Max 5M] [Speed 100-200K/Day] [INSTANT],98.344,100,50 000 000,No Refill,3 minutes,,,422.8792
7485,Tiktok Views - [Angola 🇦🇴] [No Refill] [Max 5M] [Speed 100-200K/Day] [INSTANT],98.344,100,50 000 000,No Refill,3 minutes,,,422.8792
7486,Tiktok Views - [Antarctica 🇦🇶] [No Refill] [Max 5M] [Speed 100-200K/Day] [INSTANT],98.344,100,50 000 000,No Refill,16 minutes,,,422.8792
7487,Tiktok Views - [Antigua 🇦🇬] [No Refill] [Max 5M] [Speed 100-200K/Day] [INSTANT],98.344,100,50 000 000,No Refill,22 minutes,,,422.8792
7488,Tiktok Views - [Argentina 🇦🇷] [No Refill] [Max 5M] [Speed 100-200K/Day] [INSTANT],98.344,100,50 000 000,No Refill,22 minutes,,,422.8792
7489,Tiktok Views - [Armenia 🇦🇲] [No Refill] [Max 5M] [Speed 100-200K/Day] [INSTANT],98.344,100,50 000 000,No Refill,55 minutes,,,422.8792
7490,Tiktok Views - [Aruba 🇦🇼] [No Refill] [Max 5M] [Speed 100-200K/Day] [INSTANT],98.344,100,50 000 000,No Refill,23 minutes,,,422.8792
7491,Tiktok Views - [Australia 🇦🇺] [No Refill] [Max 5M] [Speed 100-200K/Day] [INSTANT],98.344,100,50 000 000,No Refill,23 minutes,,,422.8792
7492,Tiktok Views - [Austria 🇦🇹] [No Refill] [Max 5M] [Speed 100-200K/Day] [INSTANT],98.344,100,50 000 000,No Refill,23 minutes,,,422.8792
7493,Tiktok Views - [Azerbaijan 🇦🇿] [No Refill] [Max 5M] [Speed 100-200K/Day] [INSTANT],75.052,100,50 000 000,No Refill,22 minutes,,,322.7236
7494,Tiktok Views - [Bahamas 🇧🇸] [No Refill] [Max 5M] [Speed 100-200K/Day] [INSTANT],98.344,100,50 000 000,No Refill,17 minutes,,,422.8792
7495,Tiktok Views - [Bahrain 🇧🇭] [No Refill] [Max 5M] [Speed 100-200K/Day] [INSTANT],98.344,100,50 000 000,No Refill,23 minutes,,,422.8792
7496,Tiktok Views - [Bangladesh 🇧🇩] [No Refill] [Max 5M] [Speed 100-200K/Day] [INSTANT],97.05,100,50 000 000,No Refill,11 minutes,,,417.315
7497,Tiktok Views - [Barbados 🇧🇧] [No Refill] [Max 5M] [Speed 100-200K/Day] [INSTANT],98.344,100,50 000 000,No Refill,17 minutes,,,422.8792
7498,Tiktok Views - [Belarus 🇧🇾] [No Refill] [Max 5M] [Speed 100-200K/Day] [INSTANT],98.344,100,50 000 000,No Refill,16 minutes,,,422.8792
7499,Tiktok Views - [Belgium 🇧🇪] [No Refill] [Max 5M] [Speed 100-200K/Day] [INSTANT],98.344,100,50 000 000,No Refill,22 minutes,,,422.8792
7500,Tiktok Views - [Belize 🇧🇿] [No Refill] [Max 5M] [Speed 100-200K/Day] [INSTANT],98.344,100,50 000 000,No Refill,37 minutes,,,422.8792
7501,Tiktok Views - [Benin 🇧🇯] [No Refill] [Max 5M] [Speed 100-200K/Day] [INSTANT],98.344,100,50 000 000,No Refill,11 minutes,,,422.8792
7502,Tiktok Views - [Bermuda 🇧🇲 ] [No Refill] [Max 5M] [Speed 100-200K/Day] [INSTANT],98.344,100,50 000 000,No Refill,17 minutes,,,422.8792
7503,Tiktok Views - [Bhutan 🇧🇹] [No Refill] [Max 5M] [Speed 100-200K/Day] [INSTANT],98.344,100,50 000 000,No Refill,23 minutes,,,422.8792
7504,Tiktok Views - [Bolivia 🇧🇴] [No Refill] [Max 5M] [Speed 100-200K/Day] [INSTANT],98.344,100,50 000 000,No Refill,45 hours 49 minutes,,,422.8792
7505,Tiktok Views - [Bosnia 🇧🇦] [No Refill] [Max 5M] [Speed 100-200K/Day] [INSTANT],98.344,100,50 000 000,No Refill,55 minutes,,,422.8792
7506,Tiktok Views - [Botswana 🇧🇼] [No Refill] [Max 5M] [Speed 100-200K/Day] [INSTANT],99.638,100,50 000 000,No Refill,23 minutes,,,428.4434
7507,Tiktok Views - [Bouvé 🇳🇴] [No Refill] [Max 5M] [Speed 100-200K/Day] [INSTANT],98.344,100,50 000 000,No Refill,23 minutes,,,422.8792
7508,Tiktok Views - [Brazil 🇧🇷] [No Refill] [Max 5M] [Speed 100-200K/Day] [INSTANT],98.344,100,50 000 000,No Refill,22 minutes,,,422.8792
7509,Tiktok Views - [British 🇬🇧] [No Refill] [Max 5M] [Speed 100-200K/Day] [INSTANT],98.344,100,50 000 000,No Refill,33 minutes,,,422.8792
7510,Tiktok Views - [Brunei 🇧🇳] [No Refill] [Max 5M] [Speed 100-200K/Day] [INSTANT],98.344,100,50 000 000,No Refill,23 minutes,,,422.8792
7511,Tiktok Views - [Bulgaria 🇧🇬] [No Refill] [Max 5M] [Speed 100-200K/Day] [INSTANT],98.344,100,50 000 000,No Refill,33 minutes,,,422.8792
7512,Tiktok Views - [Burkina Faso 🇧🇫] [No Refill] [Max 5M] [Speed 100-200K/Day] [INSTANT],98.344,100,50 000 000,No Refill,16 minutes,,,422.8792
7513,Tiktok Views - [Cambodia 🇰🇭] [No Refill] [Max 5M] [Speed 100-200K/Day] [INSTANT],98.344,100,50 000 000,No Refill,23 minutes,,,422.8792
7514,Tiktok Views - [Cameroon 🇨🇲] [No Refill] [Max 5M] [Speed 100-200K/Day] [INSTANT],98.344,100,50 000 000,No Refill,22 minutes,,,422.8792
7515,Tiktok Views - [Canada 🇨🇦] [No Refill] [Max 5M] [Speed 100-200K/Day] [INSTANT],98.344,100,50 000 000,No Refill,55 minutes,,,422.8792
7516,Tiktok Views - [Cape Verde 🇨🇻] [No Refill] [Max 5M] [Speed 100-200K/Day] [INSTANT],98.344,100,50 000 000,No Refill,55 minutes,,,422.8792
7517,Tiktok Views - [Cayman Islands 🇰🇾] [No Refill] [Max 5M] [Speed 100-200K/Day] [INSTANT],98.344,100,50 000 000,No Refill,4 minutes,,,422.8792
7518,Tiktok Views - [South Africa 🇿🇦] [No Refill] [Max 5M] [Speed 100-200K/Day] [INSTANT],98.344,100,50 000 000,No Refill,33 minutes,,,422.8792
7519,Tiktok Views - [Chad 🇹🇩] [No Refill] [Max 5M] [Speed 100-200K/Day] [INSTANT],98.344,100,50 000 000,No Refill,17 minutes,,,422.8792
7520,Tiktok Views - [Chile 🇨🇱] [No Refill] [Max 5M] [Speed 100-200K/Day] [INSTANT],98.344,100,50 000 000,No Refill,11 minutes,,,422.8792
7521,Tiktok Views - [China 🇨🇳] [No Refill] [Max 5M] [Speed 100-200K/Day] [INSTANT],75.052,100,50 000 000,No Refill,11 minutes,,,322.7236
7522,Tiktok Views - [India 🇮🇳] [No Refill] [Max 5M] [Speed 100-200K/Day] [INSTANT],98.344,100,50 000 000,No Refill,23 minutes,,,422.8792
7523,Tiktok Views - [Colombia 🇨🇴] [No Refill] [Max 5M] [Speed 100-200K/Day] [INSTANT],98.344,100,50 000 000,No Refill,33 minutes,,,422.8792
7524,Tiktok Views - [Comoros 🇰🇲] [No Refill] [Max 5M] [Speed 100-200K/Day] [INSTANT],98.344,100,50 000 000,No Refill,55 minutes,,,422.8792
7525,Tiktok Views - [Congo 🇨🇩] [No Refill] [Max 5M] [Speed 100-200K/Day] [INSTANT],98.344,100,50 000 000,No Refill,55 minutes,,,422.8792
7526,Tiktok Views - [Cook Islands 🇨🇰] [No Refill] [Max 5M] [Speed 100-200K/Day] [INSTANT],98.344,100,50 000 000,No Refill,55 minutes,,,422.8792
7527,Tiktok Views - [Costa Rica 🇨🇷] [No Refill] [Max 5M] [Speed 100-200K/Day] [INSTANT],98.344,100,50 000 000,No Refill,11 minutes,,,422.8792
7528,Tiktok Views - [Beach] [No Refill] [Max 5M] [Speed 100-200K/Day] [INSTANT],98.344,100,50 000 000,No Refill,55 minutes,,,422.8792
7529,Tiktok Views - [Croatia 🇭🇷] [No Refill] [Max 5M] [Speed 100-200K/Day] [INSTANT],98.344,100,50 000 000,No Refill,11 minutes,,,422.8792
7530,Tiktok Views - [CUBA 🇨🇺] [No Refill] [Max 5M] [Speed 100-200K/Day] [INSTANT],81.522,100,500 000 000,No Refill,23 minutes,,,350.5446
7531,Tiktok Views - [Cyprus 🇨🇾] [No Refill] [Max 5M] [Speed 100-200K/Day] [INSTANT],98.344,100,50 000 000,No Refill,23 minutes,,,422.8792
7532,Tiktok Views - [Czech Republic 🇨🇿] [No Refill] [Max 5M] [Speed 100-200K/Day] [INSTANT],100.932,100,50 000 000,No Refill,33 minutes,,,434.0076
7533,Tiktok Views - [Denmark 🇩🇰] [No Refill] [Max 5M] [Speed 100-200K/Day] [INSTANT],98.344,100,50 000 000,No Refill,17 minutes,,,422.8792
7534,Tiktok Views - [Djibouti 🇩🇯] [No Refill] [Max 5M] [Speed 100-200K/Day] [INSTANT],98.344,100,50 000 000,No Refill,55 minutes,,,422.8792
7535,Tiktok Views - [Dominica 🇩🇲] [No Refill] [Max 5M] [Speed 100-200K/Day] [INSTANT],98.344,100,50 000 000,No Refill,23 minutes,,,422.8792
7536,Tiktok Views - [Dominican Republic 🇩🇴] [No Refill] [Max 5M] [Speed 100-200K/Day] [INSTANT],98.344,100,50 000 000,No Refill,16 minutes,,,422.8792
7537,Tiktok Views - [East Timor 🇹🇱] [No Refill] [Max 5M] [Speed 100-200K/Day] [INSTANT],98.344,100,50 000 000,No Refill,22 minutes,,,422.8792
7538,Tiktok Views - [Ecuador 🇪🇨] [No Refill] [Max 5M] [Speed 100-200K/Day] [INSTANT],98.344,100,50 000 000,No Refill,33 minutes,,,422.8792
7539,Tiktok Views - [Egypt 🇪🇬] [No Refill] [Max 5M] [Speed 100-200K/Day] [INSTANT],187.63,100,50 000 000,No Refill,55 minutes,,,806.809
7540,Tiktok Views - [El Salvador 🇸🇻] [No Refill] [Max 5M] [Speed 100-200K/Day] [INSTANT],98.344,100,50 000 000,No Refill,16 minutes,,,422.8792
7541,Tiktok Views - [Equatorial Guinea 🇬🇶] [No Refill] [Max 5M] [Speed 100-200K/Day] [INSTANT],98.344,100,50 000 000,No Refill,22 minutes,,,422.8792
7542,Tiktok Views - [Unreal] [No Refill] [Max 5M] [Speed 100-200K/Day] [INSTANT],98.344,100,50 000 000,No Refill,33 minutes,,,422.8792
7543,Tiktok Views - [Estonia 🇪🇪] [No Refill] [Max 5M] [Speed 100-200K/Day] [INSTANT],98.344,100,50 000 000,No Refill,16 minutes,,,422.8792
7544,Tiktok Views - [Ethiopia 🇪🇹] [No Refill] [Max 5M] [Speed 100-200K/Day] [INSTANT],98.344,100,50 000 000,No Refill,55 minutes,,,422.8792
7545,Tiktok Views - [Falkland 🇫🇰] [No Refill] [Max 5M] [Speed 100-200K/Day] [INSTANT],98.344,100,50 000 000,No Refill,33 minutes,,,422.8792
7546,Tiktok Views - [Faroe Islands 🇫🇴] [No Refill] [Max 5M] [Speed 100-200K/Day] [INSTANT],98.344,100,50 000 000,No Refill,55 minutes,,,422.8792
7547,Tiktok Views - [Fiji 🇫🇯] [No Refill] [Max 5M] [Speed 100-200K/Day] [INSTANT],98.344,100,50 000 000,No Refill,33 minutes,,,422.8792
7548,Tiktok Views - [Finland 🇫🇮] [No Refill] [Max 5M] [Speed 100-200K/Day] [INSTANT],98.344,100,50 000 000,No Refill,22 minutes,,,422.8792
7549,Tiktok Views - [France 🇫🇷] [No Refill] [Max 5M] [Speed 100-200K/Day] [INSTANT],98.344,100,50 000 000,No Refill,16 minutes,,,422.8792
7550,Tiktok Views - [Gabon 🇬🇦] [No Refill] [Max 5M] [Speed 100-200K/Day] [INSTANT],98.344,100,50 000 000,No Refill,11 minutes,,,422.8792
7551,Tiktok Views - [Gambia 🇬🇲] [No Refill] [Max 5M] [Speed 100-200K/Day] [INSTANT],98.344,100,50 000 000,No Refill,11 minutes,,,422.8792
7552,Tiktok Views - [Georgia 🇬🇪] [No Refill] [Max 5M] [Speed 100-200K/Day] [INSTANT],98.344,100,50 000 000,No Refill,33 minutes,,,422.8792
7553,Tiktok Views - [Germany 🇩🇪] [No Refill] [Max 5M] [Speed 100-200K/Day] [INSTANT],98.344,100,50 000 000,No Refill,34 hours 4 minutes,,,422.8792
7554,Tiktok Views - [Ghana 🇬🇭] [No Refill] [Max 5M] [Speed 100-200K/Day] [INSTANT],98.344,100,50 000 000,No Refill,24 hours 36 minutes,,,422.8792
7555,Tiktok Views - [Gibraltar 🇬🇮] [No Refill] [Max 5M] [Speed 100-200K/Day] [INSTANT],98.344,100,50 000 000,No Refill,11 minutes,,,422.8792
7556,Tiktok Views - [Greece 🇬🇷] [No Refill] [Max 5M] [Speed 100-200K/Day] [INSTANT],98.344,100,50 000 000,No Refill,16 minutes,,,422.8792
7557,Tiktok Views - [Greenland 🇬🇱] [No Refill] [Max 5M] [Speed 100-200K/Day] [INSTANT],98.344,100,50 000 000,No Refill,22 minutes,,,422.8792
7558,Tiktok Views - [Grenada 🇬🇩] [No Refill] [Max 5M] [Speed 100-200K/Day] [INSTANT],98.344,100,50 000 000,No Refill,16 minutes,,,422.8792
7559,Tiktok Views - [Guadeloupe 🇬🇵] [No Refill] [Max 5M] [Speed 100-200K/Day] [INSTANT],98.344,100,50 000 000,No Refill,33 minutes,,,422.8792
7560,Tiktok Views - [Guam 🇬🇺] [No Refill] [Max 5M] [Speed 100-200K/Day] [INSTANT],98.344,100,50 000 000,No Refill,11 minutes,,,422.8792
7561,Tiktok Views - [Guatemala 🇬🇹] [No Refill] [Max 5M] [Speed 100-200K/Day] [INSTANT],98.344,100,50 000 000,No Refill,22 minutes,,,422.8792
7562,Tiktok Views - [Guinea 🇬🇳] [No Refill] [Max 5M] [Speed 100-200K/Day] [INSTANT],98.344,100,50 000 000,No Refill,33 minutes,,,422.8792
7563,Tiktok Views - [Guinea Bissau 🇬🇼] [No Refill] [Max 5M] [Speed 100-200K/Day] [INSTANT],98.344,100,50 000 000,No Refill,23 minutes,,,422.8792
7564,Tiktok Views - [Guyana 🇬🇾] [No Refill] [Max 5M] [Speed 100-200K/Day] [INSTANT],98.344,100,50 000 000,No Refill,22 minutes,,,422.8792
7565,Tiktok Views - [Haiti 🇭🇹 ] [No Refill] [Max 5M] [Speed 100-200K/Day] [INSTANT],98.344,100,50 000 000,No Refill,22 minutes,,,422.8792
7566,Tiktok Views - [Donald Islands] [No Refill] [Max 5M] [Speed 100-200K/Day] [INSTANT],98.344,100,50 000 000,No Refill,17 minutes,,,422.8792
7567,Tiktok Views - [Holly ] [No Refill] [Max 5M] [Speed 100-200K/Day] [INSTANT],98.344,100,50 000 000,No Refill,33 minutes,,,422.8792
7568,Tiktok Views - [Honduras 🇭🇳] [No Refill] [Max 5M] [Speed 100-200K/Day] [INSTANT],98.344,100,50 000 000,No Refill,17 minutes,,,422.8792
7569,Tiktok Views - [Hong Kong 🇭🇰] [No Refill] [Max 5M] [Speed 100-200K/Day] [INSTANT],98.344,100,50 000 000,No Refill,55 minutes,,,422.8792
7570,Tiktok Views - [Hungary 🇭🇺] [No Refill] [Max 5M] [Speed 100-200K/Day] [INSTANT],98.344,100,50 000 000,No Refill,11 minutes,,,422.8792
7571,Tiktok Views - [Iceland 🇮🇸] [No Refill] [Max 5M] [Speed 100-200K/Day] [INSTANT],98.344,100,50 000 000,No Refill,23 minutes,,,422.8792
7572,Tiktok Views - [India 🇮🇳] [No Refill] [Max 5M] [Speed 100-200K/Day] [INSTANT],98.344,100,50 000 000,No Refill,22 minutes,,,422.8792
7573,Tiktok Views - [Indonesia 🇮🇩] [No Refill] [Max 5M] [Speed 100-200K/Day] [INSTANT],98.344,100,50 000 000,No Refill,23 minutes,,,422.8792
7574,Tiktok Views - [Iran 🇮🇷] [No Refill] [Max 5M] [Speed 100-200K/Day] [INSTANT],98.344,100,50 000 000,No Refill,17 minutes,,,422.8792
7575,Tiktok Views - [Iraq 🇮🇶] [No Refill] [Max 5M] [Speed 100-200K/Day] [INSTANT],98.344,100,50 000 000,No Refill,17 minutes,,,422.8792
7576,Tiktok Views - [Ireland 🇮🇪] [No Refill] [Max 5M] [Speed 100-200K/Day] [INSTANT],98.344,100,50 000 000,No Refill,17 minutes,,,422.8792
7577,Tiktok Views - [Italy 🇮🇹] [No Refill] [Max 5M] [Speed 100-200K/Day] [INSTANT],98.344,100,50 000 000,No Refill,17 minutes,,,422.8792
7578,Tiktok Views - [Jamaica 🇯🇲] [No Refill] [Max 5M] [Speed 100-200K/Day] [INSTANT],98.344,100,50 000 000,No Refill,55 minutes,,,422.8792
7579,Tiktok Views - [Japan 🇯🇵] [No Refill] [Max 5M] [Speed 100-200K/Day] [INSTANT],98.344,100,50 000 000,No Refill,11 minutes,,,422.8792
7580,Tiktok Views - [Jordan 🇯🇴] [No Refill] [Max 5M] [Speed 100-200K/Day] [INSTANT],98.344,100,50 000 000,No Refill,11 minutes,,,422.8792
7582,Tiktok Views - [Kenya 🇰🇪] [No Refill] [Max 5M] [Speed 100-200K/Day] [INSTANT],98.344,100,50 000 000,No Refill,33 minutes,,,422.8792
7583,Tiktok Views - [Kiribati 🇰🇮] [No Refill] [Max 5M] [Speed 100-200K/Day] [INSTANT],98.344,100,50 000 000,No Refill,23 minutes,,,422.8792
7584,Tiktok Views - [South Korea 🇰🇷] [No Refill] [Max 5M] [Speed 100-200K/Day] [INSTANT],549.95,100,50 000 000,No Refill,23 minutes,,,2364.785
7585,Tiktok Views - [Kuwait 🇰🇼] [No Refill] [Max 5M] [Speed 100-200K/Day] [INSTANT],98.344,100,50 000 000,No Refill,33 minutes,,,422.8792
7586,Tiktok Views - [Kyrgyzstan 🇰🇬] [No Refill] [Max 5M] [Speed 100-200K/Day] [INSTANT],98.344,100,50 000 000,No Refill,17 minutes,,,422.8792
7587,Tiktok Views - [Laos 🇱🇦] [No Refill] [Max 5M] [Speed 100-200K/Day] [INSTANT],187.63,100,50 000 000,No Refill,16 minutes,,,806.809
7588,Tiktok Views - [Latvia 🇱🇻] [No Refill] [Max 5M] [Speed 100-200K/Day] [INSTANT],98.344,100,50 000 000,No Refill,27 hours 6 minutes,,,422.8792
7589,Tiktok Views - [Lebanon 🇱🇧] [No Refill] [Max 5M] [Speed 100-200K/Day] [INSTANT],98.344,100,50 000 000,No Refill,55 minutes,,,422.8792
7590,Tiktok Views - [Liberia 🇱🇷] [No Refill] [Max 5M] [Speed 100-200K/Day] [INSTANT],98.344,100,50 000 000,No Refill,55 minutes,,,422.8792
7591,Tiktok Views - [Libya 🇱🇾] [No Refill] [Max 5M] [Speed 100-200K/Day] [INSTANT],98.344,100,50 000 000,No Refill,55 minutes,,,422.8792
7592,Tiktok Views - [Liechtenstein 🇱🇮] [No Refill] [Max 5M] [Speed 100-200K/Day] [INSTANT],98.344,100,50 000 000,No Refill,17 minutes,,,422.8792
7593,Tiktok Views - [Lithuania 🇱🇹] [No Refill] [Max 5M] [Speed 100-200K/Day] [INSTANT],98.344,100,50 000 000,No Refill,17 minutes,,,422.8792
7594,Tiktok Views - [Luxembourg 🇱🇺] [No Refill] [Max 5M] [Speed 100-200K/Day] [INSTANT],98.344,100,50 000 000,No Refill,17 minutes,,,422.8792
7595,Tiktok Views - [Macao 🇲🇴] [No Refill] [Max 5M] [Speed 100-200K/Day] [INSTANT],98.344,100,50 000 000,No Refill,23 minutes,,,422.8792
7596,Tiktok Views - [Macedonia 🇲🇰] [No Refill] [Max 5M] [Speed 100-200K/Day] [INSTANT],98.344,100,50 000 000,No Refill,16 minutes,,,422.8792
7597,Tiktok Views - [Madagascar 🇲🇬] [No Refill] [Max 5M] [Speed 100-200K/Day] [INSTANT],98.344,100,50 000 000,No Refill,55 minutes,,,422.8792
7598,Tiktok Views - [Malawi 🇲🇼] [No Refill] [Max 5M] [Speed 100-200K/Day] [INSTANT],98.344,100,50 000 000,No Refill,33 minutes,,,422.8792
7599,Tiktok Views - [Malaysia 🇲🇾] [No Refill] [Max 5M] [Speed 100-200K/Day] [INSTANT],98.344,100,50 000 000,No Refill,22 minutes,,,422.8792
7600,Tiktok Views - [Maldives 🇲🇻] [No Refill] [Max 5M] [Speed 100-200K/Day] [INSTANT],98.344,100,50 000 000,No Refill,23 minutes,,,422.8792
7601,Tiktok Views - [Mali 🇲🇱] [No Refill] [Max 5M] [Speed 100-200K/Day] [INSTANT],98.344,100,50 000 000,No Refill,16 minutes,,,422.8792
7602,Tiktok Views - [Malta 🇲🇹] [No Refill] [Max 5M] [Speed 100-200K/Day] [INSTANT],98.344,100,50 000 000,No Refill,22 minutes,,,422.8792
7603,Tiktok Views - [Marshal 🇲🇭] [No Refill] [Max 5M] [Speed 100-200K/Day] [INSTANT],98.344,100,50 000 000,No Refill,33 minutes,,,422.8792
7604,Tiktok Views - [Martinique 🇲🇶] [No Refill] [Max 5M] [Speed 100-200K/Day] [INSTANT],98.344,100,50 000 000,No Refill,11 minutes,,,422.8792
7605,Tiktok Views - [Mauritius 🇲🇺] [No Refill] [Max 5M] [Speed 100-200K/Day] [INSTANT],98.344,100,50 000 000,No Refill,33 minutes,,,422.8792
7606,Tiktok Views - [Mayotte 🇾🇹] [No Refill] [Max 5M] [Speed 100-200K/Day] [INSTANT],98.344,100,50 000 000,No Refill,22 minutes,,,422.8792
7607,Tiktok Views - [Mexico 🇲🇽] [No Refill] [Max 5M] [Speed 100-200K/Day] [INSTANT],549.95,100,50 000 000,No Refill,35 hours 54 minutes,,,2364.785
7608,Tiktok Views - [Micronesia 🇫🇲] [No Refill] [Max 5M] [Speed 100-200K/Day] [INSTANT],98.344,100,50 000 000,No Refill,22 minutes,,,422.8792
7609,Tiktok Views - [Manoka] [No Refill] [Max 5M] [Speed 100-200K/Day] [INSTANT],98.344,100,50 000 000,No Refill,23 minutes,,,422.8792
7610,Tiktok Views - [Mongolia 🇲🇳] [No Refill] [Max 5M] [Speed 100-200K/Day] [INSTANT],98.344,100,50 000 000,No Refill,33 minutes,,,422.8792
7611,Tiktok Views - [Montserrat 🇲🇸] [No Refill] [Max 5M] [Speed 100-200K/Day] [INSTANT],98.344,100,50 000 000,No Refill,17 minutes,,,422.8792
7612,Tiktok Views - [Morocco 🇲🇦] [No Refill] [Max 5M] [Speed 100-200K/Day] [INSTANT],98.344,100,50 000 000,No Refill,23 minutes,,,422.8792
7613,Tiktok Views - [Mozambique 🇲🇿] [No Refill] [Max 5M] [Speed 100-200K/Day] [INSTANT],98.344,100,50 000 000,No Refill,55 minutes,,,422.8792
7614,Tiktok Views - [Myanmar 🇲🇲] [No Refill] [Max 5M] [Speed 100-200K/Day] [INSTANT],98.344,100,50 000 000,No Refill,3 minutes,,,422.8792
7615,Tiktok Views - [Namibia 🇳🇦] [No Refill] [Max 5M] [Speed 100-200K/Day] [INSTANT],187.63,100,50 000 000,No Refill,33 minutes,,,806.809
7616,Tiktok Views - [Nauru 🇳🇷] [No Refill] [Max 5M] [Speed 100-200K/Day] [INSTANT],98.344,100,50 000 000,No Refill,16 minutes,,,422.8792
7617,Tiktok Views - [Nepal 🇳🇵] [No Refill] [Max 5M] [Speed 100-200K/Day] [INSTANT],98.344,100,50 000 000,No Refill,11 minutes,,,422.8792
7618,Tiktok Views - [Netherlands 🇳🇱] [No Refill] [Max 5M] [Speed 100-200K/Day] [INSTANT],98.344,100,50 000 000,No Refill,11 minutes,,,422.8792
7619,Tiktok Views - [Caledonia 🇳🇨] [No Refill] [Max 5M] [Speed 100-200K/Day] [INSTANT],187.63,100,50 000 000,No Refill,55 minutes,,,806.809
7620,Tiktok Views - [New Zealand 🇳🇿] [No Refill] [Max 5M] [Speed 100-200K/Day] [INSTANT],98.344,100,50 000 000,No Refill,33 minutes,,,422.8792
7621,Tiktok Views - [Nicaragua 🇳🇮] [[No Refill] [Max 5M] [Speed 100-200K/Day] [INSTANT],98.344,100,50 000 000,No Refill,33 minutes,,,422.8792
7622,Tiktok Views - [Niger 🇳🇪] [No Refill] [Max 5M] [Speed 100-200K/Day] [INSTANT],98.344,100,50 000 000,No Refill,22 minutes,,,422.8792
7623,Tiktok Views - [Nigeria 🇳🇬] [No Refill] [Max 5M] [Speed 100-200K/Day] [INSTANT],98.344,100,50 000 000,No Refill,5 hours 43 minutes,,,422.8792
7624,Tiktok Views - [Niue 🇳🇺] [No Refill] [Max 5M] [Speed 100-200K/Day] [INSTANT],98.344,100,50 000 000,No Refill,16 minutes,,,422.8792
7625,Tiktok Views - [Norfolk 🇳🇫] [No Refill] [Max 5M] [Speed 100-200K/Day] [INSTANT],98.344,100,50 000 000,No Refill,6 minutes,,,422.8792
7626,Tiktok Views - [Mariana 🇲🇵] [No Refill] [Max 5M] [Speed 100-200K/Day] [INSTANT],98.344,100,50 000 000,No Refill,22 minutes,,,422.8792
7627,Tiktok Views - [Monoway] [No Refill] [Max 5M] [Speed 100-200K/Day] [INSTANT],98.344,100,50 000 000,No Refill,33 minutes,,,422.8792
7628,Tiktok Views - [Oman 🇴🇲] [No Refill] [Max 5M] [Speed 100-200K/Day] [INSTANT],98.344,100,50 000 000,No Refill,23 minutes,,,422.8792
7629,Tiktok Views - [Pakistan 🇵🇰] [No Refill] [Max 5M] [Speed 100-200K/Day] [INSTANT],98.344,100,50 000 000,No Refill,11 minutes,,,422.8792
7630,Tiktok Views - [Palau 🇵🇼] [No Refill] [Max 5M] [Speed 100-200K/Day] [INSTANT],187.63,100,50 000 000,No Refill,16 minutes,,,806.809
7631,Tiktok Views - [Panama 🇵🇦] [No Refill] [Max 5M] [Speed 100-200K/Day] [INSTANT],98.344,100,50 000 000,No Refill,33 minutes,,,422.8792
7632,Tiktok Views - [Papua 🇵🇬] [No Refill] [Max 5M] [Speed 100-200K/Day] [INSTANT],98.344,100,50 000 000,No Refill,16 minutes,,,422.8792
7633,Tiktok Views - [Paraguay 🇵🇾] [No Refill] [Max 5M] [Speed 100-200K/Day] [INSTANT],98.344,100,50 000 000,No Refill,55 minutes,,,422.8792
7634,Tiktok Views - [Peru 🇵🇪] [No Refill] [Max 5M] [Speed 100-200K/Day] [INSTANT],98.344,100,50 000 000,No Refill,55 minutes,,,422.8792
7635,Tiktok Views - [Philippines 🇵🇭] [No Refill] [Max 5M] [Speed 100-200K/Day] [INSTANT],98.344,100,50 000 000,No Refill,16 minutes,,,422.8792
7636,Tiktok Views - [Pictame] [No Refill] [Max 5M] [Speed 100-200K/Day] [INSTANT],98.344,100,50 000 000,No Refill,17 minutes,,,422.8792
7637,Tiktok Views - [Poland 🇵🇱] [No Refill] [Max 5M] [Speed 100-200K/Day] [INSTANT],98.344,100,50 000 000,No Refill,22 minutes,,,422.8792
7638,Tiktok Views - [Portugal 🇵🇹] [No Refill] [Max 5M] [Speed 100-200K/Day] [INSTANT],98.344,100,50 000 000,No Refill,16 minutes,,,422.8792
7639,Tiktok Views - [Puerto] [No Refill] [Max 5M] [Speed 100-200K/Day] [INSTANT],98.344,100,50 000 000,No Refill,23 minutes,,,422.8792
7640,Tiktok Views - [Qatar 🇶🇦] [No Refill] [Max 5M] [Speed 100-200K/Day] [INSTANT],98.344,100,50 000 000,No Refill,11 minutes,,,422.8792
7641,Tiktok Views - [Reunion] [No Refill] [Max 5M] [Speed 100-200K/Day] [INSTANT],98.344,100,50 000 000,No Refill,22 minutes,,,422.8792
7642,Tiktok Views - [Romania 🇷🇴] [No Refill] [Max 5M] [Speed 100-200K/Day] [INSTANT],98.344,100,50 000 000,No Refill,33 minutes,,,422.8792
7643,Tiktok Views - [Russian 🇷🇺] [No Refill] [Max 5M] [Speed 100-200K/Day] [INSTANT],98.344,100,50 000 000,No Refill,33 minutes,,,422.8792
7644,Tiktok Views - [Rwanda 🇷🇼] [No Refill] [Max 5M] [Speed 100-200K/Day] [INSTANT],187.63,100,50 000 000,No Refill,17 minutes,,,806.809
7645,Tiktok Views - [Latvia 🇱🇻] [No Refill] [Max 5M] [Speed 100-200K/Day] [INSTANT],98.344,100,50 000 000,No Refill,33 minutes,,,422.8792
7646,Tiktok Views - [Samoa 🇼🇸] [No Refill] [Max 5M] [Speed 100-200K/Day] [INSTANT],98.344,100,50 000 000,No Refill,17 minutes,,,422.8792
7647,Tiktok Views - [San Marino 🇸🇲] [No Refill] [Max 5M] [Speed 100-200K/Day] [INSTANT],98.344,100,50 000 000,No Refill,22 minutes,,,422.8792
7648,Tiktok Views - [Saudi Arabia 🇸🇦] [No Refill] [Max 5M] [Speed 100-200K/Day] [INSTANT],98.344,100,50 000 000,No Refill,2 hours 10 minutes,,,422.8792
7649,Tiktok Views - [Seychelles 🇸🇨] [No Refill] [Max 5M] [Speed 100-200K/Day] [INSTANT],98.344,100,50 000 000,No Refill,23 minutes,,,422.8792
7650,Tiktok Views - [Sierra] [No Refill] [Max 5M] [Speed 100-200K/Day] [INSTANT],98.344,100,50 000 000,No Refill,55 minutes,,,422.8792
7651,Tiktok Views - [Opera] [No Refill] [Max 5M] [Speed 100-200K/Day] [INSTANT],98.344,100,50 000 000,No Refill,22 minutes,,,422.8792
7652,Tiktok Views - [Slovakia 🇸🇰] [No Refill] [Max 5M] [Speed 100-200K/Day] [INSTANT],98.344,100,50 000 000,No Refill,17 minutes,,,422.8792
7653,Tiktok Views - [Slovenia 🇸🇮] [No Refill] [Max 5M] [Speed 100-200K/Day] [INSTANT],98.344,100,50 000 000,No Refill,17 minutes,,,422.8792
7654,Tiktok Views - [Soloman] [No Refill] [Max 5M] [Speed 100-200K/Day] [INSTANT],98.344,100,50 000 000,No Refill,17 minutes,,,422.8792
7655,Tiktok Views - [Somalia 🇸🇴] [No Refill] [Max 5M] [Speed 100-200K/Day] [INSTANT],98.344,100,50 000 000,No Refill,16 minutes,,,422.8792
7657,Tiktok Views - [South Georgia 🇬🇸] [No Refill] [Max 5M] [Speed 100-200K/Day] [INSTANT],98.344,100,50 000 000,No Refill,11 minutes,,,422.8792
7658,Tiktok Views - [Spain 🇪🇸] [No Refill] [Max 5M] [Speed 100-200K/Day] [INSTANT],98.344,100,50 000 000,No Refill,23 minutes,,,422.8792
7659,Tiktok Views - [Sri Lanka 🇱🇰] [No Refill] [Max 5M] [Speed 100-200K/Day] [INSTANT],98.344,100,50 000 000,No Refill,23 minutes,,,422.8792
7660,Tiktok Views - [Elena] [No Refill] [Max 5M] [Speed 100-200K/Day] [INSTANT],98.344,100,50 000 000,No Refill,23 minutes,,,422.8792
7661,Tiktok Views - [Pierre] [No Refill] [Max 5M] [Speed 100-200K/Day] [INSTANT],98.344,100,50 000 000,No Refill,11 minutes,,,422.8792
7662,Tiktok Views - [Sudan 🇸🇩] [No Refill] [Max 5M] [Speed 100-200K/Day] [INSTANT],98.344,100,50 000 000,No Refill,22 minutes,,,422.8792
7663,Tiktok Views - [Suriname 🇸🇷] [No Refill] [Max 5M] [Speed 100-200K/Day] [INSTANT],98.344,100,50 000 000,No Refill,22 minutes,,,422.8792
7664,Tiktok Views - [Svalbard 🇳🇴] [No Refill] [Max 5M] [Speed 100-200K/Day] [INSTANT],98.344,100,50 000 000,No Refill,11 minutes,,,422.8792
7665,Tiktok Views - [Swalziand] [No Refill] [Max 5M] [Speed 100-200K/Day] [INSTANT],98.344,100,50 000 000,No Refill,17 minutes,,,422.8792
7666,Tiktok Views - [Sweden 🇸🇪] [No Refill] [Max 5M] [Speed 100-200K/Day] [INSTANT],98.344,100,50 000 000,No Refill,17 minutes,,,422.8792
7667,Tiktok Views - [Switzerland 🇨🇭] [No Refill] [Max 5M] [Speed 100-200K/Day] [INSTANT],98.344,100,50 000 000,No Refill,17 minutes,,,422.8792
7668,Tiktok Views - [Syria 🇸🇾] [No Refill] [Max 5M] [Speed 100-200K/Day] [INSTANT],98.344,100,50 000 000,No Refill,11 minutes,,,422.8792
7669,Tiktok Views - [Taiwan 🇹🇼] [No Refill] [Max 5M] [Speed 100-200K/Day] [INSTANT],98.344,100,50 000 000,No Refill,11 minutes,,,422.8792
7670,Tiktok Views - [Tajikistan 🇹🇯] [No Refill] [Max 5M] [Speed 100-200K/Day] [INSTANT],98.344,100,50 000 000,No Refill,17 minutes,,,422.8792
7671,Tiktok Views - [Tanzania 🇹🇿] [No Refill] [Max 5M] [Speed 100-200K/Day] [INSTANT],98.344,100,50 000 000,No Refill,16 minutes,,,422.8792
7672,Tiktok Views - [Thailand 🇹🇭] [No Refill] [Max 5M] [Speed 100-200K/Day] [INSTANT],98.344,100,50 000 000,No Refill,55 minutes,,,422.8792
7673,Tiktok Views - [Indonesia 🇮🇩] [No Refill] [Max 5M] [Speed 100-200K/Day] [INSTANT],98.344,100,50 000 000,No Refill,33 minutes,,,422.8792
7674,Tiktok Views - [Tokelau 🇹🇰] [No Refill] [Max 5M] [Speed 100-200K/Day] [INSTANT],98.344,100,50 000 000,No Refill,55 minutes,,,422.8792
7675,Tiktok Views - [Trinidad 🇹🇹] [No Refill] [Max 5M] [Speed 100-200K/Day] [INSTANT],98.344,100,50 000 000,No Refill,22 minutes,,,422.8792
7676,Tiktok Views - [Tunisia 🇹🇳] [No Refill] [Max 5M] [Speed 100-200K/Day] [INSTANT],98.344,100,50 000 000,No Refill,55 minutes,,,422.8792
7677,Tiktok Views - [Turkmenistan 🇹🇲] [No Refill] [Max 5M] [Speed 100-200K/Day] [INSTANT],98.344,100,50 000 000,No Refill,33 minutes,,,422.8792
7678,Tiktok Views - [Turks Caicos Islands 🇹🇨 ] [No Refill] [Max 5M] [Speed 100-200K/Day] [INSTANT],98.344,100,50 000 000,No Refill,23 minutes,,,422.8792
7679,Tiktok Views - [Tuvalu 🇹🇻] [No Refill] [Max 5M] [Speed 100-200K/Day] [INSTANT],98.344,100,50 000 000,No Refill,33 minutes,,,422.8792
7680,Tiktok Views - [Uganda 🇺🇬] [No Refill] [Max 5M] [Speed 100-200K/Day] [INSTANT],98.344,100,50 000 000,No Refill,16 minutes,,,422.8792
7681,Tiktok Views - [United Arab Emirates 🇦🇪] [No Refill] [Max 5M] [Speed 100-200K/Day] [INSTANT],98.344,100,50 000 000,No Refill,23 minutes,,,422.8792
7682,Tiktok Views - [UK 🇬🇧] [No Refill] [Max 5M] [Speed 100-200K/Day] [INSTANT],98.344,100,50 000 000,No Refill,47 hours 52 minutes,,,422.8792
7684,Tiktok Views - [Uruguay 🇺🇾] [No Refill] [Max 5M] [Speed 100-200K/Day] [INSTANT],98.344,100,50 000 000,No Refill,33 minutes,,,422.8792
7685,Tiktok Views - [Uzbekistan 🇺🇿] [No Refill] [Max 5M] [Speed 100-200K/Day] [INSTANT],98.344,100,50 000 000,No Refill,11 minutes,,,422.8792
7686,Tiktok Views - [Vanuatu 🇻🇺] [No Refill] [Max 5M] [Speed 100-200K/Day] [INSTANT],98.344,100,50 000 000,No Refill,16 minutes,,,422.8792
7687,Tiktok Views - [Venezuela 🇻🇪] [No Refill] [Max 5M] [Speed 100-200K/Day] [INSTANT],98.344,100,50 000 000,No Refill,23 minutes,,,422.8792
7688,Tiktok Views - [Virgin Islands] [No Refill] [Max 5M] [Speed 100-200K/Day] [INSTANT],98.344,100,50 000 000,No Refill,17 minutes,,,422.8792
7689,Tiktok Views - [Futuna 🇼🇫] [No Refill] [Max 5M] [Speed 100-200K/Day] [INSTANT],98.344,100,50 000 000,No Refill,33 minutes,,,422.8792
7690,Tiktok Views - [Western Sahara 🇪🇭] [No Refill] [Max 5M] [Speed 100-200K/Day] [INSTANT],98.344,100,50 000 000,No Refill,16 minutes,,,422.8792
7691,Tiktok Views - [Yemen 🇾🇪] [No Refill] [Max 5M] [Speed 100-200K/Day] [INSTANT],98.344,100,50 000 000,No Refill,17 minutes,,,422.8792
7692,Tiktok Views - [Yugoslavia] [No Refill] [Max 5M] [Speed 100-200K/Day] [INSTANT],98.344,100,50 000 000,No Refill,33 minutes,,,422.8792
7693,Tiktok Views - [Zambia 🇿🇲] [No Refill] [Max 5M] [Speed 100-200K/Day] [INSTANT],98.344,100,50 000 000,No Refill,33 minutes,,,422.8792
7694,Tiktok Views - [Zimbabwe 🇿🇼] [No Refill] [Max 5M] [Speed 100-200K/Day] [INSTANT],98.344,100,50 000 000,No Refill,55 minutes,,,422.8792
8418,TikTok Likes - [𝐒𝐔𝐏𝐄𝐑 𝐅𝐀𝐒𝐓] [Max 500K] [Speed 5-10K/HR] [Always Instant] 🚀⚡💧,51.76,10,500 000,No Refill,11 minutes,,,222.568
4794,TikTok Likes - [No Refill] [𝟏𝟎𝟎% 𝐇𝐐 & 𝐑𝐞𝐚𝐥 𝐀𝐜𝐜𝐨𝐮𝐧𝐭𝐬] [Max 200K] [Speed 100K/Day] [Always Instant] 💧⛔,23.292,10,200 000,No Refill,49 minutes,,,100.1556
8615,TikTok Likes - [30 Days Refill] [Max 500K] [Speed 30K/Day] [INSTANT],72.464,10,500 000,30 Days Refill,21 minutes,,,311.5952
13232,TikTok Likes - [No Refill] [Max 200K] [Speed 5K/Day] [0-2 Mins],27.174,10,200 000,No Refill,59 minutes,,,116.8482
11620,TikTok Likes - [𝐆𝐨𝐨𝐝 𝐐𝐮𝐚𝐥𝐢𝐭𝐲] [No Refill] [Max 80K] [Speed 5K/Day] [0-10 Mins],31.056,10,80 000,No Refill,16 minutes,,,133.5408
10448,TikTok Likes - [𝐈𝐍𝐒𝐓𝐀𝐍𝐓] [Max 100K] [Speed 10-30K/Day] [0-10 Mins],28.468,10,100 000,No Refill,37 minutes,,,122.4124
15844,TikTok Likes - [Max 1M] [Speed 3-5K/HR] [0-5 Mins],16.822,10,1 000 000,No Refill,55 minutes,,,72.3346
8291,TikTok Likes - [30 Days Refill] [High Quality] [Max 1M] [Speed 50-100K/Day] [0-5 Mins],51.76,10,10 000 000,30 Days Refill,33 minutes,,,222.568
16184,TikTok Likes | Max 1M | 30 Days Refill | 𝐇𝐢𝐠𝐡 𝐐𝐮𝐚𝐥𝐢𝐭𝐲 | Speed Up To 50K/Day | 𝐖𝐨𝐫𝐤𝐢𝐧𝐠 𝐑𝐞𝐟𝐢𝐥𝐥 𝐁𝐮𝐭𝐭𝐨𝐧 | Non-Drop | 𝐎𝐧𝐞 𝐂𝐥𝐢𝐜𝐤 𝐒𝐭𝐚𝐫𝐭,49.172,10,1 000 000,30 Days Refill,12 hours 50 minutes,,,211.4396
8489,TikTok Likes - [𝐌𝐞𝐝𝐢𝐮𝐦 𝐐𝐮𝐚𝐥𝐢𝐭𝐲] [No Refill] [Max 1M] [Speed 20K/Day] [Always Instant],16.822,10,10 000 000,No Refill,14 hours 44 minutes,,,72.3346
16185,TikTok Likes | Max 1M | 30 Days Refill | 𝐇𝐢𝐠𝐡 𝐐𝐮𝐚𝐥𝐢𝐭𝐲 | Speed Up To 100K/Day | 𝐖𝐨𝐫𝐤𝐢𝐧𝐠 𝐑𝐞𝐟𝐢𝐥𝐥 𝐁𝐮𝐭𝐭𝐨𝐧 | Non-Drop | 𝐎𝐧𝐞 𝐂𝐥𝐢𝐜𝐤 𝐒𝐭𝐚𝐫𝐭,53.054,10,1 000 000,15 Days Refill,6 hours 8 minutes,,,228.1322
10447,TikTok Likes - [No Refill] [Max 1M] [Speed 100K/Day] [0-30 Mins],33.644,50,1 000 000,No Refill,1 hour 26 minutes,,,144.6692
16170,TikTok Likes | 15 Days Refill | Speed 50K/Day | High Quality Profiles | INSTANT,27.174,10,1 000 000,15 Days Refill,8 minutes,,,116.8482
10714,TikTok Likes - [Max 100K] [WorldWide] [𝐆𝐨𝐨𝐝 𝐐𝐮𝐚𝐥𝐢𝐭𝐲] [Speed 10-30K/Day] [0-5Mins]💧,49.172,10,100 000,No Refill,11 minutes,,,211.4396
11621,TikTok Likes + Views - [WORLDWIDE] [No Refill] [Max 800K] [Speed 50-150K/Day] [🌎 𝐆𝐨𝐨𝐝 𝐐𝐮𝐚𝐥𝐢𝐭𝐲] [𝐑𝐞𝐚𝐥] [0-30 Mins],34.938,10,800 000,No Refill,37 minutes,,,150.2334
7396,TikTok Likes - [No Refill] [Max 1M] [𝐒𝐔𝐏𝐄𝐑 𝐅𝐀𝐒𝐓] [Speed 10-20K/HR] [Always Instant] ⚡🔥,49.172,10,10 000 000,No Refill,15 minutes,,,211.4396
7169,TikTok Likes - [60 Days Refill] [Max 300K] [𝐍𝐨𝐧-𝐃𝐫𝐨𝐩] [Speed 40K/Day] [Always Instant] 🔥💧⛔,49.172,10,300 000,60 Days Refill,1 hour 34 minutes,,,211.4396
8340,TikTok Likes - [𝐒𝐓𝐀𝐁𝐋𝐄] [Max 150K] [Speed 2K/HR] [Always Instant],53.054,10,150 000,No Refill,15 minutes,,,228.1322
11622,TikTok Likes + Views - [30 Days Refill] [𝐅𝐄𝐌𝐀𝐋𝐄 𝐀𝐂𝐂𝐎𝐔𝐍𝐓𝐒] 🌎♻️ [Max 800K] [Speed 50-150K/Day] [𝐆𝐨𝐨𝐝 𝐐𝐮𝐚𝐥𝐢𝐭𝐲] [𝐑𝐞𝐚𝐥] [0-30 Mins],58.23,10,5 000 000,30 Days Refill,9 minutes,,,250.389
3569,TikTok Likes - [𝐄𝐱𝐜𝐞𝐥𝐥𝐞𝐧𝐭 𝐐𝐮𝐚𝐥𝐢𝐭𝐲] [60 Days Refill] [Max 200K] [Speed 50-100K/Day] [Always Instant] [𝐑𝐄𝐂𝐎𝐌𝐌𝐄𝐍𝐃𝐄𝐃],144.928,10,200 000,60 Days Refill,21 minutes,,,623.1904
10543,TikTok Likes - [𝐑𝐄𝐀𝐋 & 𝐎𝐑𝐆𝐀𝐍𝐈𝐂] [Max 150K] [Speed 20K/Day] [INSTANT],18.116,10,150 000,30 Days Refill,33 minutes,,,77.8988
5851,TikTok Likes - [𝐆𝐨𝐨𝐝 𝐐𝐮𝐚𝐥𝐢𝐭𝐲] [30 Days Refill] [Max 50K] [Speed 20K/Day] [Always Instant],37.526,10,50 000,30 Days Refill,1 hour 2 minutes,,,161.3618
10143,TikTok Likes - [30 Days Refill] [𝐆𝐨𝐨𝐝 𝐐𝐮𝐚𝐥𝐢𝐭𝐲 & 𝐅𝐚𝐬𝐭] [Max 2M] [Speed 50-100K/Day] [Always Instant],84.11,10,2 000 000,30 Days Refill,11 minutes,,,361.673
8290,TikTok Likes - [𝐍𝐨𝐧-𝐃𝐫𝐨𝐩 & 𝐐𝐮𝐚𝐥𝐢𝐭𝐲 𝐀𝐜𝐜𝐨𝐮𝐧𝐭𝐬] [Max 20K] [Speed 20K/Day] [INSTANT],40.114,10,20 000,No Refill,75 hours 15 minutes,,,172.4902
5126,TikTok Likes - [𝐑𝐄𝐀𝐋] [30 Days Refill] [Max 100K] [Speed 20-40K/Day] [Always Instant],50.466,10,200 000,30 Days Refill,54 minutes,,,217.0038
10527,TikTok Likes - [𝐑𝐄𝐀𝐋 & 𝐎𝐑𝐆𝐀𝐍𝐈𝐂] [Max 50K] [Speed 5K/Day] [INSTANT],43.996,10,50 000,30 Days Refill,16 minutes,,,189.1828
12756,TikTok Likes - [𝐑𝐄𝐀𝐋 & 𝐎𝐑𝐆𝐀𝐍𝐈𝐂] [Max 50K] [𝐒𝐔𝐏𝐄𝐑 𝐅𝐀𝐒𝐓] [Speed 30K/Day] [INSTANT],25.88,15,50 000,30 Days Refill,62 hours 11 minutes,,,111.284
12758,TikTok Likes - [𝐑𝐄𝐀𝐋 & 𝐎𝐑𝐆𝐀𝐍𝐈𝐂] [𝐔𝐒𝐀 🇺🇸] [Max 150K] [Speed 5K/Day] [INSTANT],32.35,30,150 000,30 Days Refill,4 hours 18 minutes,,,139.105
10528,TikTok Likes - [𝐑𝐄𝐀𝐋 & 𝐎𝐑𝐆𝐀𝐍𝐈𝐂] [Max 150K] [Speed 10K/Day] [INSTANT],49.172,10,150 000,30 Days Refill,7 minutes,,,211.4396
12757,TikTok Likes - [𝐑𝐞𝐚𝐥 𝐀𝐏𝐏 𝐃𝐚𝐭𝐚 𝐀𝐜𝐜𝐨𝐮𝐧𝐭𝐬] [Max 100K] [Speed 40K/Day] [0-5 Mins],28.468,20,100 000,30 Days Refill,43 hours 45 minutes,,,122.4124
16180,TikTok Reposts | 30 Days Refill | Speed 5K/Day | INSTANT,122.93,1,5 000,30 Days Refill,116 hours 2 minutes,,,528.599
9035,TikTok Comments - [𝐂𝐮𝐬𝐭𝐨𝐦] [Max 50K] [Speed 1K/HR] [INSTANT],756.99,10,100 000,30 Days Refill,19 hours 32 minutes,,,3255.057
16386,TikTok Comments | 𝐂𝐮𝐬𝐭𝐨𝐦 | 30 Days Refill ♻️ | Max 100K | Speed 1K/HR | 0-5 Mins,740.168,10,100 000,30 Days Refill,5 hours 26 minutes,,,3182.7224
13237,TikTok Comments - [𝐂𝐮𝐬𝐭𝐨𝐦] [30 Days Refill] [Max 50K] [Speed 100-500/HR] [INSTANT],745.344,10,100 000,30 Days Refill,35 hours 19 minutes,,,3204.9792
7162,TikTok Comments - [𝐂𝐮𝐬𝐭𝐨𝐦] [No Refill] [Max 15K] [Speed 1K/Day] [Instant],1035.2,10,15 000,No Refill,32 hours 21 minutes,,,4451.36
8976,TikTok Comments - [𝐂𝐮𝐬𝐭𝐨𝐦] [No Refill] [Max 10K] [Speed 3K/Day] [Instant] -𝐍𝐄𝐖,679.35,10,10 000,No Refill,18 hours 40 minutes,,,2921.205
5824,TikTok Comments - [𝐂𝐮𝐬𝐭𝐨𝐦] [No Refill] [Max 20K] [Speed 1-2K/Day] [0-1HRS],679.35,10,20 000,No Refill,16 hours 46 minutes,,,2921.205
5828,TikTok Comments - [𝐂𝐮𝐬𝐭𝐨𝐦] [REAL] [No Refill] [Max 20K] [Speed 3-5K/Day] [0-1HRS],740.168,10,20 000,No Refill,20 hours 9 minutes,,,3182.7224
16421,TikTok Comments | 𝐑𝐚𝐧𝐝𝐨𝐦 | No Refill | Max 100K | Speed 1K/HR | 0-5 Mins,740.168,10,100 000,No Refill,34 hours 5 minutes,,,3182.7224
5146,TikTok Comments - [𝐑𝐚𝐧𝐝𝐨𝐦] [No Refill] [Max 20K] [Speed 1-3K/Day] [0-3HRS],728.522,10,20 000,No Refill,3 minutes,,,3132.6446
16420,TikTok Comments | 𝐑𝐚𝐧𝐝𝐨𝐦 | 30 Days Refill ♻️ | Max 100K | Speed 1K/HR | 0-5 Mins,756.99,10,100 000,30 Days Refill,21 minutes,,,3255.057
5832,TikTok Comments [Random] - [No Refill] [Max 10K] [Private] [Speed 500K/Day] [0-4 HRS],745.344,10,10 000,No Refill,113 hours 36 minutes,,,3204.9792
16384,TikTok Comments | 𝐄𝐦𝐨𝐣𝐢 | No Refill | Max 100K | Speed 1K/HR | 0-5 Mins,740.168,10,100 000,No Refill,47 hours 47 minutes,,,3182.7224
16385,TikTok Comments | 𝐄𝐦𝐨𝐣𝐢 | 30 Days Refill ♻️ | Max 100K | Speed 1K/HR | 0-5 Mins,756.99,10,100 000,30 Days Refill,2 minutes,,,3255.057
5143,TikTok Comments - [𝐄𝐦𝐨𝐣𝐢] [REAL] [No Refill] [Max 20K] [Speed 500-1K/Day] [0-2HRS],135.87,10,200 000,No Refill,3 minutes,,,584.241
5140,TikTok Comments - [𝟑 𝐑𝐚𝐧𝐝𝐨𝐦 𝐂𝐨𝐦𝐦𝐞𝐧𝐭𝐬] [High Quality Relevant To Niche] [0-3 HR],19.41,1 000,1 000,No Refill,13 hours 55 minutes,,,83.463
5141,TikTok Comments - [𝟔 𝐑𝐚𝐧𝐝𝐨𝐦 𝐂𝐨𝐦𝐦𝐞𝐧𝐭𝐬] [High Quality Relevant To Niche] [0-3 HR],33.644,1 000,1 000,No Refill,55 minutes,,,144.6692
5142,TikTok Comments - [𝟗 𝐑𝐚𝐧𝐝𝐨𝐦 𝐂𝐨𝐦𝐦𝐞𝐧𝐭𝐬] [High Quality Relevant To Niche] [0-3 HR],60.818,1 000,1 000,No Refill,6 hours 8 minutes,,,261.5174
5145,TikTok Comments - [𝟏𝟐 𝐑𝐚𝐧𝐝𝐨𝐦 𝐂𝐨𝐦𝐦𝐞𝐧𝐭𝐬] [High Quality Relevant To Niche] [0-3 HR],116.46,1 000,1 000,No Refill,5 hours 12 minutes,,,500.778
7163,TikTok Comments - [𝟓𝟎 𝐑𝐚𝐧𝐝𝐨𝐦 𝐂𝐨𝐦𝐦𝐞𝐧𝐭𝐬] [High Quality Relevant To Niche] [0-3 HR],212.216,1 000,1 000,No Refill,9 hours 11 minutes,,,912.5288
9031,TikTok Saves - [30 Days Refill] [Max 100K] [Speed 100K/Day] [INSTANT],9.058,50,10 000 000,30 Days Refill,6 minutes,,,38.9494
13242,TikTok Save - [Unlimited] [Speed 30K/Day] [INSTANT] -𝐍𝐄𝐖,11.646,10,100 000,30 Days Refill,2 hours 25 minutes,,,50.0778
5873,TikTok Save - [No Refill] [Max 5M] [Speed 100K/Day] [INSTANT],9.058,10,5 000 000,No Refill,13 minutes,,,38.9494
8973,TikTok Save- [Unlimited] [Speed 200-300K/Day] [INSTANT] -𝐍𝐄𝐖,12.94,10,100 000 000,No Refill,39 minutes,,,55.642
9033,TikTok Shares - [30 Days Refill] [Max 1M] [Speed 500K/Day] [INSTANT],12.94,10,1 000 000,30 Days Refill,28 minutes,,,55.642
7241,TikTok Shares - [No Refill] [Max 3M] [Speed 500K/Day] [0-1HR],14.234,15,3 000 000,No Refill,6 minutes,,,61.2062
7243,TikTok Shares - [30 Days Refill] [Max 100K] [Speed 5K/HR] [INSTANT],18.116,10,100 000,30 Days Refill,43 minutes,,,77.8988
8974,TikTok Shares - [Unlimited] [Speed 30K/Day] [INSTANT] -𝐍𝐄𝐖,27.174,50,20 000 000,No Refill,1 hour 7 minutes,,,116.8482
7240,TikTok Shares - [30 Days Refill] [Max 100K] [Speed 100K/Day] [Always Instant],41.408,50,100 000,30 Days Refill,14 minutes,,,178.0544
9041,TikTok PK Battle Points - [Non-Drop] [Unlimited] [Speed 20K/Day] [INSTANT],25.88,100,30 000,Lifetime Refill,46 minutes,,,111.284
10664,TikTok Live Streaming Views [15 Minutes] [Max 100K] [0-2Mins],89.286,10,100 000,No Refill,26 minutes,,,383.9298
10665,TikTok Live Streaming Views [30 Minutes] [Max 100K] [0-2Mins],178.572,10,100 000,No Refill,42 minutes,,,767.8596
16087,TikTok Live Streaming Views [45 Minutes] [Max 100K] [0-2Mins],267.858,10,100 000,No Refill,1 hour 1 minute,,,1151.7894
10666,TikTok Live Streaming Views [60 Minutes] [Max 100K] [0-2Mins],355.85,10,100 000,No Refill,1 hour 9 minutes,,,1530.155
10667,TikTok Live Streaming Views [90 Minutes] [Max 100K] [0-2Mins],534.422,10,100 000,No Refill,1 hour 39 minutes,,,2298.0146
10668,TikTok Live Streaming Views [120 Minutes] [Max 100K] [0-2Mins],711.7,10,100 000,No Refill,2 hours 11 minutes,,,3060.31
16088,TikTok Live Streaming Views [180 Minutes] [Max 100K] [0-2Mins],1067.55,10,100 000,No Refill,3 hours 23 minutes,,,4590.465
16089,TikTok Live Streaming Views [210 Minutes] [Max 100K] [0-2Mins],1246.122,10,100 000,No Refill,11 minutes,,,5358.3246
16090,TikTok Live Streaming Views [210 Minutes] [Max 100K] [0-2Mins],1779.25,10,100 000,No Refill,22 minutes,,,7650.775
8985,TikTok Live Streaming Views [30 Minutes] [Max 30K] [Speed 30K/Day] [INSTANT],218.686,50,30 000,No Refill,52 minutes,,,940.3498
8986,TikTok Live Streaming Views [60 Minutes] [Max 30K] [Speed 30K/Day] [INSTANT],437.372,50,30 000,No Refill,1 hour 11 minutes,,,1880.6996
8987,TikTok Live Streaming Views [90 Minutes] [Max 30K] [Speed 30K/Day] [INSTANT],656.058,50,30 000,No Refill,22 minutes,,,2821.0494
8988,TikTok Live Streaming Views [120 Minutes] [Max 30K] [Speed 30K/Day] [INSTANT],873.45,50,30 000,No Refill,2 hours 6 minutes,,,3755.835
16119,TikTok Live Streaming Views [150 Minutes] [Max 30K] [Speed 30K/Day] [INSTANT],1092.136,50,30 000,No Refill,33 minutes,,,4696.1848
8989,TikTok Live Streaming Views [180 Minutes] [Max 30K] [Speed 30K/Day] [INSTANT],1310.822,50,30 000,No Refill,17 minutes,,,5636.5346
8990,TikTok Live Streaming Views [210 Minutes] [Max 30K] [Speed 30K/Day] [INSTANT],1529.508,50,30 000,No Refill,17 minutes,,,6576.8844
16120,TikTok Live Streaming Views [240 Minutes] [Max 30K] [Speed 30K/Day] [INSTANT],1746.9,50,30 000,No Refill,4 hours 13 minutes,,,7511.67
15695,TikTok Live Streaming Views [300 Minutes] [Max 30K] [Speed 30K/Day] [INSTANT],2184.272,50,30 000,No Refill,17 minutes,,,9392.3696
15409,TikTok Live Stream Views | Max 50 K | 30 Minutes | 100% ConCurrent [0-1Min],323.5,50,50 000,No Refill,46 minutes,,,1391.05
15410,TikTok Live Stream Views | Max 50 K | 60 Minutes | 100% ConCurrent [0-1Min],647,50,50 000,No Refill,23 minutes,,,2782.1
15411,TikTok Live Stream Views | Max 50 K | 90 Minutes | 100% ConCurrent [0-1Min],970.5,50,50 000,No Refill,55 minutes,,,4173.15
15412,TikTok Live Stream Views | Max 50 K | 120 Minutes | 100% ConCurrent [0-1Min],1294,50,50 000,No Refill,2 hours 14 minutes,,,5564.2
15413,TikTok Live Stream Views | Max 50 K | 180 Minutes | 100% ConCurrent [0-1Min],1941,50,50 000,No Refill,33 minutes,,,8346.3
15414,TikTok Live Stream Views | Max 50 K | 240 Minutes | 100% ConCurrent [0-1Min],2588,50,50 000,No Refill,33 minutes,,,11128.4
15415,TikTok Live Stream Views | Max 50 K | 300 Minutes | 100% ConCurrent [0-1Min],3235,50,50 000,No Refill,22 minutes,,,13910.5
16121,TikTok 𝐋𝐢𝐯𝐞 𝐒𝐭𝐫𝐞𝐚𝐦 𝐕𝐢𝐞𝐰𝐬 + 𝟐𝐗 𝐋𝐢𝐤𝐞𝐬 | 15 Mins | Cancel Enabled | 0-2 Mins,93.168,50,10 000,No Refill,71 hours 7 minutes,,,400.6224
16122,TikTok 𝐋𝐢𝐯𝐞 𝐒𝐭𝐫𝐞𝐚𝐦 𝐕𝐢𝐞𝐰𝐬 + 𝟐𝐗 𝐋𝐢𝐤𝐞𝐬 | 30 Mins | Cancel Enabled | 0-2 Mins,181.16,50,10 000,No Refill,124 hours 47 minutes,,,778.988
16123,TikTok 𝐋𝐢𝐯𝐞 𝐒𝐭𝐫𝐞𝐚𝐦 𝐕𝐢𝐞𝐰𝐬 + 𝟐𝐗 𝐋𝐢𝐤𝐞𝐬 | 60 Mins | Cancel Enabled | 0-2 Mins,362.32,50,10 000,No Refill,183 hours 55 minutes,,,1557.976
16124,TikTok 𝐋𝐢𝐯𝐞 𝐒𝐭𝐫𝐞𝐚𝐦 𝐕𝐢𝐞𝐰𝐬 + 𝟐𝐗 𝐋𝐢𝐤𝐞𝐬 | 90 Mins | Cancel Enabled | 0-2 Mins,543.48,50,10 000,No Refill,78 hours 46 minutes,,,2336.964
16125,TikTok 𝐋𝐢𝐯𝐞 𝐒𝐭𝐫𝐞𝐚𝐦 𝐕𝐢𝐞𝐰𝐬 + 𝟐𝐗 𝐋𝐢𝐤𝐞𝐬 | 120 Mins | Cancel Enabled | 0-2 Mins,723.346,50,10 000,No Refill,17 minutes,,,3110.3878
16126,TikTok 𝐋𝐢𝐯𝐞 𝐒𝐭𝐫𝐞𝐚𝐦 𝐕𝐢𝐞𝐰𝐬 + 𝟐𝐗 𝐋𝐢𝐤𝐞𝐬 | 150 Mins | Cancel Enabled | 0-2 Mins,904.506,50,10 000,No Refill,17 minutes,,,3889.3758
16127,TikTok 𝐋𝐢𝐯𝐞 𝐒𝐭𝐫𝐞𝐚𝐦 𝐕𝐢𝐞𝐰𝐬 + 𝟐𝐗 𝐋𝐢𝐤𝐞𝐬 | 180 Mins | Cancel Enabled | 0-2 Mins,1085.666,50,10 000,No Refill,23 minutes,,,4668.3638
16128,TikTok 𝐋𝐢𝐯𝐞 𝐒𝐭𝐫𝐞𝐚𝐦 𝐕𝐢𝐞𝐰𝐬 + 𝟐𝐗 𝐋𝐢𝐤𝐞𝐬 | 210 Mins | Cancel Enabled | 0-2 Mins,1265.532,50,10 000,No Refill,16 minutes,,,5441.7876
16129,TikTok 𝐋𝐢𝐯𝐞 𝐒𝐭𝐫𝐞𝐚𝐦 𝐕𝐢𝐞𝐰𝐬 + 𝟐𝐗 𝐋𝐢𝐤𝐞𝐬 | 240 Mins | Cancel Enabled | 0-2 Mins,1446.692,50,10 000,No Refill,17 minutes,,,6220.7756
16130,TikTok 𝐋𝐢𝐯𝐞 𝐒𝐭𝐫𝐞𝐚𝐦 𝐕𝐢𝐞𝐰𝐬 + 𝟐𝐗 𝐋𝐢𝐤𝐞𝐬 | 270 Mins | Cancel Enabled | 0-2 Mins,1627.852,50,10 000,No Refill,16 minutes,,,6999.7636
16131,TikTok 𝐋𝐢𝐯𝐞 𝐒𝐭𝐫𝐞𝐚𝐦 𝐕𝐢𝐞𝐰𝐬 + 𝟐𝐗 𝐋𝐢𝐤𝐞𝐬 | 300 Mins | Cancel Enabled | 0-2 Mins,1807.718,50,10 000,No Refill,17 minutes,,,7773.1874
7236,TikTok Live Stream - [𝐋𝐈𝐊𝐄𝐒] [No Refill] [Max 10M] [Speed 100-200K/HR] [INSTANT],3.882,10,10 000 000,No Refill,168 hours 1 minute,,,16.6926
8978,TikTok Live Stream - [𝐋𝐈𝐊𝐄𝐒] [Unlimited] [Speed 200K/Day] [INSTANT] -𝐍𝐄𝐖,5.176,10,100 000 000,No Refill,23 minutes,,,22.2568
7226,TikTok Live Stream - [𝐋𝐈𝐊𝐄𝐒] [No Refill] [Max 1M] [Speed 100K/Day] [INSTANT],3.882,100,10 000 000,No Refill,15 minutes,,,16.6926
13233,TikTok Live Stream - [𝐋𝐈𝐊𝐄𝐒] [No Refill] [Max 1M] [Speed 100K/Day] [INSTANT],5.176,100,10 000 000,No Refill,17 minutes,,,22.2568
7235,TikTok Live Stream - [𝐋𝐈𝐊𝐄𝐒] [No Refill] [Max 10M] [Speed 300K/Day] [Always Instant],15.528,100,10 000 000,No Refill,17 minutes,,,66.7704
8979,TikTok Live Stream - [𝐒𝐇𝐀𝐑𝐄] [Unlimited] [Speed 200K/Day] [INSTANT] -𝐍𝐄𝐖,11.646,10,100 000,No Refill,55 minutes,,,50.0778
8982,TikTok Live Stream - [𝐂𝐮𝐬𝐭𝐨𝐦 𝐂𝐨𝐦𝐦𝐞𝐧𝐭𝐬] [30 Days Refill] [Max 5K] [Speed 2-3K/Day] [Always Instant] -𝐍𝐄𝐖,37.526,10,1 000,30 Days Refill,59 hours 22 minutes,,,161.3618
8981,TikTok Live Stream - [𝐑𝐚𝐧𝐝𝐨𝐦 𝐂𝐨𝐦𝐦𝐞𝐧𝐭𝐬] [30 Days Refill] [Max 5K] [Speed 2-3K/Day] [Always Instant] -𝐍𝐄𝐖,37.526,10,1 000,30 Days Refill,110 hours 38 minutes,,,161.3618
16484,TikTok Subscription Views | No Refill | Max 10M | Speed 5M/Day | 0-5 Mins,2.588,100,10 000 000,No Refill,22 minutes,,,11.1284
16485,TikTok Subscription Views | 30 Days Refill ♻️ | Max 10M | Speed 5M/Day | 0-5 Mins,5.176,100,10 000 000,30 Days Refill,11 minutes,,,22.2568
16486,TikTok Subscription Likes | 30 Days Refill ♻️ | Max 100K | 𝟏𝟎𝟎% 𝐑𝐞𝐚𝐥 𝐀𝐜𝐜𝐨𝐮𝐧𝐭𝐬 & 𝐒𝐮𝐩𝐞𝐫 𝐅𝐚𝐬𝐭 | Speed 50K/Day | 0-5 Mins,43.996,10,100 000,No Refill,11 minutes,,,189.1828
16487,TikTok Subscription Likes | No Refill | Max 1M | 𝟏𝟎𝟎% 𝐇𝐐 & 𝐑𝐞𝐚𝐥 𝐀𝐜𝐜𝐨𝐮𝐧𝐭𝐬 | Speed 30K/Day | 0-5 Mins,16.822,10,1 000 000,No Refill,11 minutes,,,72.3346
16488,TikTok Subscription Shares | No Refill | Max 10M | 𝐒𝐔𝐏𝐄𝐑 𝐅𝐀𝐒𝐓 | Speed 100K/Day | 0-5 Mins,11.646,10,10 000 000,No Refill,55 minutes,,,50.0778
16489,TikTok Subscription Comments | 𝐑𝐚𝐧𝐝𝐨𝐦 | No Refill | Max 100K | Speed 1K/HR | 0-5 Mins,756.99,10,100 000,No Refill,55 minutes,,,3255.057
16490,TikTok Subscription Comments | 𝐄𝐦𝐨𝐣𝐢 | No Refill | Max 100K | Speed 1K/HR | 0-5 Mins,756.99,10,100 000,No Refill,11 minutes,,,3255.057
16609,Twitter Followers | No Refill | 𝐌𝐞𝐝𝐢𝐮𝐦 𝐐𝐮𝐚𝐥𝐢𝐭𝐲 | Max 200K | Speed Up To 35K/Day | 10-20% Drop Only | 0-5 Mins,432.196,100,200 000,No Refill,27 minutes,,,1858.4428
16608,Twitter Followers | 7 Days Refill ♻️ | 𝐌𝐞𝐝𝐢𝐮𝐦 𝐐𝐮𝐚𝐥𝐢𝐭𝐲 | Max 200K | Speed Up To 35K/Day | 10-20% Drop Only | 0-5 Mins,447.724,100,200 000,7 Days Refill,26 minutes,,,1925.2132
16610,Twitter Followers | 15 Days Refill ♻️ | 𝐌𝐞𝐝𝐢𝐮𝐦 𝐐𝐮𝐚𝐥𝐢𝐭𝐲 | Max 200K | Speed Up To 35K/Day | 10-20% Drop Only | 0-5 Mins,464.546,100,200 000,15 Days Refill,46 minutes,,,1997.5478
16611,Twitter Followers | 30 Days Refill ♻️ | 𝐌𝐞𝐝𝐢𝐮𝐦 𝐐𝐮𝐚𝐥𝐢𝐭𝐲 | Max 200K | Speed Up To 35K/Day | 10-20% Drop Only | 0-5 Mins,480.074,100,200 000,30 Days Refill,10 minutes,,,2064.3182
13375,Twitter 𝐔𝐒𝐀 🇺🇸 Followers - 90 Days Refill | Max 100K | High Quality | Speed 2K/Day | Refill Button | 0-15 Mins,745.344,100,100 000,90 Days Refill,53 hours 33 minutes,,,3204.9792
13372,Twitter 𝐔𝐒𝐀 🇺🇸 Likes - 90 Days Refill | Max 100K | High Quality | Speed 2K/Day | Refill Button 0-15 Mins,182.454,10,5 000,90 Days Refill,3 minutes,,,784.5522
13373,Twitter 𝐔𝐒𝐀 🇺🇸 Retweet - 90 Days Refill | Max 100K | High Quality | Speed 2K/Day | Refill Button | 0-15 Mins,181.16,100,2 000,90 Days Refill,2 minutes,,,778.988
13374,Twitter 𝐋𝐀𝐓𝐈𝐍 🇦🇷 Followers - 90 Days Refill | Max 100K | High Quality | Speed 2K/Day | Refill Button | 0-15 Mins,1877.594,10,10 000,90 Days Refill,293 hours 11 minutes,,,8073.6542
10516,Twitter 𝐋𝐀𝐓𝐈𝐍 🇦🇷 Likes - 90 Days Refill | Max 100K | High Quality | Speed 2K/Day | Refill Button 0-15 Mins,345.498,10,10 000,90 Days Refill,3 minutes,,,1485.6414
13378,Twitter 𝐋𝐀𝐓𝐈𝐍 🇦🇷 Retweet - 90 Days Refill | Max 100K | High Quality | Speed 2K/Day | Refill Button | 0-15 Mins,909.682,20,100 000,90 Days Refill,33 minutes,,,3911.6326
13376,Twitter 𝐀𝐑𝐀𝐁 🇸🇦 Followers - 90 Days Refill | Max 100K | High Quality | Speed 2K/Day | Refill Button | 0-15 Mins,1816.776,10,10 000,90 Days Refill,16 minutes,,,7812.1368
13377,Twitter 𝐀𝐑𝐀𝐁 🇸🇦 Likes - 90 Days Refill | Max 100K | High Quality | Speed 2K/Day | Refill Button 0-15 Mins,909.682,10,100 000,90 Days Refill,23 minutes,,,3911.6326
13379,Twitter 𝐀𝐑𝐀𝐁 🇸🇦 Retweet - 90 Days Refill | Max 100K | High Quality | Speed 2K/Day | Refill Button | 0-15 Mins,909.682,10,100 000,90 Days Refill,11 minutes,,,3911.6326
13249,Twitter Impressions - [𝐀𝐧𝐚𝐥𝐲𝐭𝐢𝐜𝐬 𝐎𝐫𝐠𝐚𝐧𝐢𝐜 𝐈𝐦𝐩𝐫𝐞𝐬𝐬𝐢𝐨𝐧𝐬 𝐄𝐟𝐟𝐞𝐜𝐭] [Unlimited] [Speed 500K/HR] [INSTANT],0.1683,100,100 000 000,No Refill,2 minutes,,,0.72369
10111,Twitter Impressions - [𝐀𝐧𝐚𝐥𝐲𝐭𝐢𝐜𝐬 𝐎𝐫𝐠𝐚𝐧𝐢𝐜 𝐈𝐦𝐩𝐫𝐞𝐬𝐬𝐢𝐨𝐧𝐬 𝐄𝐟𝐟𝐞𝐜𝐭] [Max 10M] [Speed 10M/Day] [INSTANT],0.2071,100,100 000 000,No Refill,2 minutes,,,0.89053
13248,Twitter Impressions - [𝐀𝐧𝐚𝐥𝐲𝐭𝐢𝐜𝐬 𝐎𝐫𝐠𝐚𝐧𝐢𝐜 𝐈𝐦𝐩𝐫𝐞𝐬𝐬𝐢𝐨𝐧𝐬 𝐄𝐟𝐟𝐞𝐜𝐭] [Max 10M] [Speed 5M/HR] [INSTANT],0.2718,100,100 000 000,No Refill,2 minutes,,,1.16874
5980,Twitter Impressions - [Unlimited] [Speed 100M/Day] [𝐒𝐔𝐏𝐄𝐑 𝐅𝐀𝐒𝐓] [Always Instant] [𝐑𝐄𝐂𝐎𝐌𝐌𝐄𝐍𝐃𝐄𝐃],0.3882,100,100 000 000,No Refill,2 minutes,,,1.66926
9187,Twitter - 𝐓𝐰𝐞𝐞𝐭 𝐕𝐢𝐞𝐰𝐬 + 𝐈𝐦𝐩𝐫𝐞𝐬𝐬𝐢𝐨𝐧 + Details Expand + Profile Click [Speed 20M/Day] [SUPER FAST] [Non-Drop] [0-5Mins],0.2847,100,100 000 000,No Refill,2 minutes,,,1.22421
8594,Twitter 𝐓𝐰𝐞𝐞𝐭 𝐕𝐢𝐞𝐰𝐬 + 𝐈𝐦𝐩𝐫𝐞𝐬𝐬𝐢𝐨𝐧𝐬 - [Unlimited] [Speed 300K/HR] [Always Instant],0.1553,100,100 000 000,No Refill,2 minutes,,,0.66779
10002,Twitter Impressions [𝐓𝐰𝐞𝐞𝐭 𝐕𝐢𝐞𝐰𝐬] [Max 100M] [Speed 1M/Day] [INSTANT],0.1683,100,100 000 000,No Refill,47 minutes,,,0.72369
8409,Twitter Video - [𝐓𝐰𝐞𝐞𝐭 𝐕𝐢𝐞𝐰𝐬] [Unlimited] [Speed 5M/Day] [Always Instant],0.3235,100,100 000 000,No Refill,2 minutes,,,1.39105
5962,Twitter Video - [𝐓𝐰𝐞𝐞𝐭 𝐕𝐢𝐞𝐰𝐬] [Max 10M] [Speed 1M/Day] [INSTANT],0.1424,100,100 000 000,No Refill,1 minute,,,0.61232
9184,Twitter 𝐓𝐰𝐞𝐞𝐭 𝐕𝐢𝐞𝐰𝐬 + 𝐈𝐦𝐩𝐫𝐞𝐬𝐬𝐢𝐨𝐧𝐬 - [Unlimited] [Speed 5-10M/Day] [INSTANT],0.1553,100,100 000 000,No Refill,3 hours 32 minutes,,,0.66779
8593,Twitter 𝐓𝐰𝐞𝐞𝐭 𝐕𝐢𝐞𝐰𝐬 + 𝐈𝐦𝐩𝐫𝐞𝐬𝐬𝐢𝐨𝐧𝐬 - [Unlimited] [Speed 1M/Day] [Always Instant],0.1683,100,100 000 000,No Refill,1 hour 32 minutes,,,0.72369
10001,Twitter Impressions - [𝐓𝐰𝐞𝐞𝐭 𝐕𝐢𝐞𝐰𝐬] [Max 100M] [Speed 5M/Day] [INSTANT],0.2847,100,100 000 000,No Refill,4 minutes,,,1.22421
13250,Twitter Impressions - [𝐓𝐰𝐞𝐞𝐭 𝐕𝐢𝐞𝐰𝐬] [Unlimited] [Speed 100K/Min] [INSTANT],0.2459,100,100 000 000,No Refill,1 hour 37 minutes,,,1.05737
8965,Twitter Followers Impressions - [Unlimited] [10M/Day] [0-10Mins],2.588,200,1 000 000 000,No Refill,2 minutes,,,11.1284
5950,Twitter Video Views - [𝐔𝐒𝐀 🇺🇸] [Max 5M] [Speed 5M/Day] [INSTANT],15.528,100,50 000 000,No Refill,5 minutes,,,66.7704
5958,Twitter Video Views - [𝐈𝐭𝐚𝐥𝐲 🇮🇹] [Max 5M] [Speed 5M/Day] [INSTANT],15.528,100,50 000 000,No Refill,23 minutes,,,66.7704
5949,Twitter Video Views - [𝐆𝐞𝐫𝐦𝐚𝐧𝐲 🇩🇪] [Max 5M] [Speed 5M/Day] [INSTANT],15.528,100,50 000 000,No Refill,6 minutes,,,66.7704
5959,Twitter Video Views - [𝐔𝐊 🇬🇧] [Max 5M] [Speed 5M/Day] [INSTANT],15.528,100,50 000 000,No Refill,33 minutes,,,66.7704
4796,Twitter Video Views - [𝐊𝐨𝐫𝐞𝐚 🇰🇷] [Max 5M] [Speed 5M/Day] [INSTANT],15.528,100,50 000 000,No Refill,16 minutes,,,66.7704
3666,Twitter Video Views - [𝐑𝐮𝐬𝐬𝐢𝐚𝐧 🇷🇺] [Max 5M] [Speed 5M/Day] [INSTANT],15.528,100,50 000 000,No Refill,33 minutes,,,66.7704
5953,Twitter Video Views - [𝐁𝐫𝐚𝐳𝐢𝐥 🇧🇷] [Max 5M] [Speed 5M/Day] [INSTANT],15.528,100,50 000 000,No Refill,22 minutes,,,66.7704
5957,Twitter Video Views - [𝐈𝐧𝐝𝐢𝐚 🇮🇳] [Max 5M] [Speed 5M/Day] [INSTANT],15.528,100,50 000 000,No Refill,11 minutes,,,66.7704
5955,Twitter Video Views - [𝐒𝐚𝐮𝐝𝐢 𝐀𝐫𝐚𝐛𝐢𝐚 🇸🇦] [Max 5M] [Speed 5M/Day] [INSTANT],15.528,100,50 000 000,No Refill,25 minutes,,,66.7704
3667,Twitter Video Views - [𝐒𝐩𝐚𝐢𝐧 🇪🇸] [Max 5M] [Speed 500K/Day] [INSTANT],3.882,100,50 000 000,No Refill,1 minute,,,16.6926
5956,Twitter Video Views - [𝐅𝐫𝐚𝐧𝐜𝐞 🇫🇷] [Max 5M] [Speed 500K/Day] [INSTANT],3.882,100,50 000 000,No Refill,33 minutes,,,16.6926
10657,Twitter 𝐀𝐧𝐚𝐥𝐲𝐭𝐢𝐜𝐬 + 𝐌𝐨𝐧𝐞𝐭𝐢𝐳𝐚𝐭𝐢𝐨𝐧 𝐕𝐢𝐞𝐰𝐬 | Minimum 100 | Speed 10M/Day | Always Instant,6.47,100,100 000 000,30 Days Refill,3 minutes,,,27.821
10658,Twitter 𝐀𝐧𝐚𝐥𝐲𝐭𝐢𝐜𝐬 + 𝐌𝐨𝐧𝐞𝐭𝐢𝐳𝐚𝐭𝐢𝐨𝐧 𝐕𝐢𝐞𝐰𝐬 | Minimum 1M | Speed 10M/Day | Always Instant,4.529,1 000 000,100 000 000,30 Days Refill,17 minutes,,,19.4747
10659,Twitter 𝐀𝐧𝐚𝐥𝐲𝐭𝐢𝐜𝐬 + 𝐌𝐨𝐧𝐞𝐭𝐢𝐳𝐚𝐭𝐢𝐨𝐧 𝐕𝐢𝐞𝐰𝐬 | Minimum 5M | Speed 10M/Day | Always Instant,1.941,5 000 000,100 000 000,30 Days Refill,16 minutes,,,8.3463
8926,Twitter Impressions - [𝐊𝐨𝐫𝐞𝐚 🇰🇷] [Unlimited] [10M/Day] [0-15Mins],15.528,100,50 000 000,No Refill,59 minutes,,,66.7704
8927,Twitter Impressions - [𝐈𝐭𝐚𝐥𝐲 🇮🇹] [Unlimited] [10M/Day] [0-15Mins],15.528,100,50 000 000,No Refill,7 minutes,,,66.7704
8928,Twitter Impressions - [𝐑𝐮𝐬𝐬𝐢𝐚 🇷🇺] [Unlimited] [10M/Day] [0-15Mins],15.528,100,50 000 000,No Refill,17 minutes,,,66.7704
8929,Twitter Impressions - [𝐈𝐧𝐝𝐢𝐚 🇮🇳] [Unlimited] [10M/Day] [0-15Mins],15.528,100,50 000 000,No Refill,12 hours 14 minutes,,,66.7704
8930,Twitter Impressions - [𝐁𝐫𝐚𝐳𝐢𝐥 🇧🇷] [Unlimited] [10M/Day] [0-15Mins],15.528,100,50 000 000,No Refill,22 minutes,,,66.7704
8931,Twitter Impressions - [𝐆𝐞𝐫𝐦𝐚𝐧𝐲 🇩🇪] [Unlimited] [10M/Day] [0-15Mins],15.528,100,50 000 000,No Refill,23 minutes,,,66.7704
8932,Twitter Impressions - [𝐔𝐒𝐀 🇺🇸] [Unlimited] [10M/Day] [0-15Mins],15.528,100,50 000 000,No Refill,3 minutes,,,66.7704
8933,Twitter Impressions - [𝐔𝐊 🇬🇧] [Unlimited] [10M/Day] [0-15Mins],15.528,100,50 000 000,No Refill,5 minutes,,,66.7704
8934,Twitter Impressions - [𝐀𝐫𝐚𝐛 🇸🇦] [Unlimited] [10M/Day] [0-15Mins],15.528,100,50 000 000,No Refill,17 minutes,,,66.7704
9119,Twitter Followers - [No Refill] [Max 50K] [𝐑𝐄𝐀𝐋 & 𝐇𝐐 𝐔𝐒𝐄𝐑𝐒] [Speed 10K/Day] [0-30Mins],600.416,10,50 000,30 Days Refill,31 minutes,,,2581.7888
9219,Twitter Followers - [𝐖𝐨𝐫𝐥𝐝𝐰𝐢𝐝𝐞] [30 Days Refill] [Organic] [Max 500K] [Speed 5-10K/Day] [0-30 Mins],1552.8,100,5 000 000,30 Days Refill,8 minutes,,,6677.04
9108,Twitter Followers - [30 Days Refill] [Max 100K] [𝐑𝐄𝐀𝐋 & 𝐇𝐐 𝐔𝐒𝐄𝐑𝐒] [Refill Button] [Speed 3-5K/Day] [0-30Mins],925.21,10,50 000,30 Days Refill,11 minutes,,,3978.403
9120,Twitter Likes - [Max 5K] [𝐑𝐄𝐀𝐋 & 𝐇𝐐 𝐔𝐒𝐄𝐑𝐒] [Speed 5K/Day] [0-30Mins],669.645,10,5 000,No Refill,18 minutes,,,2879.4735
10608,Twitter Likes - [Non-Drop] [Max 15K] [𝟏𝟎𝟎% 𝐎𝐑𝐆𝐀𝐍𝐈𝐂] [Speed 5K/Day] [0-15Mins],732.404,10,15 000,No Refill,28 minutes,,,3149.3372
9220,Twitter Likes - [No Refill] [Max 30K] [𝐑𝐄𝐀𝐋 & 𝐇𝐐 𝐔𝐒𝐄𝐑𝐒] [Speed 10K/Day] [0-30Mins],274.328,50,30 000,No Refill,21 minutes,,,1179.6104
8899,Twitter Likes - [𝐖𝐨𝐫𝐥𝐝𝐰𝐢𝐝𝐞] [Organic] [Max 5K] [Speed 2-3K/Day] [0-30Mins],504.66,10,10 000,No Refill,1 hour 8 minutes,,,2170.038
9221,Twitter Retweets - [90 Days Refill] [Max 100K] [𝐑𝐄𝐀𝐋 & 𝐇𝐐 𝐔𝐒𝐄𝐑𝐒] [Speed 1-2K/Day] [0-30Mins],336.44,100,100 000,90 Days Refill,2 minutes,,,1446.692
9121,Twitter Retweets - [30 Days Refill] [Max 5K] [𝐑𝐄𝐀𝐋 & 𝐇𝐐 𝐔𝐒𝐄𝐑𝐒] [Refill Button] [Speed 5-10K/Day] [INSTANT],1035.2,20,2 000,30 Days Refill,185 hours 24 minutes,,,4451.36
8619,Twitter Retweets - [𝐖𝐨𝐫𝐥𝐝𝐰𝐢𝐝𝐞] [Organic] [Max 5K] [Speed 5K/Day] [0-30Mins],841.1,50,5 000,No Refill,1 minute,,,3616.73
16560,Twitter X 𝐓𝐰𝐞𝐞𝐭 | 𝐕𝐢𝐞𝐰𝐬 𝐎𝐧𝐥𝐲 | Unlimited | Speed 10M/Day | Always Instant,0.1683,100,999 999 999,No Refill,1 hour 29 minutes,,,0.72369
16561,Twitter X 𝐓𝐰𝐞𝐞𝐭 | 𝐕𝐢𝐞𝐰𝐬 𝐎𝐧𝐥𝐲 | Unlimited | Speed 50M/Day | Always Instant,0.1424,100,999 999 999,No Refill,2 minutes,,,0.61232
16563,Twitter X 𝐓𝐰𝐞𝐞𝐭 | 𝐕𝐢𝐞𝐰𝐬 + 𝐀𝐧𝐚𝐥𝐲𝐭𝐢𝐜𝐬 𝐈𝐦𝐩𝐫𝐞𝐬𝐬𝐢𝐨𝐧𝐬 + 𝐄𝐧𝐠𝐚𝐠𝐞𝐦𝐞𝐧𝐭 | Unlimited | Speed 100M/Day | Always Instant,0.2588,100,100 000 000,No Refill,2 minutes,,,1.11284
16565,Twitter X 𝐓𝐰𝐞𝐞𝐭 | 𝐕𝐢𝐞𝐰𝐬 + 𝐀𝐧𝐚𝐥𝐲𝐭𝐢𝐜𝐬 𝐈𝐦𝐩𝐫𝐞𝐬𝐬𝐢𝐨𝐧𝐬 + 𝐄𝐧𝐠𝐚𝐠𝐞𝐦𝐞𝐧𝐭 + 𝐏𝐫𝐨𝐟𝐢𝐥𝐞 𝐂𝐥𝐢𝐜𝐤 + 𝐃𝐞𝐭𝐚𝐢𝐥𝐬 𝐄𝐱𝐩𝐚𝐧𝐝 | Unlimited | Speed 100M/Day | Always Instant,0.1683,100,100 000 000,No Refill,7 hours 32 minutes,,,0.72369
16564,Twitter X 𝐓𝐰𝐞𝐞𝐭 | 𝐋𝐢𝐧𝐤 𝐂𝐥𝐢𝐜𝐤𝐬 | Unlimited | Speed 100M/Day | Always Instant,0.3882,100,100 000 000,No Refill,3 minutes,,,1.66926
16566,Twitter X 𝐓𝐰𝐞𝐞𝐭 | 𝐏𝐫𝐨𝐟𝐢𝐥𝐞 𝐂𝐥𝐢𝐜𝐤𝐬 | Unlimited | Speed 100M/Day | Always Instant,0.3882,100,100 000 000,No Refill,17 minutes,,,1.66926
16567,Twitter X 𝐓𝐰𝐞𝐞𝐭 | 𝐃𝐞𝐭𝐚𝐢𝐥 𝐂𝐥𝐢𝐜𝐤s | Unlimited | Speed 100M/Day | Always Instant,0.3882,100,100 000 000,No Refill,17 minutes,,,1.66926
16569,Twitter X 𝐓𝐰𝐞𝐞𝐭 | 𝐇𝐚𝐬𝐭𝐚𝐠 𝐂𝐥𝐢𝐜𝐤𝐬 | Unlimited | Speed 100M/Day | Always Instant,0.3882,100,100 000 000,No Refill,55 minutes,,,1.66926
16568,Twitter X 𝐓𝐰𝐞𝐞𝐭 | 𝐌𝐞𝐝𝐢𝐚 𝐕𝐢𝐞𝐰𝐬 | Unlimited | Speed 100M/Day | Always Instant,0.3235,100,100 000 000,No Refill,2 minutes,,,1.39105
5026,Twitter Clicks - [𝐏𝐑𝐎𝐅𝐈𝐋𝐄] [30 Days Refill] [Unlimited] [Speed 5-10M/Day] [Always Instant],0.3882,100,100 000 000,30 Days Refill,1 minute,,,1.66926
5991,Twitter Clicks - [𝐃𝐄𝐓𝐀𝐈𝐋𝐒] [90 Days Refill] [Unlimited] [Speed 20M/Day] [Always Instant],0.3882,100,100 000 000,90 Days Refill,1 minute,,,1.66926
5999,Twitter Clicks - [𝐋𝐈𝐍𝐊] [30 Days Refill] [Unlimited] [Speed 20M/Day] [Always Instant],0.3882,100,100 000 000,30 Days Refill,1 minute,,,1.66926
2567,Twitter Clicks - [𝐇𝐀𝐒𝐇𝐓𝐀𝐆] [30 Days Refill] [Unlimited] [Speed 20M/Day] [Always Instant],0.3882,100,100 000 000,30 Days Refill,1 minute,,,1.66926
10216,Twitter Followers - [90 Days Refill] [Max 3M] [Speed 100K/HR] [𝐁𝐄𝐒𝐓 & 𝐒𝐓𝐀𝐁𝐋𝐄] [𝐃𝐑𝐈𝐏𝐅𝐄𝐄𝐃 𝐄𝐗𝐂𝐋𝐔𝐒𝐈𝐕𝐄] [0-2 Mins],3558.5,100,50 000 000,90 Days Refill,16 minutes,,,15301.55
15884,Twitter Followers - [30 Days Refill] [Max 3M] [Speed 100K/HR] [𝐋𝐞𝐬𝐬 𝐃𝐫𝐨𝐩] [0-2 Mins],1423.4,50,10 000 000,30 Days Refill,10 minutes,,,6120.62
10730,Twitter Followers - [No Refill] [Max 1M] [Speed 10K/Minute] [Always Instant],174.69,100,1 000 000,No Refill,5 minutes,,,751.167
10917,Twitter Followers - 𝐄𝐧𝐠𝐥𝐢𝐬𝐡 𝐏𝐫𝐨𝐟𝐢𝐥𝐞𝐬 [15 Days Refill] [Max 100K] [Speed Upto 10K/Day] [0-15 Mins],1097.312,10,100 000,15 Days Refill,55 minutes,,,4718.4416
10915,Twitter Followers - 𝐄𝐧𝐠𝐥𝐢𝐬𝐡 𝐏𝐫𝐨𝐟𝐢𝐥𝐞𝐬 [No Refill] [Max 100K] [Speed Upto 10K/Day] [0-15 Mins],621.12,10,100 000,No Refill,13 minutes,,,2670.816
7343,Twitter Followers - 𝐄𝐧𝐠𝐥𝐢𝐬𝐡 𝐏𝐫𝐨𝐟𝐢𝐥𝐞𝐬 [30 Days Refill] [Max 100K] [Speed Upto 10K/Day] [0-15 Mins],1617.5,500,100 000,30 Days Refill,23 minutes,,,6955.25
11811,Twitter Followers - 𝐇𝐢𝐠𝐡 𝐐𝐮𝐚𝐥𝐢𝐭𝐲 𝐀𝐜𝐜𝐨𝐮𝐧𝐭𝐬 [30 Days Refill] [Max 200K] [Speed 10-20K/Day] [INSTANT],957.56,100,200 000,30 Days Refill,11 minutes,,,4117.508
11808,Twitter Followers - 𝐔𝐒𝐀 🇺🇸 𝐅𝐞𝐦𝐚𝐥𝐞 𝐏𝐫𝐨𝐟𝐢𝐥𝐞𝐬 [15 Days Refill] [Max 50K] [Speed 5-10K/Day] [𝐃𝐑𝐈𝐏𝐅𝐄𝐄𝐃 𝐄𝐗𝐂𝐋𝐔𝐒𝐈𝐕𝐄] [Always Instant],1682.2,100,50 000,15 Days Refill,22 minutes,,,7233.46
10017,Twitter Followers - 𝐔𝐒𝐀 🇺🇸 𝐅𝐞𝐦𝐚𝐥𝐞 𝐏𝐫𝐨𝐟𝐢𝐥𝐞𝐬 [30 Days Refill] [Max 50K] [Speed 5-10K/Day] [𝐃𝐑𝐈𝐏𝐅𝐄𝐄𝐃 𝐄𝐗𝐂𝐋𝐔𝐒𝐈𝐕𝐄] [Always Instant],1617.5,100,50 000,30 Days Refill,17 minutes,,,6955.25
11810,Twitter Followers - 𝐅𝐞𝐦𝐚𝐥𝐞 𝐑𝐞𝐚𝐥 𝐀𝐜𝐜𝐨𝐮𝐧𝐭𝐬 [15 Days Refill] [Max 500K] [Speed 5-10K/Day] [0-30 Mins],1552.8,500,500 000,15 Days Refill,11 minutes,,,6677.04
12252,Twitter Followers - 𝐅𝐞𝐦𝐚𝐥𝐞 𝐑𝐞𝐚𝐥 𝐀𝐜𝐜𝐨𝐮𝐧𝐭𝐬 [30 Days Refill] [Max 500K] [Speed 5-10K/Day] [0-30 Mins],1617.5,500,500 000,30 Days Refill,23 minutes,,,6955.25
10013,Twitter Followers - 𝐄𝐚𝐬𝐭 𝐀𝐬𝐢𝐚 | 𝐉𝐚𝐩𝐚𝐧 - 𝐊𝐨𝐫𝐞𝐚 - 𝐇𝐨𝐧𝐠 𝐊𝐨𝐧𝐠 𝐀𝐜𝐜𝐬 | 15 Days Refill | 50K Max | Speed Upto 5K/Day | 0-15 Mins,1552.8,500,50 000,15 Days Refill,11 minutes,,,6677.04
10015,Twitter Followers - 𝐄𝐚𝐬𝐭 𝐀𝐬𝐢𝐚 | 𝐉𝐚𝐩𝐚𝐧 - 𝐊𝐨𝐫𝐞𝐚 - 𝐇𝐨𝐧𝐠 𝐊𝐨𝐧𝐠 𝐀𝐜𝐜𝐬 | 30 Days Refill | 50K Max | Speed Upto 5K/Day | 0-15 Mins,1578.68,500,50 000,30 Days Refill,55 minutes,,,6788.324
10920,Twitter Followers - [30 Days Refill] [Max 50K] [𝐑𝐄𝐀𝐋 & 𝐇𝐐 𝐔𝐒𝐄𝐑𝐒] [Refill Button] [Speed 10K/Day] [0-30Mins],1617.5,500,50 000,30 Days Refill,23 minutes,,,6955.25
16373,Twitter Followers | 𝐍𝐅𝐓 𝐏𝐫𝐨𝐟𝐢𝐥𝐞𝐬 | Max 50K | No Refill | Low Drop | Cancel Button Enabled | 0-2 HRS,1265.532,100,50 000,No Refill,7 hours 53 minutes,,,5441.7876
16374,Twitter Followers | 𝐑𝐞𝐚𝐥 𝐏𝐫𝐨𝐟𝐢𝐥𝐞𝐬 | Max 50K | 15 Days Refill | Low Drop | 𝐑𝐞𝐟𝐢𝐥𝐥 𝐁𝐮𝐭𝐭𝐨𝐧 𝐄𝐧𝐚𝐛𝐥𝐞𝐝 | 0-2 HRS,1629.146,100,50 000,No Refill,14 hours 58 minutes,,,7005.3278
16375,Twitter Followers | 𝐑𝐞𝐚𝐥 𝐏𝐫𝐨𝐟𝐢𝐥𝐞𝐬 | Max 50K | 30 Days Refill | Low Drop | 𝐑𝐞𝐟𝐢𝐥𝐥 𝐁𝐮𝐭𝐭𝐨𝐧 𝐄𝐧𝐚𝐛𝐥𝐞𝐝 | 0-2 HRS,1941,10,50 000,No Refill,32 minutes,,,8346.3
10609,Twitter Followers | 𝐄𝐧𝐠𝐥𝐢𝐬𝐡 𝐔𝐒𝐀 𝐏𝐫𝐨𝐟𝐢𝐥𝐞𝐬 | Max 50K | No Refill | Low Drop | Cancel Button Enabled | 0-2 HRS,2976.2,100,50 000,No Refill,22 minutes,,,12797.66
16371,Twitter Followers | 𝐄𝐧𝐠𝐥𝐢𝐬𝐡 𝐔𝐒𝐀 𝐏𝐫𝐨𝐟𝐢𝐥𝐞𝐬 | Max 50K | 15 Days Refill | Low Drop | 𝐑𝐞𝐟𝐢𝐥𝐥 𝐁𝐮𝐭𝐭𝐨𝐧 𝐄𝐧𝐚𝐛𝐥𝐞𝐝 | 0-2 HRS,3319.11,100,50 000,No Refill,11 minutes,,,14272.173
16372,Twitter Followers | 𝐄𝐧𝐠𝐥𝐢𝐬𝐡 𝐔𝐒𝐀 𝐏𝐫𝐨𝐟𝐢𝐥𝐞𝐬 | Max 50K | 30 Days Refill | Low Drop | 𝐑𝐞𝐟𝐢𝐥𝐥 𝐁𝐮𝐭𝐭𝐨𝐧 𝐄𝐧𝐚𝐛𝐥𝐞𝐝 | 0-2 HRS,3687.9,100,50 000,No Refill,23 minutes,,,15857.97
16376,Twitter Followers | 𝐄𝐚𝐬𝐭 𝐀𝐬𝐢𝐚𝐧 𝐏𝐫𝐨𝐟𝐢𝐥𝐞𝐬 | Max 50K | No Refill | Low Drop | Cancel Button Enabled | 0-2 HRS,2911.5,100,50 000,No Refill,23 minutes,,,12519.45
16377,Twitter Followers | 𝐄𝐚𝐬𝐭 𝐀𝐬𝐢𝐚𝐧 𝐏𝐫𝐨𝐟𝐢𝐥𝐞𝐬 | Max 50K | 15 Days Refill | Low Drop | 𝐑𝐞𝐟𝐢𝐥𝐥 𝐁𝐮𝐭𝐭𝐨𝐧 𝐄𝐧𝐚𝐛𝐥𝐞𝐝 | 0-2 HRS,2432.72,100,50 000,No Refill,23 minutes,,,10460.696
16378,Twitter Followers | 𝐄𝐚𝐬𝐭 𝐀𝐬𝐢𝐚𝐧 𝐏𝐫𝐨𝐟𝐢𝐥𝐞𝐬 | Max 50K | 30 Days Refill | Low Drop | 𝐑𝐞𝐟𝐢𝐥𝐥 𝐁𝐮𝐭𝐭𝐨𝐧 𝐄𝐧𝐚𝐛𝐥𝐞𝐝 | 0-2 HRS,2588,100,50 000,No Refill,22 minutes,,,11128.4
13368,Twitter NFT Followers - 𝟏𝟎𝟎% 𝐍𝐅𝐓 𝐑𝐞𝐚𝐥 & 𝐎𝐫𝐠𝐚𝐧𝐢𝐜 𝐔𝐬𝐞𝐫𝐬 [15 Days Refill] [Max 100K] [Speed 10K/Day] [0-5 Mins],1617.5,500,100 000,15 Days Refill,7 minutes,,,6955.25
10652,Twitter NFT Followers - 𝟏𝟎𝟎% 𝐍𝐅𝐓 𝐑𝐞𝐚𝐥 & 𝐎𝐫𝐠𝐚𝐧𝐢𝐜 𝐔𝐬𝐞𝐫𝐬 [30 Days Refill] [Max 100K] [Speed 5-15K/Day] [0-1HR],1552.8,500,100 000,30 Days Refill,2 minutes,,,6677.04
12247,Twitter Followers - 𝐍𝐅𝐓 𝐏𝐑𝐎𝐅𝐈𝐋𝐄𝐒 [High Quality Accounts] [No Refill] [Max 100K] [Speed 5-10K/Day] [0-30 Mins],686.467,500,100 000,No Refill,2 minutes,,,2951.8081
11807,Twitter Followers - 𝐍𝐅𝐓 [No Refill] [Max 50K] [Low Drop] [Speed 5K/Day] [0-30 Mins],716.876,500,50 000,No Refill,33 minutes,,,3082.5668
12245,Twitter Followers - 𝐍𝐅𝐓 [No Refill] [Max 100K] [Female Profiles] [Speed 5-10K/Day] [INSTANT],698.76,500,100 000,No Refill,33 minutes,,,3004.668
5258,Twitter Followers - 𝐍𝐅𝐓 𝐀𝐜𝐜𝐨𝐮𝐧𝐭𝐬 [𝐅𝐄𝐌𝐀𝐋𝐄] [No Refill] [Max 200K] [Speed 15K/Day] [0-1HR],692.29,500,100 000,No Refill,2 minutes,,,2976.847
10913,Twitter NFT Followers - 𝟏𝟎𝟎% 𝐍𝐅𝐓 𝐑𝐞𝐚𝐥 𝐔𝐬𝐞𝐫𝐬 [Max 30K] [30 Days Auto Refill] [Speed 5K/Day] [0-15 Mins],1552.8,500,30 000,No Refill,21 hours 21 minutes,,,6677.04
10656,Twitter NFT Comments - [𝐂𝐮𝐬𝐭𝐨𝐦] 𝟏𝟎𝟎% 𝐍𝐅𝐓 𝐑𝐞𝐚𝐥 𝐔𝐬𝐞𝐫𝐬 [Max 1K] [INSTANT],29789.174,1,1 000,No Refill,56 minutes,,,128093.4482
10651,Twitter NFT Followers - 𝟏𝟎𝟎% 𝐍𝐅𝐓 𝐑𝐞𝐚𝐥 𝐔𝐬𝐞𝐫𝐬 [30 Days Refill] [Max 50K] [Speed 5-10K/Day] [0-1HR],1032.612,100,50 000,30 Days Refill,19 minutes,,,4440.2316
6049,Twitter Followers - 𝐀𝐑𝐀𝐁 [90 Days Refill] [Max 100K] [Non-Drop] [Speed 1-2K/Day] [0-1 HR],1772.78,10,10 000,90 Days Refill,16 minutes,,,7622.954
6050,Twitter Followers - 𝐔𝐒𝐀 🇺🇸 [FEMALE] [No Refill] [Max 10K] [Less Drop - Real] [Speed 5-10K/Day] [0-1 HR],559.008,10,10 000,No Refill,1 hour 12 minutes,,,2403.7344
5611,Twitter Followers - 𝐔𝐒𝐀 🇺🇸 [FEMALE] [30 Days Refill] [Max 10K] [Speed 2-5K/Day] [0-1 HR],1617.5,500,10 000,30 Days Refill,55 minutes,,,6955.25
7141,Twitter Followers - 𝐌𝐢𝐱𝐞𝐝 𝐂𝐨𝐮𝐧𝐭𝐫𝐢𝐞𝐬 [No Refill] [Max 100K] [Speed 5-10K/Day] [0-1HR],703.936,150,100 000,No Refill,55 minutes,,,3026.9248
6047,Twitter Followers - 𝐀𝐒𝐈𝐀𝐍 [30 Days Refill] [Max 50K] [Speed 5K/Day] [Instant],1552.8,500,50 000,30 Days Refill,16 minutes,,,6677.04
3662,Twitter Likes - [𝐑𝐄𝐀𝐋] [30 Days Refill] [Max 100K] [Speed 20-30K/Day] [0-5Mins] [𝐑𝐞𝐜𝐨𝐦𝐦𝐞𝐧𝐝𝐞𝐝],323.5,50,10 000,30 Days Refill,1 minute,,,1391.05
16178,Twitter Likes | No Refill | Max 5K | Speed 10K/Day | INSTANT,517.6,10,5 000,No Refill,16 minutes,,,2225.68
16516,Twitter Likes | No Refill | Max 25K | Speed 15K/Day | 0-15 Mins,137.164,10,25 000,No Refill,10 hours 23 minutes,,,589.8052
16395,Twitter Likes | 30 Days Refill ♻️ | Max 100K | Speed 1-2K/Day | 𝐑𝐞𝐟𝐢𝐥𝐥 𝐁𝐮𝐭𝐭𝐨𝐧 𝐄𝐧𝐚𝐛𝐥𝐞𝐝 | 0-15 Mins,253.624,10,100 000,30 Days Refill,26 minutes,,,1090.5832
16394,Twitter Likes | 30 Days Refill ♻️ | Max 10K | Speed 10K/Day | 𝐎𝐧𝐞 𝐂𝐥𝐢𝐜𝐤 𝐒𝐭𝐚𝐫𝐭 🚀💧,291.15,10,10 000,30 Days Refill,18 minutes,,,1251.945
5947,Twitter Likes - [𝐄𝐱𝐜𝐞𝐥𝐥𝐞𝐧𝐭 𝐐𝐮𝐚𝐥𝐢𝐭𝐲] [30 Days Refill] [Max 10K] [Speed 5-10K/Day] [INSTANT],388.2,10,10 000,30 Days Refill,1 hour,,,1669.26
10922,Twitter Likes - [30 Days Refill] [Max 15K] [𝐑𝐄𝐀𝐋 & 𝐇𝐐 𝐔𝐒𝐄𝐑𝐒] [Speed 10K/Day] [0-15Mins],559.008,100,3 000,30 Days Refill,22 minutes,,,2403.7344
8620,Twitter Likes - [𝐖𝐨𝐫𝐥𝐝𝐰𝐢𝐝𝐞] [Organic] [Max 10K] [Speed 5K/Day] [0-15 Mins],359.732,10,10 000,No Refill,1 hour 6 minutes,,,1546.8476
9217,Twitter Likes - [No Refill] [Max 300K] [𝐑𝐄𝐀𝐋 & 𝐇𝐐 𝐔𝐒𝐄𝐑𝐒] [Speed 10K/Day] [0-5 Mins],314.442,50,300 000,No Refill,5 minutes,,,1352.1006
10921,Twitter Likes - [𝐄𝐱𝐜𝐞𝐥𝐥𝐞𝐧𝐭 𝐐𝐮𝐚𝐥𝐢𝐭𝐲] [60 Days Refill] [Max 15K] [Speed 20-50K/Day] [INSTANT],284.68,50,15 000,60 Days Refill,1 minute,,,1224.124
16397,Twitter 𝐋𝐀𝐓𝐈𝐍 🇦🇷 Likes | 30 Days Refill ♻️ | Max 100K | High Quality | Speed 2K/Day | Refill Button 0-15 Mins,345.498,10,10 000,30 Days Refill,36 minutes,,,1485.6414
7342,Twitter Likes - [𝐑𝐄𝐀𝐋] [No Refill] [Max 50K] [Speed 10K/Day] [Always Instant],544.774,100,3 000,No Refill,23 minutes,,,2342.5282
16398,Twitter 𝐀𝐑𝐀𝐁 🇸🇦 Likes | 30 Days Refill ♻️ | Max 100K | High Quality | Speed 2K/Day | Refill Button 0-15 Mins,909.682,10,100 000,30 Days Refill,17 minutes,,,3911.6326
9109,Twitter Likes - [Max 10K] [𝐑𝐄𝐀𝐋 & 𝐇𝐐 𝐔𝐒𝐄𝐑𝐒] [Speed 3-5K/Day] [0-30Mins],344.204,10,10 000,No Refill,38 minutes,,,1480.0772
4814,Twitter Retweets - [REAL] [30 Days Refill] [Max 20K] [Speed 1K/HR] [Always Instant],276.916,100,20 000,30 Days Refill,3 minutes,,,1190.7388
5923,Twitter Retweets - [𝐆𝐨𝐨𝐝 𝐐𝐮𝐚𝐥𝐢𝐭𝐲] [30 Days Refill] [Max 1K] [STABLE] [Speed 1-2K/Day] [0-15 Mins],828.16,100,1 000,30 Days Refill,3 minutes,,,3561.088
9111,Twitter Retweets - [30 Days Refill] [Max 50K] [𝐑𝐄𝐀𝐋 & 𝐎𝐑𝐆𝐀𝐍𝐈𝐂] [Refill Button] [Speed 1-3K/Day] [INSTANT],835.924,100,50 000,30 Days Refill,2 minutes,,,3594.4732
5928,Twitter Retweets | REAL | No Refill | Max 2K | Speed 2K/Day | 0-5 Mins,230.332,100,2 000,No Refill,3 minutes,,,990.4276
9218,Twitter Retweets - [No Refill] [Max 2K] [𝐑𝐄𝐀𝐋 & 𝐇𝐐 𝐔𝐒𝐄𝐑𝐒] [Speed 1-2K/Day] [0-30Mins],351.968,100,2 000,No Refill,16 minutes,,,1513.4624
16399,Twitter Retweets | No Refill | Max 50K | Speed 20K/Day | 0-5 Mins | 𝐎𝐧𝐞 𝐂𝐥𝐢𝐜𝐤 𝐒𝐭𝐚𝐫𝐭,258.8,100,50 000,No Refill,3 minutes,,,1112.84
16400,Twitter Retweets | Lifetime Refill ♻️ | Max 50K | Speed 2K/HR | 𝐎𝐧𝐞 𝐂𝐥𝐢𝐜𝐤 𝐒𝐭𝐚𝐫𝐭 🚀💧,336.44,100,25 000,Lifetime Refill,3 minutes,,,1446.692
6847,Twitter Comments - [𝐂𝐔𝐒𝐓𝐎𝐌] [Non-Drop] [Max 5K] [1K/Day] [0-1HR],3493.8,5,1 000,No Refill,48 minutes,,,15023.34
4818,Twitter Comments - [𝐂𝐔𝐒𝐓𝐎𝐌] [30 Days Refill] [Max 2K] [Speed 1-2K/Day] [INSTANT],3381.222,10,2 000,30 Days Refill,1 hour 50 minutes,,,14539.2546
5037,Twitter Comments - [𝐑𝐀𝐍𝐃𝐎𝐌] [Non-Drop] [Max 5K] [1K/Day] [0-1HR],3493.8,5,5 000,No Refill,44 minutes,,,15023.34
4819,Twitter Comments 𝐔𝐒𝐀 🇺🇸 - [𝐂𝐔𝐒𝐓𝐎𝐌] [30 Days Refill] [Max 1K] [Speed 1K/Day] [INSTANT],5059.54,5,5 000,30 Days Refill,19 hours 59 minutes,,,21756.022
15330,🚀 X - Twitter Trend Topic | #Hashtag | 𝐂𝐡𝐨𝐨𝐬𝐞 𝐂𝐨𝐮𝐧𝐭𝐫𝐲 | For 1 Hour Guaranteed | 𝐓𝐎𝐏 𝟓 𝐆𝐮𝐚𝐫𝐚𝐧𝐭𝐞𝐞𝐝,15528,1,1,No Refill,1 hour 16 minutes,,,66770.4
15331,🚀 X - Twitter Trend Topic | #Hashtag | 𝐂𝐡𝐨𝐨𝐬𝐞 𝐂𝐨𝐮𝐧𝐭𝐫𝐲 | For 2 Hours Guaranteed | 𝐓𝐎𝐏 𝟓 𝐆𝐮𝐚𝐫𝐚𝐧𝐭𝐞𝐞𝐝,23292,1,1,No Refill,11 minutes,,,100155.6
15332,🚀 X - Twitter Trend Topic | #Hashtag | 𝐂𝐡𝐨𝐨𝐬𝐞 𝐂𝐨𝐮𝐧𝐭𝐫𝐲 | For 5 Hours Guaranteed | 𝐓𝐎𝐏 𝟓 𝐆𝐮𝐚𝐫𝐚𝐧𝐭𝐞𝐞𝐝,54348,1,1,No Refill,23 minutes,,,233696.4
15333,🚀 X - Twitter Trend Topic | #Hashtag | 🌎 𝐖𝐨𝐫𝐥𝐝𝐰𝐢𝐝𝐞 𝐓𝐫𝐞𝐧𝐝𝐢𝐧𝐠 | For 1 Hour Guaranteed | 𝐓𝐎𝐏 𝟓 𝐆𝐮𝐚𝐫𝐚𝐧𝐭𝐞𝐞𝐝,23292,1,1,No Refill,17 minutes,,,100155.6
15334,🚀 X - Twitter Trend Topic | #Hashtag | 🌎 𝐖𝐨𝐫𝐥𝐝𝐰𝐢𝐝𝐞 𝐓𝐫𝐞𝐧𝐝𝐢𝐧𝐠 | For 2 Hours Guaranteed | 𝐓𝐎𝐏 𝟓 𝐆𝐮𝐚𝐫𝐚𝐧𝐭𝐞𝐞𝐝,38820,1,1,No Refill,55 minutes,,,166926
15335,🚀 X - Twitter Trend Topic | #Hashtag | 🌎 𝐖𝐨𝐫𝐥𝐝𝐰𝐢𝐝𝐞 𝐓𝐫𝐞𝐧𝐝𝐢𝐧𝐠 | For 5 Hours Guaranteed | 𝐓𝐎𝐏 𝟓 𝐆𝐮𝐚𝐫𝐚𝐧𝐭𝐞𝐞𝐝,69876,1,1,No Refill,33 minutes,,,300466.8
15336,🚀 X - Twitter Trend Topic | #Hashtag | 🌎 𝐖𝐨𝐫𝐥𝐝𝐰𝐢𝐝𝐞 𝐓𝐫𝐞𝐧𝐝𝐢𝐧𝐠 | For 12 Hours Guaranteed | 𝐓𝐎𝐏 𝟓 𝐆𝐮𝐚𝐫𝐚𝐧𝐭𝐞𝐞𝐝,124224,1,1,No Refill,33 minutes,,,534163.2
7696,Twitter Space Listeners - [5 Mins] [Max 10K] [Speed 10-20K/Day] [Always Instant],11.646,50,10 000,No Refill,7 minutes,,,50.0778
7697,Twitter Space Listeners - [15 Mins] [Max 10K] [Speed 10-20K/Day] [Always Instant],15.528,50,10 000,No Refill,14 minutes,,,66.7704
7698,Twitter Space Listeners - [30 Mins] [Max 100K] [Speed 10-20K/Day] [Always Instant],31.056,50,10 000,No Refill,29 minutes,,,133.5408
7699,Twitter Space Listeners - [45 Mins] [Max 10K] [Speed 10-20K/Day] [Always Instant],43.996,50,10 000,No Refill,44 minutes,,,189.1828
7700,Twitter Space Listeners - [60 Mins] [Max 10K] [Speed 10-20K/Day] [Always Instant],60.818,50,10 000,No Refill,1 hour,,,261.5174
7701,Twitter Space Listeners - [90 Mins] [Max 10K] [Speed 10-20K/Day] [Always Instant],95.756,50,10 000,No Refill,1 hour 6 minutes,,,411.7508
7702,Twitter Space Listeners - [120 Mins] [Max 10K] [Speed 10-20K/Day] [Always Instant],121.636,50,10 000,No Refill,1 hour 44 minutes,,,523.0348
9993,Twitter Space Listeners - [180 Mins] [Max 10K] [Speed 10-20K/Day] [Always Instant],175.984,50,10 000,No Refill,2 hours 20 minutes,,,756.7312
9994,Twitter Space Listeners - [240 Mins] [Max 10K] [Speed 10-20K/Day] [Always Instant],229.038,50,10 000,No Refill,2 hours 20 minutes,,,984.8634
3749,Twitter Live Stream Views - [5 Minutes] [No Refill] [Speed 10K/Day] [INSTANT] - [𝐒𝐞𝐫𝐯𝐞𝐫 𝟏],153.986,100,100 000,No Refill,36 minutes,,,662.1398
3737,Twitter Live Stream Views - [15 Minutes] [No Refill] [Speed 10K/Day] [INSTANT] - [𝐒𝐞𝐫𝐯𝐞𝐫 𝟏],442.548,100,100 000,No Refill,11 minutes,,,1902.9564
6680,Twitter Live Stream Views - [30 Minutes] [No Refill] [Speed 10K/Day] [INSTANT] - [𝐒𝐞𝐫𝐯𝐞𝐫 𝟏],848.864,100,1 000 000,No Refill,17 minutes,,,3650.1152
6681,Twitter Live Stream Views - [45 Minutes] [No Refill] [Speed 10K/Day] [INSTANT] - [𝐒𝐞𝐫𝐯𝐞𝐫 𝟏],1253.886,100,9 999,No Refill,22 minutes,,,5391.7098
6682,Twitter Live Stream Views - [60 Minutes] [No Refill] [Speed 10K/Day] [INSTANT] - [𝐒𝐞𝐫𝐯𝐞𝐫 𝟏],1627.852,100,100 000,No Refill,55 minutes,,,6999.7636
6683,Twitter Live Stream Views - [90 Minutes] [No Refill] [Speed 10K/Day] [INSTANT] - [𝐒𝐞𝐫𝐯𝐞𝐫 𝟏],2373.196,100,100 000,No Refill,11 minutes,,,10204.7428
7706,Twitter Live Stream Views - [120 Minutes] [No Refill] [Speed 10K/Day] [INSTANT] - [𝐒𝐞𝐫𝐯𝐞𝐫 1],3185.828,100,100 000,No Refill,23 minutes,,,13699.0604
13120,Facebook Live Stream Views - [Max 15K] [Stay For 15 Mins] [𝐒𝐓𝐀𝐁𝐋𝐄] [INSTANT],51.76,20,15 000,No Refill,27 minutes,,,222.568
8257,Facebook Live Stream Views - [Max 15K] [Stay For 30 Mins] [𝐒𝐓𝐀𝐁𝐋𝐄] [INSTANT],102.226,20,15 000,No Refill,41 minutes,,,439.5718
8258,Facebook Live Stream Views - [Max 15K] [Stay For 60 Mins] [𝐒𝐓𝐀𝐁𝐋𝐄] [INSTANT],204.452,20,15 000,No Refill,1 hour 12 minutes,,,879.1436
8259,Facebook Live Stream Views - [Max 15K] [Stay For 90 Mins] [𝐒𝐓𝐀𝐁𝐋𝐄] [INSTANT],306.678,20,15 000,No Refill,1 hour 42 minutes,,,1318.7154
8260,Facebook Live Stream Views - [Max 15K] [Stay For 120 Mins] [𝐒𝐓𝐀𝐁𝐋𝐄] [INSTANT],407.61,20,15 000,No Refill,2 hours 10 minutes,,,1752.723
8261,Facebook Live Stream Views - [Max 15K] [Stay For 150 Mins] [𝐒𝐓𝐀𝐁𝐋𝐄] [INSTANT],509.836,20,15 000,No Refill,22 minutes,,,2192.2948
8262,Facebook Live Stream Views - [Max 15K] [Stay For 180 Mins] [𝐒𝐓𝐀𝐁𝐋𝐄] [INSTANT],612.062,20,15 000,No Refill,3 hours 7 minutes,,,2631.8666
8263,Facebook Live Stream Views - [Max 15K] [Stay For 210 Mins] [𝐒𝐓𝐀𝐁𝐋𝐄] [INSTANT],714.288,20,15 000,No Refill,3 hours 42 minutes,,,3071.4384
8264,Facebook Live Stream Views - [Max 15K] [Stay For 240 Mins] [𝐒𝐓𝐀𝐁𝐋𝐄] [INSTANT],848.864,20,5 000,No Refill,4 hours 17 minutes,,,3650.1152
8266,Facebook Live Stream Views - [Max 15K] [Stay For 300 Mins] [𝐒𝐓𝐀𝐁𝐋𝐄] [INSTANT],1101.194,20,15 000,No Refill,33 minutes,,,4735.1342
8268,Facebook Live Stream Views - [Max 15K] [Stay For 480 Mins] [𝐒𝐓𝐀𝐁𝐋𝐄] [INSTANT],1630.44,20,15 000,No Refill,23 minutes,,,7010.892
8277,Facebook Live Stream Views - [Max 10K] [Stay For 30 Mins] [𝐍𝐨𝐧-𝐃𝐫𝐨𝐩 & 𝐁𝐄𝐒𝐓] [INSTANT],112.578,50,10 000,No Refill,40 minutes,,,484.0854
8278,Facebook Live Stream Views - [Max 10K] [Stay For 60 Mins] [𝐍𝐨𝐧-𝐃𝐫𝐨𝐩 & 𝐁𝐄𝐒𝐓] [INSTANT],223.862,50,10 000,No Refill,1 hour 34 minutes,,,962.6066
8279,Facebook Live Stream Views - [Max 10K] [Stay For 90 Mins] [𝐍𝐨𝐧-𝐃𝐫𝐨𝐩 & 𝐁𝐄𝐒𝐓] [INSTANT],335.146,50,10 000,No Refill,1 hour 43 minutes,,,1441.1278
8280,Facebook Live Stream Views - [Max 10K] [Stay For 120 Mins] [𝐍𝐨𝐧-𝐃𝐫𝐨𝐩 & 𝐁𝐄𝐒𝐓] [INSTANT],447.724,50,10 000,No Refill,2 hours 13 minutes,,,1925.2132
8281,Facebook Live Stream Views - [Max 10K] [Stay For 150 Mins] [𝐍𝐨𝐧-𝐃𝐫𝐨𝐩 & 𝐁𝐄𝐒𝐓] [INSTANT],551.244,50,10 000,No Refill,2 hours 40 minutes,,,2370.3492
8282,Facebook Live Stream Views - [Max 10K] [Stay For 180 Mins] [𝐍𝐨𝐧-𝐃𝐫𝐨𝐩 & 𝐁𝐄𝐒𝐓] [INSTANT],670.292,50,10 000,No Refill,3 hours 15 minutes,,,2882.2556
8283,Facebook Live Stream Views - [Max 10K] [Stay For 210 Mins] [𝐍𝐨𝐧-𝐃𝐫𝐨𝐩 & 𝐁𝐄𝐒𝐓] [INSTANT],782.87,50,10 000,No Refill,3 hours 36 minutes,,,3366.341
8284,Facebook Live Stream Views - [Max 10K] [Stay For 240 Mins] [𝐍𝐨𝐧-𝐃𝐫𝐨𝐩 & 𝐁𝐄𝐒𝐓] [INSTANT],894.154,50,10 000,No Refill,55 minutes,,,3844.8622
8286,Facebook Live Stream Views - [Max 10K] [Stay For 300 Mins] [𝐍𝐨𝐧-𝐃𝐫𝐨𝐩 & 𝐁𝐄𝐒𝐓] [INSTANT],1118.016,50,10 000,No Refill,5 hours 12 minutes,,,4807.4688
8285,Facebook Live Stream Views - [Max 10K] [Stay For 480 Mins] [𝐍𝐨𝐧-𝐃𝐫𝐨𝐩 & 𝐁𝐄𝐒𝐓] [INSTANT],1787.014,50,10 000,No Refill,16 minutes,,,7684.1602
15941,🇺🇸🇪🇺 Facebook Post Likes [𝐔𝐒𝐀 / 𝐄𝐮𝐫𝐨𝐩𝐞] [Europe Insights] [High Quality] [30-Day Refill] [Max 30K] [Speed Up To 30K/D] [0-30 Mins],789.34,10,100 000,30 Days Refill,35 minutes,,,3394.162
15942,🇺🇸🇪🇺 Facebook Page Followers [𝐔𝐒𝐀 / 𝐄𝐮𝐫𝐨𝐩𝐞] [Europe Insights] [High Quality] [30-Day Refill] [Max 30K] [Speed Up To 30K/D] [0-30 Mins],1127.074,50,1 000,30 Days Refill,13 hours 48 minutes,,,4846.4182
15943,🇺🇸🇪🇺 Facebook Profile Followers [𝐔𝐒𝐀 / 𝐄𝐮𝐫𝐨𝐩𝐞] [Europe Insights] [High Quality] [30-Day Refill] [Max 30K] [Speed Up To 30K/D] [0-30 Mins],1127.074,50,100 000,30 Days Refill,8 hours 15 minutes,,,4846.4182
15944,🇺🇸🇪🇺 Facebook Page Likes + Followers [𝐔𝐒𝐀 / 𝐄𝐮𝐫𝐨𝐩𝐞] [Europe Insights] [High Quality] [30-Day Refill] [Max 30K] [Speed Up To 30K/D] [0-30 Mins],1409.166,10,100 000,30 Days Refill,2 hours 9 minutes,,,6059.4138
15945,🇺🇸🇪🇺 Facebook Group Members [𝐔𝐒𝐀 / 𝐄𝐮𝐫𝐨𝐩𝐞] [Europe Insights] [High Quality] [30-Day Refill] [Max 30K] [Speed Up To 30K/D] [0-30 Mins],859.216,50,2 500,30 Days Refill,55 minutes,,,3694.6288
15936,Facebook Post Likes [𝐄𝐧𝐠𝐥𝐢𝐬𝐡 𝐏𝐫𝐨𝐟𝐢𝐥𝐞𝐬] [30 Days Refill] [Max 30K] [High Quality] [Speed Up To 30K/D] [INSTANT],408.904,10,100 000,30 Days Refill,38 minutes,,,1758.2872
15937,Facebook Profile Followers [𝐄𝐧𝐠𝐥𝐢𝐬𝐡 𝐏𝐫𝐨𝐟𝐢𝐥𝐞𝐬] [30 Days Refill] [Max 30K] [High Quality] [Speed Up To 30K/D] [INSTANT],747.932,10,100 000,30 Days Refill,1 hour 17 minutes,,,3216.1076
15938,Facebook Page Followers [𝐄𝐧𝐠𝐥𝐢𝐬𝐡 𝐏𝐫𝐨𝐟𝐢𝐥𝐞𝐬] [30 Days Refill] [Max 30K] [High Quality] [Speed Up To 30K/D] [INSTANT],747.932,10,1 000,30 Days Refill,18 minutes,,,3216.1076
15940,Facebook Group Members [𝐄𝐧𝐠𝐥𝐢𝐬𝐡 𝐏𝐫𝐨𝐟𝐢𝐥𝐞𝐬] [30 Days Refill] [Max 30K] [High Quality] [Speed Up To 30K/D] [INSTANT],861.804,10,100 000,30 Days Refill,23 minutes,,,3705.7572
16094,Facebook Page Likes + Followers [Low Quality] | No Refill | Max 50K | Speed 10K/Day | 0-15 Mins,77.64,50,50 000,No Refill,2 hours 19 minutes,,,333.852
10464,Facebook Page Likes + Followers - [𝐀𝐧𝐲 𝐋𝐚𝐲𝐨𝐮𝐭] [30 Days Refill] [Max 500K] [Speed 10K/Day] [0-1HR],69.876,10,500 000,30 Days Refill,11 minutes,,,300.4668
16097,Facebook Page Likes + Followers [𝐖𝐨𝐫𝐥𝐝𝐖𝐢𝐝𝐞 🌎] | 30 Days Refill | Max 1M | Speed 100K/Day | 0-15 Mins,45.29,10,1 000 000,30 Days Refill,7 hours 52 minutes,,,194.747
15875,Facebook Page Likes + Followers | No Refill | Good Quality | Speed Up To 50K/Day | 0-1HR,95.756,50,100 000,No Refill,49 minutes,,,411.7508
15869,Facebook Page Likes + Followers | 30 Days Refill | Speed UpTo 100K/Day | Refill Button Enabled | 0-1HR,107.402,10,500 000,30 Days Refill,2 hours 10 minutes,,,461.8286
16096,Facebook Page Likes + Followers [𝐖𝐨𝐫𝐥𝐝𝐖𝐢𝐝𝐞 🌎] | No Refill | Max 1M | Speed 30K/Day | 0-15 Mins,42.702,10,1 000 000,No Refill,14 minutes,,,183.6186
8902,Facebook Page Likes + Followers - [𝐀𝐧𝐲 𝐋𝐚𝐲𝐨𝐮𝐭] [60 Days Refill] [Max 2M] [Speed 30K/Day] [0-1HR],93.168,10,200 000,60 Days Refill,11 minutes,,,400.6224
16098,Facebook Page Likes + Followers [𝐖𝐨𝐫𝐥𝐝𝐖𝐢𝐝𝐞 🌎] | 90 Days Refill | Max 1M | Speed 100K/Day | 0-15 Mins,49.172,10,1 000 000,90 Days Refill,16 minutes,,,211.4396
6975,Facebook Page Likes + Followers - [𝐀𝐧𝐲 𝐋𝐚𝐲𝐨𝐮𝐭] [90 Days Refill] [Max 500K] [Refill Button] [Speed 10-20K/Day] [INSTANT],111.284,100,500 000,90 Days Refill,46 minutes,,,478.5212
16018,Facebook Page Likes + Followers | 30 Days Refill | Good Quality | Speed Up To 20K/Day | 0-1HR,98.344,20,300 000,30 Days Refill,9 minutes,,,422.8792
15939,Facebook Page Likes + Followers [𝐄𝐧𝐠𝐥𝐢𝐬𝐡 𝐏𝐫𝐨𝐟𝐢𝐥𝐞𝐬] [30 Days Refill] [Max 30K] [High Quality] [Speed Up To 30K/D] [INSTANT],122.93,10,30 000,30 Days Refill,3 minutes,,,528.599
10466,Facebook Page Likes + Followers - [𝐀𝐥𝐥 𝐓𝐲𝐩𝐞 𝐀𝐥𝐥𝐨𝐰𝐞𝐝] [14 Days Refill] [Max 1M] [Speed 10K/Day] [0-3 HRS],63.406,10,1 000 000,No Refill,9 minutes,,,272.6458
8199,Facebook Page Likes + Followers - [𝐀𝐧𝐲 𝐋𝐚𝐲𝐨𝐮𝐭] [30 Days Refill] [Max 2M] [Speed 30K/Day] [0-2HRS],103.52,50,2 000 000,30 Days Refill,1 hour 6 minutes,,,445.136
10871,Facebook Page Likes + Followers - [𝐀𝐧𝐲 𝐋𝐚𝐲𝐨𝐮𝐭] [60 Days Refill] [Max 100K] [Speed 100K/Day] [INSTANT],138.458,10,100 000,60 Days Refill,23 minutes,,,595.3694
10926,Facebook Page Likes + Followers - [𝐀𝐧𝐲 𝐋𝐚𝐲𝐨𝐮𝐭] [Lifetime Refill] [Max 1M] [Speed 5K/Day] [Non-Drop] [0-1HR],225.156,10,1 000 000,Lifetime Refill,9 minutes,,,968.1708
16095,Facebook Page Likes + Followers [Low Quality] | 30 Days Refill | Max 10K | Speed 10K/Day | 0-15 Mins,36.232,100,10 000,30 Days Refill,108 hours 17 minutes,,,155.7976
10924,Facebook Page Likes + Followers - [𝐀𝐧𝐲 𝐋𝐚𝐲𝐨𝐮𝐭] [Lifetime Refill] [Max 1M] [Refill Button] [Speed 20K/Day] [0-1HR],201.864,10,1 000 000,Lifetime Refill,8 minutes,,,868.0152
8202,Facebook Page Likes + Followers - [𝐂𝐥𝐚𝐬𝐬𝐢𝐜 𝐋𝐚𝐲𝐨𝐮𝐭] [30 Days Refill] [𝐑𝐞𝐟𝐢𝐥𝐥 𝐁𝐮𝐭𝐭𝐨𝐧] [Max 500K] [Speed 5-20K/Day] [INSTANT],194.1,10,5 000 000,30 Days Refill,2 minutes,,,834.63
15488,🌏 Facebook Real & Organic Page Followers [Max 10K] [Speed 5K/Day] [0-1HR],485.25,100,2 000,30 Days Refill,4 hours 8 minutes,,,2086.575
15871,Facebook Followers | All Links Accepted | 30 Days Refill | Max 1M | Refill Button Enabled | Speed UpTo 100K/Day | 0-1HR,62.112,10,1 000 000,30 Days Refill,10 minutes,,,267.0816
15870,Facebook Followers | All Links Accepted | No Refill | Max 1M | Speed UpTo 20K/Day | 0-1HR,28.468,10,1 000 000,No Refill,12 minutes,,,122.4124
10461,Facebook Page Followers - [𝐅𝐚𝐧𝐩𝐚𝐠𝐞 / 𝐏𝐚𝐠𝐞] [No Refill] [Max 200K] [Speed 30K/Day] [INSTANT],29.762,10,200 000,No Refill,20 minutes,,,127.9766
10544,Facebook Page Followers - [𝐅𝐚𝐧𝐩𝐚𝐠𝐞 / 𝐏𝐚𝐠𝐞] [60 Days Refill] [Refill Button] [Speed 30-50K/Day] [Instant],42.702,10,1 000 000,60 Days Refill,1 hour 10 minutes,,,183.6186
16092,Facebook 𝐏𝐫𝐨𝐟𝐢𝐥𝐞 / 𝐏𝐚𝐠𝐞 Followers [𝐖𝐨𝐫𝐥𝐝𝐖𝐢𝐝𝐞 🌎] | No Refill | Max 100K | Speed 30K/Day | INSTANT,19.41,10,100 000,No Refill,1 hour 52 minutes,,,83.463
16093,Facebook 𝐏𝐫𝐨𝐟𝐢𝐥𝐞 / 𝐏𝐚𝐠𝐞 Followers [𝐖𝐨𝐫𝐥𝐝𝐖𝐢𝐝𝐞 🌎] | 30 Days Refill | Max 100K | Speed 30K/Day | INSTANT,43.996,100,100 000,30 Days Refill,49 minutes,,,189.1828
10932,Facebook Page / Profile Followers - [30 Days Refill] [Max 1M] | HQ [Speed 50K/Day] [0-15Mins],65.994,10,1 000 000,30 Days Refill,6 minutes,,,283.7742
12884,Facebook Page / Profile Followers - [𝐀𝐥𝐥 𝐋𝐢𝐧𝐤𝐬 𝐀𝐜𝐜𝐞𝐩𝐭𝐞𝐝] [Unlimited] [Lifetime Warranty] [Refill Button] [Speed 30K/Day] [INSTANT],125.518,100,200 000,Lifetime Refill,4 minutes,,,539.7274
10933,Facebook Page Followers - [𝐅𝐚𝐧𝐩𝐚𝐠𝐞 / 𝐏𝐚𝐠𝐞 / 𝐏𝐫𝐨𝐟𝐢𝐥𝐞 𝐋𝐚𝐲𝐨𝐮𝐭] [60 Days Refill] [Max 3M] [Speed 20K/Day] [0-15Mins],104.814,50,3 000 000,60 Days Refill,37 minutes,,,450.7002
10545,Facebook Followers - [𝐀𝐥𝐥 𝐋𝐢𝐧𝐤𝐬 𝐀𝐜𝐜𝐞𝐩𝐭𝐞𝐝] [Unlimited] [60 Days Refill] [Speed 20K/Day] [INSTANT],94.462,50,100 000,60 Days Refill,3 hours 3 minutes,,,406.1866
10472,Facebook 𝐏𝐫𝐨𝐟𝐢𝐥𝐞 / 𝐏𝐚𝐠𝐞 Followers [𝐀𝐬𝐢𝐚𝐧] | No Refill | Max 10K | Speed 10K/Day | INSTANT,42.702,100,15 000,No Refill,235 hours 42 minutes,,,183.6186
10870,Facebook Page Followers - [𝐀𝐧𝐲 𝐋𝐚𝐲𝐨𝐮𝐭] [No Refill] [Max 200K] [Speed 5K/Day] [0-24 HRS],29.762,10,200 000,No Refill,37 minutes,,,127.9766
15874,Facebook Followers | All Links Accepted | No Refill | Max 100K | Speed UpTo 10K/Day | 0-2 HRS,38.82,100,100 000,No Refill,54 minutes,,,166.926
9276,Facebook Page Followers - [𝐅𝐚𝐧𝐩𝐚𝐠𝐞 / 𝐏𝐚𝐠𝐞] [30 Days Refill] [Max 150K] [Speed 30K/Day] [INSTANT],40.114,10,150 000,30 Days Refill,14 minutes,,,172.4902
12885,Facebook Page Followers - [𝐀𝐧𝐲 𝐋𝐚𝐲𝐨𝐮𝐭] [30 Days Refill] [Max 100K] [Speed 10K/Day] [0-1HR],65.994,10,1 000 000,30 Days Refill,33 minutes,,,283.7742
15489,🌏 Facebook Real & Organic Profile Followers [Max 10K] [Speed 5K/Day] [0-1HR],452.9,100,2 000,30 Days Refill,26 minutes,,,1947.47
7148,Facebook Profile Followers - [30 Days Refill] [𝐍𝐨𝐧-𝐃𝐫𝐨𝐩] [Speed 15K/Day] [INSTANT],55.642,10,1 000 000,30 Days Refill,9 minutes,,,239.2606
10955,Facebook Profile Followers - [30 Days Refill] [Max 200K] [Speed 20-30K/Day] [Non-Drop] [𝐂𝐡𝐞𝐚𝐩𝐞𝐬𝐭] [0-1HR],23.292,10,1 000 000,30 Days Refill,7 minutes,,,100.1556
6900,Facebook Profile Followers - [30 Days Refill] [Max 100K] [𝐍𝐨𝐧-𝐃𝐫𝐨𝐩] [Speed 100K/Day] [0-2 HRS],37.526,10,1 000 000,30 Days Refill,18 minutes,,,161.3618
4806,Facebook Profile Followers - [𝐀𝐧𝐲 𝐋𝐚𝐲𝐨𝐮𝐭] [60 Days Refill] [Unlimited] [Speed 30K/Day] [Always Instant],37.526,10,5 000 000,60 Days Refill,5 minutes,,,161.3618
10956,Facebook Profile Followers - [30 Days Refill] [Max 1M] [Speed 50K/Day] [Non-Drop] [0-1HR],41.408,100,100 000,30 Days Refill,3 hours 44 minutes,,,178.0544
10927,Facebook Profile Followers - [𝐀𝐧𝐲 𝐋𝐚𝐲𝐨𝐮𝐭] [Lifetime Refill] [Max 10M] [Speed 10K/Day] [0-1HR],55.642,50,1 000 000,Lifetime Refill,25 minutes,,,239.2606
6222,Facebook Profile Followers - [𝐑𝐄𝐀𝐋] [Lifetime Warranty] [Max 1M] [𝐍𝐨𝐧-𝐃𝐫𝐨𝐩] [Speed 100-200K/Day] [0-1HR],81.522,50,100 000,Lifetime Refill,18 minutes,,,350.5446
6218,🇮🇳 Facebook Profile Followers - [INDIA 🇮🇳] [𝐀𝐧𝐲 𝐋𝐚𝐲𝐨𝐮𝐭] [30 Days Refill] [Max 1M] [Speed 5-10K/Day] [0-1 HR],420.55,100,1 000 000,30 Days Refill,23 minutes,,,1808.365
7301,🇲🇾 Facebook Profile Followers - [MALAYSIA 🇲🇾] [𝐀𝐧𝐲 𝐋𝐚𝐲𝐨𝐮𝐭] [30 Days Refill] [Max 10K] [Speed 1K/Day] [0-4HRS],1821.952,30,10 000,30 Days Refill,17 minutes,,,7834.3936
7303,🇬🇧 Facebook Profile Followers - [UK 🇬🇧] [365 Days Refill] [Max 5K] [Speed 1-3K/Day] [0-4HRS],1246.122,10,5 000,365 Days Refill,22 minutes,,,5358.3246
7307,🇰🇷 Facebook Profile Followers - [KOREA 🇰🇷] [REAL] [30 Days Refill] [Max 1K] [Speed 1K/Day] [0-1HR],1455.75,10,1 000,30 Days Refill,55 minutes,,,6259.725
10929,Facebook Page Likes - [30 Days Refill] [Max 1M] | High Quality | Refill Button | Speed 20K/Day [0-1HR],97.05,10,1 000 000,30 Days Refill,33 minutes,,,417.315
9930,Facebook Page Likes - [𝐀𝐧𝐲 𝐋𝐚𝐲𝐨𝐮𝐭] [30 Days Refill] [Max 50K] [Speed 15K/Day] [Instant],196.688,50,1 000 000,30 Days Refill,4 minutes,,,845.7584
4973,Facebook Page Likes + Followers - [𝐂𝐥𝐚𝐬𝐬𝐢𝐜 𝐋𝐚𝐲𝐨𝐮𝐭] [Lifetime Refill] [𝐑𝐞𝐟𝐢𝐥𝐥 𝐁𝐮𝐭𝐭𝐨𝐧] [Max 300K] [𝐍𝐨𝐧-𝐃𝐫𝐨𝐩] [Speed 10K/Day] [INSTANT],87.992,100,300 000,Lifetime Refill,5 hours 46 minutes,,,378.3656
10930,Facebook Page Likes - [120 Days Refill] [Max 3M] | 𝐑𝐄𝐀𝐋 | Speed Up To 50K/Day [Always Instant],194.1,20,3 000 000,120 Days Refill,19 minutes,,,834.63
10460,Facebook Group Members - [Unlimited] [Speed 3-5K/Day] [0-30Mins],54.348,50,100 000,No Refill,1 hour 40 minutes,,,233.6964
6234,Facebook Group Members - [10 Days Refill] [Max 5M] [Speed 10-20K/Day] [INSTANT],46.584,10,5 000 000,No Refill,33 minutes,,,200.3112
6918,Facebook Group Members - [30 Days Refill] [Max 300K] [Speed 5K/Day] [Non-Drop] [INSTANT],47.878,10,100 000,30 Days Refill,31 minutes,,,205.8754
10947,Facebook Group Members - [30 Days Refill] [Max 500K] [Speed 50-150K/Day] [Non-Drop] [𝐁𝐞𝐬𝐭 𝐒𝐩𝐞𝐞𝐝] [Instant],144.928,10,500 000,30 Days Refill,7 minutes,,,623.1904
6977,Facebook Group Members - [No Refill] [Max 20K] [Speed 10K/Day] [INSTANT],46.584,10,20 000,No Refill,28 minutes,,,200.3112
10945,Facebook Group Members - [30 Days Refill] [Max 500K] [Speed 30-50K/Day] [Non-Drop] [𝐇𝐢𝐠𝐡 𝐐𝐮𝐚𝐥𝐢𝐭𝐲] [0-1 Hour],932.974,10,500 000,30 Days Refill,16 minutes,,,4011.7882
10944,Facebook Group Members - [30 Days Refill] [Max 100K] [Speed 5-20K/Day] [Non-Drop] [𝐖𝐎𝐑𝐋𝐃𝐖𝐈𝐃𝐄] [0-30Mins],50.466,10,100 000,30 Days Refill,11 minutes,,,217.0038
10946,Facebook Group Members - [60 Days Refill] [Max 2M] [Speed 25K/Day] [Non-Drop] [Instant],58.23,10,2 000 000,60 Days Refill,33 minutes,,,250.389
10547,Facebook Group Members - [90 Days Refill] [Speed 10-30K/Day] [0-30Mins],126.812,10,1 000 000,90 Days Refill,23 minutes,,,545.2916
16099,Facebook Group Members [Low Quality] | No Refill | Max 100K | Speed 20K/Day | 0-15 Mins,45.29,100,100 000,No Refill,7 minutes,,,194.747
16100,Facebook Group Members [Low Quality] | 30 Days Refill | Max 100K | Speed 20K/Day | 0-15 Mins,46.584,100,100 000,30 Days Refill,52 hours 40 minutes,,,200.3112
16101,Facebook Group Members [Low Quality] | 365 Days Refill | Max 100K | Speed 20K/Day | 0-15 Mins,49.172,10,100 000,365 Days Refill,16 minutes,,,211.4396
9274,🌏 Facebook Post Likes - [90 Days Refill] [𝐑𝐞𝐚𝐥 & 𝐇𝐢𝐠𝐡 𝐐𝐮𝐚𝐥𝐢𝐭𝐲 𝐔𝐬𝐞𝐫𝐬] [Max 15K] [Speed 15K/Day] [INSTANT] [𝐑𝐄𝐂𝐎𝐌𝐌𝐄𝐍𝐃𝐄𝐃],226.45,100,2 000,90 Days Refill,7 minutes,,,973.735
10941,Facebook Post Likes - [No Refill] [Max 50K] [Speed 50K/Day] [𝐂𝐡𝐞𝐚𝐩𝐞𝐬𝐭] [0-1HR],25.88,10,50 000,No Refill,13 minutes,,,111.284
10939,Facebook Post Likes - [Lifetime Refill] [Max 5M] [Speed 50-150K/Day] [Non-Drop] [INSTANT],60.818,10,5 000 000,Lifetime Refill,3 minutes,,,261.5174
10458,Facebook Post Likes - [Lifetime Warranty] [Max 2M] [Speed Up To 50K/Day] [0-30Mins],69.876,50,2 000 000,Lifetime Refill,3 minutes,,,300.4668
6181,Facebook Post Likes - [REAL] [No Refill] [Max 100K] [Speed 20K/Day] [0-1HR],29.762,10,1 000 000,No Refill,5 minutes,,,127.9766
6909,Facebook Post Likes - [𝐍𝐨𝐧-𝐃𝐫𝐨𝐩] [Max 200K] [Speed 1K/HR] [0-1HR],60.818,50,200 000,No Refill,2 minutes,,,261.5174
10942,Facebook Post Likes - [30 Days Refill] [Max 500K] [Speed 50K/Day] [Non-Drop] [Best Quality] [INSTANT],49.172,10,500 000,30 Days Refill,2 minutes,,,211.4396
10936,Facebook Post Likes - [30 Days Refill] [Max 500K] [Speed Up To 30K/Day] [INSTANT],45.29,50,500 000,30 Days Refill,2 minutes,,,194.747
10938,Facebook Post Likes - [No Refill] [Max 500K] [Speed 50K/Day] [INSTANT],29.762,50,500 000,No Refill,6 minutes,,,127.9766
10943,Facebook Post Likes - [Lifetime Refill] [Max 1M] [Speed 100K/Day] [Non-Drop] [HQ] [INSTANT],68.582,10,1 000 000,Lifetime Refill,4 minutes,,,294.9026
8983,Facebook Post Likes - [60 Days Refill] [Max 30K] [Speed 10K/Day] [0-1HR],53.054,10,30 000,60 Days Refill,2 minutes,,,228.1322
10459,Facebook Post Likes - [No Refill] [Max 100K] [Speed 10-30K/Day] [0-15Mins],32.35,10,100 000,30 Days Refill,9 minutes,,,139.105
8204,🌏 Facebook Post Emojis - [LOVE] ❤️ِ [90 Days Refill] [𝐑𝐞𝐚𝐥 & 𝐇𝐢𝐠𝐡 𝐐𝐮𝐚𝐥𝐢𝐭𝐲 𝐔𝐬𝐞𝐫𝐬] [Speed 15K/Day] [INSTANT],226.45,100,2 000,90 Days Refill,13 minutes,,,973.735
8205,🌏 Facebook Post Emojis - [HAHA] 😂 [90 Days Refill] [𝐑𝐞𝐚𝐥 & 𝐇𝐢𝐠𝐡 𝐐𝐮𝐚𝐥𝐢𝐭𝐲 𝐔𝐬𝐞𝐫𝐬] [Speed 15K/Day] [INSTANT],226.45,100,2 000,90 Days Refill,11 minutes,,,973.735
15490,🌏 Facebook Post Emojis - [Care] 🥰 [90 Days Refill] [𝐑𝐞𝐚𝐥 & 𝐇𝐢𝐠𝐡 𝐐𝐮𝐚𝐥𝐢𝐭𝐲 𝐔𝐬𝐞𝐫𝐬] [Speed 15K/Day] [INSTANT],226.45,100,2 000,90 Days Refill,8 minutes,,,973.735
8206,🌏 Facebook Post Emojis - [WOW] 😲 [90 Days Refill] [𝐑𝐞𝐚𝐥 & 𝐇𝐢𝐠𝐡 𝐐𝐮𝐚𝐥𝐢𝐭𝐲 𝐔𝐬𝐞𝐫𝐬] [Speed 15K/Day] [INSTANT],226.45,100,2 000,90 Days Refill,9 minutes,,,973.735
8207,🌏 Facebook Post Emojis - [SAD] 😢 [90 Days Refill] [𝐑𝐞𝐚𝐥 & 𝐇𝐢𝐠𝐡 𝐐𝐮𝐚𝐥𝐢𝐭𝐲 𝐔𝐬𝐞𝐫𝐬] [Speed 15K/Day] [INSTANT],226.45,100,2 000,90 Days Refill,11 minutes,,,973.735
8208,🌏 Facebook Post Emojis - [ANGRY] 😡 [90 Days Refill] [𝐑𝐞𝐚𝐥 & 𝐇𝐢𝐠𝐡 𝐐𝐮𝐚𝐥𝐢𝐭𝐲 𝐔𝐬𝐞𝐫𝐬] [Speed 15K/Day] [INSTANT],226.45,100,2 000,90 Days Refill,16 minutes,,,973.735
10894,Facebook Post React - [Likes👍] [𝐄𝐧𝐠𝐥𝐢𝐬𝐡 𝐏𝐫𝐨𝐟𝐢𝐥𝐞𝐬] [Max 100K] [Speed 20K/Day] [𝐍𝐨𝐧-𝐃𝐫𝐨𝐩] [Instant],53.054,50,100 000,Lifetime Refill,1 hour 41 minutes,,,228.1322
10895,Facebook Post React - [Love❤️] [𝐄𝐧𝐠𝐥𝐢𝐬𝐡 𝐏𝐫𝐨𝐟𝐢𝐥𝐞𝐬] [Max 100K] [Speed 20K/Day] [𝐍𝐨𝐧-𝐃𝐫𝐨𝐩] [Instant],41.408,100,10 000,Lifetime Refill,12 minutes,,,178.0544
10896,Facebook Post React - [Care🤗] [𝐄𝐧𝐠𝐥𝐢𝐬𝐡 𝐏𝐫𝐨𝐟𝐢𝐥𝐞𝐬] [Max 100K] [Speed 20K/Day] [𝐍𝐨𝐧-𝐃𝐫𝐨𝐩] [Instant],41.408,100,10 000,Lifetime Refill,23 minutes,,,178.0544
10897,Facebook Post React - [Angry🤬] [𝐄𝐧𝐠𝐥𝐢𝐬𝐡 𝐏𝐫𝐨𝐟𝐢𝐥𝐞𝐬] [Max 100K] [Speed 20K/Day] [𝐍𝐨𝐧-𝐃𝐫𝐨𝐩] [Instant],41.408,100,10 000,Lifetime Refill,60 hours 28 minutes,,,178.0544
10898,Facebook Post React - [Haha😂] [𝐄𝐧𝐠𝐥𝐢𝐬𝐡 𝐏𝐫𝐨𝐟𝐢𝐥𝐞𝐬] [Max 100K] [Speed 20K/Day] [𝐍𝐨𝐧-𝐃𝐫𝐨𝐩] [Instant],41.408,100,10 000,Lifetime Refill,22 minutes,,,178.0544
10899,Facebook Post React - [Wow😲] [𝐄𝐧𝐠𝐥𝐢𝐬𝐡 𝐏𝐫𝐨𝐟𝐢𝐥𝐞𝐬] [Max 100K] [Speed 20K/Day] [𝐍𝐨𝐧-𝐃𝐫𝐨𝐩] [Instant],41.408,100,10 000,Lifetime Refill,1 hour 47 minutes,,,178.0544
10900,Facebook Post React - [Sad😥] [𝐄𝐧𝐠𝐥𝐢𝐬𝐡 𝐏𝐫𝐨𝐟𝐢𝐥𝐞𝐬] [Max 100K] [Speed 20K/Day] [𝐍𝐨𝐧-𝐃𝐫𝐨𝐩] [Instant],41.408,100,10 000,Lifetime Refill,17 minutes,,,178.0544
15481,🌏 Facebook Real Post Emojis [Likes 👍] [Max 10K] [30 Days Refill] [100% Real & Organic Users],226.45,100,2 000,30 Days Refill,7 minutes,,,973.735
15482,🌏 Facebook Real Post Emojis [Love ❤️] [Max 10K] [30 Days Refill] [100% Real & Organic Users],226.45,100,2 000,30 Days Refill,10 minutes,,,973.735
15483,🌏 Facebook Real Post Emojis [Angry 😡] [Max 10K] [30 Days Refill] [100% Real & Organic Users],226.45,100,2 000,30 Days Refill,55 minutes,,,973.735
15484,🌏 Facebook Real Post Emojis [Haha 😂] [Max 10K] [30 Days Refill] [100% Real & Organic Users],226.45,100,2 000,30 Days Refill,7 minutes,,,973.735
15485,🌏 Facebook Real Post Emojis [WoW 😮] [Max 10K] [30 Days Refill] [100% Real & Organic Users],226.45,100,2 000,30 Days Refill,1 hour 14 minutes,,,973.735
15486,🌏 Facebook Real Post Emojis [Sad 😢] [Max 10K] [30 Days Refill] [100% Real & Organic Users],226.45,100,2 000,30 Days Refill,11 minutes,,,973.735
15487,🌏 Facebook Real Post Emojis [Care🤗] [Max 10K] [30 Days Refill] [100% Real & Organic Users] [Always Instant],226.45,100,2 000,30 Days Refill,33 minutes,,,973.735
8211,Facebook Post Emoji Reacts - [𝐑𝐄𝐀𝐋] [ LIKE 👍] [Lifetime Warranty] [Max 2K] [𝐍𝐚𝐭𝐮𝐫𝐚𝐥 𝐒𝐩𝐞𝐞𝐝],53.054,50,2 000,Lifetime Refill,9 minutes,,,228.1322
8212,Facebook Post Emoji Reacts - [𝐑𝐄𝐀𝐋] [ LOVE ❤️ِ] [Lifetime Warranty] [Max 2K] [𝐍𝐚𝐭𝐮𝐫𝐚𝐥 𝐒𝐩𝐞𝐞𝐝],41.408,100,2 000,Lifetime Refill,1 hour 41 minutes,,,178.0544
8213,Facebook Post Emoji Reacts - [𝐑𝐄𝐀𝐋] [ CARE 🥰] [Lifetime Warranty] [Max 2K] [𝐍𝐚𝐭𝐮𝐫𝐚𝐥 𝐒𝐩𝐞𝐞𝐝],41.408,100,2 000,Lifetime Refill,17 minutes,,,178.0544
8214,Facebook Post Emoji Reacts - [𝐑𝐄𝐀𝐋] [ HAHA 😂] [Lifetime Warranty] [Max 2K] [𝐍𝐚𝐭𝐮𝐫𝐚𝐥 𝐒𝐩𝐞𝐞𝐝],41.408,100,2 000,Lifetime Refill,10 hours 46 minutes,,,178.0544
8215,Facebook Post Emoji Reacts - [𝐑𝐄𝐀𝐋] [ WOW 😲] [Lifetime Warranty] [Max 2K] [𝐍𝐚𝐭𝐮𝐫𝐚𝐥 𝐒𝐩𝐞𝐞𝐝],41.408,100,2 000,Lifetime Refill,22 minutes,,,178.0544
8216,Facebook Post Emoji Reacts - [𝐑𝐄𝐀𝐋] [ SAD 😢] [Lifetime Warranty] [Max 2K] [𝐍𝐚𝐭𝐮𝐫𝐚𝐥 𝐒𝐩𝐞𝐞𝐝],41.408,100,2 000,Lifetime Refill,12 minutes,,,178.0544
8210,Facebook Post Emoji Reacts - [𝐑𝐄𝐀𝐋] [ ANGRY 😡] [Lifetime Warranty] [Max 2K] [𝐍𝐚𝐭𝐮𝐫𝐚𝐥 𝐒𝐩𝐞𝐞𝐝],41.408,100,2 000,Lifetime Refill,60 hours 12 minutes,,,178.0544
11227,🇺🇸 Facebook Reactions - [𝐔𝐒𝐀] [Haha 😀] [30 Days Refill] [Max 3K] [Speed 1-3K/Day] [0-3HRS],452.9,10,1 000,30 Days Refill,3 hours 24 minutes,,,1947.47
11257,🇺🇸 Facebook Reactions - [𝐔𝐒𝐀] [Love❤️] [𝐑𝐄𝐀𝐋] [30 Days Refill] [Max 1K] [Speed 500/Day] [0-3HRS],452.9,10,1 000,30 Days Refill,21 hours 33 minutes,,,1947.47
11258,🇺🇸 Facebook Reactions - [𝐔𝐒𝐀] [Care 🤗] [𝐑𝐄𝐀𝐋] [30 Days Refill] [Max 1K] [Speed 500/Day] [0-3HRS],452.9,10,1 000,30 Days Refill,22 minutes,,,1947.47
11259,🇺🇸 Facebook Reactions - [𝐔𝐒𝐀] [Wow 😮] [𝐑𝐄𝐀𝐋] [30 Days Refill] [Max 1K] [Speed 500/Day] [0-3HRS],452.9,10,10 000,30 Days Refill,4 hours 11 minutes,,,1947.47
11228,🇺🇸 Facebook Reactions - [𝐔𝐒𝐀] [Angry 😡] [30 Days Refill] [Max 1K] [Speed 1-3K/Day] [0-3HRS],452.9,10,10 000,30 Days Refill,22 minutes,,,1947.47
11229,🇺🇸 Facebook Reactions - [𝐔𝐒𝐀] [Care 🤗] [30 Days Refill] [Max 3K] [Speed 1-3K/Day] [0-3HRS],452.9,10,1 000,30 Days Refill,55 minutes,,,1947.47
9208,Facebook Post Emoji Reacts [LIKE 👍] - [30 Days Refill [Max 5K] [Speed 5K/Day] [Good Quality] [INSTANT],78.934,10,5 000,30 Days Refill,3 hours 1 minute,,,339.4162
9209,Facebook Post Emoji Reacts [LOVE ❤️ِ] - [30 Days Refill [Max 5K] [Speed 5K/Day] [Good Quality] [INSTANT],78.934,10,5 000,30 Days Refill,1 hour 42 minutes,,,339.4162
9210,Facebook Post Emoji Reacts [WOW 😯] - [30 Days Refill [Max 5K] [Speed 5K/Day] [Good Quality] [INSTANT],78.934,10,5 000,30 Days Refill,11 hours 45 minutes,,,339.4162
9211,Facebook Post Emoji Reacts [HAHA 😀] - [30 Days Refill [Max 5K] [Speed 5K/Day] [Good Quality] [INSTANT],78.934,10,5 000,30 Days Refill,26 minutes,,,339.4162
9212,Facebook Post Emoji Reacts [CRY 😭] - [30 Days Refill [Max 5K] [Speed 5K/Day] [Good Quality] [INSTANT],78.934,10,5 000,30 Days Refill,55 minutes,,,339.4162
9213,Facebook Post Emoji Reacts [ANGRY 😡] - [30 Days Refill [Max 5K] [Speed 5K/Day] [Good Quality] [INSTANT],78.934,10,5 000,30 Days Refill,36 minutes,,,339.4162
10872,Facebook Post Emoji Reacts [CARE🤗] - [30 Days Refill [Max 5K] [Speed 5K/Day] [Good Quality] [INSTANT],78.934,10,5 000,30 Days Refill,33 minutes,,,339.4162
10887,Facebook Post React - [Likes👍] [No Refill] [Max 100K] [Speed 100K/Day] [𝐍𝐨𝐧-𝐃𝐫𝐨𝐩] [𝐒𝐮𝐩𝐞𝐫-𝐅𝐚𝐬𝐭] [Instant],141.046,10,100 000,No Refill,4 hours 17 minutes,,,606.4978
10888,Facebook Post React - [Love❤️] [No Refill] [Max 100K] [Speed 100K/Day] [𝐍𝐨𝐧-𝐃𝐫𝐨𝐩] [𝐒𝐮𝐩𝐞𝐫-𝐅𝐚𝐬𝐭] [Instant],169.514,10,100 000,No Refill,23 minutes,,,728.9102
10889,Facebook Post React - [Care🤗] [No Refill] [Max 100K] [Speed 100K/Day] [𝐍𝐨𝐧-𝐃𝐫𝐨𝐩] [𝐒𝐮𝐩𝐞𝐫-𝐅𝐚𝐬𝐭] [Instant],169.514,10,100 000,No Refill,9 hours 55 minutes,,,728.9102
10890,Facebook Post React - [Haha😂] [No Refill] [Max 100K] [Speed 100K/Day] [𝐍𝐨𝐧-𝐃𝐫𝐨𝐩] [𝐒𝐮𝐩𝐞𝐫-𝐅𝐚𝐬𝐭] [Instant],169.514,10,100 000,No Refill,19 minutes,,,728.9102
10891,Facebook Post React - [Wow😲] [No Refill] [Max 100K] [Speed 100K/Day] [𝐍𝐨𝐧-𝐃𝐫𝐨𝐩] [𝐒𝐮𝐩𝐞𝐫-𝐅𝐚𝐬𝐭] [Instant],169.514,10,100 000,No Refill,23 minutes,,,728.9102
10892,Facebook Post React - [Sad😥] [No Refill] [Max 100K] [Speed 100K/Day] [𝐍𝐨𝐧-𝐃𝐫𝐨𝐩] [𝐒𝐮𝐩𝐞𝐫-𝐅𝐚𝐬𝐭] [Instant],169.514,10,100 000,No Refill,22 minutes,,,728.9102
10893,Facebook Post React - [Angry🤬] [No Refill] [Max 100K] [Speed 100K/Day] [𝐍𝐨𝐧-𝐃𝐫𝐨𝐩] [𝐒𝐮𝐩𝐞𝐫-𝐅𝐚𝐬𝐭] [Instant],169.514,10,100 000,No Refill,15 minutes,,,728.9102
16522,Facebook Post Emoji Reacts [ LIKE 👍 ] - [No Refill] [Max 500K] [Speed 10K/Day] [Instant],25.88,10,500 000,No Refill,4 minutes,,,111.284
6188,Facebook Post Emoji Reacts [ LOVE ❤️ِ] - [No Refill] [Max 500K] [Speed 10K/Day] [Instant],29.762,10,500 000,No Refill,30 minutes,,,127.9766
6192,Facebook Post Emoji Reacts [ CARE 🥰] - [No Refill] [Max 500K] [Speed 10K/Day] [Instant],29.762,10,500 000,No Refill,7 minutes,,,127.9766
6193,Facebook Post Emoji Reacts [ HAHA 😂] - [No Refill] [Max 500K] [Speed 10K/Day] [Instant],29.762,10,500 000,No Refill,4 minutes,,,127.9766
6191,Facebook Post Emoji Reacts [ WOW 😲] - [No Refill] [Max 500K] [Speed 10K/Day] [Instant],29.762,10,500 000,No Refill,4 minutes,,,127.9766
6189,Facebook Post Emoji Reacts [ SAD 😢] - [No Refill] [Max 500K] [Speed 10K/Day] [Instant],29.762,10,500 000,No Refill,4 minutes,,,127.9766
6190,Facebook Post Emoji Reacts [ ANGRY 😡] - [No Refill] [Max 500K] [Speed 10K/Day] [Instant],29.762,10,500 000,No Refill,4 minutes,,,127.9766
10880,Facebook Post React- [Like 👍] [30 Days Refill] [Max 100K] [Speed 20K/Day] [0-5Mins],34.938,10,1 000 000,30 Days Refill,35 minutes,,,150.2334
10881,Facebook Post React - [Love 💖] [30 Days Refill] [Max 100K] [Speed 20K/Day] [0-5Mins],34.938,10,100 000,30 Days Refill,7 minutes,,,150.2334
10882,Facebook Post React - [Haha 😀] [30 Days Refill] [Max 100K] [Speed 20K/Day] [0-5Mins],34.938,10,100 000,30 Days Refill,17 minutes,,,150.2334
10883,Facebook Post React - [Wow 😲] [30 Days Refill] [Max 100K] [Speed 20K/Day] [0-5Mins],34.938,10,100 000,30 Days Refill,30 minutes,,,150.2334
10884,Facebook Post React - [Sad 😢] [30 Days Refill] [Max 100K] [Speed 20K/Day] [0-5Mins],323.5,10,10 000 000,30 Days Refill,33 minutes,,,1391.05
10885,Facebook Post React - [Angry 😡] [30 Days Refill] [Max 100K] [Speed 20K/Day] [0-5Mins],477.486,10,10 000 000,30 Days Refill,55 minutes,,,2053.1898
10886,Facebook Post React - [Love ❤️] [30 Days Refill] [Max 100K] [Speed 20K/Day] [0-5Mins],34.938,10,100 000,30 Days Refill,26 minutes,,,150.2334
7057,Facebook Page Likes - [LATIN AMERICA] [Lifetime Refill] [Max 900K] [Speed 1-3K/Day] [0-1 HR],10993.824,2 000,900 000,Lifetime Refill,33 minutes,,,47273.4432
7059,Facebook Page Likes - [UK] [30 Days Refill] [Max 10K] [Real & Non Drop] [Speed 5K/Day] [0-3 HRS],3739.66,10,100 000,30 Days Refill,55 minutes,,,16080.538
6643,Facebook Page Likes - [FRANCE] [365 Days Refill] [Max 2K] [Non Drop] [Speed 100-200/Day] [0-3 HRS],1570.916,10,2 000,365 Days Refill,16 minutes,,,6754.9388
6642,Facebook Page Likes - [ITALY] [365 Days Refill] [Max 1K] [Non Drop] [Speed 100-200/Day] [0-3 HRS],1601.972,10,1 000,365 Days Refill,23 minutes,,,6888.4796
6641,Facebook Page Likes - [CANADA] [365 Days Refill] [Max 1.5K] [Non Drop] [Speed 100-200/Day] [0-3 HRS],2805.392,10,100 000,365 Days Refill,11 minutes,,,12063.1856
6639,Facebook Page Likes - [ENGLAND] [365 Days Refill] [Max 1.5K] [Non Drop] [Speed 100-200/Day] [0-3 HRS],2805.392,10,5 000,365 Days Refill,17 minutes,,,12063.1856
6638,Facebook Page Likes - [KOREA] [365 Days Refill] [Max 1K] [Non Drop] [Speed 100-200/Day] [0-3 HRS],1537.272,10,1 000,365 Days Refill,55 minutes,,,6610.2696
7249,Facebook Page Likes - [MALAYSIA] [30 Days Refill] [Max 1K] [Speed 50-100/Day] [0-4 HRS],2225.68,10,1 000,30 Days Refill,16 minutes,,,9570.424
7250,Facebook Page Likes - [AUSTRALIA] [30 Days Refill] [Max 500] [Speed 50-200/Day] [0-4 HRS],2258.03,10,5 000,30 Days Refill,17 minutes,,,9709.529
7251,Facebook Page Likes - [AFRICA] [REAL] [Lifetime Refill] [Max 800K] [Speed 1-3K/Day] [0-1 HR],9130.464,1 000,800 000,Lifetime Refill,22 minutes,,,39260.9952
6167,Facebook Page Likes - [INDIA] [60 Days Refill] [Max 45K] [Speed 1-2K/Day] [0-1 HR],1336.702,500,45 000,60 Days Refill,33 minutes,,,5747.8186
6764,🇺🇸 Facebook Post Likes - [𝐔𝐒𝐀 🇺🇸] [REAL] [10 Days Refill] [Max 1K] [High-Quality] [Speed 500-1K/Day] [INSTANT],989.6512,10,3 000,No Refill,22 minutes,,,4255.50016
6762,🇺🇸 Facebook Post Likes - [𝐔𝐒𝐀 🇺🇸] [MALE] [30 Days Refill] [Max 6K] [Non Drop] [Speed 500-2K/Day] [0-4HRS],1617.5,10,6 000,30 Days Refill,13 minutes,,,6955.25
6212,🇩🇪 Facebook Page / Profile Likes [𝐆𝐄𝐑𝐌𝐀𝐍𝐘 🇩🇪] - [REAL] [No Refill] [Max 500] [Non Drop] [Speed 500/Day] [0-12 HRS],1468.69,10,500,No Refill,2 hours 30 minutes,,,6315.367
6213,🇩🇪 Facebook Post Likes [𝐆𝐄𝐑𝐌𝐀𝐍𝐘 🇩🇪] - [Female] [No Refill] [Max 500] [Non Drop] [Speed 100-300/Day] [0-12HRS],1413.048,10,500,No Refill,33 minutes,,,6076.1064
6998,🇮🇳 Facebook Post Likes - [𝐈𝐍𝐃𝐈𝐀 🇮🇳] [REAL] [10 Days Refill] [Max 100] [Speed 50-100/Day] [0-1HR],315.736,100,1 000,No Refill,33 minutes,,,1357.6648
6207,🇿🇦 Facebook Post Likes - [𝐒𝐎𝐔𝐓𝐇 𝐀𝐅𝐑𝐈𝐂𝐀 🇿🇦] [REAL] [Page / Profile] [No Refill] [Max 200] [Non Drop] [Speed 80-100/Day] [0-3HRS],188.924,10,1 000 000,No Refill,1 hour 14 minutes,,,812.3732
10953,Facebook Friend Request - [Lifetime Refill] [Max 1M] [Speed 5K/Day] [Instant],388.2,200,1 000 000,Lifetime Refill,139 hours 1 minute,,,1669.26
6261,Facebook Friend Request - [PROFILE] [30 Days Refill] [Max 5K] [Speed 2-5K/Day] [0-3 HRS],540.892,200,5 000,30 Days Refill,51 hours 28 minutes,,,2325.8356
6256,Facebook Friend Request - [PROFILE] [30 Days Refill] [Max 2M] [Speed 5-10K/Day] [INSTANT],355.85,200,2 000 000,30 Days Refill,101 hours 11 minutes,,,1530.155
16104,Facebook 𝟏𝟎𝟎𝐊 𝐕𝐢𝐝𝐞𝐨 / 𝐑𝐞𝐞𝐥 𝐕𝐢𝐞𝐰𝐬 𝐏𝐚𝐜𝐤𝐚𝐠𝐞 - [Lifetime Refill] [𝐒𝐩𝐞𝐞𝐝 𝟏𝟎𝟎𝐌/𝐃𝐚𝐲] [0-15Mins],672.88,1 000,1 000,Lifetime Refill,23 minutes,,,2893.384
16529,Facebook 𝟏𝟎𝟎𝐊 𝐕𝐢𝐝𝐞𝐨 / 𝐑𝐞𝐞𝐥 𝐕𝐢𝐞𝐰𝐬 𝐏𝐚𝐜𝐤𝐚𝐠𝐞 - [Lifetime Refill] [𝐒𝐩𝐞𝐞𝐝 𝟏𝟎𝟎𝐊/𝐃𝐚𝐲] [0-15Mins],388.2,1 000,1 000,Lifetime Refill,11 hours 56 minutes,,,1669.26
10970,Facebook 𝐕𝐢𝐝𝐞𝐨 / 𝐑𝐞𝐞𝐥 Views - [Lifetime Refill] [𝟎-𝟏𝟎 𝐌𝐢𝐧𝐬] [Speed 1-5M/Day] [0-15Mins],7.764,100,10 000 000,Lifetime Refill,34 minutes,,,33.3852
16528,Facebook 𝐕𝐢𝐝𝐞𝐨 / 𝐑𝐞𝐞𝐥 Views - [Lifetime Refill] [𝟎-𝟏𝟎 𝐌𝐢𝐧𝐬] [Speed 1-5M/Day] [0-15Mins],7.764,100,10 000 000,No Refill,27 hours 22 minutes,,,33.3852
10971,Facebook 𝐕𝐢𝐝𝐞𝐨 / 𝐑𝐞𝐞𝐥 Views - [Lifetime Refill] [𝟎-𝟏𝟎 𝐌𝐢𝐧𝐬] [Speed 100K/Day] [0-15Mins],6.47,100,50 000 000,Lifetime Refill,44 minutes,,,27.821
16103,Facebook 𝐕𝐢𝐝𝐞𝐨 Views + Likes - [Lifetime Refill] [𝟎-𝟏𝟎 𝐌𝐢𝐧𝐬] [Speed 500K/Day] [0-15Mins],9.058,100,10 000 000,Lifetime Refill,4 hours 38 minutes,,,38.9494
15972,Facebook 𝐕𝐢𝐝𝐞𝐨 Views + Plays - [Lifetime Refill] [𝟎-𝟏𝟎 𝐌𝐢𝐧𝐬] [Speed 500K/Day] [0-15Mins],12.293,100,10 000 000,Lifetime Refill,32 minutes,,,52.8599
11800,Facebook 𝐑𝐞𝐞𝐥 Views - [Unlimited] [Speed 100K/Day] [0-10Mins],5.176,500,1 000 000 000,Lifetime Refill,34 minutes,,,22.2568
8904,Facebook 𝐑𝐞𝐞𝐥 Views - [Unlimited] [Speed 2M/Day] [0-10Mins],7.764,100,10 000 000,No Refill,1 hour 56 minutes,,,33.3852
6930,Facebook 𝐕𝐢𝐝𝐞𝐨 / 𝐑𝐞𝐞𝐥 Views - [3 SECS] [Max 10M] [Speed 500K/Day] INSTANT,14.234,100,10 000 000,Lifetime Refill,24 minutes,,,61.2062
9012,Facebook 𝐕𝐢𝐝𝐞𝐨 / 𝐑𝐞𝐞𝐥 Views - [10 SECS] [Max 10M] [Speed 500K/Day] INSTANT,16.822,100,10 000 000,Lifetime Refill,1 hour 52 minutes,,,72.3346
8221,Facebook 𝐕𝐢𝐝𝐞𝐨 / 𝐑𝐞𝐞𝐥 Views - [15 SECS] [Max 10M] [Speed 500K/Day] INSTANT,18.116,100,100 000 000,Lifetime Refill,3 hours 41 minutes,,,77.8988
9013,Facebook 𝐕𝐢𝐝𝐞𝐨 / 𝐑𝐞𝐞𝐥 Views - [30 SECS] [Max 10M] [Speed 500K/Day] INSTANT,18.116,100,100 000 000,Lifetime Refill,1 hour 33 minutes,,,77.8988
9023,Facebook 𝐕𝐢𝐝𝐞𝐨 / 𝐑𝐞𝐞𝐥 Views - [1 MINS] [Max 10M] [Speed 500K/Day] INSTANT,19.41,100,100 000 000,Lifetime Refill,1 hour 40 minutes,,,83.463
9024,Facebook 𝐕𝐢𝐝𝐞𝐨 / 𝐑𝐞𝐞𝐥 Views - [3 MINS] [Max 10M] [Speed 500K/Day] INSTANT,19.41,100,10 000 000,Lifetime Refill,28 hours 48 minutes,,,83.463
9025,Facebook 𝐕𝐢𝐝𝐞𝐨 / 𝐑𝐞𝐞𝐥 Views - [5 MINS] [Max 10M] [Speed 500K/Day] INSTANT,20.704,100,10 000 000,Lifetime Refill,55 minutes,,,89.0272
9026,Facebook 𝐕𝐢𝐝𝐞𝐨 / 𝐑𝐞𝐞𝐥 Views - [10 MINS] [Max 10M] [Speed 500K/Day] INSTANT,21.998,100,10 000 000,Lifetime Refill,183 hours 56 minutes,,,94.5914
16523,Facebook 𝐕𝐢𝐝𝐞𝐨 / 𝐑𝐞𝐞𝐥 Views - [15 MINS] [Max 10M] [Speed 500K/Day] INSTANT,23.292,100,10 000 000,Lifetime Refill,16 minutes,,,100.1556
8903,Facebook 𝐕𝐢𝐝𝐞𝐨 / 𝐑𝐞𝐞𝐥 Views - [Unlimited] [3 SECS] [Speed 200K/Day] [0-10Mins],10.352,500,30 000 000,Lifetime Refill,38 minutes,,,44.5136
6235,Facebook 𝐕𝐢𝐝𝐞𝐨 / 𝐑𝐞𝐞𝐥 Views - [Unlimited] [10 SECS] [Speed 200K/Day] [0-10Mins],12.94,500,30 000 000,Lifetime Refill,59 minutes,,,55.642
6259,Facebook 𝐕𝐢𝐝𝐞𝐨 / 𝐑𝐞𝐞𝐥 Views - [Unlimited] [15 SECS] [Speed 200K/Day] [0-10Mins],16.822,500,30 000 000,Lifetime Refill,1 hour 46 minutes,,,72.3346
9277,Facebook 𝐕𝐢𝐝𝐞𝐨 / 𝐑𝐞𝐞𝐥 Views - [Unlimited] [30 SECS] [Speed 200K/Day] [0-10Mins],18.116,500,30 000 000,Lifetime Refill,23 minutes,,,77.8988
10502,Facebook 𝐕𝐢𝐝𝐞𝐨 / 𝐑𝐞𝐞𝐥 Views - [Unlimited] [1 MINS] [Speed 200K/Day] [0-10Mins],18.116,500,30 000 000,Lifetime Refill,22 minutes,,,77.8988
10503,Facebook 𝐕𝐢𝐝𝐞𝐨 / 𝐑𝐞𝐞𝐥 Views - [Unlimited] [3 MINS] [Speed 200K/Day] [0-10Mins],19.41,500,30 000 000,Lifetime Refill,22 minutes,,,83.463
10504,Facebook 𝐕𝐢𝐝𝐞𝐨 / 𝐑𝐞𝐞𝐥 Views - [Unlimited] [6 MINS] [Speed 200K/Day] [0-10Mins],20.704,500,30 000 000,Lifetime Refill,16 minutes,,,89.0272
10505,Facebook 𝐕𝐢𝐝𝐞𝐨 / 𝐑𝐞𝐞𝐥 Views - [Unlimited] [10 MINS] [Speed 200K/Day] [0-10Mins],21.998,500,30 000 000,Lifetime Refill,23 minutes,,,94.5914
16524,Facebook Watch Time 𝟔𝟎𝐊 - [ 𝐖𝐚𝐭𝐜𝐡 𝐓𝐢𝐦𝐞 𝐅𝐨𝐫 𝟔𝟎 𝐌𝐢𝐧𝐮𝐭𝐞𝐬+ 𝐕𝐢𝐝𝐞𝐨𝐬 ] [0-30 Mins],95.756,1 000,1 000,No Refill,33 minutes,,,411.7508
16525,Facebook Watch Time 𝟏𝟐𝟎𝐊 - [ 𝐖𝐚𝐭𝐜𝐡 𝐓𝐢𝐦𝐞 𝐅𝐨𝐫 𝟔𝟎 𝐌𝐢𝐧𝐮𝐭𝐞𝐬+ 𝐕𝐢𝐝𝐞𝐨𝐬 ] [0-30 Mins],190.218,1 000,1 000,No Refill,11 minutes,,,817.9374
16526,Facebook Watch Time 𝟏𝟖𝟎𝐊 - [ 𝐖𝐚𝐭𝐜𝐡 𝐓𝐢𝐦𝐞 𝐅𝐨𝐫 𝟔𝟎 𝐌𝐢𝐧𝐮𝐭𝐞𝐬+ 𝐕𝐢𝐝𝐞𝐨𝐬 ] [0-30 Mins],284.68,1 000,1 000,No Refill,16 minutes,,,1224.124
16527,Facebook Watch Time 𝟔𝟎𝟎𝐊 - [ 𝐖𝐚𝐭𝐜𝐡 𝐓𝐢𝐦𝐞 𝐅𝐨𝐫 𝟔𝟎 𝐌𝐢𝐧𝐮𝐭𝐞𝐬+ 𝐕𝐢𝐝𝐞𝐨𝐬 ] [0-30 Mins],947.208,1 000,1 000,No Refill,17 minutes,,,4072.9944
12877,Facebook Watch Time - [𝟔𝟎𝐊 𝐌𝐢𝐧𝐮𝐭𝐞𝐬 For 3 Hours Video] [𝟒-𝟖 𝐇𝐑𝐒 𝐂𝐨𝐦𝐩𝐥𝐞𝐭𝐢𝐨𝐧 𝐓𝐢𝐦𝐞],147.516,1,1,No Refill,16 minutes,,,634.3188
12876,Facebook Watch Time - [𝟔𝟎𝐊 𝐌𝐢𝐧𝐮𝐭𝐞𝐬 For 2 Hours Video] [𝟒-𝟖 𝐇𝐑𝐒 𝐂𝐨𝐦𝐩𝐥𝐞𝐭𝐢𝐨𝐧 𝐓𝐢𝐦𝐞],156.574,1,1,No Refill,11 minutes,,,673.2682
12875,Facebook Watch Time - [𝟔𝟎𝐊 𝐌𝐢𝐧𝐮𝐭𝐞𝐬 For 1 Hour Video] [𝟒-𝟖 𝐇𝐑𝐒 𝐂𝐨𝐦𝐩𝐥𝐞𝐭𝐢𝐨𝐧 𝐓𝐢𝐦𝐞],221.274,1,1,No Refill,11 minutes,,,951.4782
12879,Facebook Watch Time - [𝟏𝟐𝟎𝐊 𝐌𝐢𝐧𝐮𝐭𝐞𝐬 For 3 Hours Video] [𝟒-𝟖 𝐇𝐑𝐒 𝐂𝐨𝐦𝐩𝐥𝐞𝐭𝐢𝐨𝐧 𝐓𝐢𝐦𝐞],207.04,1,1,No Refill,17 minutes,,,890.272
12880,Facebook Watch Time - [𝟏𝟐𝟎𝐊 𝐌𝐢𝐧𝐮𝐭𝐞𝐬 For 2 Hours Video] [𝟒-𝟖 𝐇𝐑𝐒 𝐂𝐨𝐦𝐩𝐥𝐞𝐭𝐢𝐨𝐧 𝐓𝐢𝐦𝐞],227.744,1,1,No Refill,11 minutes,,,979.2992
12878,Facebook Watch Time - [𝟏𝟐𝟎𝐊 𝐌𝐢𝐧𝐮𝐭𝐞𝐬 For 1 Hours Video] [𝟒-𝟖 𝐇𝐑𝐒 𝐂𝐨𝐦𝐩𝐥𝐞𝐭𝐢𝐨𝐧 𝐓𝐢𝐦𝐞],311.854,1,1,No Refill,55 minutes,,,1340.9722
9285,Facebook Watch Time - [𝟏𝟖𝟎𝐊 𝐌𝐢𝐧𝐮𝐭𝐞𝐬 For 3 Hours Video] [𝟒-𝟖 𝐇𝐑𝐒 𝐂𝐨𝐦𝐩𝐥𝐞𝐭𝐢𝐨𝐧 𝐓𝐢𝐦𝐞],310.56,1,1,No Refill,23 minutes,,,1335.408
9284,Facebook Watch Time - [𝟏𝟖𝟎𝐊 𝐌𝐢𝐧𝐮𝐭𝐞𝐬 For 2 Hours Video] [𝟒-𝟖 𝐇𝐑𝐒 𝐂𝐨𝐦𝐩𝐥𝐞𝐭𝐢𝐨𝐧 𝐓𝐢𝐦𝐞],340.322,1,1,No Refill,11 minutes,,,1463.3846
15973,Facebook Watch Time - [𝟏𝟖𝟎𝐊 𝐌𝐢𝐧𝐮𝐭𝐞𝐬 For 1 Hour Video] [𝟒-𝟖 𝐇𝐑𝐒 𝐂𝐨𝐦𝐩𝐥𝐞𝐭𝐢𝐨𝐧 𝐓𝐢𝐦𝐞],314.442,1,1,No Refill,33 minutes,,,1352.1006
12881,Facebook Watch Time - [𝟔𝟎𝟎 𝐊 𝐌𝐢𝐧𝐮𝐭𝐞𝐬 For 3 Hours Video] [𝟒-𝟖 𝐇𝐑𝐒 𝐂𝐨𝐦𝐩𝐥𝐞𝐭𝐢𝐨𝐧 𝐓𝐢𝐦𝐞],367.496,1,1,No Refill,17 minutes,,,1580.2328
12882,Facebook Watch Time - [𝟔𝟎𝟎 𝐊 𝐌𝐢𝐧𝐮𝐭𝐞𝐬 For 2 Hours Video] [𝟒-𝟖 𝐇𝐑𝐒 𝐂𝐨𝐦𝐩𝐥𝐞𝐭𝐢𝐨𝐧 𝐓𝐢𝐦𝐞],399.846,1,1,No Refill,22 minutes,,,1719.3378
12883,Facebook Watch Time - [𝟔𝟎𝟎 𝐊 𝐌𝐢𝐧𝐮𝐭𝐞𝐬 For 1 Hour Video] [𝟒-𝟖 𝐇𝐑𝐒 𝐂𝐨𝐦𝐩𝐥𝐞𝐭𝐢𝐨𝐧 𝐓𝐢𝐦𝐞],547.362,1,1,No Refill,23 minutes,,,2353.6566
4983,Facebook Live Stream Video Reacts - ❤️ [Heart] [No Refill] [Max 100K] [Speed 500-1K/Hour] [INSTANT],336.44,100,100 000,No Refill,4 minutes,,,1446.692
4985,Facebook Live Stream Video Reacts - 😆 [Haha] [No Refill] [Max 1M] [Speed 500-1K/Hour] [INSTANT],336.44,100,100 000,No Refill,33 minutes,,,1446.692
4986,Facebook Live Stream Video Reacts - 😯 [Wow] [No Refill] [Max 1M] [Speed 500-1K/Hour] [INSTANT],336.44,100,100 000,No Refill,16 minutes,,,1446.692
4987,Facebook Live Stream Video Reacts - 😢 [Sad] [No Refill] [Max 1M] [Speed 500-1K/Hour] [INSTANT],336.44,100,100 000,No Refill,55 minutes,,,1446.692
4988,Facebook Live Stream Video Reacts - 😠 [Angry] [No Refill] [Max 1M] [Speed 500-1K/Hour] [INSTANT],336.44,100,100 000,No Refill,22 minutes,,,1446.692
8305,Facebook Live Stream Video - [𝐂𝐔𝐒𝐓𝐎𝐌 𝐂𝐎𝐌𝐌𝐄𝐍𝐓𝐒] [Max 200K] [Speed 1-3K/Day] [INSTANT],366.202,10,200 000,No Refill,33 minutes,,,1574.6686
12888,Facebook Live Stream Video - [𝐂𝐔𝐒𝐓𝐎𝐌 𝐂𝐎𝐌𝐌𝐄𝐍𝐓𝐒] [𝐄𝐧𝐠𝐥𝐢𝐬𝐡 𝐏𝐫𝐨𝐟𝐢𝐥𝐞𝐬] [Max 1K] [Speed 1K/Day] [INSTANT],1746.9,20,1 000,No Refill,17 minutes,,,7511.67
8330,Facebook Story Views - [No Refill] [Max 50K] [Speed 5-10K/Day] [INSTANT],102.226,100,1 000 000,No Refill,55 minutes,,,439.5718
10957,Facebook Story Views - [No Refill] [Max 500K] [Speed 50-150K/HR] [𝐇𝐢𝐠𝐡 𝐒𝐩𝐞𝐞𝐝] [Always Instant],125.518,100,500 000,No Refill,16 minutes,,,539.7274
10949,Facebook Page Reviews - [30 Days Refill] [Max 10K] [Speed 100-500/Day] [Asia] [𝐁𝐞𝐬𝐭 𝐐𝐮𝐚𝐥𝐢𝐭𝐲] [Non-Drop] [0-6HRS],1539.86,5,10 000,30 Days Refill,55 minutes,,,6621.398
10950,Facebook Page Reviews - [Yes - Recommendation] [Custom Comments] [365 Days Refill] [Max 4K] [Speed 50-100/Day] [Non-Drop] [0-12HRS],1358.7,5,1 000,365 Days Refill,32 hours 35 minutes,,,5842.41
11351,🇺🇸 Facebook Page Reviews - [USA 🇺🇸] [No Refill] [Max 5000] [Speed 2-5K/Day] [Non-Drop] [𝐑𝐄𝐀𝐋 𝐀𝐂𝐂𝐎𝐔𝐍𝐓𝐒] [0-6HRS],5833.352,1,5 000,No Refill,3 hours 22 minutes,,,25083.4136
11352,🇺🇸 Facebook Page Reviews - [𝐅𝐄𝐌𝐀𝐋𝐄] [USA 🇺🇸] [No Refill] [Max 500] [Speed 500/Day] [Non-Drop] [𝐑𝐄𝐀𝐋 𝐀𝐂𝐂𝐎𝐔𝐍𝐓𝐒] [0-6HRS],5833.352,1,500,No Refill,5 hours 38 minutes,,,25083.4136
11355,🇨🇦 Facebook Page Reviews - [Canada 🇨🇦] [No Refill] [Max 50] [Speed 50/Day] [Non-Drop] [𝐑𝐄𝐀𝐋 𝐀𝐂𝐂𝐎𝐔𝐍𝐓𝐒] [0-6HRS],5833.352,5,50,No Refill,1 hour 17 minutes,,,25083.4136
11350,🇪🇺 Facebook Page Reviews - [EU 🇪🇺] [No Refill] [Max 500] [Speed 500/Day] [Non-Drop] [𝐑𝐄𝐀𝐋 𝐀𝐂𝐂𝐎𝐔𝐍𝐓𝐒] [0-6HRS],5833.352,1,500,No Refill,2 hours 33 minutes,,,25083.4136
11354,🇦🇺 Facebook Page Reviews - [Australia 🇦🇺] [No Refill] [Max 150] [Speed 50-150/Day] [Non-Drop] [𝐑𝐄𝐀𝐋 𝐀𝐂𝐂𝐎𝐔𝐍𝐓𝐒] [0-6HRS],5833.352,1,150,No Refill,3 hours 24 minutes,,,25083.4136
11353,🇬🇧 Facebook Page Reviews - [United Kingdom 🇬🇧] [No Refill] [Max 100] [Speed 50-100/Day] [Non-Drop] [𝐑𝐄𝐀𝐋 𝐀𝐂𝐂𝐎𝐔𝐍𝐓𝐒] [0-6HRS],5833.352,3,100,No Refill,11 minutes,,,25083.4136
11337,🇮🇩🇹🇭 Facebook Page Reviews - [Asia 🇮🇩🇹🇭] [No Refill] [Max 500] [Speed 500/Day] [Non-Drop] [𝐑𝐄𝐀𝐋 𝐀𝐂𝐂𝐎𝐔𝐍𝐓𝐒] [0-6HRS],11666.704,1,5 000,No Refill,23 minutes,,,50166.8272
11338,🇲🇾 Facebook Page Reviews - [Malaysia 🇲🇾] [No Refill] [Max 500] [Speed 500/Day] [Non-Drop] [𝐑𝐄𝐀𝐋 𝐀𝐂𝐂𝐎𝐔𝐍𝐓𝐒] [0-6HRS],5833.352,1,500,No Refill,16 minutes,,,25083.4136
11348,🇩🇪 Facebook Page Reviews - [Germany 🇩🇪] [No Refill] [Max 500] [Speed 500/Day] [Non-Drop] [𝐑𝐄𝐀𝐋 𝐀𝐂𝐂𝐎𝐔𝐍𝐓𝐒] [0-6HRS],5833.352,1,500,No Refill,2 hours 13 minutes,,,25083.4136
11349,🇫🇷 Facebook Page Reviews - [France 🇫🇷] [No Refill] [Max 500] [Speed 500/Day] [Non-Drop] [𝐑𝐄𝐀𝐋 𝐀𝐂𝐂𝐎𝐔𝐍𝐓𝐒] [0-6HRS],5833.352,1,500,No Refill,2 hours 48 minutes,,,25083.4136
16530,Facebook 𝟏𝟎𝟎𝐊 𝐕𝐢𝐝𝐞𝐨 / 𝐑𝐞𝐞𝐥 𝐕𝐢𝐞𝐰𝐬 𝐏𝐚𝐜𝐤𝐚𝐠𝐞 - [Lifetime Refill] [𝐒𝐩𝐞𝐞𝐝 𝟏𝟎𝟎𝐊/𝐃𝐚𝐲] [0-15Mins],388.2,1 000,1 000,Lifetime Refill,17 minutes,,,1669.26
16531,Facebook 𝟏𝟎𝟎𝐊 𝐕𝐢𝐝𝐞𝐨 / 𝐑𝐞𝐞𝐥 𝐕𝐢𝐞𝐰𝐬 𝐏𝐚𝐜𝐤𝐚𝐠𝐞 - [Lifetime Refill] [𝐒𝐩𝐞𝐞𝐝 𝟏𝟎𝟎𝐌/𝐃𝐚𝐲] [0-15Mins],672.88,1 000,1 000,Lifetime Refill,55 minutes,,,2893.384
7061,Facebook Reel Likes - [No Refill] [Max 50K] [Speed 2K/HR] [INSTANT],58.23,20,50 000,No Refill,17 minutes,,,250.389
6922,Facebook Reel Likes - [No Refill] [Max 2K] [Speed 1-2K/Day] [0-12HRS],33.644,10,2 000,No Refill,5 minutes,,,144.6692
7335,Facebook Reel Likes - [30 Days Refill] [Max 200K] [Speed 10K/Day] [0-12HRS],51.76,50,200 000,No Refill,2 minutes,,,222.568
6249,Facebook Reel Comments - [𝐂𝐮𝐬𝐭𝐨𝐦] [30 Days Refill] [Max 100K] [Speed 2K/Day] [0-12HRS],415.374,10,100 000,30 Days Refill,21 hours 23 minutes,,,1786.1082
7159,Facebook Reel Comments - [𝐂𝐮𝐬𝐭𝐨𝐦] [30 Days Refill] [Max 100K] [Speed 1-2K/Day] [0-12HRS],3687.9,25,100 000,30 Days Refill,55 minutes,,,15857.97
6250,Facebook Reel Comments - [𝐂𝐮𝐬𝐭𝐨𝐦] [30 Days Refill] [Max 1K] [Speed 500/Day] [INSTANT],1294,5,10 000,30 Days Refill,16 minutes,,,5564.2
6251,Facebook Reel Video - [SHARE] [30 Days Refill] [Max 100K] [Speed 50K/Day] [0-12HRS],153.986,100,100 000,30 Days Refill,5 minutes,,,662.1398
11071,Facebook Comments - [Custom] [No Refill] [Max 5K] [Speed 2-8K/Day] [Non Drop] [High Quality] [WORLDWIDE] [INSTANT],311.854,10,5 000,No Refill,20 hours 39 minutes,,,1340.9722
6924,Facebook Comments [𝐀𝐋𝐋 𝐋𝐈𝐍𝐊𝐒] - [𝐂𝐔𝐒𝐓𝐎𝐌] [Non-Drop] [Max 1M] [Speed 100-200/Day] [INSTANT],324.794,10,1 000 000,No Refill,36 hours 34 minutes,,,1396.6142
8316,Facebook Comments [𝐏𝐎𝐒𝐓 / 𝐏𝐇𝐎𝐓𝐎] - [𝐂𝐔𝐒𝐓𝐎𝐌] [Max 100K] [Speed 1-2K/Day] [0-6HRS],480.074,10,100 000,No Refill,48 hours 37 minutes,,,2064.3182
11070,Facebook Comments - [Custom] [No Refill] [Max 5K] [Speed 2K/Day] [Non Drop] [WORLDWIDE] [INSTANT],1617.5,20,5 000,No Refill,9 hours 12 minutes,,,6955.25
3644,Facebook Comments [𝐀𝐋𝐋 𝐋𝐈𝐍𝐊𝐒] - [𝐂𝐔𝐒𝐓𝐎𝐌] [Non-Drop] [Max 1K] [Speed 1-2K/Day] [INSTANT],1682.2,20,1 000,No Refill,6 hours 52 minutes,,,7233.46
8318,Facebook Comments [𝐏𝐎𝐒𝐓 / 𝐏𝐇𝐎𝐓𝐎] - [𝐂𝐔𝐒𝐓𝐎𝐌] [Max 10K] [Speed 100-300/Day] [0-2HRS],359.732,10,10 000,No Refill,35 hours 11 minutes,,,1546.8476
8319,Facebook Comments [𝐏𝐎𝐒𝐓 / 𝐏𝐇𝐎𝐓𝐎] - [𝐂𝐔𝐒𝐓𝐎𝐌] [Max 10K] [Speed 1-2K/Day] [0-2HRS],1617.5,20,10 000,No Refill,22 minutes,,,6955.25
11339,🇬🇧 Facebook Comments [𝐄𝐧𝐠𝐥𝐢𝐬𝐡 𝐍𝐚𝐦𝐞 🇬🇧] [𝐂𝐮𝐬𝐭𝐨𝐦] [No Refill] [Max 2K] [Speed 1-2K/Day] [𝐑𝐞𝐚𝐥 𝐀𝐜𝐜𝐨𝐮𝐧𝐭𝐬] [Non-Drop] [0-6 HRS],7291.69,5,2 000,No Refill,22 minutes,,,31354.267
11340,🇪🇺 Facebook Comments [EUROPE 🇪🇺] [𝐂𝐮𝐬𝐭𝐨𝐦] [No Refill] [Max 1K] [Speed 1K/Day] [𝐑𝐞𝐚𝐥 𝐀𝐜𝐜𝐨𝐮𝐧𝐭𝐬] [Non-Drop] [0-6 HRS],5833.352,5,1 000,No Refill,3 hours 25 minutes,,,25083.4136
11341,🇧🇷 Facebook Comments [Brazil 🇧🇷] [𝐂𝐮𝐬𝐭𝐨𝐦] [No Refill] [Max 300] [Speed 300/Day] [𝐑𝐞𝐚𝐥 𝐀𝐜𝐜𝐨𝐮𝐧𝐭𝐬] [Non-Drop] [0-6 HRS],5833.352,10,300,No Refill,2 hours 16 minutes,,,25083.4136
11342,🇪🇸 Facebook Comments [Spain 🇪🇸] [𝐂𝐮𝐬𝐭𝐨𝐦] [No Refill] [Max 50] [Speed 50/Day] [𝐑𝐞𝐚𝐥 𝐀𝐜𝐜𝐨𝐮𝐧𝐭𝐬] [Non-Drop] [0-6 HRS],5833.352,1,50,No Refill,2 hours 29 minutes,,,25083.4136
11356,🇮🇩🇹🇭 Facebook Comments [Asia 🇮🇩🇹🇭] [𝐂𝐮𝐬𝐭𝐨𝐦] [No Refill] [Max 1K] [Speed 500-1K/Day] [𝐑𝐞𝐚𝐥 𝐀𝐜𝐜𝐨𝐮𝐧𝐭𝐬] [Non-Drop] [0-6 HRS],5833.352,5,1 000,No Refill,17 minutes,,,25083.4136
11357,🇩🇪 Facebook Comments [Germany 🇩🇪] [𝐂𝐮𝐬𝐭𝐨𝐦] [No Refill] [Max 1K] [Speed 500-1K/Day] [𝐑𝐞𝐚𝐥 𝐀𝐜𝐜𝐨𝐮𝐧𝐭𝐬] [Non-Drop] [0-6 HRS],5833.352,1,1 000,No Refill,14 hours 29 minutes,,,25083.4136
11358,🇫🇷 Facebook Comments [France 🇫🇷] [𝐂𝐮𝐬𝐭𝐨𝐦] [No Refill] [Max 500] [Speed 500/Day] [𝐑𝐞𝐚𝐥 𝐀𝐜𝐜𝐨𝐮𝐧𝐭𝐬] [Non-Drop] [0-6 HRS],13125.042,1,500,No Refill,11 hours 14 minutes,,,56437.6806
11359,🇬🇧 Facebook Comments [United Kingdom 🇬🇧] [𝐂𝐮𝐬𝐭𝐨𝐦] [No Refill] [Max 200] [Speed 50-200/Day] [𝐑𝐞𝐚𝐥 𝐀𝐜𝐜𝐨𝐮𝐧𝐭𝐬] [Non-Drop] [0-6 HRS],13125.042,1,200,No Refill,1 hour 49 minutes,,,56437.6806
11360,🇦🇺 Facebook Comments [Australia 🇦🇺] [𝐂𝐮𝐬𝐭𝐨𝐦] [No Refill] [Max 200] [Speed 50-200/Day] [𝐑𝐞𝐚𝐥 𝐀𝐜𝐜𝐨𝐮𝐧𝐭𝐬] [Non-Drop] [0-6 HRS],5833.352,1,200,No Refill,2 hours 3 minutes,,,25083.4136
11361,🇨🇦 Facebook Comments [Canada 🇨🇦] [𝐂𝐮𝐬𝐭𝐨𝐦] [No Refill] [Max 50] [Speed 50/Day] [𝐑𝐞𝐚𝐥 𝐀𝐜𝐜𝐨𝐮𝐧𝐭𝐬] [Non-Drop] [0-6 HRS],13125.042,5,50,No Refill,4 hours 39 minutes,,,56437.6806
8314,Facebook Comments [𝐀𝐋𝐋 𝐋𝐈𝐍𝐊𝐒] - [𝐖𝐎𝐑𝐋𝐃𝐖𝐈𝐃𝐄] [Non-Drop] [Max 10K] [Speed 500/Day] [0-3HR],1617.5,20,10 000,No Refill,22 minutes,,,6955.25
10961,Facebook Post Share - [No Refill] [Max 50K] [Speed 20-30K/Day] [Instant],128.106,100,50 000,No Refill,4 hours 57 minutes,,,550.8558
10962,Facebook Post Share - [No Refill] [Max 5M] [Speed 50-500K/Day] [Instant],141.046,100,50 000 000,No Refill,2 minutes,,,606.4978
10963,Facebook Post Share - [No Refill] [Max 100K] [Speed 5K/Day] [Non-Drop] [Instant],153.986,100,100 000,No Refill,3 minutes,,,662.1398
7157,Facebook Post Share - [No Refill] [Max 500K] [Speed 1-3K/Day] [0-1HR],111.284,100,500 000,No Refill,3 hours 16 minutes,,,478.5212
8332,Facebook Post Share - [No Refill] [Max 1M] [Speed 3-10K/Day] [0-1HR],46.584,100,10 000 000,No Refill,4 hours 42 minutes,,,200.3112
11222,🇺🇸🇬🇧🇨🇦 Facebook Page Likes - [𝐔𝐒𝐀 + 𝐔𝐊 + 𝐂𝐚𝐧𝐚𝐝𝐢𝐚𝐧 𝐀𝐜𝐜𝐨𝐮𝐧𝐭𝐬] [Max 10K] [REAL] [Speed 1K/Day] [0-6HRS],1498.452,10,10 000,30 Days Refill,26 minutes,,,6443.3436
11221,🇺🇸🇪🇺 Facebook Page Likes - [𝐔𝐒𝐀 + 𝐄𝐮𝐫𝐨𝐩𝐞𝐚𝐧 𝐀𝐜𝐜𝐨𝐮𝐧𝐭𝐬] [Max 10K] [REAL] [Speed 1K/Day] [0-6HRS],1498.452,10,10 000,30 Days Refill,11 minutes,,,6443.3436
11223,🇺🇸 Facebook Page Likes - [𝐔𝐒𝐀 + 𝐅𝐞𝐦𝐚𝐥𝐞 𝐀𝐜𝐜𝐨𝐮𝐧𝐭𝐬] [Max 5K] [Real & Non Drop] [Speed 3-5K/Day] [0-6HRS],1032.612,10,5 000,30 Days Refill,27 hours 10 minutes,,,4440.2316
11224,🇺🇸 Facebook Page Likes - [𝐔𝐒𝐀 𝐁𝐋𝐀𝐂𝐊 𝐀𝐂𝐂𝐎𝐔𝐍𝐓𝐒] [Max 500] [60 Days Refill] [Real & Non Drop] [Speed 200-500/Day] [0-6HRS],1032.612,10,500,60 Days Refill,16 minutes,,,4440.2316
11195,🇺🇸 Facebook Post Comments - [𝐂𝐮𝐬𝐭𝐨𝐦] [𝐋𝐚𝐭𝐢𝐧 𝐀𝐦𝐞𝐫𝐢𝐜𝐚] [Max 5K] [Speed 5K/Day] [0-3HRS],5434.8,5,5 000,30 Days Refill,9 hours 17 minutes,,,23369.64
11196,🇺🇸 Facebook Post Comments - [𝐑𝐚𝐧𝐝𝐨𝐦] [Max 200] [Speed 200/Day] [0-3HRS],4701.102,5,200,30 Days Refill,6 hours 17 minutes,,,20214.7386
11197,🇺🇸 Facebook Comments - [𝐂𝐮𝐬𝐭𝐨𝐦] [Non-Drop] [Max 1K] [Speed 500-1K/Day] [0-3HRS],10326.12,1,1 000,No Refill,8 hours 43 minutes,,,44402.316
11291,🇬🇧 Facebook Post Reactions - [UK 🇬🇧] [Love ❤️] [No Refill] [Max 10K] [Speed 200/Day] [𝐑𝐄𝐀𝐋 𝐀𝐂𝐂𝐎𝐔𝐍𝐓𝐒] [𝐍𝐨𝐧-𝐃𝐫𝐨𝐩] [0-1HR],647,10,10 000,No Refill,38 minutes,,,2782.1
11292,🇬🇧 Facebook Post Reactions - [UK 🇬🇧] [Wow 😲] [No Refill] [Max 500] [Speed 200/Day] [𝐑𝐄𝐀𝐋 𝐀𝐂𝐂𝐎𝐔𝐍𝐓𝐒] [𝐍𝐨𝐧-𝐃𝐫𝐨𝐩] [0-1HR],647,10,10 000,No Refill,21 minutes,,,2782.1
11293,🇬🇧 Facebook Post Reactions - [UK 🇬🇧] [Care 🥰] [No Refill] [Max 500] [Speed 200/Day] [𝐑𝐄𝐀𝐋 𝐀𝐂𝐂𝐎𝐔𝐍𝐓𝐒] [𝐍𝐨𝐧-𝐃𝐫𝐨𝐩] [0-1HR],647,10,10 000,No Refill,11 minutes,,,2782.1
11294,🇬🇧 Facebook Post Reactions - [UK 🇬🇧] [Sad 😥] [No Refill] [Max 500] [Speed 2K/Day] [𝐑𝐄𝐀𝐋 𝐀𝐂𝐂𝐎𝐔𝐍𝐓𝐒] [𝐍𝐨𝐧-𝐃𝐫𝐨𝐩] [0-1HR],647,10,10 000,No Refill,33 minutes,,,2782.1
11295,🇬🇧 Facebook Post Reactions - [UK 🇬🇧] [Angry 😡] [No Refill] [Max 500] [Speed 2K/Day] [𝐑𝐄𝐀𝐋 𝐀𝐂𝐂𝐎𝐔𝐍𝐓𝐒] [𝐍𝐨𝐧-𝐃𝐫𝐨𝐩] [0-1HR],647,10,10 000,No Refill,16 minutes,,,2782.1
11296,🇬🇧 Facebook Post Reactions - [UK 🇬🇧] [Haha 😀] [No Refill] [Max 500] [Speed 2K/Day] [𝐑𝐄𝐀𝐋 𝐀𝐂𝐂𝐎𝐔𝐍𝐓𝐒] [𝐍𝐨𝐧-𝐃𝐫𝐨𝐩] [0-1HR],647,10,10 000,No Refill,16 minutes,,,2782.1
11263,🇪🇺 Facebook Post Likes - [European] [Max 2K] [Real & Non-Drop] [Speed 2K/Day] [0-6HRS],839.806,10,2 000,30 Days Refill,28 minutes,,,3611.1658
15951,🇪🇺 Facebook Group Members - [European] [𝐑𝐄𝐀𝐋] [Max 10K] [Speed 5K/Day] [0-6HRS],1294,50,10 000,No Refill,17 minutes,,,5564.2
15952,🇪🇺 Facebook Page Followers Members - [European] [𝐑𝐄𝐀𝐋] [Max 50K] [Speed 10K/Day] [0-6HRS],905.8,10,1 000,No Refill,5 hours 52 minutes,,,3894.94
15953,🇪🇺 Facebook Profile Followers Members - [European] [𝐑𝐄𝐀𝐋] [Max 50K] [Speed 10K/Day] [0-6HRS],905.8,10,50 000,No Refill,36 minutes,,,3894.94
11271,🇩🇪 Facebook Followers - [Germany] [𝐏𝐫𝐨𝐟𝐢𝐥𝐞 / 𝐏𝐚𝐠𝐞] [Max 10K] [Speed 5K/Day] [0-6HRS],1732.666,10,10 000,30 Days Refill,61 hours 19 minutes,,,7450.4638
11270,🇩🇪 Facebook Post Likes - [Germany] [𝐅𝐄𝐌𝐀𝐋𝐄] [𝐀𝐥𝐥 𝐋𝐢𝐧𝐤𝐬 𝐀𝐜𝐜𝐞𝐩𝐭𝐞𝐝] [Max 500] [Speed 500/Day] [0-6HRS],1356.112,10,500,30 Days Refill,2 hours 28 minutes,,,5831.2816
11273,🇫🇷 Facebook Page Likes - [France] [Max 10K] [𝐑𝐄𝐀𝐋] [Non Drop] [0-6HRS],1356.112,10,1 000,30 Days Refill,17 minutes,,,5831.2816
11274,🇫🇷 Facebook Page Likes - [ITALY] [Max 10K] [𝐑𝐄𝐀𝐋] [Non Drop] [0-6HRS],1356.112,10,1 000,30 Days Refill,16 minutes,,,5831.2816
11275,🇮🇹 Facebook Followers - [ITALY] [𝐏𝐫𝐨𝐟𝐢𝐥𝐞 / 𝐏𝐚𝐠𝐞] [Max 10K] [Speed 5K/Day] [0-6HRS],1356.112,10,1 000,30 Days Refill,17 minutes,,,5831.2816
11277,🇮🇹 Facebook Comments - [ITALY] [𝐑𝐄𝐀𝐋] [Max 500] [Speed 500/Day] [0-6HRS],6777.972,1,500,30 Days Refill,11 minutes,,,29145.2796
11111,🇮🇳 Facebook Page Followers - [India 🇮🇳] [15 Days Refill] [Max 40K] [Speed 2-8K/Day] [REAL ACCOUNTS] [Non-Drop] [0-4 HRS],420.55,100,1 500 000,15 Days Refill,16 hours 13 minutes,,,1808.365
11112,🇮🇳 Facebook Page Likes + Followers - [India 🇮🇳] [15 Days Refill] [Max 8K] [Speed 2-8K/Day] [REAL ACCOUNTS] [Non-Drop] [0-4 HRS],420.55,500,10 000,15 Days Refill,11 minutes,,,1808.365
11103,🇮🇳 Facebook Page Likes + Followers - [India 🇮🇳] [𝐅𝐞𝐦𝐚𝐥𝐞] [No Refill] [Max 5K] [Speed 2-5K/Day] [𝐑𝐄𝐀𝐋 𝐀𝐂𝐂𝐎𝐔𝐍𝐓𝐒] [𝐍𝐨𝐧-𝐃𝐫𝐨𝐩] [0-1HR],420.55,500,10 000,No Refill,11 minutes,,,1808.365
11113,🇮🇳 Facebook Profile Followers - [India 🇮🇳] [15 Days Refill] [Max 8K] [Speed 2-8K/Day] [REAL ACCOUNTS] [Non-Drop] [0-4 HRS],420.55,100,1 500 000,15 Days Refill,17 minutes,,,1808.365
11102,🇮🇳 Facebook Group Members - [India 🇮🇳] [No Refill] [Max 1M] [Speed 2-5K/Day] [𝐑𝐄𝐀𝐋 𝐀𝐂𝐂𝐎𝐔𝐍𝐓𝐒] [𝐍𝐨𝐧-𝐃𝐫𝐨𝐩] [0-1HR],437.372,100,1 000 000,No Refill,23 minutes,,,1880.6996
11104,🇮🇳 Facebook Post Reactions - [India 🇮🇳] [Love ❤️] [No Refill] [Max 10K] [Speed 2K/Day] [𝐑𝐄𝐀𝐋 𝐀𝐂𝐂𝐎𝐔𝐍𝐓𝐒] [𝐍𝐨𝐧-𝐃𝐫𝐨𝐩] [0-1HR],336.44,500,10 000,No Refill,16 minutes,,,1446.692
11105,🇮🇳 Facebook Post Reactions - [India 🇮🇳] [Wow 😲] [No Refill] [Max 10K] [Speed 2K/Day] [𝐑𝐄𝐀𝐋 𝐀𝐂𝐂𝐎𝐔𝐍𝐓𝐒] [𝐍𝐨𝐧-𝐃𝐫𝐨𝐩] [0-1HR],336.44,500,100 000,No Refill,55 minutes,,,1446.692
11106,🇮🇳 Facebook Post Reactions - [India 🇮🇳] [Care 🥰] [No Refill] [Max 500] [Speed 2K/Day] [𝐑𝐄𝐀𝐋 𝐀𝐂𝐂𝐎𝐔𝐍𝐓𝐒] [𝐍𝐨𝐧-𝐃𝐫𝐨𝐩] [0-1HR],336.44,500,10 000,No Refill,22 minutes,,,1446.692
11107,🇮🇳 Facebook Post Reactions - [India 🇮🇳] [Sad 😥] [No Refill] [Max 500] [Speed 2K/Day] [𝐑𝐄𝐀𝐋 𝐀𝐂𝐂𝐎𝐔𝐍𝐓𝐒] [𝐍𝐨𝐧-𝐃𝐫𝐨𝐩] [0-1HR],336.44,500,10 000,No Refill,22 minutes,,,1446.692
11108,🇮🇳 Facebook Post Reactions - [India 🇮🇳] [Angry 😡] [No Refill] [Max 500] [Speed 2K/Day] [𝐑𝐄𝐀𝐋 𝐀𝐂𝐂𝐎𝐔𝐍𝐓𝐒] [𝐍𝐨𝐧-𝐃𝐫𝐨𝐩] [0-1HR],336.44,500,10 000,No Refill,22 minutes,,,1446.692
11109,🇮🇳 Facebook Post Reactions - [India 🇮🇳] [Haha 😀] [No Refill] [Max 500] [Speed 2K/Day] [𝐑𝐄𝐀𝐋 𝐀𝐂𝐂𝐎𝐔𝐍𝐓𝐒] [𝐍𝐨𝐧-𝐃𝐫𝐨𝐩] [0-1HR],336.44,500,10 000,No Refill,23 minutes,,,1446.692
11100,🇹🇭 Facebook Page Likes + Followers - [Thailand 🇹🇭 ] [30 Days Refill] [Max 1000] [Speed 500/Day] [REAL ACCOUNTS] [Non-Drop] [0-6 HRS],1125.78,100,1 000 000,30 Days Refill,22 minutes,,,4840.854
11082,🇧🇩 Facebook Page Likes + Followers - [𝐀𝐧𝐲 𝐋𝐚𝐲𝐨𝐮𝐭] [Bangladesh 🇧🇩] [30 Days Refill] [Max 100K] [Speed 5K/Day] [Non-Drop] [REAL ACCOUNTS] [0-1HR],386.906,100,1 000 000,30 Days Refill,17 minutes,,,1663.6958
11091,🇧🇩 Facebook Page Followers - [Any Type Page] [Bangladesh 🇧🇩] [30 Days Refill] [Max 100K] [Speed 5K/Day] [Non-Drop] [REAL ACCOUNTS] [0-1HR],386.906,100,1 000 000,30 Days Refill,55 minutes,,,1663.6958
11081,🇧🇩 Facebook Profile Followers - [𝐀𝐧𝐲 𝐋𝐚𝐲𝐨𝐮𝐭] [Bangladesh 🇧🇩] [30 Days Refill] [Max 100K] [Speed 10-100K/Day] [Non-Drop] [REAL ACCOUNTS] [0-1HR],386.906,100,1 000 000,30 Days Refill,10 hours 54 minutes,,,1663.6958
11084,🇧🇩 Facebook Post React - [Like👍] [Bangladesh 🇧🇩] [30 Days Refill] [Max 100K] [Speed 5K/Day] [Non-Drop] [REAL ACCOUNTS] [0-1HR],295.032,100,100 000,30 Days Refill,11 hours 6 minutes,,,1268.6376
11090,🇧🇩 Facebook Post React - [Haha 😂] [Bangladesh 🇧🇩] [30 Days Refill] [Max 1M] [Speed 5K/Day] [Non-Drop] [REAL ACCOUNTS] [0-1HR],336.44,500,1 500 000,30 Days Refill,22 minutes,,,1446.692
11085,🇧🇩 Facebook Post React - [Love❤️] [Bangladesh 🇧🇩] [30 Days Refill] [Max 100K] [Speed 5K/Day] [Non-Drop] [REAL ACCOUNTS] [0-1HR],336.44,500,1 500 000,30 Days Refill,11 minutes,,,1446.692
11086,🇧🇩 Facebook Post React - [Angry 😡] [Bangladesh 🇧🇩] [30 Days Refill] [Max 5M] [Speed 5K/Day] [Non-Drop] [REAL ACCOUNTS] [0-1HR],336.44,500,1 500 000,30 Days Refill,22 minutes,,,1446.692
11087,🇧🇩 Facebook Post React - [Wow 😦] [Bangladesh 🇧🇩] [30 Days Refill] [Max 1M] [Speed 5K/Day] [Non-Drop] [REAL ACCOUNTS] [0-1HR],336.44,500,1 500 000,30 Days Refill,17 minutes,,,1446.692
11088,🇧🇩 Facebook Post React - [Sad 😥] [Bangladesh 🇧🇩] [30 Days Refill] [Max 1M] [Speed 5K/Day] [Non-Drop] [REAL ACCOUNTS] [0-1HR],336.44,500,1 500 000,30 Days Refill,11 minutes,,,1446.692
11089,🇧🇩 Facebook Post React - [Care 🥰] [Bangladesh 🇧🇩] [30 Days Refill] [Max 1M] [Speed 5K/Day] [Non-Drop] [REAL ACCOUNTS] [0-1HR],336.44,500,1 500 000,30 Days Refill,11 minutes,,,1446.692
11083,🇧🇩 Facebook Group Members - [Bangladesh 🇧🇩] [30 Days Refill] [Max 100K] [Speed 5K/Day] [Non-Drop] [REAL ACCOUNTS] [0-1HR],336.44,100,1 000 000,30 Days Refill,17 minutes,,,1446.692
11075,🇧🇩 Facebook Comments - [Custom] [Bangladesh 🇧🇩] [Lifetime Refill] [Max 30K] [Speed 2K/Day] [Non-Drop] [0-4HRS],1552.8,20,30 000,Lifetime Refill,11 hours 8 minutes,,,6677.04
11114,🇵🇭 Facebook Post Likes [Philippines 🇵🇭] [No Refill] [Max 200] [Speed 200/Day] [𝐑𝐞𝐚𝐥 𝐀𝐜𝐜𝐨𝐮𝐧𝐭𝐬] [Non-Drop] [0-6 HRS],54.348,10,1 000 000,No Refill,27 minutes,,,233.6964
11116,🇵🇭 Facebook Post Reactions [Philippines 🇵🇭] [Love ❤️] [No Refill] [Max 100] [Speed 200/Day] [𝐑𝐞𝐚𝐥 𝐀𝐜𝐜𝐨𝐮𝐧𝐭𝐬] [𝐇𝐢𝐠𝐡 𝐐𝐮𝐚𝐥𝐢𝐭𝐲] [Non-Drop] [0-6 HRS],16.822,10,200 000,No Refill,7 hours 21 minutes,,,72.3346
11117,🇵🇭 Facebook Post Reactions [Philippines 🇵🇭] [Wow 😲] [No Refill] [Max 100] [Speed 200/Day] [𝐑𝐞𝐚𝐥 𝐀𝐜𝐜𝐨𝐮𝐧𝐭𝐬] [𝐇𝐢𝐠𝐡 𝐐𝐮𝐚𝐥𝐢𝐭𝐲] [Non-Drop] [0-6 HRS],11.646,10,10 000 000,No Refill,56 minutes,,,50.0778
11118,🇵🇭 Facebook Post Reactions [Philippines 🇵🇭] [Care 🤗] [No Refill] [Max 100] [Speed 200/Day] [𝐑𝐞𝐚𝐥 𝐀𝐜𝐜𝐨𝐮𝐧𝐭𝐬] [𝐇𝐢𝐠𝐡 𝐐𝐮𝐚𝐥𝐢𝐭𝐲] [Non-Drop] [0-6 HRS],11.646,10,10 000 000,No Refill,33 minutes,,,50.0778
11119,🇵🇭 Facebook Post Reactions [Philippines 🇵🇭] [Angry 😡] [No Refill] [Max 100] [Speed 200/Day] [𝐑𝐞𝐚𝐥 𝐀𝐜𝐜𝐨𝐮𝐧𝐭𝐬] [𝐇𝐢𝐠𝐡 𝐐𝐮𝐚𝐥𝐢𝐭𝐲] [Non-Drop] [0-6 HRS],11.646,10,10 000 000,No Refill,55 minutes,,,50.0778
11120,🇵🇭 Facebook Post Reactions [Philippines 🇵🇭] [Sad 😢] [No Refill] [Max 100] [Speed 200/Day] [𝐑𝐞𝐚𝐥 𝐀𝐜𝐜𝐨𝐮𝐧𝐭𝐬] [𝐇𝐢𝐠𝐡 𝐐𝐮𝐚𝐥𝐢𝐭𝐲] [Non-Drop] [0-6 HRS],11.646,10,10 000 000,No Refill,23 minutes,,,50.0778
11184,🇧🇷 Facebook Post Likes - [Brazil 🇧🇷] [15 Days Refill] [Max 300] [Speed 1K/Day] [REAL ACCOUNTS] [Non-Drop] [0-4 HRS],1397.52,100,300,15 Days Refill,279 hours,,,6009.336
11192,🇧🇷 Facebook Profile Followers / Page Followers - [Brazil 🇧🇷] [15 Days Refill] [Max 1K] [Speed 1K/Day] [REAL ACCOUNTS] [Non-Drop] [0-4 HRS],2639.76,100,300,15 Days Refill,11 minutes,,,11350.968
11189,🇧🇷 Facebook Post Reaction - [Haha 😀] [Brazil 🇧🇷] [No Refill] [Max 200] [Speed 200/Day] [REAL ACCOUNTS] [Non-Drop] [𝐇𝐢𝐠𝐡 𝐐𝐮𝐚𝐥𝐢𝐭𝐲] [0-4 HRS],427.02,15,500,No Refill,33 minutes,,,1836.186
11190,🇧🇷 Facebook Post Reaction - [Care 🤗] [Brazil 🇧🇷] [No Refill] [Max 200] [Speed 200/Day] [REAL ACCOUNTS] [Non-Drop] [𝐇𝐢𝐠𝐡 𝐐𝐮𝐚𝐥𝐢𝐭𝐲] [0-4 HRS],427.02,10,500,No Refill,11 minutes,,,1836.186
11191,🇧🇷 Facebook Post Reaction - [Angry 😡] [Brazil 🇧🇷] [No Refill] [Max 200] [Speed 200/Day] [REAL ACCOUNTS] [Non-Drop] [𝐇𝐢𝐠𝐡 𝐐𝐮𝐚𝐥𝐢𝐭𝐲] [0-4 HRS],427.02,10,500,No Refill,33 minutes,,,1836.186
11193,🇧🇷 Facebook Comments - [𝐂𝐮𝐬𝐭𝐨𝐦] [Brazil 🇧🇷] [No Refill] [Max 300] [Speed 300/Day] [REAL ACCOUNTS] [Non-Drop] [𝐇𝐢𝐠𝐡 𝐐𝐮𝐚𝐥𝐢𝐭𝐲] [0-4 HRS],31056,25,200,No Refill,17 minutes,,,133540.8
11134,🇲🇾 Facebook Page Likes - [Malaysia 🇲🇾] [No Refill] [Max 10K] [Speed 1K/Day] [REAL ACCOUNTS] [Non-Drop] [Start 0-6HRS],1444.104,10,1 000,No Refill,11 minutes,,,6209.6472
11135,🇲🇾 Facebook Group Members - [Malaysia 🇲🇾] [No Refill] [Max 1K] [Speed 50-200/Day] [REAL ACCOUNTS] [Non-Drop] [Start 0-6HRS],1444.104,25,1 000,No Refill,11 minutes,,,6209.6472
11133,🇲🇾 Facebook Comment Likes - [Malaysia-Chinese 🇲🇾] [No Refill] [Max 1K] [Speed 200-500/Day] [REAL ACCOUNTS] [Non-Drop] [INSTANT],1444.104,25,1 000,No Refill,20 hours 40 minutes,,,6209.6472
11132,🇲🇾 Facebook Live Comments - [Malaysia-Chinese 🇲🇾] [No Refill] [Max 500] [Speed 200-500/Day] [REAL ACCOUNTS] [Non-Drop] [INSTANT],10104.846,1,500,No Refill,55 minutes,,,43450.8378
17535,Telegram Channel / Group Members - [ 365 Days Refill ] | Max 200K | Non-Drop | Speed Up To 20K/Day | INSTANT,77.64,20,200 000,365 Days Refill,39 minutes,,,333.852
8565,Telegram Channel / Group Members - [ 90 Days Refill] | High Quality | Max 500K | 𝐍𝐨𝐧-𝐃𝐫𝐨𝐩 | Speed 30K/Day | Always Instant,93.168,500,500 000,90 Days Refill,1 hour 49 minutes,,,400.6224
15967,Telegram Channel / Group Members - [ 365 Days Refill ] | 𝐍𝐎𝐍-𝐃𝐑𝐎𝐏 | 𝐔𝐧𝐥𝐢𝐦𝐢𝐭𝐞𝐝 𝐃𝐚𝐭𝐚𝐛𝐚𝐬𝐞 | Mixed GEO | Speed Up To 100K/Day | INSTANT,216.098,500,500 000,365 Days Refill,4 hours 5 minutes,,,929.2214
15966,Telegram Channel / Group Members - USA 🇺🇸 [ 180 Days Refill ] | 𝐍𝐎𝐍-𝐃𝐑𝐎𝐏 | 𝐔𝐧𝐥𝐢𝐦𝐢𝐭𝐞𝐝 𝐃𝐚𝐭𝐚𝐛𝐚𝐬𝐞 | Speed 100K/Day | INSTANT,153.986,500,500 000,180 Days Refill,2 hours 17 minutes,,,662.1398
17512,Telegram Channel Members - [ 365 Days Refill ] 𝐁𝐈𝐆 𝐂𝐀𝐏𝐀𝐂𝐈𝐓𝐘 | Max 10M | 𝐇𝐢𝐠𝐡 𝐐𝐮𝐚𝐥𝐢𝐭𝐲 | 𝐍𝐎𝐍-𝐃𝐑𝐎𝐏 | Speed Up To 150K/Day | INSTANT,67.288,1,10 000 000,365 Days Refill,1 hour 3 minutes,,,289.3384
17546,Telegram Channel 𝐌𝐞𝐦𝐛𝐞𝐫𝐬 𝐅𝐫𝐨𝐦 𝐒𝐞𝐚𝐫𝐜𝐡 - [ 365 Days Refill ] 𝐁𝐈𝐆 𝐂𝐀𝐏𝐀𝐂𝐈𝐓𝐘 | Max 500K | 𝐇𝐢𝐠𝐡 𝐐𝐮𝐚𝐥𝐢𝐭𝐲 | 𝐍𝐎𝐍-𝐃𝐑𝐎𝐏 | Speed Up To 60K/Day | INSTANT,90.58,1,500 000,365 Days Refill,2 hours 42 minutes,,,389.494
17543,Telegram Channel Members - 𝐁𝐈𝐆 𝐂𝐀𝐏𝐀𝐂𝐈𝐓𝐘 [ 180 Days Refill ] | Max 1M | 𝐆𝐞𝐨 𝐌𝐢𝐱𝐞𝐝 | Non-Drop | Speed Up To 100K/Day | INSTANT,54.348,1,1 000 000,180 Days Refill,5 minutes,,,233.6964
17547,Telegram Channel Members { 𝐌𝐢𝐧𝐢𝐦𝐮𝐦 𝟏𝟎𝟎𝐊 } 𝐁𝐈𝐆 𝐂𝐀𝐏𝐀𝐂𝐈𝐓𝐘 - [ 365 Days Refill ] | Max 10M | 𝐇𝐢𝐠𝐡 𝐐𝐮𝐚𝐥𝐢𝐭𝐲 | 𝐍𝐎𝐍-𝐃𝐑𝐎𝐏 | Speed Up To 150K/Day | INSTANT,56.936,100 000,100 000 000,365 Days Refill,16 minutes,,,244.8248
8403,Telegram Channel Members - [180 Days Refill | Max 100K | 𝐍𝐨𝐧-𝐃𝐫𝐨𝐩 | Speed 50K/Day |INSTANT,71.17,10,1 000 000,180 Days Refill,7 minutes,,,306.031
12870,Telegram Channel / Group Members - [ 120 Days Refill ] | 𝐍𝐎𝐍-𝐃𝐑𝐎𝐏 | 𝐔𝐧𝐥𝐢𝐦𝐢𝐭𝐞𝐝 𝐃𝐚𝐭𝐚𝐛𝐚𝐬𝐞 | Speed 50K/Day | INSTANT,139.752,500,300 000,120 Days Refill,54 minutes,,,600.9336
17545,Telegram Channel / Group Members - [ 365 Days Refill ] | Max 10M | Non-Drop | Speed Up To 50K/Day | INSTANT,112.578,10,10 000 000,365 Days Refill,11 minutes,,,484.0854
17542,Telegram Channel Members - [ 90 Days Refill ] 𝐁𝐈𝐆 𝐂𝐀𝐏𝐀𝐂𝐈𝐓𝐘 | Max 1M | 𝐆𝐞𝐨 𝐌𝐢𝐱𝐞𝐝 | Non-Drop | Speed Up To 100K/Day | INSTANT,43.996,1,1 000 000,90 Days Refill,11 minutes,,,189.1828
17514,Telegram Channel / Group Members - [ 90 Days Refill ] | Max 300K | Super Fast | 𝐍𝐎𝐍-𝐃𝐑𝐎𝐏 | 𝐔𝐧𝐥𝐢𝐦𝐢𝐭𝐞𝐝 𝐃𝐚𝐭𝐚𝐛𝐚𝐬𝐞 | Speed 50K/Day 🚀 | INSTANT,41.408,500,400 000,90 Days Refill,33 minutes,,,178.0544
17516,Telegram Channel / Group Members - [ 90 Days Refill ] | Max 100K | Super Fast | 𝐍𝐎𝐍-𝐃𝐑𝐎𝐏 | 𝐔𝐧𝐥𝐢𝐦𝐢𝐭𝐞𝐝 𝐃𝐚𝐭𝐚𝐛𝐚𝐬𝐞 | Speed 70K/Day 🚀 | INSTANT,38.82,500,100 000,90 Days Refill,2 hours 36 minutes,,,166.926
12871,Telegram Channel / Group Members - [ English Profiles ] [ 90 Days Refill ] | 𝐍𝐎𝐍-𝐃𝐑𝐎𝐏 | 𝐔𝐧𝐥𝐢𝐦𝐢𝐭𝐞𝐝 𝐃𝐚𝐭𝐚𝐛𝐚𝐬𝐞 | Speed 50K/Day | INSTANT,60.818,500,100 000,90 Days Refill,3 hours 3 minutes,,,261.5174
12873,Telegram Channel / Group Members - [ 90 Days Refill ] | 𝐍𝐎𝐍-𝐃𝐑𝐎𝐏 | 𝐔𝐧𝐥𝐢𝐦𝐢𝐭𝐞𝐝 𝐃𝐚𝐭𝐚𝐛𝐚𝐬𝐞 | Speed 50K/Day | INSTANT ⛔,91.874,500,100 000,60 Days Refill,6 hours,,,395.0582
11969,Telegram Channel / Group Members - [ 90 Days Refill ] 𝐁𝐈𝐆 𝐂𝐀𝐏𝐀𝐂𝐈𝐓𝐘 | Max 1M | 𝐇𝐢𝐠𝐡 𝐐𝐮𝐚𝐥𝐢𝐭𝐲 | Speed 25K/Day | 0-5Mins,50.466,500,1 000 000,90 Days Refill,36 minutes,,,217.0038
17517,Telegram Channel / Group Members - [ 90 Days Refill ] 𝐁𝐈𝐆 𝐂𝐀𝐏𝐀𝐂𝐈𝐓𝐘 | Max 150K | Super Fast | 𝐍𝐎𝐍-𝐃𝐑𝐎𝐏 | 𝐔𝐧𝐥𝐢𝐦𝐢𝐭𝐞𝐝 𝐃𝐚𝐭𝐚𝐛𝐚𝐬𝐞 | Speed 50K/Day 🚀 | INSTANT,29.762,500,100 000,90 Days Refill,1 hour 55 minutes,,,127.9766
12889,Telegram Channel / Group Members - [ 90 Days Refill ] | 𝐍𝐎𝐍-𝐃𝐑𝐎𝐏 | 𝐔𝐧𝐥𝐢𝐦𝐢𝐭𝐞𝐝 𝐃𝐚𝐭𝐚𝐛𝐚𝐬𝐞 | Speed 50K/Day | INSTANT,82.816,500,100 000,90 Days Refill,14 minutes,,,356.1088
12868,Telegram Channel / Group Members - [ 90 Days Refill ] | 𝐍𝐎𝐍-𝐃𝐑𝐎𝐏 | 𝐔𝐧𝐥𝐢𝐦𝐢𝐭𝐞𝐝 𝐃𝐚𝐭𝐚𝐛𝐚𝐬𝐞 | Speed 50-100K/Day | INSTANT,91.874,500,100 000,90 Days Refill,24 minutes,,,395.0582
17513,Telegram Channel / Group Members - [ 90 Days Refill ] | Max 50K | Super Fast | 𝐍𝐎𝐍-𝐃𝐑𝐎𝐏 | 𝐔𝐧𝐥𝐢𝐦𝐢𝐭𝐞𝐝 𝐃𝐚𝐭𝐚𝐛𝐚𝐬𝐞 | Speed 40K/Day 🚀 | INSTANT,32.35,1 000,50 000,90 Days Refill,1 hour 33 minutes,,,139.105
17534,Telegram Channel / Group Members - [ 90 Days Refill ] | 𝐍𝐎𝐍-𝐃𝐑𝐎𝐏 | 𝐔𝐧𝐥𝐢𝐦𝐢𝐭𝐞𝐝 𝐃𝐚𝐭𝐚𝐛𝐚𝐬𝐞 | Speed 50-100K/Day | INSTANT,91.874,500,100 000,90 Days Refill,55 minutes,,,395.0582
11346,Telegram Channel / Group Members - [ 90 Days Refill ] | 𝐇𝐢𝐠𝐡 𝐃𝐫𝐨𝐩 | Max 100K | Speed 10-20K/Day | INSTANT,6.47,5,100 000,90 Days Refill,3 minutes,,,27.821
17515,Telegram Channel / Group Members - [ 90 Days Refill ] | Max 100K | Super Fast | 𝐍𝐎𝐍-𝐃𝐑𝐎𝐏 | 𝐔𝐧𝐥𝐢𝐦𝐢𝐭𝐞𝐝 𝐃𝐚𝐭𝐚𝐛𝐚𝐬𝐞 | Speed 50K/Day 🚀 | INSTANT,29.762,500,100 000,90 Days Refill,1 hour 44 minutes,,,127.9766
8563,Telegram Channel / Group Members - [ 90 Days Refill ] | Unlimited | Speed 50K/Day | 0-5Mins,106.108,500,100 000,90 Days Refill,44 minutes,,,456.2644
12872,Telegram Channel / Group Members - [ 90 Days Refill ] | 𝐍𝐎𝐍-𝐃𝐑𝐎𝐏 | 𝐔𝐧𝐥𝐢𝐦𝐢𝐭𝐞𝐝 𝐃𝐚𝐭𝐚𝐛𝐚𝐬𝐞 | Speed 50K/Day | INSTANT,107.402,500,200 000,90 Days Refill,23 minutes,,,461.8286
17541,Telegram Channel Members - [ 60 Days Refill ] 𝐁𝐈𝐆 𝐂𝐀𝐏𝐀𝐂𝐈𝐓𝐘 | Max 1M | 𝐆𝐞𝐨 𝐌𝐢𝐱𝐞𝐝 | Non-Drop | Speed Up To 100K/Day | INSTANT,36.232,1,1 000 000,60 Days Refill,15 minutes,,,155.7976
12908,Telegram Channel Members - [ 60 Days Refill ] 𝐁𝐈𝐆 𝐂𝐀𝐏𝐀𝐂𝐈𝐓𝐘 | Max 5M | Speed 20-50K/Day | INSTANT,64.7,100,5 000 000,60 Days Refill,4 minutes,,,278.21
15969,Telegram Channel / Group Members - [ 60 Days Refill ] | 𝐍𝐎𝐍-𝐃𝐑𝐎𝐏 | Mixed Asian / Europe Profiles | Speed 150K/Day | INSTANT,111.284,500,200 000,60 Days Refill,16 minutes,,,478.5212
8571,🇺🇸 Telegram Channel / Group Members - USA 🇺🇸 | 60 Days Refill | Max 2K | Speed 2K/Day | NSTANT,138.458,10,2 000,60 Days Refill,3 hours 3 minutes,,,595.3694
12869,Telegram Channel / Group Members - [ 60 Days Refill ] 𝐍𝐎𝐍-𝐃𝐑𝐎𝐏 | 𝐔𝐧𝐥𝐢𝐦𝐢𝐭𝐞𝐝 𝐃𝐚𝐭𝐚𝐛𝐚𝐬𝐞 | Speed 100K/Day | INSTANT 🚀⚡,98.344,500,200 000,60 Days Refill,4 hours 55 minutes,,,422.8792
11345,Telegram Channel / Group Members - [ 60 Days Refill ] | Max 100K | 𝐌𝐢𝐱𝐞𝐝 𝐐𝐮𝐚𝐥𝐢𝐭𝐲 | Speed 50K/Day | INSTANT,95.756,500,200 000,60 Days Refill,33 minutes,,,411.7508
13314,Telegram Channel / Group Members - [ 60 Days Refill ] | 𝐍𝐎𝐍-𝐃𝐑𝐎𝐏 | 𝐔𝐧𝐥𝐢𝐦𝐢𝐭𝐞𝐝 𝐃𝐚𝐭𝐚𝐛𝐚𝐬𝐞 | 𝐑𝐞𝐟𝐢𝐥𝐥 𝐁𝐮𝐭𝐭𝐨𝐧 | Speed 30-50K/Day | INSTANT,91.874,500,100 000,60 Days Refill,28 minutes,,,395.0582
10440,Telegram Channel Members - [ 60 Days Refill ] | Unlimited | Refill Button | Speed 50K/Day | Always Instant,45.29,100,500 000,60 Days Refill,55 minutes,,,194.747
17536,Telegram Channel / Group Members - [ 60 Days Refill ] | Max 50K | Non-Drop | Speed Up To 15K/Day | INSTANT,93.168,1,50 000,60 Days Refill,22 minutes,,,400.6224
11347,Telegram Channel / Group Members - [ 60 Days Refill ] | 𝐇𝐢𝐠𝐡 𝐃𝐫𝐨𝐩 | Max 300K | Speed 20-30K/Day | NSTANT,6.47,1,100 000,60 Days Refill,13 minutes,,,27.821
17540,Telegram Channel / Group Members - [ 30 Days Refill ] | Max 300K | 𝐇𝐢𝐠𝐡 𝐐𝐮𝐚𝐥𝐢𝐭𝐲 | Non-Drop | Speed Up To 20K/Day | INSTANT,50.466,10,300 000,30 Days Refill,15 minutes,,,217.0038
11970,Telegram Channel / Group Members - [ 30 Days Refill ] | Max 5M | 𝐁𝐢𝐠 𝐃𝐚𝐭𝐚𝐛𝐚𝐬𝐞 | Auto-Refill | Speed 100K/Day | INSTANT,62.112,500,5 000 000,30 Days Refill,39 minutes,,,267.0816
15968,Telegram Channel / Group Members - [ Mixed GEO ] 30 Days Refill | 𝐍𝐎𝐍-𝐃𝐑𝐎𝐏 | 𝐔𝐧𝐥𝐢𝐦𝐢𝐭𝐞𝐝 𝐃𝐚𝐭𝐚𝐛𝐚𝐬𝐞 | Speed 150K/Day | INSTANT,62.112,500,300 000,30 Days Refill,11 minutes,,,267.0816
13312,Telegram Channel / Group Members - [30 Days Refill] [Non-Drop] [Max 200K] [Speed 10-20K/Day] [INSTANT],78.934,500,200 000,30 Days Refill,23 minutes,,,339.4162
8564,Telegram Channel / Group Members - [ 30 Days Refill ] | Unlimited Database | 𝐍𝐨𝐧-𝐃𝐫𝐨𝐩 | Speed 20-40K/Day | Always Instant,98.344,25,100 000,30 Days Refill,14 minutes,,,422.8792
17548,Telegram Channel Members - [ 30 Days Refill ] 𝐁𝐈𝐆 𝐂𝐀𝐏𝐀𝐂𝐈𝐓𝐘 | Max 1M | 𝐆𝐞𝐨 𝐌𝐢𝐱𝐞𝐝 | Non-Drop | Speed Up To 100K/Day | INSTANT,25.88,1,1 000 000,30 Days Refill,1 hour 3 minutes,,,111.284
10034,Telegram Channel Members - [ 30 Days Refill ] | Max 400K | Speed 30K/Day | INSTANT,32.35,1,400 000,30 Days Refill,33 minutes,,,139.105
11343,Telegram Channel / Group Members - [ 30 Days Refill ] | Max 50K | Speed 50K/Day | Non-Drop | Always Instant,103.52,500,500 000,30 Days Refill,2 hours 37 minutes,,,445.136
13127,Telegram Channel / Group Members - [30 Days Refill] [𝐔𝐧𝐥𝐢𝐦𝐢𝐭𝐞𝐝 𝐃𝐚𝐭𝐚𝐛𝐚𝐬𝐞] [Speed 50K/Day] [INSTANT],77.64,500,100 000,30 Days Refill,55 minutes,,,333.852
11971,Telegram Channel / Group Members - [ 30 Days Refill ] | 𝐄𝐧𝐠𝐥𝐢𝐬𝐡 𝐏𝐫𝐨𝐟𝐢𝐥𝐞𝐬 | Max 250K | 𝐍𝐨𝐧-𝐃𝐫𝐨𝐩 | Speed 50-80K/Day | INSTANT,77.64,500,250 000,30 Days Refill,4 minutes,,,333.852
8404,Telegram Channel / Group Members - [ 30 Days Refill ] | 𝐏𝐮𝐛𝐥𝐢𝐜 / 𝐏𝐫𝐢𝐯𝐚𝐭𝐞 | Max 100K | Speed 50K/Day | INSTANT,72.464,500,100 000,30 Days Refill,2 hours 18 minutes,,,311.5952
8568,Telegram Channel / Group Members - [ 30 Days Refill ] | 𝐄𝐧𝐠𝐥𝐢𝐬𝐡 𝐏𝐫𝐨𝐟𝐢𝐥𝐞𝐬 | Max 100K | 𝐍𝐨𝐧-𝐃𝐫𝐨𝐩 | Speed 50-80K/Day | INSTANT],72.464,500,100 000,30 Days Refill,23 minutes,,,311.5952
8944,Telegram Channel / Group Members - [ 30 Days Refil ] | Max 100K | Low Drop | Speed 15K/Day | INSTANT,58.23,1,100 000,No Refill,16 minutes,,,250.389
12867,Telegram Channel / Group Members - 30 Days Refill | 𝐍𝐎𝐍-𝐃𝐑𝐎𝐏 | 𝐔𝐧𝐥𝐢𝐦𝐢𝐭𝐞𝐝 𝐃𝐚𝐭𝐚𝐛𝐚𝐬𝐞 | Speed 30-50K/Day | INSTANT,91.874,500,100 000,30 Days Refill,5 hours 11 minutes,,,395.0582
13313,Telegram Channel / Group Members - [30 Days Refill] [𝐍𝐎𝐍-𝐃𝐑𝐎𝐏] [𝐔𝐧𝐥𝐢𝐦𝐢𝐭𝐞𝐝 𝐃𝐚𝐭𝐚𝐛𝐚𝐬𝐞] [Speed 100K/Day] [INSTANT],91.874,500,100 000,30 Days Refill,54 minutes,,,395.0582
8405,Telegram Channel / Group Members - [ 30 Days Refill ] | Max 5M | 𝐁𝐈𝐆 𝐂𝐀𝐏𝐀𝐂𝐈𝐓𝐘 | Non-Drop | Speed 30-100K/Day | INSTANT,122.93,10,5 000 000,No Refill,11 minutes,,,528.599
8567,Telegram Channel / Group Members - [ 30 Days Refill ] 𝐑𝐄𝐀𝐋 | Unlimited | Speed 100K/Day | Always Instant,111.284,20,100 000,30 Days Refill,1 hour 16 minutes,,,478.5212
10439,Telegram Channel / Group Members - [ 30 Days Refill ] 𝐁𝐈𝐆 𝐂𝐀𝐏𝐀𝐂𝐈𝐓𝐘 | 𝐇𝐢𝐠𝐡 𝐐𝐮𝐚𝐥𝐢𝐭𝐲 | Speed 10K/Day | 0-5Mins,98.344,10,1 000 000,30 Days Refill,24 minutes,,,422.8792
8566,Telegram Channel / Group Members - [ 30 Days Refill ] | 𝐇𝐢𝐠𝐡 𝐃𝐫𝐨𝐩 | Max 100K | Speed 20K/Day | INSTANT,6.47,1,100 000,30 Days Refill,17 minutes,,,27.821
17532,Telegram Channel / Group Members - [ 30 Days Refill ] | Non-Drop | Max 100K | Speed 40K/Day | INSTANT,89.286,10,100 000,30 Days Refill,18 minutes,,,383.9298
6792,Telegram Channel / Group Members - | 30 Days Auto-Refill | Max 500K | 𝐆𝐨𝐨𝐝 𝐐𝐮𝐚𝐥𝐢𝐭𝐲 | Speed 50-100K/Day | INSTANT],129.4,10,500 000,30 Days Refill,33 minutes,,,556.42
10438,Telegram Members - [ 30 Days Refill ] 𝐁𝐈𝐆 𝐂𝐀𝐏𝐀𝐂𝐈𝐓𝐘 | Non-Drop | Speed 100K/Day | 0-5 Mins,125.518,10,500 000,30 Days Refill,2 minutes,,,539.7274
11344,Telegram Channel / Group Members - [ 30 Days Refill ] | 𝐑𝐄𝐀𝐋] | Max 500K | Speed 20K/Day | Always Instant,116.46,100,500 000,30 Days Refill,16 minutes,,,500.778
5213,Telegram Channel / Group Members - [ 30 Days Refill ] 𝐑𝐄𝐀𝐋 | Max 400K | 𝐍𝐨𝐧-𝐃𝐫𝐨𝐩 | Speed 10-20K/Day | INSTANT,107.402,10,400 000,30 Days Refill,4 minutes,,,461.8286
17538,Telegram Channel Members - [ 3 Days Refill ] 𝐁𝐈𝐆 𝐂𝐀𝐏𝐀𝐂𝐈𝐓𝐘 | Max 1M | 𝐆𝐞𝐨 𝐌𝐢𝐱𝐞𝐝 | Speed Up To 100K/Day | INSTANT,15.528,10,1 000 000,No Refill,69 hours 32 minutes,,,66.7704
17539,Telegram Channel Members - [ 7 Days Refill ] | Max 1M | 𝐆𝐞𝐨 𝐌𝐢𝐱𝐞𝐝 | Speed Up To 100K/Day | INSTANT,18.116,1,1 000 000,7 Days Refill,1 hour 19 minutes,,,77.8988
9122,Telegram Channel / Group Members - [𝐏𝐑𝐈𝐕𝐀𝐓𝐄 𝐂𝐇𝐀𝐍𝐍𝐄𝐋] [Max 20K] [𝐑𝐄𝐀𝐋 & 𝐎𝐑𝐆𝐀𝐍𝐈𝐂 𝐔𝐒𝐄𝐑𝐒] [Speed 5-10K/Day] [0-30Mins],77.64,500,20 000,No Refill,22 minutes,,,333.852
17533,Telegram Channel / Group Members - [ 14 Days Refill ] | Max 100K | Non-Drop | Speed 35K/Day | INSTANT,46.584,10,100 000,No Refill,17 minutes,,,200.3112
5861,Telegram Channel / Group Members - [ 3 Days Refill ] | Max 100K | 𝐇𝐢𝐠𝐡 𝐃𝐫𝐨𝐩 | Speed 30K/Day | INSTANT,3.882,1,100 000,No Refill,31 minutes,,,16.6926
5209,Telegram Channel / Group Members - [ 7 Days Refill ] | Max 100K | 𝐇𝐢𝐠𝐡 𝐃𝐫𝐨𝐩 | Speed 50K/Day | INSTANT,5.176,1,100 000,7 Days Refill,45 minutes,,,22.2568
17518,Telegram Channel / Group Members - [ 7 Days Refill ] | Max 50K | 𝐌𝐞𝐝𝐢𝐮𝐦 𝐃𝐫𝐨𝐩 | Speed 20K/Day | INSTANT,21.998,10,50 000,7 Days Refill,45 hours 36 minutes,,,94.5914
16033,Telegram Members [ 30 Days Refill ] | 𝐎𝐍𝐋𝐈𝐍𝐄 𝐌𝐄𝐌𝐁𝐄𝐑𝐒 🟢 | Max 100K | 𝐍𝐨 𝐑𝐞𝐬𝐭𝐫𝐢𝐜𝐭𝐢𝐨𝐧𝐬 | Non-Drop | 50K/Day | INSTANT,183.748,10,100 000,30 Days Refill,5 minutes,,,790.1164
17549,Telegram Members [ 60 Days Refill ] | 𝐎𝐍𝐋𝐈𝐍𝐄 𝐌𝐄𝐌𝐁𝐄𝐑𝐒 🟢 | Max 100K | 𝐍𝐨 𝐑𝐞𝐬𝐭𝐫𝐢𝐜𝐭𝐢𝐨𝐧𝐬 | Non-Drop | 50K/Day | INSTANT,278.21,10,100 000,60 Days Refill,11 minutes,,,1196.303
17550,Telegram Members [ 90 Days Refill ] | 𝐎𝐍𝐋𝐈𝐍𝐄 𝐌𝐄𝐌𝐁𝐄𝐑𝐒 🟢 | Max 100K | 𝐍𝐨 𝐑𝐞𝐬𝐭𝐫𝐢𝐜𝐭𝐢𝐨𝐧𝐬 | Non-Drop | 50K/Day | INSTANT,368.79,10,100 000,90 Days Refill,33 minutes,,,1585.797
17551,Telegram Members [ 180 Days Refill ] | 𝐎𝐍𝐋𝐈𝐍𝐄 𝐌𝐄𝐌𝐁𝐄𝐑𝐒 🟢 | Max 100K | 𝐍𝐨 𝐑𝐞𝐬𝐭𝐫𝐢𝐜𝐭𝐢𝐨𝐧𝐬 | Non-Drop | 50K/Day | INSTANT,549.95,10,100 000,180 Days Refill,22 minutes,,,2364.785
17552,Telegram Members - [ 30 Days Refill ] | 💎 𝟐𝟎% 𝐏𝐫𝐞𝐦𝐢𝐮𝐦 𝐀𝐜𝐜𝐨𝐮𝐧𝐭𝐬 + 𝟖𝟎% 𝐑𝐞𝐠𝐮𝐥𝐚𝐫 𝐌𝐞𝐦𝐛𝐞𝐫 𝐀𝐜𝐜𝐨𝐮𝐧𝐭𝐬 | Speed 50K/Day | INSTANT,241.978,10,100 000,30 Days Refill,2 minutes,,,1040.5054
17553,Telegram Members - [ 30 Days Refill ] | 💎 𝟑𝟎% 𝐏𝐫𝐞𝐦𝐢𝐮𝐦 𝐀𝐜𝐜𝐨𝐮𝐧𝐭𝐬 + 𝟕𝟎% 𝐑𝐞𝐠𝐮𝐥𝐚𝐫 𝐌𝐞𝐦𝐛𝐞𝐫 𝐀𝐜𝐜𝐨𝐮𝐧𝐭𝐬 | Speed 50K/Day | INSTANT,315.736,10,100 000,30 Days Refill,11 minutes,,,1357.6648
17554,Telegram Members - [ 30 Days Refill ] | 💎 𝟒𝟎% 𝐏𝐫𝐞𝐦𝐢𝐮𝐦 𝐀𝐜𝐜𝐨𝐮𝐧𝐭𝐬 + 𝟔𝟎% 𝐑𝐞𝐠𝐮𝐥𝐚𝐫 𝐌𝐞𝐦𝐛𝐞𝐫 𝐀𝐜𝐜𝐨𝐮𝐧𝐭𝐬 | Speed 50K/Day | INSTANT,389.494,10,100 000,30 Days Refill,23 minutes,,,1674.8242
17555,Telegram Members - [ 30 Days Refill ] | 💎 𝟓𝟎% 𝐏𝐫𝐞𝐦𝐢𝐮𝐦 𝐀𝐜𝐜𝐨𝐮𝐧𝐭𝐬 + 𝟓𝟎% 𝐑𝐞𝐠𝐮𝐥𝐚𝐫 𝐌𝐞𝐦𝐛𝐞𝐫 𝐀𝐜𝐜𝐨𝐮𝐧𝐭𝐬 | Speed 50K/Day | INSTANT,463.252,10,100 000,30 Days Refill,55 minutes,,,1991.9836
17556,Telegram Members - [ 30 Days Refill ] | 💎 𝟔𝟎% 𝐏𝐫𝐞𝐦𝐢𝐮𝐦 𝐀𝐜𝐜𝐨𝐮𝐧𝐭𝐬 + 𝟒𝟎% 𝐑𝐞𝐠𝐮𝐥𝐚𝐫 𝐌𝐞𝐦𝐛𝐞𝐫 𝐀𝐜𝐜𝐨𝐮𝐧𝐭𝐬 | Speed 50K/Day | INSTANT,537.01,10,100 000,30 Days Refill,17 minutes,,,2309.143
17557,Telegram Members - [ 30 Days Refill ] | 💎 𝟕𝟎% 𝐏𝐫𝐞𝐦𝐢𝐮𝐦 𝐀𝐜𝐜𝐨𝐮𝐧𝐭𝐬 + 𝟑𝟎% 𝐑𝐞𝐠𝐮𝐥𝐚𝐫 𝐌𝐞𝐦𝐛𝐞𝐫 𝐀𝐜𝐜𝐨𝐮𝐧𝐭𝐬 | Speed 50K/Day | INSTANT,610.768,10,100 000,30 Days Refill,11 minutes,,,2626.3024
17558,Telegram Members - [ 30 Days Refill ] | 💎 𝟖𝟎% 𝐏𝐫𝐞𝐦𝐢𝐮𝐦 𝐀𝐜𝐜𝐨𝐮𝐧𝐭𝐬 + 𝟐𝟎% 𝐑𝐞𝐠𝐮𝐥𝐚𝐫 𝐌𝐞𝐦𝐛𝐞𝐫 𝐀𝐜𝐜𝐨𝐮𝐧𝐭𝐬 | Speed 50K/Day | INSTANT,684.526,10,100 000,30 Days Refill,33 minutes,,,2943.4618
17559,Telegram Members - [ 60 Days Refill ] | 💎 𝟐𝟎% 𝐏𝐫𝐞𝐦𝐢𝐮𝐦 𝐀𝐜𝐜𝐨𝐮𝐧𝐭𝐬 + 𝟖𝟎% 𝐑𝐞𝐠𝐮𝐥𝐚𝐫 𝐌𝐞𝐦𝐛𝐞𝐫 𝐀𝐜𝐜𝐨𝐮𝐧𝐭𝐬 | Speed 50K/Day | INSTANT,412.786,10,100 000,60 Days Refill,11 minutes,,,1774.9798
17560,Telegram Members - [ 60 Days Refill ] | 💎 𝟑𝟎% 𝐏𝐫𝐞𝐦𝐢𝐮𝐦 𝐀𝐜𝐜𝐨𝐮𝐧𝐭𝐬 + 𝟕𝟎% 𝐑𝐞𝐠𝐮𝐥𝐚𝐫 𝐌𝐞𝐦𝐛𝐞𝐫 𝐀𝐜𝐜𝐨𝐮𝐧𝐭𝐬 | Speed 50K/Day | INSTANT,560.302,10,100 000,60 Days Refill,17 minutes,,,2409.2986
17561,Telegram Members - [ 60 Days Refill ] | 💎 𝟒𝟎% 𝐏𝐫𝐞𝐦𝐢𝐮𝐦 𝐀𝐜𝐜𝐨𝐮𝐧𝐭𝐬 + 𝟔𝟎% 𝐑𝐞𝐠𝐮𝐥𝐚𝐫 𝐌𝐞𝐦𝐛𝐞𝐫 𝐀𝐜𝐜𝐨𝐮𝐧𝐭𝐬 | Speed 50K/Day | INSTANT,707.818,10,100 000,60 Days Refill,17 minutes,,,3043.6174
17562,Telegram Members - [ 60 Days Refill ] | 💎 𝟓𝟎% 𝐏𝐫𝐞𝐦𝐢𝐮𝐦 𝐀𝐜𝐜𝐨𝐮𝐧𝐭𝐬 + 𝟓𝟎% 𝐑𝐞𝐠𝐮𝐥𝐚𝐫 𝐌𝐞𝐦𝐛𝐞𝐫 𝐀𝐜𝐜𝐨𝐮𝐧𝐭𝐬 | Speed 50K/Day | INSTANT,855.334,10,100 000,60 Days Refill,22 minutes,,,3677.9362
17563,Telegram Members - [ 60 Days Refill ] | 💎 𝟔𝟎% 𝐏𝐫𝐞𝐦𝐢𝐮𝐦 𝐀𝐜𝐜𝐨𝐮𝐧𝐭𝐬 + 𝟒𝟎% 𝐑𝐞𝐠𝐮𝐥𝐚𝐫 𝐌𝐞𝐦𝐛𝐞𝐫 𝐀𝐜𝐜𝐨𝐮𝐧𝐭𝐬 | Speed 50K/Day | INSTANT,1002.85,10,100 000,60 Days Refill,33 minutes,,,4312.255
17564,Telegram Members - [ 60 Days Refill ] | 💎 𝟕𝟎% 𝐏𝐫𝐞𝐦𝐢𝐮𝐦 𝐀𝐜𝐜𝐨𝐮𝐧𝐭𝐬 + 𝟑𝟎% 𝐑𝐞𝐠𝐮𝐥𝐚𝐫 𝐌𝐞𝐦𝐛𝐞𝐫 𝐀𝐜𝐜𝐨𝐮𝐧𝐭𝐬 | Speed 50K/Day | INSTANT,1150.366,10,100 000,60 Days Refill,22 minutes,,,4946.5738
17565,Telegram Members - [ 60 Days Refill ] | 💎 𝟖𝟎% 𝐏𝐫𝐞𝐦𝐢𝐮𝐦 𝐀𝐜𝐜𝐨𝐮𝐧𝐭𝐬 + 𝟐𝟎% 𝐑𝐞𝐠𝐮𝐥𝐚𝐫 𝐌𝐞𝐦𝐛𝐞𝐫 𝐀𝐜𝐜𝐨𝐮𝐧𝐭𝐬 | Speed 50K/Day | INSTANT,1297.882,10,100 000,60 Days Refill,11 minutes,,,5580.8926
17566,Telegram Members - [ 90 Days Refill ] | 💎 𝟐𝟎% 𝐏𝐫𝐞𝐦𝐢𝐮𝐦 𝐀𝐜𝐜𝐨𝐮𝐧𝐭𝐬 + 𝟖𝟎% 𝐑𝐞𝐠𝐮𝐥𝐚𝐫 𝐌𝐞𝐦𝐛𝐞𝐫 𝐀𝐜𝐜𝐨𝐮𝐧𝐭𝐬 | Speed 50K/Day | INSTANT,584.888,10,100 000,90 Days Refill,22 minutes,,,2515.0184
17567,Telegram Members - [ 90 Days Refill ] | 💎 𝟑𝟎% 𝐏𝐫𝐞𝐦𝐢𝐮𝐦 𝐀𝐜𝐜𝐨𝐮𝐧𝐭𝐬 + 𝟕𝟎% 𝐑𝐞𝐠𝐮𝐥𝐚𝐫 𝐌𝐞𝐦𝐛𝐞𝐫 𝐀𝐜𝐜𝐨𝐮𝐧𝐭𝐬 | Speed 50K/Day | INSTANT,806.162,10,100 000,90 Days Refill,16 minutes,,,3466.4966
17568,Telegram Members - [ 90 Days Refill ] | 💎 𝟒𝟎% 𝐏𝐫𝐞𝐦𝐢𝐮𝐦 𝐀𝐜𝐜𝐨𝐮𝐧𝐭𝐬 + 𝟔𝟎% 𝐑𝐞𝐠𝐮𝐥𝐚𝐫 𝐌𝐞𝐦𝐛𝐞𝐫 𝐀𝐜𝐜𝐨𝐮𝐧𝐭𝐬 | Speed 50K/Day | INSTANT,1027.436,10,100 000,90 Days Refill,33 minutes,,,4417.9748
17569,Telegram Members - [ 90 Days Refill ] | 💎 𝟓𝟎% 𝐏𝐫𝐞𝐦𝐢𝐮𝐦 𝐀𝐜𝐜𝐨𝐮𝐧𝐭𝐬 + 𝟓𝟎% 𝐑𝐞𝐠𝐮𝐥𝐚𝐫 𝐌𝐞𝐦𝐛𝐞𝐫 𝐀𝐜𝐜𝐨𝐮𝐧𝐭𝐬 | Speed 50K/Day | INSTANT,1248.71,10,100 000,90 Days Refill,55 minutes,,,5369.453
17570,Telegram Members - [ 90 Days Refill ] | 💎 𝟔𝟎% 𝐏𝐫𝐞𝐦𝐢𝐮𝐦 𝐀𝐜𝐜𝐨𝐮𝐧𝐭𝐬 + 𝟒𝟎% 𝐑𝐞𝐠𝐮𝐥𝐚𝐫 𝐌𝐞𝐦𝐛𝐞𝐫 𝐀𝐜𝐜𝐨𝐮𝐧𝐭𝐬 | Speed 50K/Day | INSTANT,1469.984,10,100 000,90 Days Refill,16 minutes,,,6320.9312
17571,Telegram Members - [ 90 Days Refill ] | 💎 𝟕𝟎% 𝐏𝐫𝐞𝐦𝐢𝐮𝐦 𝐀𝐜𝐜𝐨𝐮𝐧𝐭𝐬 + 𝟑𝟎% 𝐑𝐞𝐠𝐮𝐥𝐚𝐫 𝐌𝐞𝐦𝐛𝐞𝐫 𝐀𝐜𝐜𝐨𝐮𝐧𝐭𝐬 | Speed 50K/Day | INSTANT,1691.258,10,100 000,90 Days Refill,17 minutes,,,7272.4094
17572,Telegram Members - [ 90 Days Refill ] | 💎 𝟖𝟎% 𝐏𝐫𝐞𝐦𝐢𝐮𝐦 𝐀𝐜𝐜𝐨𝐮𝐧𝐭𝐬 + 𝟐𝟎% 𝐑𝐞𝐠𝐮𝐥𝐚𝐫 𝐌𝐞𝐦𝐛𝐞𝐫 𝐀𝐜𝐜𝐨𝐮𝐧𝐭𝐬 | Speed 50K/Day | INSTANT,1912.532,10,100 000,90 Days Refill,55 minutes,,,8223.8876
17573,Telegram Members - [ 180 Days Refill ] | 💎 𝟐𝟎% 𝐏𝐫𝐞𝐦𝐢𝐮𝐦 𝐀𝐜𝐜𝐨𝐮𝐧𝐭𝐬 + 𝟖𝟎% 𝐑𝐞𝐠𝐮𝐥𝐚𝐫 𝐌𝐞𝐦𝐛𝐞𝐫 𝐀𝐜𝐜𝐨𝐮𝐧𝐭𝐬 | Speed 50K/Day | INSTANT,957.56,10,100 000,180 Days Refill,22 minutes,,,4117.508
17574,Telegram Members - [ 180 Days Refill ] | 💎 𝟑𝟎% 𝐏𝐫𝐞𝐦𝐢𝐮𝐦 𝐀𝐜𝐜𝐨𝐮𝐧𝐭𝐬 + 𝟕𝟎% 𝐑𝐞𝐠𝐮𝐥𝐚𝐫 𝐌𝐞𝐦𝐛𝐞𝐫 𝐀𝐜𝐜𝐨𝐮𝐧𝐭𝐬 | Speed 50K/Day | INSTANT,1326.35,10,100 000,180 Days Refill,55 minutes,,,5703.305
17575,Telegram Members - [ 180 Days Refill ] | 💎 𝟒𝟎% 𝐏𝐫𝐞𝐦𝐢𝐮𝐦 𝐀𝐜𝐜𝐨𝐮𝐧𝐭𝐬 + 𝟔𝟎% 𝐑𝐞𝐠𝐮𝐥𝐚𝐫 𝐌𝐞𝐦𝐛𝐞𝐫 𝐀𝐜𝐜𝐨𝐮𝐧𝐭𝐬 | Speed 50K/Day | INSTANT,1695.14,10,100 000,180 Days Refill,22 minutes,,,7289.102
17576,Telegram Members - [ 180 Days Refill ] | 💎 𝟓𝟎% 𝐏𝐫𝐞𝐦𝐢𝐮𝐦 𝐀𝐜𝐜𝐨𝐮𝐧𝐭𝐬 + 𝟓𝟎% 𝐑𝐞𝐠𝐮𝐥𝐚𝐫 𝐌𝐞𝐦𝐛𝐞𝐫 𝐀𝐜𝐜𝐨𝐮𝐧𝐭𝐬 | Speed 50K/Day | INSTANT,2063.93,10,100 000,180 Days Refill,17 minutes,,,8874.899
17577,Telegram Members - [ 180 Days Refill ] | 💎 𝟔𝟎% 𝐏𝐫𝐞𝐦𝐢𝐮𝐦 𝐀𝐜𝐜𝐨𝐮𝐧𝐭𝐬 + 𝟒𝟎% 𝐑𝐞𝐠𝐮𝐥𝐚𝐫 𝐌𝐞𝐦𝐛𝐞𝐫 𝐀𝐜𝐜𝐨𝐮𝐧𝐭𝐬 | Speed 50K/Day | INSTANT,2432.72,10,100 000,180 Days Refill,17 minutes,,,10460.696
17578,Telegram Members - [ 180 Days Refill ] | 💎 𝟕𝟎% 𝐏𝐫𝐞𝐦𝐢𝐮𝐦 𝐀𝐜𝐜𝐨𝐮𝐧𝐭𝐬 + 𝟑𝟎% 𝐑𝐞𝐠𝐮𝐥𝐚𝐫 𝐌𝐞𝐦𝐛𝐞𝐫 𝐀𝐜𝐜𝐨𝐮𝐧𝐭𝐬 | Speed 50K/Day | INSTANT,2801.51,10,100 000,180 Days Refill,16 minutes,,,12046.493
17579,Telegram Members - [ 180 Days Refill ] | 💎 𝟖𝟎% 𝐏𝐫𝐞𝐦𝐢𝐮𝐦 𝐀𝐜𝐜𝐨𝐮𝐧𝐭𝐬 + 𝟐𝟎% 𝐑𝐞𝐠𝐮𝐥𝐚𝐫 𝐌𝐞𝐦𝐛𝐞𝐫 𝐀𝐜𝐜𝐨𝐮𝐧𝐭𝐬 | Speed 50K/Day | INSTANT,3170.3,10,100 000,180 Days Refill,55 minutes,,,13632.29
17594,🇺🇸 Telegram Members - [ 30 Days Refill ] USA 🇺🇸 | Max 50K | Speed 15K/Day | INSTANT 🇺🇸,45.29,500,150 000,30 Days Refill,1 hour 1 minute,,,194.747
8570,🇺🇸 Telegram Members - [ 90 Days Refill ] USA 🇺🇸 | Max 300K | Zero Drop | Speed 40K/Day | INSTANT 🇺🇸,71.17,500,300 000,90 Days Refill,2 hours 47 minutes,,,306.031
11464,🇺🇸 Telegram Members - [ 30 Days Refill ] USA 🇺🇸 | Max 150K | Speed 20-30K/Day | INSTANT 🇺🇸,177.278,500,150 000,30 Days Refill,4 hours 48 minutes,,,762.2954
11467,🇬🇧 Telegram Members - [ 45 Days Refill ] UK 🇬🇧 | 𝐇𝐈𝐆𝐇 𝐐𝐔𝐀𝐋𝐈𝐓𝐘 | Max 100K | Non-Drop | Speed 25K/Day | 0-5 Mins 🇬🇧,82.816,500,100 000,No Refill,1 hour 28 minutes,,,356.1088
10635,🇬🇧 Telegram Members - [ 90 Days Refill ] UK 🇬🇧 | 𝐇𝐈𝐆𝐇 𝐐𝐔𝐀𝐋𝐈𝐓𝐘 | Max 200K | Non-Drop | Speed 50K/Day | 0-5 Mins 🇬🇧,89.286,500,20 000,90 Days Refill,2 hours 2 minutes,,,383.9298
11468,🇸🇦 Telegram Members - [ 90 Days Refill ] ARAB 🇸🇦 | Max 50K | 𝐑𝐄𝐀𝐋 | Speed 5-10K/Day | 𝐍𝐨𝐧-𝐃𝐫𝐨𝐩 | INSTANT 🇸🇦,174.69,10,50 000,90 Days Refill,17 minutes,,,751.167
10623,🇪🇺 Telegram Members - [ 90 Days Refill ] Europe 🇪🇺 | 𝐇𝐈𝐆𝐇 𝐐𝐔𝐀𝐋𝐈𝐓𝐘 | Max 200K | Non-Drop | Speed 50K/Day | 0-5 Mins 🇪🇺,77.64,500,20 000,90 Days Refill,1 hour 8 minutes,,,333.852
10632,🇺🇿 Telegram Members - [ 30 Days Refill ] Uzbekistan 🇺🇿 | 𝐇𝐈𝐆𝐇 𝐐𝐔𝐀𝐋𝐈𝐓𝐘 | Max 100K | Non-Drop | Speed 30K/Day | 0-5 Mins 🇺🇿,97.05,500,50 000,30 Days Refill,55 minutes,,,417.315
17595,🇨🇳 Telegram Members - [ 180 Days Refill ] China 🇨🇳 | 𝐇𝐈𝐆𝐇 𝐐𝐔𝐀𝐋𝐈𝐓𝐘 | Max 20K | Non-Drop | Speed 20K/Day | 0-5 Mins 🇨🇳,112.578,500,20 000,30 Days Refill,16 minutes,,,484.0854
17597,🇨🇳 Telegram Members - [ 180 Days Refill ] China 🇨🇳 | 𝐇𝐈𝐆𝐇 𝐐𝐔𝐀𝐋𝐈𝐓𝐘 | Max 200K | Non-Drop | Speed 20K/Day | 0-5 Mins 🇨🇳,155.28,500,200 000,30 Days Refill,28 minutes,,,667.704
5870,🇨🇳 Telegram Members - [ 90 Days Refill ] China 🇨🇳 | Max 50K | 𝐑𝐄𝐀𝐋 | Speed 5-10K/Day | 𝐍𝐨𝐧-𝐃𝐫𝐨𝐩 | INSTANT 🇨🇳,174.69,10,100 000,90 Days Refill,1 hour 39 minutes,,,751.167
5220,🇮🇳 Telegram Members - [ 90 Days Refill ] India 🇮🇳 | Max 70K | Speed 50K/Day | 𝐙𝐞𝐫𝐨 𝐃𝐫𝐨𝐩 | INSTANT 🇮🇳,126.812,500,70 000,90 Days Refill,23 minutes,,,545.2916
11466,🇮🇳 Telegram Members - [ 90 Days Refill ] India 🇮🇳 | Max 60K | Real Quality | 𝐙𝐞𝐫𝐨 𝐃𝐫𝐨𝐩 | Speed 25K/Day | INSTANT 🇮🇳,174.69,10,60 000,90 Days Refill,21 minutes,,,751.167
12907,🇮🇳 Telegram Members - [ 90 Days Refill ] India 🇮🇳 | Max 150K | Speed 40-60K/Day | INSTANT 🇮🇳,135.87,1 000,150 000,90 Days Refill,1 hour 26 minutes,,,584.241
17581,🇮🇳 Telegram Members - [ 7 Days Refill ] India 🇮🇳 | Max 200K | Non-Drop | Working on New Channels | Speed 30K/Day | INSTANT 🇮🇳,38.82,10,200 000,7 Days Refill,26 minutes,,,166.926
17582,🇮🇳 Telegram Members - [ 14 Days Refill ] India 🇮🇳 | Max 200K | Non-Drop | Working on New Channels | Speed 30K/Day | INSTANT 🇮🇳,51.76,10,200 000,No Refill,22 minutes,,,222.568
11465,🇮🇳 Telegram Members - [ 30 Days Refill ] India 🇮🇳 | Max 200K | Non-Drop | Working on New Channels | Speed 30K/Day | INSTANT 🇮🇳,97.05,10,200 000,30 Days Refill,55 minutes,,,417.315
17583,🇮🇳 Telegram Members - [ 60 Days Refill ] India 🇮🇳 | Max 200K | Non-Drop | Working on New Channels | Speed 30K/Day | INSTANT 🇮🇳,119.048,10,200 000,60 Days Refill,11 minutes,,,511.9064
17599,🇮🇳 Telegram Members - [ 60 Days Refill ] India 🇮🇳 | Max 200K | Non-Drop | Working on New Channels | Speed 30K/Day | INSTANT 🇮🇳,144.928,10,200 000,60 Days Refill,22 minutes,,,623.1904
17593,🇷🇺 Telegram Members - [ 90 Days Refill ] Russia 🇷🇺 | Max 50K | 𝐑𝐄𝐀𝐋 | Speed 5-10K/Day | 𝐍𝐨𝐧-𝐃𝐫𝐨𝐩 | INSTANT 🇷🇺,174.69,10,50 000,90 Days Refill,20 minutes,,,751.167
17584,🇷🇺 Telegram Members - [ 7 Days Refill ] Russia 🇷🇺 | Max 1M | Non-Drop | Speed 30K/Day | INSTANT 🇷🇺,51.76,10,1 000 000,7 Days Refill,33 minutes,,,222.568
5869,🇷🇺 Telegram Members - [ 30 Days Refill ] Russia 🇷🇺 | Max 1M | Non-Drop | Speed 30K/Day | INSTANT 🇷🇺,122.93,10,1 000 000,30 Days Refill,8 minutes,,,528.599
17585,🇷🇺 Telegram Members - [ 60 Days Refill ] Russia 🇷🇺 | Max 1M | Non-Drop | Speed 30K/Day | INSTANT 🇷🇺,183.748,10,1 000 000,60 Days Refill,16 minutes,,,790.1164
17586,🇷🇺 Telegram Members - [ 90 Days Refill ] Russia 🇷🇺 | Max 1M | Non-Drop | Speed 30K/Day | INSTANT 🇷🇺,245.86,10,1 000 000,90 Days Refill,11 minutes,,,1057.198
17587,🇷🇺 Telegram Members - [ 90 Days Refill ] Russia 🇷🇺 | Max 1M | Non-Drop | Speed 30K/Day | INSTANT 🇷🇺,367.496,10,1 000 000,30 Days Refill,11 minutes,,,1580.2328
17588,🇺🇦 Telegram Members - [ 7 Days Refill ] Ukraine 🇺🇦 | Max 1M | Non-Drop | Speed 30K/Day | INSTANT 🇺🇦,41.408,10,1 000 000,7 Days Refill,16 minutes,,,178.0544
17589,🇺🇦 Telegram Members - [ 14 Days Refill ] Ukraine 🇺🇦 | Max 1M | Non-Drop | Speed 30K/Day | INSTANT 🇺🇦,55.642,10,1 000 000,No Refill,17 minutes,,,239.2606
17590,🇺🇦 Telegram Members - [ 30 Days Refill ] Ukraine 🇺🇦 | Max 1M | Non-Drop | Speed 30K/Day | INSTANT 🇺🇦,99.638,10,1 000 000,30 Days Refill,17 minutes,,,428.4434
17591,🇺🇦 Telegram Members - [ 60 Days Refill ] Ukraine 🇺🇦 | Max 1M | Non-Drop | Speed 30K/Day | INSTANT 🇺🇦,124.224,10,1 000 000,60 Days Refill,8 hours 39 minutes,,,534.1632
17592,🇺🇦 Telegram Members - [ 180 Days Refill ] Ukraine 🇺🇦 | Max 1M | Non-Drop | Speed 30K/Day | INSTANT 🇺🇦,367.496,10,1 000 000,30 Days Refill,11 minutes,,,1580.2328
9113,Telegram Members - [ 120 Days Refill ] | Max 10K | 𝐑𝐄𝐀𝐋 & 𝐎𝐑𝐆𝐀𝐍𝐈𝐂 𝐔𝐒𝐄𝐑𝐒 | Speed 2K/Day | 0-15Mins,124.224,500,10 000,No Refill,1 hour 3 minutes,,,534.1632
11972,Telegram Members - [ 365 Days Refill ] | Max 5K | 𝐑𝐄𝐀𝐋 & 𝐎𝐑𝐆𝐀𝐍𝐈𝐂 𝐔𝐒𝐄𝐑𝐒 | Speed 3K/Day | 0-15 Mins,284.68,500,5 000,No Refill,2 hours 19 minutes,,,1224.124
9116,Telegram Members - [ 30 Days Refill ] Russia 🇷🇺 | Max 10K | 𝐑𝐄𝐀𝐋 & 𝐎𝐑𝐆𝐀𝐍𝐈𝐂 𝐔𝐒𝐄𝐑𝐒 | Speed 1K/Day | 0-15Mins],196.688,10,10 000,30 Days Refill,2 minutes,,,845.7584
9117,Telegram Custom Comments - [ Non-Drop ] | Max 10K | 𝐑𝐄𝐀𝐋 & 𝐎𝐑𝐆𝐀𝐍𝐈𝐂 𝐔𝐒𝐄𝐑𝐒 | Speed 1K/Day | 0-30Mins,452.9,10,10 000,No Refill,3 minutes,,,1947.47
17448,Telegram 𝐏𝐫𝐞𝐦𝐢𝐮𝐦 + ✅ 𝐎𝐧𝐥𝐢𝐧𝐞 𝐌𝐞𝐦𝐛𝐞𝐫𝐬 - [ 3 Days Premium Accounts ] | 🔓 All Channels Accepted | Speed 25K/Day | INSTANT,219.98,10,100 000,No Refill,2 minutes,,,945.914
11387,Telegram Premium Members - [ 3 Days Premium Accounts | WorldWide Base 🌍 | 𝐉𝐨𝐢𝐧 𝐅𝐫𝐨𝐦 𝐒𝐞𝐚𝐫𝐜𝐡 🔍 | 100% Non-Drop | Speed 30K/Day | INSTANT,231.626,1,45 000,No Refill,22 minutes,,,995.9918
17441,Telegram Premium Members - [ 1-5 Days Premium Accounts ] Max 50K | Speed 30K/Day | 0-10 Mins ⛔,161.75,10,10 000,No Refill,23 minutes,,,695.525
17449,Telegram 𝐏𝐫𝐞𝐦𝐢𝐮𝐦 + ✅ 𝐎𝐧𝐥𝐢𝐧𝐞 𝐌𝐞𝐦𝐛𝐞𝐫𝐬 - [ 7 Days Premium Accounts ] | 🔓 All Channels Accepted | Speed 25K/Day | INSTANT,339.028,10,100 000,No Refill,2 minutes,,,1457.8204
11388,Telegram Premium Members - [ 7 Days Premium Accounts ] WorldWide Base 🌍 | 𝐉𝐨𝐢𝐧 𝐅𝐫𝐨𝐦 𝐒𝐞𝐚𝐫𝐜𝐡 🔍 | 100% Non-Drop | Speed 30K/Day | INSTANT,388.2,1,45 000,7 Days Refill,6 minutes,,,1669.26
9159,Telegram 𝐏𝐫𝐞𝐦𝐢𝐮𝐦 𝐌𝐞𝐦𝐛𝐞𝐫𝐬 + 𝐕𝐢𝐞𝐰𝐬 - [ 7 Days Premium Accounts ] Speed 50K/Day | Non-Drop | 0-5 Mins ⛔,562.89,50,100 000,7 Days Refill,33 minutes,,,2420.427
13321,Telegram Premium Members - [ 4-7 Days Premium Accounts ] 𝐄𝐱𝐜𝐞𝐥𝐥𝐞𝐧𝐭 𝐐𝐮𝐚𝐥𝐢𝐭𝐲 | FAST | Speed 25K/Day | INSTANT,357.144,20,50 000,7 Days Refill,22 minutes,,,1535.7192
11439,Telegram 𝐏𝐫𝐞𝐦𝐢𝐮𝐦 + ✅ 𝐎𝐧𝐥𝐢𝐧𝐞 𝐌𝐞𝐦𝐛𝐞𝐫𝐬 - [10 Days Premium Accounts ] | 🔓 All Channels Accepted | Speed 25K/Day | INSTANT,441.254,500,10 000,No Refill,17 minutes,,,1897.3922
11389,Telegram Premium Members - [ 10 Days Premium Accounts ] WorldWide Base 🌍 | 𝐉𝐨𝐢𝐧 𝐅𝐫𝐨𝐦 𝐒𝐞𝐚𝐫𝐜𝐡 🔍 | 100% Non-Drop | Speed 30K/Day | INSTANT,517.6,1,45 000,No Refill,23 minutes,,,2225.68
17455,Telegram Premium Members - [ 7-14 Days Premium Accounts ] 𝐌𝐢𝐱𝐞𝐝 𝐑𝐞𝐚𝐥 𝐀𝐜𝐜𝐨𝐮𝐧𝐭𝐬 | Speed 20K/Day | 0-5 Mins,464.546,500,50 000,No Refill,22 minutes,,,1997.5478
17436,Telegram Premium Members - [ 14 Days Premium Accounts ] 𝐄𝐱𝐜𝐞𝐥𝐥𝐞𝐧𝐭 𝐐𝐮𝐚𝐥𝐢𝐭𝐲 | FAST | Speed 25K/Day | INSTANT,652.176,10,100 000,No Refill,11 minutes,,,2804.3568
9233,Telegram Premium Members - [ 15 Days Premium Accounts ] WorldWide Base 🌍 | 𝐉𝐨𝐢𝐧 𝐅𝐫𝐨𝐦 𝐒𝐞𝐚𝐫𝐜𝐡 🔍 | 100% Non-Drop | Speed 30K/Day | INSTANT,689.702,1,45 000,15 Days Refill,55 minutes,,,2965.7186
9234,Telegram Premium Members - [ 20 Days Premium Accounts ] WorldWide Base 🌍 | 𝐉𝐨𝐢𝐧 𝐅𝐫𝐨𝐦 𝐒𝐞𝐚𝐫𝐜𝐡 🔍 | 100% Non-Drop | Speed 30K/Day | INSTANT,861.804,1,45 000,No Refill,11 minutes,,,3705.7572
17437,Telegram Premium Members - [ 20-30 Days Premium Accounts ] Zero Drop⚡| Geo Mixed | All Channels Accepted | Speed 20K/Day | INSTANT,1510.098,10,30 000,No Refill,11 minutes,,,6493.4214
17443,Telegram Premium Members - [ 15-20 Days Premium Accounts ] Max 10K | Speed 10K/Day | 0-10 Mins ⛔,455.488,500,10 000,15 Days Refill,55 minutes,,,1958.5984
17444,Telegram Premium Members - [ 20-30 Days Premium Accounts ] Max 10K | Speed 10K/Day | 0-10 Mins ⛔,535.716,500,10 000,No Refill,55 minutes,,,2303.5788
17445,Telegram Premium Members - [ 25 Days Premium Accounts ] Max 30K | Speed 20K/Day | 0-10 Mins ⛔,603.004,10,30 000,No Refill,16 minutes,,,2592.9172
11441,Telegram 𝐏𝐫𝐞𝐦𝐢𝐮𝐦 + ✅ 𝐎𝐧𝐥𝐢𝐧𝐞 𝐌𝐞𝐦𝐛𝐞𝐫𝐬 - [ 15 Days Premium Accounts ] | 🔓 All Channels Accepted | Speed 25K/Day | INSTANT,515.012,10,100 000,15 Days Refill,24 minutes,,,2214.5516
11447,Telegram 𝐏𝐫𝐞𝐦𝐢𝐮𝐦 + ✅ 𝐎𝐧𝐥𝐢𝐧𝐞 𝐌𝐞𝐦𝐛𝐞𝐫𝐬 - [ 20 Days Premium Accounts ] | 🔓 All Channels Accepted | Speed 25K/Day | INSTANT,588.77,10,100 000,No Refill,23 minutes,,,2531.711
17450,Telegram 𝐏𝐫𝐞𝐦𝐢𝐮𝐦 + ✅ 𝐎𝐧𝐥𝐢𝐧𝐞 𝐌𝐞𝐦𝐛𝐞𝐫𝐬 - [ 25 Days Premium Accounts ] | 🔓 All Channels Accepted | Speed 25K/Day | INSTANT,662.528,10,100 000,No Refill,16 minutes,,,2848.8704
12911,Telegram Premium Members - [ 15-30 Days Premium Accounts ] 𝐌𝐢𝐱𝐞𝐝 𝐑𝐞𝐚𝐥 𝐀𝐜𝐜𝐨𝐮𝐧𝐭𝐬 | Speed 40K/Day | 0-5 Mins,930.386,500,300 000,No Refill,16 minutes,,,4000.6598
17456,Telegram Premium Members - [ 20 Days Premium Accounts ] 𝐌𝐢𝐱𝐞𝐝 𝐑𝐞𝐚𝐥 𝐀𝐜𝐜𝐨𝐮𝐧𝐭𝐬 | Speed 40K/Day | 0-5 Mins,464.546,500,150 000,No Refill,22 minutes,,,1997.5478
9160,Telegram 𝐏𝐫𝐞𝐦𝐢𝐮𝐦 𝐌𝐞𝐦𝐛𝐞𝐫𝐬 + 𝐕𝐢𝐞𝐰𝐬 - [ 15 Days Premium Accounts ] Speed 50K/Day | Non-Drop | 0-5 Mins ⛔,663.822,100,100 000,No Refill,23 minutes,,,2854.4346
17438,Telegram Premium Members - [ 30 Days Premium Accounts ] Zero Drop⚡| Geo Mixed | All Channels Accepted | Speed 15K/Day | INSTANT,459.37,500,25 000,30 Days Refill,4 hours 32 minutes,,,1975.291
9235,Telegram Premium Members - [ 30 Days Premium Accounts ] WorldWide Base 🌍 | 𝐉𝐨𝐢𝐧 𝐅𝐫𝐨𝐦 𝐒𝐞𝐚𝐫𝐜𝐡 🔍 | 100% Non-Drop | Speed 15K/Day | INSTANT,464.546,1,15 000,15 Days Refill,2 minutes,,,1997.5478
9236,Telegram Premium Members - [ 45 Days Premium Accounts ] WorldWide Base 🌍 | 𝐉𝐨𝐢𝐧 𝐅𝐫𝐨𝐦 𝐒𝐞𝐚𝐫𝐜𝐡 🔍 | 100% Non-Drop | Speed 30K/Day | INSTANT,1551.506,1,45 000,No Refill,17 minutes,,,6671.4758
13315,Telegram Premium Members - [ 60 Days Premium Accounts ] WorldWide Base 🌍 | 𝐉𝐨𝐢𝐧 𝐅𝐫𝐨𝐦 𝐒𝐞𝐚𝐫𝐜𝐡 🔍 | 100% Non-Drop | Speed 30K/Day | INSTANT,1862.066,1,45 000,60 Days Refill,22 minutes,,,8006.8838
17435,Telegram Premium Members - [ 30 Days Premium Accounts ] WorldWide Base 🌍 | 𝐉𝐨𝐢𝐧 𝐅𝐫𝐨𝐦 𝐒𝐞𝐚𝐫𝐜𝐡 🔍 | 100% Non-Drop | Speed 30K/Day | INSTANT,1039.082,1,45 000,No Refill,23 minutes,,,4468.0526
13320,Telegram Premium Members - [ 30 Days Premium Accounts ] 𝐄𝐱𝐜𝐞𝐥𝐥𝐞𝐧𝐭 𝐐𝐮𝐚𝐥𝐢𝐭𝐲 | FAST | Speed 25K/Day | INSTANT,1009.32,10,40 000,30 Days Refill,22 minutes,,,4340.076
17457,Telegram Premium Members - [ 30 Days Premium Accounts ] 𝐌𝐢𝐱𝐞𝐝 𝐑𝐞𝐚𝐥 𝐀𝐜𝐜𝐨𝐮𝐧𝐭𝐬 | Speed 40K/Day | 0-5 Mins,619.826,200,300 000,No Refill,9 minutes,,,2665.2518
17439,Telegram Premium Members - [ 60 Days Premium Accounts ] Zero Drop⚡| Geo Mixed | All Channels Accepted | Speed 40K/Day | INSTANT,1644.674,10,70 000,No Refill,16 minutes,,,7072.0982
11438,Telegram 𝐏𝐫𝐞𝐦𝐢𝐮𝐦 𝐌𝐞𝐦𝐛𝐞𝐫𝐬 + 𝐕𝐢𝐞𝐰𝐬 - [ 45 Days Premium Accounts ] Speed 50K/Day | Non-Drop | 0-5 Mins ⛔,1231.888,100,100 000,30 Days Refill,11 minutes,,,5297.1184
17451,Telegram 𝐏𝐫𝐞𝐦𝐢𝐮𝐦 + ✅ 𝐎𝐧𝐥𝐢𝐧𝐞 𝐌𝐞𝐦𝐛𝐞𝐫𝐬 - [ 30 Days Premium Accounts ] | 🔓 All Channels Accepted | Speed 25K/Day | INSTANT,736.286,10,100 000,30 Days Refill,2 minutes,,,3166.0298
17452,Telegram 𝐏𝐫𝐞𝐦𝐢𝐮𝐦 + ✅ 𝐎𝐧𝐥𝐢𝐧𝐞 𝐌𝐞𝐦𝐛𝐞𝐫𝐬 - [ 60 Days Premium Accounts ] | 🔓 All Channels Accepted | Speed 25K/Day | INSTANT,1473.866,10,100 000,60 Days Refill,16 minutes,,,6337.6238
13318,Telegram Premium Members | 30 Days Premium | 𝐄𝐱𝐜𝐞𝐥𝐥𝐞𝐧𝐭 𝐐𝐮𝐚𝐥𝐢𝐭𝐲 | FAST | Speed 25K/Day | INSTANT,1009.32,10,40 000,30 Days Refill,4 hours 23 minutes,,,4340.076
12910,Telegram Premium Members - [ 30-60 Days Premium Accounts ] 𝐌𝐢𝐱𝐞𝐝 𝐑𝐞𝐚𝐥 𝐀𝐜𝐜𝐨𝐮𝐧𝐭𝐬 | Speed 40K/Day | 0-5 Mins,1552.8,100,500 000,30 Days Refill,16 minutes,,,6677.04
17458,Telegram Premium Members - [ 45 Days Premium Accounts ] 𝐌𝐢𝐱𝐞𝐝 𝐑𝐞𝐚𝐥 𝐀𝐜𝐜𝐨𝐮𝐧𝐭𝐬 | Speed 40K/Day | 0-5 Mins,930.386,100,300 000,No Refill,11 minutes,,,4000.6598
17459,Telegram Premium Members - [ 60 Days Premium Accounts ] 𝐌𝐢𝐱𝐞𝐝 𝐑𝐞𝐚𝐥 𝐀𝐜𝐜𝐨𝐮𝐧𝐭𝐬 | Speed 40K/Day | 0-5 Mins,1552.8,100,300 000,60 Days Refill,33 minutes,,,6677.04
9161,Telegram 𝐏𝐫𝐞𝐦𝐢𝐮𝐦 𝐌𝐞𝐦𝐛𝐞𝐫𝐬 + 𝐕𝐢𝐞𝐰𝐬 - [ 30 Days Premium Accounts ] Speed 50K/Day | Non-Drop | 0-5 Mins ⛔,1231.888,100,50 000,30 Days Refill,17 minutes,,,5297.1184
9162,Telegram 𝐏𝐫𝐞𝐦𝐢𝐮𝐦 𝐌𝐞𝐦𝐛𝐞𝐫𝐬 + 𝐕𝐢𝐞𝐰𝐬 - [ 60 Days Premium Accounts ] Speed 50K/Day | Non-Drop | 0-5 Mins ⛔,2267.088,100,100 000,60 Days Refill,16 minutes,,,9748.4784
13316,Telegram Premium Members - [ 90 Days Premium Accounts ] WorldWide Base 🌍 | 𝐉𝐨𝐢𝐧 𝐅𝐫𝐨𝐦 𝐒𝐞𝐚𝐫𝐜𝐡 🔍 | 100% Non-Drop | Speed 30K/Day | INSTANT,2327.906,1,45 000,90 Days Refill,23 minutes,,,10009.9958
13319,Telegram Premium Members - [ 90 Days Premium Accounts ] 𝐄𝐱𝐜𝐞𝐥𝐥𝐞𝐧𝐭 𝐐𝐮𝐚𝐥𝐢𝐭𝐲 | FAST | Speed 25K/Day | INSTANT,1164.6,10,40 000,90 Days Refill,11 minutes,,,5007.78
12913,Telegram Premium Members - [ 90 Days Premium Accounts ] 𝐌𝐢𝐱𝐞𝐝 𝐑𝐞𝐚𝐥 𝐀𝐜𝐜𝐨𝐮𝐧𝐭𝐬 | Speed 40K/Day | 0-5 Mins,15528,100,300 000,90 Days Refill,23 minutes,,,66770.4
12909,Telegram Premium Members - [ 60-90 Days Premium Accounts ] 𝐌𝐢𝐱𝐞𝐝 𝐑𝐞𝐚𝐥 𝐀𝐜𝐜𝐨𝐮𝐧𝐭𝐬 | Speed 40K/Day | 0-5 Mins,3726.72,100,200 000,30 Days Refill,33 minutes,,,16024.896
12914,Telegram Premium Members - [ 180 Days Premium Accounts ] 𝐌𝐢𝐱𝐞𝐝 𝐑𝐞𝐚𝐥 𝐀𝐜𝐜𝐨𝐮𝐧𝐭𝐬 | Speed 40K/Day | 0-5 Mins,2484.48,100,200 000,120 Days Refill,33 minutes,,,10683.264
9163,Telegram 𝐏𝐫𝐞𝐦𝐢𝐮𝐦 𝐌𝐞𝐦𝐛𝐞𝐫𝐬 + 𝐕𝐢𝐞𝐰𝐬 - [ 90 Days Premium Accounts ] Speed 50K/Day | Non-Drop | 0-5 Mins ⛔,3115.952,100,100 000,90 Days Refill,23 minutes,,,13398.5936
17440,Telegram Premium Members - [ 30-90 Days Premium Accounts ] Zero Drop⚡| Geo Mixed | All Channels Accepted | Speed 40K/Day | INSTANT,2972.318,100,75 000,30 Days Refill,23 minutes,,,12780.9674
17453,Telegram 𝐏𝐫𝐞𝐦𝐢𝐮𝐦 + ✅ 𝐎𝐧𝐥𝐢𝐧𝐞 𝐌𝐞𝐦𝐛𝐞𝐫𝐬 - [ 90 Days Premium Accounts ] | 🔓 All Channels Accepted | Speed 25K/Day | INSTANT,2211.446,10,100 000,90 Days Refill,22 minutes,,,9509.2178
17460,Telegram Premium Members - [ 90 Days Premium Accounts ] 𝐌𝐢𝐱𝐞𝐝 𝐑𝐞𝐚𝐥 𝐀𝐜𝐜𝐨𝐮𝐧𝐭𝐬 | Speed 40K/Day | 0-5 Mins,2018.64,100,300 000,No Refill,16 minutes,,,8680.152
11446,Telegram 𝐏𝐫𝐞𝐦𝐢𝐮𝐦 𝐌𝐞𝐦𝐛𝐞𝐫𝐬 + 𝐕𝐢𝐞𝐰𝐬 - [ 90 Days Premium Accounts ] Speed 50K/Day | Non-Drop | 0-5 Mins ⛔,3245.352,100,100 000,90 Days Refill,33 minutes,,,13955.0136
17447,Telegram Premium Members - [ 365 Days Premium Accounts ] Max 50K | Speed 25K/Day | 0-10 Mins ⛔,2588,300,50 000,No Refill,55 minutes,,,11128.4
17454,Telegram 𝐏𝐫𝐞𝐦𝐢𝐮𝐦 + ✅ 𝐎𝐧𝐥𝐢𝐧𝐞 𝐌𝐞𝐦𝐛𝐞𝐫𝐬 - [ 180 Days Premium Accounts ] | 🔓 All Channels Accepted | Speed 25K/Day | INSTANT,3686.606,10,100 000,No Refill,2 minutes,,,15852.4058
13317,Telegram Premium Members - [ 180 Days Premium Accounts ] WorldWide Base 🌍 | 𝐉𝐨𝐢𝐧 𝐅𝐫𝐨𝐦 𝐒𝐞𝐚𝐫𝐜𝐡 🔍 | 100% Non-Drop | Speed 30K/Day | INSTANT,3880.706,1,45 000,180 Days Refill,16 minutes,,,16687.0358
17446,Telegram Premium Members - [ 180 Days Premium Accounts ] Max 30K | Speed 20K/Day | 0-10 Mins ⛔,2296.85,100,30 000,180 Days Refill,16 minutes,,,9876.455
12912,Telegram Premium Members - [𝟏𝟖𝟎 𝐃𝐚𝐲𝐬 𝐏𝐫𝐞𝐦𝐢𝐮𝐦] [60 Days Refill Button] [Max 75K] [Speed 30K/Day] [𝐁𝐞𝐬𝐭 𝐐𝐮𝐚𝐥𝐢𝐭𝐲 & 𝟏𝟎𝟎% 𝐍𝐨𝐧-𝐃𝐫𝐨𝐩] [INSTANT],2329.2,100,75 000,60 Days Refill,17 minutes,,,10015.56
9164,Telegram 𝐏𝐫𝐞𝐦𝐢𝐮𝐦 𝐌𝐞𝐦𝐛𝐞𝐫𝐬 + 𝐕𝐢𝐞𝐰𝐬 - [ 180 Days Premium Accounts ] Speed 50K/Day | Non-Drop | 0-5 Mins ⛔,6638.22,50,100 000,180 Days Refill,11 minutes,,,28544.346
17461,Telegram Premium Members - [ 180 Days Premium Accounts ] 𝐌𝐢𝐱𝐞𝐝 𝐑𝐞𝐚𝐥 𝐀𝐜𝐜𝐨𝐮𝐧𝐭𝐬 | Speed 40K/Day | 0-5 Mins,2484.48,100,300 000,120 Days Refill,55 minutes,,,10683.264
17462,Telegram Premium Members - [ 365 Days Premium Accounts ] 𝐌𝐢𝐱𝐞𝐝 𝐑𝐞𝐚𝐥 𝐀𝐜𝐜𝐨𝐮𝐧𝐭𝐬 | Speed 40K/Day | 0-5 Mins,2795.04,100,300 000,No Refill,23 minutes,,,12018.672
11450,Telegram Premium Members - [ 3 Days Premium Accounts | WorldWide Base 🌍 | 𝐉𝐨𝐢𝐧 𝐅𝐫𝐨𝐦 𝐒𝐞𝐚𝐫𝐜𝐡 🔍 | 100% Non-Drop | Speed 40K/Day | INSTANT,229.038,10,100 000,No Refill,1 minute,,,984.8634
11448,Telegram Premium Members - [ 7 Days Premium Accounts | WorldWide Base 🌍 | 𝐉𝐨𝐢𝐧 𝐅𝐫𝐨𝐦 𝐒𝐞𝐚𝐫𝐜𝐡 🔍 | 100% Non-Drop | Speed 30K/Day | INSTANT,351.968,10,100 000,7 Days Refill,2 minutes,,,1513.4624
11452,Telegram Premium Members - [ 15 Days Premium Accounts | WorldWide Base 🌍 | 𝐉𝐨𝐢𝐧 𝐅𝐫𝐨𝐦 𝐒𝐞𝐚𝐫𝐜𝐡 🔍 | 100% Non-Drop | Speed 30K/Day | INSTANT,537.01,10,100 000,15 Days Refill,11 minutes,,,2309.143
11444,Telegram Premium Members - [ 20 Days Premium Accounts | WorldWide Base 🌍 | 𝐉𝐨𝐢𝐧 𝐅𝐫𝐨𝐦 𝐒𝐞𝐚𝐫𝐜𝐡 🔍 | 100% Non-Drop | Speed 30K/Day | INSTANT,613.356,10,100 000,No Refill,55 minutes,,,2637.4308
11443,Telegram Premium Members - [ 20 Days Premium Accounts | WorldWide Base 🌍 | 𝐉𝐨𝐢𝐧 𝐅𝐫𝐨𝐦 𝐒𝐞𝐚𝐫𝐜𝐡 🔍 | 100% Non-Drop | Speed 30K/Day | INSTANT,613.356,10,100 000,No Refill,22 minutes,,,2637.4308
11445,Telegram Premium Members - [ 25 Days Premium Accounts | WorldWide Base 🌍 | 𝐉𝐨𝐢𝐧 𝐅𝐫𝐨𝐦 𝐒𝐞𝐚𝐫𝐜𝐡 🔍 | 100% Non-Drop | Speed 30K/Day | INSTANT,690.996,10,100 000,No Refill,16 minutes,,,2971.2828
11453,Telegram Premium Members - [ 35 Days Premium Accounts | WorldWide Base 🌍 | 𝐉𝐨𝐢𝐧 𝐅𝐫𝐨𝐦 𝐒𝐞𝐚𝐫𝐜𝐡 🔍 | 100% Non-Drop | Speed 30K/Day | INSTANT,767.342,10,100 000,No Refill,19 minutes,,,3299.5706
11455,Telegram Premium Members - [ 60 Days Premium Accounts | WorldWide Base 🌍 | 𝐉𝐨𝐢𝐧 𝐅𝐫𝐨𝐦 𝐒𝐞𝐚𝐫𝐜𝐡 🔍 | 100% Non-Drop | Speed 30K/Day | INSTANT,1535.978,10,100 000,60 Days Refill,23 minutes,,,6604.7054
11456,Telegram Premium Members - [ 90 Days Premium Accounts | WorldWide Base 🌍 | 𝐉𝐨𝐢𝐧 𝐅𝐫𝐨𝐦 𝐒𝐞𝐚𝐫𝐜𝐡 🔍 | 100% Non-Drop | Speed 30K/Day | INSTANT,2304.614,10,100 000,90 Days Refill,2 minutes,,,9909.8402
17463,Telegram Premium Members - [ 180 Days Premium Accounts | WorldWide Base 🌍 | 𝐉𝐨𝐢𝐧 𝐅𝐫𝐨𝐦 𝐒𝐞𝐚𝐫𝐜𝐡 🔍 | 100% Non-Drop | Speed 30K/Day | INSTANT,3840.592,10,100 000,No Refill,2 minutes,,,16514.5456
17469,Telegram 𝐏𝐫𝐞𝐦𝐢𝐮𝐦 𝐌𝐞𝐦𝐛𝐞𝐫𝐬 + 𝐕𝐢𝐞𝐰𝐬 - [ 7 Days Premium Accounts | 𝐉𝐨𝐢𝐧 𝐅𝐫𝐨𝐦 𝐒𝐞𝐚𝐫𝐜𝐡 🔍 | 𝐄𝐧𝐠𝐥𝐢𝐬𝐡 𝐏𝐫𝐨𝐟𝐢𝐥𝐞𝐬 🧭 | 100% Non-Drop | Speed 35K/Day | INSTANT,584.888,50,50 000,No Refill,10 minutes,,,2515.0184
17470,Telegram 𝐏𝐫𝐞𝐦𝐢𝐮𝐦 𝐌𝐞𝐦𝐛𝐞𝐫𝐬 + 𝐕𝐢𝐞𝐰𝐬 - [ 14 Days Premium Accounts | 𝐉𝐨𝐢𝐧 𝐅𝐫𝐨𝐦 𝐒𝐞𝐚𝐫𝐜𝐡 🔍 | 𝐄𝐧𝐠𝐥𝐢𝐬𝐡 𝐏𝐫𝐨𝐟𝐢𝐥𝐞𝐬 🧭 | 100% Non-Drop | Speed 35K/Day | INSTANT,953.678,50,50 000,No Refill,17 minutes,,,4100.8154
17471,Telegram 𝐏𝐫𝐞𝐦𝐢𝐮𝐦 𝐌𝐞𝐦𝐛𝐞𝐫𝐬 + 𝐕𝐢𝐞𝐰𝐬 - [ 30 Days Premium Accounts | 𝐉𝐨𝐢𝐧 𝐅𝐫𝐨𝐦 𝐒𝐞𝐚𝐫𝐜𝐡 🔍 | 𝐄𝐧𝐠𝐥𝐢𝐬𝐡 𝐏𝐫𝐨𝐟𝐢𝐥𝐞𝐬 🧭 | 100% Non-Drop | Speed 35K/Day | INSTANT,1691.258,50,50 000,No Refill,55 minutes,,,7272.4094
17472,Telegram 𝐏𝐫𝐞𝐦𝐢𝐮𝐦 𝐌𝐞𝐦𝐛𝐞𝐫𝐬 + 𝐕𝐢𝐞𝐰𝐬 - [ 60 Days Premium Accounts | 𝐉𝐨𝐢𝐧 𝐅𝐫𝐨𝐦 𝐒𝐞𝐚𝐫𝐜𝐡 🔍 | 𝐄𝐧𝐠𝐥𝐢𝐬𝐡 𝐏𝐫𝐨𝐟𝐢𝐥𝐞𝐬 🧭 | 100% Non-Drop | Speed 35K/Day | INSTANT,3381.222,50,50 000,No Refill,23 minutes,,,14539.2546
17473,Telegram 𝐏𝐫𝐞𝐦𝐢𝐮𝐦 𝐌𝐞𝐦𝐛𝐞𝐫𝐬 + 𝐕𝐢𝐞𝐰𝐬 - [ 90 Days Premium Accounts | 𝐉𝐨𝐢𝐧 𝐅𝐫𝐨𝐦 𝐒𝐞𝐚𝐫𝐜𝐡 🔍 | 𝐄𝐧𝐠𝐥𝐢𝐬𝐡 𝐏𝐫𝐨𝐟𝐢𝐥𝐞𝐬 🧭 | 100% Non-Drop | Speed 35K/Day | INSTANT,4610.522,50,50 000,No Refill,11 minutes,,,19825.2446
17474,Telegram 𝐏𝐫𝐞𝐦𝐢𝐮𝐦 𝐌𝐞𝐦𝐛𝐞𝐫𝐬 + 𝐕𝐢𝐞𝐰𝐬 - [ 180 Days Premium Accounts | 𝐉𝐨𝐢𝐧 𝐅𝐫𝐨𝐦 𝐒𝐞𝐚𝐫𝐜𝐡 🔍 | 𝐄𝐧𝐠𝐥𝐢𝐬𝐡 𝐏𝐫𝐨𝐟𝐢𝐥𝐞𝐬 🧭 | 100% Non-Drop | Speed 35K/Day | INSTANT,6915.136,50,50 000,No Refill,23 minutes,,,29735.0848
11454,Telegram 𝐏𝐫𝐞𝐦𝐢𝐮𝐦 𝐌𝐞𝐦𝐛𝐞𝐫𝐬 + 𝐕𝐢𝐞𝐰𝐬 - [ 7 Days Premium Accounts | 𝐉𝐨𝐢𝐧 𝐅𝐫𝐨𝐦 𝐋𝐢𝐧𝐤 🔗 | 100% Non-Drop | Speed 35K/Day | INSTANT,368.79,100,100 000,No Refill,17 minutes,,,1585.797
11461,Telegram 𝐏𝐫𝐞𝐦𝐢𝐮𝐦 𝐌𝐞𝐦𝐛𝐞𝐫𝐬 + 𝐕𝐢𝐞𝐰𝐬 - [ 14 Days Premium Accounts | 𝐉𝐨𝐢𝐧 𝐅𝐫𝐨𝐦 𝐋𝐢𝐧𝐤 🔗 | 100% Non-Drop | Speed 35K/Day | INSTANT,663.822,100,100 000,No Refill,22 minutes,,,2854.4346
11442,Telegram 𝐏𝐫𝐞𝐦𝐢𝐮𝐦 𝐌𝐞𝐦𝐛𝐞𝐫𝐬 + 𝐕𝐢𝐞𝐰𝐬 - [ 30 Days Premium Accounts | 𝐉𝐨𝐢𝐧 𝐅𝐫𝐨𝐦 𝐋𝐢𝐧𝐤 🔗 | 100% Non-Drop | Speed 35K/Day | INSTANT,1231.888,100,100 000,No Refill,11 minutes,,,5297.1184
12915,Telegram 𝐏𝐫𝐞𝐦𝐢𝐮𝐦 𝐌𝐞𝐦𝐛𝐞𝐫𝐬 + 𝐕𝐢𝐞𝐰𝐬 - [ 90 Days Premium Accounts | 𝐉𝐨𝐢𝐧 𝐅𝐫𝐨𝐦 𝐋𝐢𝐧𝐤 🔗 | 100% Non-Drop | Speed 35K/Day | INSTANT,3245.352,100,100 000,No Refill,33 minutes,,,13955.0136
11457,Telegram 𝐏𝐫𝐞𝐦𝐢𝐮𝐦 𝐌𝐞𝐦𝐛𝐞𝐫𝐬 + 𝐕𝐢𝐞𝐰𝐬 - [ 7 Days Premium Accounts | 𝐉𝐨𝐢𝐧 𝐅𝐫𝐨𝐦 𝐋𝐢𝐧𝐤 🔗 | 𝐄𝐧𝐠𝐥𝐢𝐬𝐡 𝐏𝐫𝐨𝐟𝐢𝐥𝐞𝐬 🧭 | 100% Non-Drop | Speed 35K/Day | INSTANT,584.888,50,50 000,No Refill,55 minutes,,,2515.0184
17464,Telegram 𝐏𝐫𝐞𝐦𝐢𝐮𝐦 𝐌𝐞𝐦𝐛𝐞𝐫𝐬 + 𝐕𝐢𝐞𝐰𝐬 - [ 14 Days Premium Accounts | 𝐉𝐨𝐢𝐧 𝐅𝐫𝐨𝐦 𝐋𝐢𝐧𝐤 🔗 | 𝐄𝐧𝐠𝐥𝐢𝐬𝐡 𝐏𝐫𝐨𝐟𝐢𝐥𝐞𝐬 🧭 | 100% Non-Drop | Speed 35K/Day | INSTANT,953.678,50,50 000,No Refill,17 minutes,,,4100.8154
17465,Telegram 𝐏𝐫𝐞𝐦𝐢𝐮𝐦 𝐌𝐞𝐦𝐛𝐞𝐫𝐬 + 𝐕𝐢𝐞𝐰𝐬 - [ 30 Days Premium Accounts | 𝐉𝐨𝐢𝐧 𝐅𝐫𝐨𝐦 𝐋𝐢𝐧𝐤 🔗 | 𝐄𝐧𝐠𝐥𝐢𝐬𝐡 𝐏𝐫𝐨𝐟𝐢𝐥𝐞𝐬 🧭 | 100% Non-Drop | Speed 35K/Day | INSTANT,1691.258,50,50 000,No Refill,16 minutes,,,7272.4094
17466,Telegram 𝐏𝐫𝐞𝐦𝐢𝐮𝐦 𝐌𝐞𝐦𝐛𝐞𝐫𝐬 + 𝐕𝐢𝐞𝐰𝐬 - [ 60 Days Premium Accounts | 𝐉𝐨𝐢𝐧 𝐅𝐫𝐨𝐦 𝐋𝐢𝐧𝐤 🔗 | 𝐄𝐧𝐠𝐥𝐢𝐬𝐡 𝐏𝐫𝐨𝐟𝐢𝐥𝐞𝐬 🧭 | 100% Non-Drop | Speed 35K/Day | INSTANT,3381.222,50,50 000,No Refill,23 minutes,,,14539.2546
17467,Telegram 𝐏𝐫𝐞𝐦𝐢𝐮𝐦 𝐌𝐞𝐦𝐛𝐞𝐫𝐬 + 𝐕𝐢𝐞𝐰𝐬 - [ 90 Days Premium Accounts | 𝐉𝐨𝐢𝐧 𝐅𝐫𝐨𝐦 𝐋𝐢𝐧𝐤 🔗 | 𝐄𝐧𝐠𝐥𝐢𝐬𝐡 𝐏𝐫𝐨𝐟𝐢𝐥𝐞𝐬 🧭 | 100% Non-Drop | Speed 35K/Day | INSTANT,4610.522,50,50 000,No Refill,22 minutes,,,19825.2446
17468,Telegram 𝐏𝐫𝐞𝐦𝐢𝐮𝐦 𝐌𝐞𝐦𝐛𝐞𝐫𝐬 + 𝐕𝐢𝐞𝐰𝐬 - [ 180 Days Premium Accounts | 𝐉𝐨𝐢𝐧 𝐅𝐫𝐨𝐦 𝐋𝐢𝐧𝐤 🔗 | 𝐄𝐧𝐠𝐥𝐢𝐬𝐡 𝐏𝐫𝐨𝐟𝐢𝐥𝐞𝐬 🧭 | 100% Non-Drop | Speed 35K/Day | INSTANT,6915.136,50,50 000,No Refill,11 minutes,,,29735.0848
16733,Telegram Search Advertisement Views 🔎 | FAST | Speed 50K/Day | INSTANT,45.29,100,100 000,No Refill,16 minutes,,,194.747
16735,Telegram 𝐏𝐨𝐬𝐭 Advertisement Views 🔎 | FAST | Speed 50K/Day | INSTANT,45.29,100,100 000,No Refill,33 minutes,,,194.747
16732,Telegram Search Advertisement Views 🔎 | Unlimited | Speed 10K/Day | INSTANT,37.526,100,10 000,No Refill,16 minutes,,,161.3618
16734,Telegram 𝐏𝐨𝐬𝐭 Advertisement Views 🔎 | Unlimited | Speed 10K/Day | INSTANT,37.526,100,10 000,No Refill,55 minutes,,,161.3618
16754,🇺🇸 USA | Telegram Search Advertisement Views 🔎 | FAST | Speed 50K/Day | INSTANT,75.052,100,100 000,No Refill,17 minutes,,,322.7236
16755,🇺🇸 USA | Telegram 𝐏𝐨𝐬𝐭 Advertisement Views 🔎 | FAST | Speed 50K/Day | INSTANT,75.052,100,100 000,No Refill,17 minutes,,,322.7236
16746,🇮🇳 Indian | Telegram Search Advertisement Views 🔎 | FAST | Speed 50K/Day | INSTANT,75.052,100,50 000,No Refill,11 minutes,,,322.7236
16747,🇮🇳 Indian | Telegram 𝐏𝐨𝐬𝐭 Advertisement Views 🔎 | FAST | Speed 50K/Day | INSTANT,75.052,100,50 000,No Refill,33 minutes,,,322.7236
16736,🇷🇺 Russian | Telegram Search Advertisement Views 🔎 | FAST | Speed 50K/Day | INSTANT,75.052,100,50 000,No Refill,33 minutes,,,322.7236
16737,🇷🇺 Russian | Telegram 𝐏𝐨𝐬𝐭 Advertisement Views 🔎 | FAST | Speed 50K/Day | INSTANT,75.052,100,100 000,No Refill,22 minutes,,,322.7236
16738,🇨🇳 Chinese | Telegram Search Advertisement Views 🔎 | FAST | Speed 50K/Day | INSTANT,75.052,100,50 000,No Refill,16 minutes,,,322.7236
16739,🇨🇳 Chinese | Telegram 𝐏𝐨𝐬𝐭 Advertisement Views 🔎 | FAST | Speed 50K/Day | INSTANT,75.052,100,100 000,No Refill,16 minutes,,,322.7236
16740,🇮🇱 Israeli | Telegram Search Advertisement Views 🔎 | FAST | Speed 50K/Day | INSTANT,75.052,100,50 000,No Refill,33 minutes,,,322.7236
16741,🇮🇱 Israeli | Telegram 𝐏𝐨𝐬𝐭 Advertisement Views 🔎 | FAST | Speed 50K/Day | INSTANT,75.052,100,50 000,No Refill,16 minutes,,,322.7236
16742,🇺🇿 Uzbek | Telegram Search Advertisement Views 🔎 | FAST | Speed 50K/Day | INSTANT,75.052,100,50 000,No Refill,11 minutes,,,322.7236
16743,🇺🇿 Uzbek | Telegram 𝐏𝐨𝐬𝐭 Advertisement Views 🔎 | FAST | Speed 50K/Day | INSTANT,75.052,100,100 000,No Refill,55 minutes,,,322.7236
16744,🇺🇦 Ukrainian | Telegram Search Advertisement Views 🔎 | FAST | Speed 50K/Day | INSTANT,75.052,100,50 000,No Refill,23 minutes,,,322.7236
16745,🇺🇦 Ukrainian | Telegram 𝐏𝐨𝐬𝐭 Advertisement Views 🔎 | FAST | Speed 50K/Day | INSTANT,75.052,100,50 000,No Refill,17 minutes,,,322.7236
16748,🇸🇦 Arabic | Telegram Search Advertisement Views 🔎 | FAST | Speed 50K/Day | INSTANT,75.052,100,50 000,No Refill,55 minutes,,,322.7236
16749,🇸🇦 Arabic | Telegram 𝐏𝐨𝐬𝐭 Advertisement Views 🔎 | FAST | Speed 50K/Day | INSTANT,75.052,100,50 000,No Refill,16 minutes,,,322.7236
16750,🇹🇷 Turkish | Telegram Search Advertisement Views 🔎 | FAST | Speed 50K/Day | INSTANT,75.052,100,50 000,No Refill,55 minutes,,,322.7236
16751,🇹🇷 Turkish | Telegram 𝐏𝐨𝐬𝐭 Advertisement Views 🔎 | FAST | Speed 50K/Day | INSTANT,75.052,100,50 000,No Refill,22 minutes,,,322.7236
16752,🇩🇪 German | Telegram Search Advertisement Views 🔎 | FAST | Speed 50K/Day | INSTANT,75.052,100,10 000,No Refill,17 minutes,,,322.7236
16753,🇩🇪 German | Telegram 𝐏𝐨𝐬𝐭 Advertisement Views 🔎 | FAST | Speed 50K/Day | INSTANT,75.052,100,100 000,No Refill,55 minutes,,,322.7236
16694,Telegram Post Views | 1 Post | 𝟏𝟓 𝐌𝐢𝐱𝐞𝐝 𝐂𝐨𝐮𝐧𝐭𝐫𝐲 𝐒𝐭𝐚𝐭𝐬 [HQ STAT📊] | Max 3M | Speed 3M/Day | INSTANT,6.47,10,3 000 000,No Refill,9 minutes,,,27.821
9243,Telegram Premium Views - [WORLDWIDE] [Max 80K] [𝐑𝐞𝐚𝐥 𝐒𝐭𝐚𝐭𝐬] [Good For Ranking] [Speed 10-50K/Day] [Non-Drop] [No Refill] [INSTANT],16.822,10,200 000,No Refill,4 minutes,,,72.3346
16756,Telegram Post Views | 1 Post | [HQ STAT📊] 𝐎𝐫𝐠𝐚𝐧𝐢𝐜 𝟏𝟐 𝐌𝐢𝐱𝐞𝐝 𝐂𝐨𝐮𝐧𝐭𝐫𝐢𝐞𝐬 [ REAL ] | Max 1M | Speed 1M/Day | INSTANT,12.94,10,1 000 000,No Refill,3 minutes,,,55.642
5172,Telegram Post Views | 1 Post | Max 10M | 𝐑𝐄𝐀𝐋 & 𝐒𝐔𝐏𝐄𝐑𝐅𝐀𝐒𝐓 | Speed 2-5M/Day | INSTANT,1.294,10,1 000 000,No Refill,62 hours 21 minutes,,,5.5642
5181,Telegram Post Views | 1 Post | Max 10M | Speed 2M/Day | INSTANT,1.294,10,5 000 000,No Refill,47 hours 9 minutes,,,5.5642
13365,Telegram Post Views | 1 Post | Max 1M | Speed 500K/Day | INSTANT,1.294,10,100 000,No Refill,49 hours 44 minutes,,,5.5642
5162,Telegram Post Views | 1 Post | Unlimited | Speed 1M/Day | INSTANT,0.3882,10,100 000 000,No Refill,4 hours 24 minutes,,,1.66926
16693,Telegram Post Views | 1 Post | 𝐌𝐢𝐱𝐞𝐝 𝐒𝐭𝐚𝐭𝐬 | Max 5M | Speed 2M/Day | INSTANT,2.588,100,5 000 000,No Refill,20 minutes,,,11.1284
11588,Telegram Post Views | Max 50K | 𝐑𝐞𝐚𝐥 𝐒𝐭𝐚𝐭𝐬 | Speed 500/HR | INSTANT,10.999,10,50 000,No Refill,5 hours 9 minutes,,,47.2957
5182,Telegram Post Views | Last 5 Posts | No Refill | BOT | Max 300K | Speed 10K/Day | 0-15Mins,1.1646,10,30 000,No Refill,5 hours 49 minutes,,,5.00778
5163,Telegram Post Views - [REAL] [Last 5 Posts] [Max 1M] [FAST] [Speed 400-500K/Day] [INSTANT],6.47,10,10 000 000,No Refill,6 minutes,,,27.821
16695,Telegram Post Views | Last 5 Posts | Speed 20K/Day,1.294,10,300 000,No Refill,2 hours,,,5.5642
5164,Telegram Post Views | Last 10 Posts | No Refill | BOT | Max 300K | Speed 10K/Day | 0-15Mins,2.3292,10,300 000,No Refill,6 hours 23 minutes,,,10.01556
5165,Telegram Post Views - [REAL] [Last 10 Posts] [Max 1M] [FAST] [Speed 400-500K/Day] [INSTANT],10.352,10,10 000 000,No Refill,5 minutes,,,44.5136
16696,Telegram Post Views | Last 10 Posts | Speed 20K/Day,2.588,10,300 000,No Refill,29 minutes,,,11.1284
8490,Telegram Post Views | Last 20 Posts | No Refill | BOT | Max 300K | Speed 10K/Day | 0-15Mins,5.176,10,300 000,No Refill,4 hours 30 minutes,,,22.2568
8491,Telegram Post Views - [REAL] [Last 20 Posts] [Max 1M] [FAST] [Speed 400-500K/Day] [INSTANT],19.41,10,10 000 000,No Refill,6 minutes,,,83.463
16697,Telegram Post Views | Last 20 Posts | Speed 20K/Day,5.176,10,300 000,No Refill,7 hours 14 minutes,,,22.2568
15698,Telegram Post Views | Last 30 Posts | No Refill | BOT | Max 300K | Speed 10K/Day | 0-15Mins,7.2464,10,300 000,No Refill,4 hours 23 minutes,,,31.15952
15699,Telegram Post Views | Last 50 Posts | No Refill | BOT | Max 300K | Speed 10K/Day | 0-15Mins,12.293,10,300 000,No Refill,53 minutes,,,52.8599
8492,Telegram Post Views - [REAL] [Last 50 Posts] [Max 1M] [FAST] [Speed 400-500K/Day] [INSTANT],36.232,10,10 000 000,No Refill,3 minutes,,,155.7976
5166,Telegram Post Views | Last 100 Posts | No Refill | BOT | Max 300K | Speed 10K/Day | 0-15Mins,23.939,10,300 000,No Refill,26 minutes,,,102.9377
5168,Telegram Post Views - [REAL] [Last 100 Posts] [Max 1M] [FAST] [Speed 400-500K/Day] [INSTANT],68.582,10,10 000 000,No Refill,2 minutes,,,294.9026
5167,Telegram Post Views | Last 200 Posts | No Refill | BOT | Max 300K | Speed 10K/Day | 0-15Mins,47.878,10,300 000,No Refill,23 minutes,,,205.8754
5170,Telegram Post Views - [REAL] [Last 200 Posts] [Max 1M] [FAST] [Speed 400-500K/Day] [INSTANT],113.872,10,10 000 000,No Refill,3 minutes,,,489.6496
5169,Telegram Post Views | Last 500 Posts | No Refill | BOT | Max 300K | Speed 10K/Day | 0-15Mins,119.048,10,300 000,No Refill,11 minutes,,,511.9064
16655,Telegram Post Views - [REAL] [Last 500 Posts] [Max 1M] [FAST] [Speed 400-500K/Day] [INSTANT],213.51,10,10 000 000,No Refill,6 minutes,,,918.093
7337,Telegram Post Views | Future 5 Posts | Speed 100-200K/Day | INSTANT,1.5528,10,500 000,No Refill,2 minutes,,,6.67704
5184,Telegram Post Views | Future 10 Posts | Speed 100-200K/Day | INSTANT,3.882,10,500 000,No Refill,2 minutes,,,16.6926
5185,Telegram Post Views | Future 20 Posts | Speed 100-200K/Day | INSTANT,7.764,10,500 000,No Refill,1 minute,,,33.3852
5187,Telegram Post Views | Future 50 Posts | Speed 100-200K/Day | INSTANT,18.116,10,500 000,No Refill,2 minutes,,,77.8988
5188,Telegram Post Views | Future 100 Posts | Speed 100-200K/Day | INSTANT,269.152,100,2 000 000,No Refill,22 minutes,,,1157.3536
11562,Telegram Post Views | Future 500 Posts | Speed 100-200K/Day | INSTANT,1132.25,100,2 000 000,No Refill,55 minutes,,,4868.675
16793,Telegram Post Views | Future 1000 Posts | Speed 100-200K/Day | INSTANT,2102.75,100,2 000 000,No Refill,17 minutes,,,9041.825
8523,Telegram Post Views | 𝐌𝐢𝐱𝐞𝐝 𝐂𝐨𝐮𝐧𝐭𝐫𝐢𝐞𝐬 | 🇮🇱 🇨🇳 🇸🇦 🇦🇪 🇮🇳 🇷🇺 🇺🇸 🇩🇪 🇹🇷 🇰🇷 | Max 1M | Speed 10-50K/Day,5.176,10,1 000 000,No Refill,2 minutes,,,22.2568
5178,Telegram Post Views | Ukraine 🇺🇦 | Last Post | Max 100K | Speed 10-50K/Day,7.764,50,100 000,No Refill,15 minutes,,,33.3852
16759,Telegram Post Views | USA 🇺🇸 | Last Post | Max 100K | Speed 10-50K/Day,3.882,50,100 000,No Refill,50 hours 56 minutes,,,16.6926
16760,Telegram Post Views | India 🇮🇳 | Last Post | Max 100K | Speed 10-50K/Day,7.764,50,100 000,No Refill,16 minutes,,,33.3852
5173,Telegram Post Views | China 🇨🇳 | Last Post | Max 100K | Speed 10-50K/Day,6.47,10,100 000,No Refill,20 minutes,,,27.821
8524,Telegram Post Views | Israel 🇮🇱 | Last Post | Max 100K | Speed 10-50K/Day,6.47,10,100 000,No Refill,22 minutes,,,27.821
8526,Telegram Post Views | Saudi Arabia 🇸🇦 | Last Post | Max 100K | Speed 10-50K/Day,6.47,10,100 000,No Refill,11 minutes,,,27.821
8527,Telegram Post Views | Germany 🇩🇪 | Last Post | Max 100K | Speed 10-50K/Day,7.764,50,50 000,No Refill,4 minutes,,,33.3852
8528,Telegram Post Views | Turkiye 🇹🇷 | Last Post | Max 100K | Speed 10-50K/Day,7.764,50,1 000 000,No Refill,3 minutes,,,33.3852
8529,Telegram Post Views | Italy 🇮🇹 | Last Post | Max 10K | Speed 10K/Day,7.764,50,10 000,No Refill,2 minutes,,,33.3852
11560,Telegram Post Views | Indonesia 🇮🇩 | Last Post | Max 100K | Speed 10-50K/Day,7.764,50,1 000 000,No Refill,16 minutes,,,33.3852
5179,Telegram Post Views | Kazakhstan 🇰🇿 | Last Post | Max 100K | Speed 10-50K/Day,8.411,50,50 000,No Refill,17 minutes,,,36.1673
5177,Telegram Post Views | Uzbekistan 🇺🇿 | Last Post | Max 100K | Speed 10-50K/Day,15.528,10,200 000,No Refill,23 minutes,,,66.7704
5174,Telegram Post Views | India 🇮🇳 | Last Post | Max 1M | 𝐑𝐞𝐚𝐥 𝐒𝐭𝐚𝐭𝐬 | Speed 100K/Day | 0-10Mins,6.47,10,1 000 000,No Refill,3 minutes,,,27.821
11569,🇮🇳 Telegram Post Views - [India 🇮🇳] [Max 100K] [𝐋𝐚𝐭𝐞𝐬𝐭 𝟓 𝐏𝐨𝐬𝐭𝐬] [𝐑𝐞𝐚𝐥 𝐒𝐭𝐚𝐭𝐬] [Speed 50-100K/Day] [No Refill] [𝐑𝐄𝐀𝐋] [INSTANT],6.47,10,100 000,No Refill,22 minutes,,,27.821
11570,🇮🇳 Telegram Post Views - [India 🇮🇳] [Max 100K] [𝐋𝐚𝐭𝐞𝐬𝐭 𝟏𝟎 𝐏𝐨𝐬𝐭𝐬] [𝐑𝐞𝐚𝐥 𝐒𝐭𝐚𝐭𝐬] [Speed 50-100K/Day] [No Refill] [𝐑𝐄𝐀𝐋] [INSTANT],11.646,10,100 000,No Refill,33 minutes,,,50.0778
11571,🇮🇳 Telegram Post Views - [India 🇮🇳] [Max 100K] [𝐋𝐚𝐭𝐞𝐬𝐭 𝟐𝟎 𝐏𝐨𝐬𝐭𝐬] [𝐑𝐞𝐚𝐥 𝐒𝐭𝐚𝐭𝐬] [Speed 50-100K/Day] [No Refill] [𝐑𝐄𝐀𝐋] [INSTANT],16.822,10,100 000,No Refill,33 minutes,,,72.3346
11572,🇮🇳 Telegram Post Views - [India 🇮🇳] [Max 100K] [𝐋𝐚𝐭𝐞𝐬𝐭 𝟓𝟎 𝐏𝐨𝐬𝐭𝐬] [𝐑𝐞𝐚𝐥 𝐒𝐭𝐚𝐭𝐬] [Speed 50-100K/Day] [No Refill] [𝐑𝐄𝐀𝐋] [INSTANT],54.348,10,100 000,No Refill,17 minutes,,,233.6964
16698,🇮🇳 Telegram Post Views - [India 🇮🇳] [Max 100K] [𝐋𝐚𝐭𝐞𝐬𝐭 𝟏𝟎𝟎 𝐏𝐨𝐬𝐭𝐬] [𝐑𝐞𝐚𝐥 𝐒𝐭𝐚𝐭𝐬] [Speed 50-100K/Day] [No Refill] [𝐑𝐄𝐀𝐋] [INSTANT],108.696,10,100 000,No Refill,55 minutes,,,467.3928
16699,🇮🇳 Telegram Post Views - [India 🇮🇳] [Max 100K] [𝐋𝐚𝐭𝐞𝐬𝐭 𝟐𝟎𝟎 𝐏𝐨𝐬𝐭𝐬] [𝐑𝐞𝐚𝐥 𝐒𝐭𝐚𝐭𝐬] [Speed 50-100K/Day] [No Refill] [𝐑𝐄𝐀𝐋] [INSTANT],217.392,10,100 000,No Refill,16 minutes,,,934.7856
16700,🇮🇳 Telegram Post Views | India 🇮🇳 [ 𝟏𝟎 𝐅𝐔𝐓𝐔𝐑𝐄 𝐏𝐎𝐒𝐓𝐒 ] Speed 50K/Day,14.234,100,50 000,No Refill,22 minutes,,,61.2062
16701,🇮🇳 Telegram Post Views | India 🇮🇳 [ 𝟑𝟎 𝐅𝐔𝐓𝐔𝐑𝐄 𝐏𝐎𝐒𝐓𝐒 ] Speed 50K/Day,42.702,100,50 000,No Refill,22 minutes,,,183.6186
16702,🇮🇳 Telegram Post Views | India 🇮🇳 [ 𝟓𝟎 𝐅𝐔𝐓𝐔𝐑𝐄 𝐏𝐎𝐒𝐓𝐒 ] Speed 50K/Day,71.17,100,50 000,No Refill,22 minutes,,,306.031
16703,🇮🇳 Telegram Post Views | India 🇮🇳 [ 𝟏𝟎𝟎 𝐅𝐔𝐓𝐔𝐑𝐄 𝐏𝐎𝐒𝐓𝐒 ] Speed 50K/Day,142.34,100,50 000,No Refill,23 minutes,,,612.062
5175,Telegram Post Views - [USA 🇺🇸] [Last Post] [Max 1M] [Speed 100K/Day] [0-5Mins],7.764,50,1 000 000,No Refill,5 minutes,,,33.3852
11564,🇺🇸 Telegram Post Views - [USA 🇺🇸] [Max 5M] [𝐋𝐚𝐭𝐞𝐬𝐭 𝟓 𝐏𝐨𝐬𝐭𝐬] [𝐑𝐞𝐚𝐥 𝐒𝐭𝐚𝐭𝐬] [Speed 50-100K/Day] [No Refill] [𝐑𝐄𝐀𝐋] [INSTANT],5.176,10,5 000 000,No Refill,27 minutes,,,22.2568
16704,🇺🇸 Telegram Post Views - [USA 🇺🇸] [Max 5M] [𝐋𝐚𝐭𝐞𝐬𝐭 𝟏𝟎 𝐏𝐨𝐬𝐭𝐬] [𝐑𝐞𝐚𝐥 𝐒𝐭𝐚𝐭𝐬] [Speed 50-100K/Day] [No Refill] [𝐑𝐄𝐀𝐋] [INSTANT],10.352,10,5 000 000,No Refill,16 minutes,,,44.5136
11565,🇺🇸 Telegram Post Views - [USA 🇺🇸] [Max 5M] [𝐋𝐚𝐭𝐞𝐬𝐭 𝟓𝟎 𝐏𝐨𝐬𝐭𝐬] [𝐑𝐞𝐚𝐥 𝐒𝐭𝐚𝐭𝐬] [Speed 50-100K/Day] [No Refill] [𝐑𝐄𝐀𝐋] [INSTANT],46.584,10,5 000 000,No Refill,11 minutes,,,200.3112
11566,🇺🇸 Telegram Post Views - [USA 🇺🇸] [Max 5M] [𝐋𝐚𝐭𝐞𝐬𝐭 𝟏𝟎𝟎 𝐏𝐨𝐬𝐭𝐬] [𝐑𝐞𝐚𝐥 𝐒𝐭𝐚𝐭𝐬] [Speed 50-100K/Day] [No Refill] [𝐑𝐄𝐀𝐋] [INSTANT],93.168,10,5 000 000,No Refill,23 minutes,,,400.6224
11567,🇺🇸 Telegram Post Views - [USA 🇺🇸] [Max 5M] [𝐋𝐚𝐭𝐞𝐬𝐭 𝟐𝟎𝟎 𝐏𝐨𝐬𝐭𝐬] [𝐑𝐞𝐚𝐥 𝐒𝐭𝐚𝐭𝐬] [Speed 50-100K/Day] [No Refill] [𝐑𝐄𝐀𝐋] [INSTANT],186.336,100,5 000 000,No Refill,22 minutes,,,801.2448
11568,🇺🇸 Telegram Post Views - [USA 🇺🇸] [Max 5M] [𝐋𝐚𝐭𝐞𝐬𝐭 𝟓𝟎𝟎 𝐏𝐨𝐬𝐭𝐬] [𝐑𝐞𝐚𝐥 𝐒𝐭𝐚𝐭𝐬] [Speed 50-100K/Day] [No Refill] [𝐑𝐄𝐀𝐋] [INSTANT],450.312,100,5 000 000,No Refill,16 minutes,,,1936.3416
16713,Telegram Post Views - [ China 🇨🇳 ] [ Last Post ] [ Max 1M ] [ Speed 100K/Day ] [ 0-5Mins ],7.764,50,1 000 000,No Refill,4 minutes,,,33.3852
16716,🇨🇳 Telegram Post Views - [ China 🇨🇳 ] [ Max 5M ] [ 𝐋𝐚𝐭𝐞𝐬𝐭 𝟓 𝐏𝐨𝐬𝐭𝐬 ] [ 𝐑𝐞𝐚𝐥 𝐒𝐭𝐚𝐭𝐬 ] [ Speed 50-100K/Day] [ 𝐑𝐄𝐀𝐋 ] [ INSTANT ],15.528,100,5 000 000,No Refill,11 minutes,,,66.7704
16719,🇨🇳 Telegram Post Views - [ China 🇨🇳 ] [ Max 5M ] [ 𝐋𝐚𝐭𝐞𝐬𝐭 𝟏𝟎 𝐏𝐨𝐬𝐭𝐬 ] [ 𝐑𝐞𝐚𝐥 𝐒𝐭𝐚𝐭𝐬 ] [ Speed 50-100K/Day] [ 𝐑𝐄𝐀𝐋 ] [ INSTANT ],29.762,100,5 000 000,No Refill,6 hours 38 minutes,,,127.9766
16720,🇨🇳 Telegram Post Views - [ China 🇨🇳 ] [ Max 5M ] [ 𝐋𝐚𝐭𝐞𝐬𝐭 𝟓𝟎 𝐏𝐨𝐬𝐭𝐬 ] [ 𝐑𝐞𝐚𝐥 𝐒𝐭𝐚𝐭𝐬 ] [ Speed 50-100K/Day] [ 𝐑𝐄𝐀𝐋 ] [ INSTANT ],148.81,100,5 000 000,No Refill,33 minutes,,,639.883
16721,🇨🇳 Telegram Post Views - [ China 🇨🇳 ] [ Max 5M ] [ 𝐋𝐚𝐭𝐞𝐬𝐭 𝟏𝟎𝟎 𝐏𝐨𝐬𝐭𝐬 ] [ 𝐑𝐞𝐚𝐥 𝐒𝐭𝐚𝐭𝐬 ] [ Speed 50-100K/Day] [ 𝐑𝐄𝐀𝐋 ] [ INSTANT ],297.62,100,5 000 000,No Refill,38 minutes,,,1279.766
16722,🇨🇳 Telegram Post Views - [ China 🇨🇳 ] [ Max 5M ] [ 𝐋𝐚𝐭𝐞𝐬𝐭 𝟐𝟎𝟎 𝐏𝐨𝐬𝐭𝐬 ] [ 𝐑𝐞𝐚𝐥 𝐒𝐭𝐚𝐭𝐬 ] [ Speed 50-100K/Day] [ 𝐑𝐄𝐀𝐋 ] [ INSTANT ],595.24,100,5 000 000,No Refill,1 hour 19 minutes,,,2559.532
16723,🇨🇳 Telegram Post Views - [ China 🇨🇳 ] [ Max 5M ] [ 𝐋𝐚𝐭𝐞𝐬𝐭 𝟓𝟎𝟎 𝐏𝐨𝐬𝐭𝐬 ] [ 𝐑𝐞𝐚𝐥 𝐒𝐭𝐚𝐭𝐬 ] [ Speed 50-100K/Day] [ 𝐑𝐄𝐀𝐋 ] [ INSTANT ],1488.1,100,5 000 000,No Refill,55 minutes,,,6398.83
16724,🇨🇳 Telegram Post Views | China 🇨🇳 [ 𝟏𝟎 𝐅𝐔𝐓𝐔𝐑𝐄 𝐏𝐎𝐒𝐓𝐒 ] Speed 50K/Day,14.234,100,50 000,No Refill,11 minutes,,,61.2062
16725,🇨🇳 Telegram Post Views | China 🇨🇳 [ 𝟑𝟎 𝐅𝐔𝐓𝐔𝐑𝐄 𝐏𝐎𝐒𝐓𝐒 ] Speed 50K/Day,42.702,100,50 000,No Refill,16 minutes,,,183.6186
16726,🇨🇳 Telegram Post Views | China 🇨🇳 [ 𝟓𝟎 𝐅𝐔𝐓𝐔𝐑𝐄 𝐏𝐎𝐒𝐓𝐒 ] Speed 50K/Day,71.17,100,50 000,No Refill,23 minutes,,,306.031
16727,🇨🇳 Telegram Post Views | China 🇨🇳 [ 𝟏𝟎𝟎 𝐅𝐔𝐓𝐔𝐑𝐄 𝐏𝐎𝐒𝐓𝐒 ] Speed 50K/Day,142.34,100,50 000,No Refill,1 minute,,,612.062
16715,Telegram Post Views - [Arab 🇸🇦] [Last Post] [Max 1M] [Speed 100K/Day] [0-5Mins],1.294,10,100 000,No Refill,16 minutes,,,5.5642
16714,🇸🇦 Telegram Post Views - [ Arab 🇸🇦 ] [ Max 5M ] [ 𝐋𝐚𝐭𝐞𝐬𝐭 𝟓 𝐏𝐨𝐬𝐭𝐬 ] [ 𝐑𝐞𝐚𝐥 𝐒𝐭𝐚𝐭𝐬 ] [ Speed 50-100K/Day ] [ 𝐑𝐄𝐀𝐋 ] [ INSTANT ],6.47,10,100 000,No Refill,22 minutes,,,27.821
16717,🇸🇦 Telegram Post Views - [ Arab 🇸🇦 ] [ Max 5M ] [ 𝐋𝐚𝐭𝐞𝐬𝐭 𝟏𝟎 𝐏𝐨𝐬𝐭𝐬 ] [ 𝐑𝐞𝐚𝐥 𝐒𝐭𝐚𝐭𝐬 ] [ Speed 50-100K/Day ] [ 𝐑𝐄𝐀𝐋 ] [ INSTANT ],10.352,10,100 000,No Refill,23 minutes,,,44.5136
16718,🇸🇦 Telegram Post Views - [ Arab 🇸🇦 ] [ Max 5M ] [ 𝐋𝐚𝐭𝐞𝐬𝐭 𝟐𝟎 𝐏𝐨𝐬𝐭𝐬 ] [ 𝐑𝐞𝐚𝐥 𝐒𝐭𝐚𝐭𝐬 ] [ Speed 50-100K/Day ] [ 𝐑𝐄𝐀𝐋 ] [ INSTANT ],20.704,10,100 000,No Refill,23 minutes,,,89.0272
16728,🇸🇦 Telegram Post Views - [ Arab 🇸🇦 ] [ Max 5M ] [ 𝐋𝐚𝐭𝐞𝐬𝐭 𝟓𝟎 𝐏𝐨𝐬𝐭𝐬 ] [ 𝐑𝐞𝐚𝐥 𝐒𝐭𝐚𝐭𝐬 ] [ Speed 50-100K/Day ] [ 𝐑𝐄𝐀𝐋 ] [ INSTANT ],50.466,10,100 000,No Refill,23 minutes,,,217.0038
16729,🇸🇦 Telegram Post Views - [ Arab 🇸🇦 ] [ Max 5M ] [ 𝐋𝐚𝐭𝐞𝐬𝐭 𝟏𝟎𝟎 𝐏𝐨𝐬𝐭𝐬 ] [ 𝐑𝐞𝐚𝐥 𝐒𝐭𝐚𝐭𝐬 ] [ Speed 50-100K/Day ] [ 𝐑𝐄𝐀𝐋 ] [ INSTANT ],99.638,10,100 000,No Refill,22 minutes,,,428.4434
16730,🇸🇦 Telegram Post Views - [ Arab 🇸🇦 ] [ Max 5M ] [ 𝐋𝐚𝐭𝐞𝐬𝐭 𝟐𝟎𝟎 𝐏𝐨𝐬𝐭𝐬 ] [ 𝐑𝐞𝐚𝐥 𝐒𝐭𝐚𝐭𝐬 ] [ Speed 50-100K/Day ] [ 𝐑𝐄𝐀𝐋 ] [ INSTANT ],199.276,10,100 000,No Refill,55 minutes,,,856.8868
16731,🇸🇦 Telegram Post Views - [ Arab 🇸🇦 ] [ Max 5M ] [ 𝐋𝐚𝐭𝐞𝐬𝐭 𝟓𝟎𝟎 𝐏𝐨𝐬𝐭𝐬 ] [ 𝐑𝐞𝐚𝐥 𝐒𝐭𝐚𝐭𝐬 ] [ Speed 50-100K/Day ] [ 𝐑𝐄𝐀𝐋 ] [ INSTANT ],498.19,10,100 000,No Refill,11 minutes,,,2142.217
5176,Telegram Post Views - [Russia 🇷🇺] [Last Post] [Max 100K] [Speed 10-50K/Day] [0-30Mins],6.47,10,100 000,No Refill,28 minutes,,,27.821
11579,🇷🇺 Telegram Post Views - [Russia 🇷🇺] [100 Views/Minute] [𝐑𝐞𝐚𝐥 𝐒𝐭𝐚𝐭𝐬] [Max 10K] [No Refill] [Speed 2-5K/Day] [Non-Drop] [Instant],6.47,70,10 000,No Refill,33 minutes,,,27.821
11563,🇷🇺 Telegram Post Views - [Russia 🇷🇺] [Unlimited] [𝐋𝐚𝐭𝐞𝐬𝐭 𝟓 𝐏𝐨𝐬𝐭𝐬] [𝐑𝐞𝐚𝐥 𝐒𝐭𝐚𝐭𝐬] [Speed 100K/Day] [𝐑𝐄𝐀𝐋] [INSTANT],15.528,100,100 000 000,No Refill,6 minutes,,,66.7704
16705,🇷🇺 Telegram Post Views - [Russia 🇷🇺] [Unlimited] [𝐋𝐚𝐭𝐞𝐬𝐭 𝟏𝟎 𝐏𝐨𝐬𝐭𝐬] [𝐑𝐞𝐚𝐥 𝐒𝐭𝐚𝐭𝐬] [Speed 100K/Day] [𝐑𝐄𝐀𝐋] [INSTANT],31.056,100,100 000 000,No Refill,23 minutes,,,133.5408
16706,🇷🇺 Telegram Post Views - [Russia 🇷🇺] [Unlimited] [𝐋𝐚𝐭𝐞𝐬𝐭 𝟐𝟎 𝐏𝐨𝐬𝐭𝐬] [𝐑𝐞𝐚𝐥 𝐒𝐭𝐚𝐭𝐬] [Speed 100K/Day] [𝐑𝐄𝐀𝐋] [INSTANT],62.112,100,100 000 000,No Refill,33 minutes,,,267.0816
16707,🇷🇺 Telegram Post Views - [Russia 🇷🇺] [Unlimited] [𝐋𝐚𝐭𝐞𝐬𝐭 𝟓𝟎 𝐏𝐨𝐬𝐭𝐬] [𝐑𝐞𝐚𝐥 𝐒𝐭𝐚𝐭𝐬] [Speed 100K/Day] [𝐑𝐄𝐀𝐋] [INSTANT],155.28,100,100 000 000,No Refill,33 minutes,,,667.704
16708,🇷🇺 Telegram Post Views | Russia 🇷🇺 [ 𝟏𝟎 𝐅𝐔𝐓𝐔𝐑𝐄 𝐏𝐎𝐒𝐓𝐒 ] Speed 50K/Day,15.528,100,100 000,No Refill,33 minutes,,,66.7704
16709,🇷🇺 Telegram Post Views | Russia 🇷🇺 [ 𝟑𝟎 𝐅𝐔𝐓𝐔𝐑𝐄 𝐏𝐎𝐒𝐓𝐒 ] Speed 50K/Day,46.584,100,100 000,No Refill,16 minutes,,,200.3112
16710,🇷🇺 Telegram Post Views | Russia 🇷🇺 [ 𝟓𝟎 𝐅𝐔𝐓𝐔𝐑𝐄 𝐏𝐎𝐒𝐓𝐒 ] Speed 50K/Day,77.64,100,100 000,No Refill,55 minutes,,,333.852
16711,🇷🇺 Telegram Post Views | Russia 🇷🇺 [ 𝟏𝟎𝟎 𝐅𝐔𝐓𝐔𝐑𝐄 𝐏𝐎𝐒𝐓𝐒 ] Speed 50K/Day,155.28,100,100 000,No Refill,17 minutes,,,667.704
9166,Telegram Post View📊 | Max 100K | 𝐏𝐫𝐞𝐦𝐢𝐮𝐦 𝐀𝐜𝐜𝐨𝐮𝐧𝐭𝐬 | Speed 50K/Day | INSTANT,15.528,10,100 000,No Refill,2 minutes,,,66.7704
16780,Telegram Post View📊 | Max 20K | 𝐏𝐫𝐞𝐦𝐢𝐮𝐦 𝐀𝐜𝐜𝐨𝐮𝐧𝐭𝐬 | Good For Search | Speed 20K/Day | INSTANT,51.76,10,20 000,No Refill,17 minutes,,,222.568
16786,Telegram Post View📊 | 𝐏𝐫𝐞𝐦𝐢𝐮𝐦 𝐀𝐜𝐜𝐨𝐮𝐧𝐭𝐬 | 𝐋𝐚𝐬𝐭 𝟓 𝐩𝐨𝐬𝐭𝐬 | INSTANT,71.17,10,100 000,No Refill,9 minutes,,,306.031
16790,Telegram Post View📊 | 𝐏𝐫𝐞𝐦𝐢𝐮𝐦 𝐀𝐜𝐜𝐨𝐮𝐧𝐭𝐬 | 𝐋𝐚𝐬𝐭 𝟐𝟎 𝐩𝐨𝐬𝐭𝐬 | INSTANT,270.446,10,100 000,No Refill,3 minutes,,,1162.9178
16791,Telegram Post View📊 | 𝐏𝐫𝐞𝐦𝐢𝐮𝐦 𝐀𝐜𝐜𝐨𝐮𝐧𝐭𝐬 | 𝐋𝐚𝐬𝐭 𝟓𝟎 𝐩𝐨𝐬𝐭𝐬 | INSTANT,270.446,10,100 000,No Refill,11 minutes,,,1162.9178
16792,Telegram Post View📊 | 𝐏𝐫𝐞𝐦𝐢𝐮𝐦 𝐀𝐜𝐜𝐨𝐮𝐧𝐭𝐬 | 𝐋𝐚𝐬𝐭 𝟏𝟎𝟎 𝐩𝐨𝐬𝐭𝐬 | INSTANT,270.446,10,100 000,No Refill,23 minutes,,,1162.9178
16781,🇷🇺 Telegram Premium Views - [ USA 🇺🇸 ] [ 𝐑𝐞𝐚𝐥 𝐒𝐭𝐚𝐭𝐬 ] [ Max 20K ] [ Speed 20K/Day ] [ INSTANT ],19.41,50,20 000,No Refill,9 minutes,,,83.463
16787,🇷🇺 Telegram Premium Views - [ USA 🇺🇸 ] [ 𝐑𝐞𝐚𝐥 𝐒𝐭𝐚𝐭𝐬 ] [ Max 50K ] [ Speed 30K/Day ] [ INSTANT ],71.17,10,50 000,No Refill,16 minutes,,,306.031
9244,🇷🇺 Telegram Premium Views - [ Russian 🇷🇺 ] [ 𝐑𝐞𝐚𝐥 𝐒𝐭𝐚𝐭𝐬 ] [ Max 20K ] [ Speed 20K/Day ] [ INSTANT ],19.41,10,20 000,No Refill,2 minutes,,,83.463
16788,🇷🇺 Telegram Premium Views - [ Russian 🇷🇺 ] [ 𝐑𝐞𝐚𝐥 𝐒𝐭𝐚𝐭𝐬 ] [ Max 50K ] [ Speed 30K/Day ] [ INSTANT ],71.17,10,50 000,No Refill,55 minutes,,,306.031
9245,🇮🇳 Telegram Premium Views - [ Indian 🇮🇳 ] [ 𝐑𝐞𝐚𝐥 𝐒𝐭𝐚𝐭𝐬 ] [ Max 20K ] [ Speed 20K/Day ] [ INSTANT ],19.41,10,20 000,No Refill,55 minutes,,,83.463
16789,🇮🇳 Telegram Premium Views - [ Indian 🇮🇳 ] [ 𝐑𝐞𝐚𝐥 𝐒𝐭𝐚𝐭𝐬 ] [ Max 50K ] [ Speed 30K/Day ] [ INSTANT ],71.17,10,50 000,No Refill,17 minutes,,,306.031
9246,🇸🇦 Telegram Premium Views - [ Arab 🇸🇦 ] [ 𝐑𝐞𝐚𝐥 𝐒𝐭𝐚𝐭𝐬 ] [ Max 20K ] [ Speed 20K/Day ] [ INSTANT ],19.41,10,20 000,No Refill,22 minutes,,,83.463
9247,🇮🇱 Telegram Premium Views - [ Israel 🇮🇱 ] [ 𝐑𝐞𝐚𝐥 𝐒𝐭𝐚𝐭𝐬 ] [ Max 20K ] [ Speed 20K/Day ] [ INSTANT ],19.41,10,20 000,No Refill,22 minutes,,,83.463
9248,🇷🇺 Telegram Premium Views - [ Russia 🇷🇺 ] [ 𝐑𝐞𝐚𝐥 𝐒𝐭𝐚𝐭𝐬 ] [ Max 20K ] [ Speed 20K/Day ] [ INSTANT ],19.41,50,20 000,No Refill,16 minutes,,,83.463
16783,🇷🇺 Telegram Premium Views - [ Turkey 🇹🇷 ] [ 𝐑𝐞𝐚𝐥 𝐒𝐭𝐚𝐭𝐬 ] [ Max 100K ] [ Speed 50K/Day ] [ INSTANT ],71.17,10,50 000,No Refill,22 minutes,,,306.031
16785,🇷🇺 Telegram Premium Views - [ China 🇨🇳 ] [ 𝐑𝐞𝐚𝐥 𝐒𝐭𝐚𝐭𝐬 ] [ Max 100K ] [ Speed 50K/Day ] [ INSTANT ],71.17,10,50 000,No Refill,16 minutes,,,306.031
16782,🇷🇺 Telegram Premium Views - [ IRAN 🇮🇷 ] [ 𝐑𝐞𝐚𝐥 𝐒𝐭𝐚𝐭𝐬 ] [ Max 100K ] [ Speed 50K/Day ] [ INSTANT ],142.34,10,100 000,No Refill,33 minutes,,,612.062
16784,🇷🇺 Telegram Premium Views - [ ITALY 🇮🇹 ] [ 𝐑𝐞𝐚𝐥 𝐒𝐭𝐚𝐭𝐬 ] [ Max 100K ] [ Speed 50K/Day ] [ INSTANT ],142.34,10,100 000,No Refill,16 minutes,,,612.062
8493,Telegram Auto Post Views - [𝐅𝐮𝐭𝐮𝐫𝐞 + 𝐎𝐥𝐝 𝐏𝐨𝐬𝐭𝐬] [Max 10M] [Speed 300K/Day] [INSTANT],1.294,10,1 000 000,No Refill,45 hours,,,5.5642
8494,Telegram Auto Post Views - [𝐅𝐮𝐭𝐮𝐫𝐞 + 𝐎𝐥𝐝 𝐏𝐨𝐬𝐭𝐬] [Max 10M] [Speed 2M/Day] [INSTANT],1.294,10,1 000 000,No Refill,52 hours 32 minutes,,,5.5642
8495,Telegram Auto Post Views - [𝐅𝐮𝐭𝐮𝐫𝐞 + 𝐎𝐥𝐝 𝐏𝐨𝐬𝐭𝐬] [Max 10M] [REAL & SUPERFAST] [Speed 2-5M/Day] [INSTANT],1.294,10,100 000 000,No Refill,52 hours 23 minutes,,,5.5642
16840,Telegram Views + Positive Reaction [👍🤩🎉🔥❤️🥰👏🏻] - [Max 1M] [Speed 5-10K/Day] [Instant],9.058,10,1 000 000,No Refill,5 minutes,,,38.9494
16805,Telegram Post Reactions + Views | Always Stable | 200K/Day [👎],7.764,10,1 000 000,No Refill,23 minutes,,,33.3852
16806,Telegram Post Reactions + Views | Always Stable | 200K/Day [👍],7.764,10,1 000 000,No Refill,55 minutes,,,33.3852
16841,Telegram Views + Negative Reaction [👎😁😢💩🤮🤔🤯🤬] - [Max 1M] [Speed 5-10K/Day] [Instant],9.058,10,1 000 000,No Refill,2 minutes,,,38.9494
16807,Telegram Post Reactions + Views | Always Stable | 200K/Day [🤣],7.764,10,1 000 000,No Refill,1 hour 17 minutes,,,33.3852
16808,Telegram Post Reactions + Views | Always Stable | 200K/Day [🤡],7.764,10,1 000 000,No Refill,17 minutes,,,33.3852
16809,Telegram Post Reactions + Views | Always Stable | 200K/Day [🕊],7.764,10,1 000 000,No Refill,23 minutes,,,33.3852
16810,Telegram Post Reactions + Views | Always Stable | 200K/Day [🐳],7.764,10,1 000 000,No Refill,3 minutes,,,33.3852
16811,Telegram Post Reactions + Views | Always Stable | 200K/Day [😱],7.764,10,1 000 000,No Refill,55 minutes,,,33.3852
16812,Telegram Post Reactions + Views | Always Stable | 200K/Day [🤩],7.764,10,1 000 000,No Refill,2 minutes,,,33.3852
16813,Telegram Post Reactions + Views | Always Stable | 200K/Day [😁],7.764,10,1 000 000,No Refill,23 minutes,,,33.3852
16814,Telegram Post Reactions + Views | Always Stable | 200K/Day [⚡️],7.764,10,1 000 000,No Refill,2 minutes,,,33.3852
16815,Telegram Post Reactions + Views | Always Stable | 200K/Day [🍌],7.764,10,1 000 000,No Refill,11 minutes,,,33.3852
16816,Telegram Post Reactions + Views | Always Stable | 200K/Day [🏆],7.764,10,1 000 000,No Refill,3 minutes,,,33.3852
16817,Telegram Post Reactions + Views | Always Stable | 200K/Day [👌🏻],7.764,10,1 000 000,No Refill,2 minutes,,,33.3852
16818,Telegram Post Reactions + Views | Always Stable | 200K/Day [❤️‍🔥],7.764,10,1 000 000,No Refill,3 minutes,,,33.3852
16819,Telegram Post Reactions + Views | Always Stable | 200K/Day [💯],7.764,10,1 000 000,No Refill,2 minutes,,,33.3852
16820,Telegram Post Reactions + Views | Always Stable | 200K/Day [😍],7.764,10,1 000 000,No Refill,33 minutes,,,33.3852
16821,Telegram Post Reactions + Views | Always Stable | 200K/Day [❤️],7.764,10,1 000 000,No Refill,2 minutes,,,33.3852
16822,Telegram Post Reactions + Views | Always Stable | 200K/Day [🔥],7.764,10,1 000 000,No Refill,2 minutes,,,33.3852
16823,Telegram Post Reactions + Views | Always Stable | 200K/Day [🎉],7.764,10,1 000 000,No Refill,2 minutes,,,33.3852
16824,Telegram Post Reactions + Views | Always Stable | 200K/Day [🤩],7.764,10,1 000 000,No Refill,23 minutes,,,33.3852
16825,Telegram Post Reactions + Views | Always Stable | 200K/Day [😱],7.764,10,1 000 000,No Refill,22 minutes,,,33.3852
16826,Telegram Post Reactions + Views | Always Stable | 200K/Day [😁],7.764,10,1 000 000,No Refill,11 minutes,,,33.3852
16827,Telegram Post Reactions + Views | Always Stable | 200K/Day [😢],7.764,10,1 000 000,No Refill,2 minutes,,,33.3852
16828,Telegram Post Reactions + Views | Always Stable | 200K/Day [💩],7.764,10,1 000 000,No Refill,2 hours 17 minutes,,,33.3852
16829,Telegram Post Reactions + Views | Always Stable | 200K/Day [🤮],7.764,10,1 000 000,No Refill,55 minutes,,,33.3852
16830,Telegram Post Reactions + Views | Always Stable | 200K/Day [😐],7.764,10,1 000 000,No Refill,11 minutes,,,33.3852
16831,Telegram Post Reactions + Views | Always Stable | 200K/Day [🍾],7.764,10,1 000 000,No Refill,7 minutes,,,33.3852
16832,Telegram Post Reactions + Views | Always Stable | 200K/Day[🖕],7.764,10,1 000 000,No Refill,3 minutes,,,33.3852
16833,Telegram Post Reactions + Views | Always Stable | 200K/Day [😭],7.764,10,1 000 000,No Refill,11 minutes,,,33.3852
16834,Telegram Post Reactions + Views | Always Stable | 200K/Day [👻],7.764,10,1 000 000,No Refill,11 minutes,,,33.3852
16835,Telegram Post Reactions + Views | Always Stable | 200K/Day [👀],7.764,10,1 000 000,No Refill,22 minutes,,,33.3852
16836,Telegram Post Reactions + Views | Always Stable | 200K/Day [🤝],7.764,10,1 000 000,No Refill,33 minutes,,,33.3852
16837,Telegram Post Reactions + Views | Always Stable | 200K/Day [🗿],7.764,10,1 000 000,No Refill,23 minutes,,,33.3852
16838,Telegram Post Reactions + Views | Always Stable | 200K/Day [💊],7.764,10,1 000 000,No Refill,2 minutes,,,33.3852
16839,Telegram Post Reactions + Views | Always Stable | 200K/Day [🦄],7.764,10,1 000 000,No Refill,11 minutes,,,33.3852
5191,Telegram Views + Positive Reaction [👍🤩🎉🔥❤️🥰👏🏻] - [Max 1M] [Speed 5-10K/Day] [Instant],9.058,10,1 000 000,No Refill,2 minutes,,,38.9494
5192,Telegram Views + Negative Reaction [👎😁😢💩🤮🤔🤯🤬] - [Max 1M] [Speed 5-10K/Day] [Instant],9.058,10,1 000 000,No Refill,2 minutes,,,38.9494
15889,Telegram Views + Reaction [🥰] - [Max 1M] [Speed 100K/Day] [INSTANT],2.588,10,1 000 000,No Refill,8 hours 15 minutes,,,11.1284
15890,Telegram Views + Reaction [👏] - [Max 1M] [Speed 100K/Day] [INSTANT],2.588,10,1 000 000,No Refill,7 hours 1 minute,,,11.1284
5193,Telegram Views + Reaction [👍] - [Max 1M] [Speed 100K/Day] [INSTANT],2.588,10,1 000 000,No Refill,2 hours 32 minutes,,,11.1284
15891,Telegram Views + Reaction [🤔] - [Max 1M] [Speed 100K/Day] [INSTANT],2.588,10,1 000 000,No Refill,22 minutes,,,11.1284
5194,Telegram Views + Reaction [👎] - [Max 1M] [Speed 100K/Day] [INSTANT],2.588,10,1 000 000,No Refill,45 minutes,,,11.1284
15892,Telegram Views + Reaction [🤯] - [Max 1M] [Speed 100K/Day] [INSTANT],2.588,10,1 000 000,No Refill,17 minutes,,,11.1284
5195,Telegram Views + Reaction [❤️] - [Max 1M] [Speed 100K/Day] [INSTANT],2.588,10,1 000 000,No Refill,3 hours 29 minutes,,,11.1284
15893,Telegram Views + Reaction [🤬] - [Max 1M] [Speed 100K/Day] [INSTANT],2.588,10,1 000 000,No Refill,7 hours 11 minutes,,,11.1284
5196,Telegram Views + Reaction [🔥] - [Max 1M] [Speed 100K/Day] [INSTANT],2.588,10,1 000 000,No Refill,2 hours 51 minutes,,,11.1284
15894,Telegram Views + Reaction [🤩] - [Max 1M] [Speed 100K/Day] [INSTANT],2.588,10,1 000 000,No Refill,4 hours 16 minutes,,,11.1284
5197,Telegram Views + Reaction [🎉] - [Max 1M] [Speed 100K/Day] [INSTANT],2.588,10,1 000 000,No Refill,2 hours 4 minutes,,,11.1284
15895,Telegram Views + Reaction [🙏] - [Max 1M] [Speed 100K/Day] [INSTANT],2.588,10,1 000 000,No Refill,5 hours 1 minute,,,11.1284
5198,Telegram Views + Reaction [😱] - [Max 1M] [Speed 100K/Day] [INSTANT],2.588,10,1 000 000,No Refill,10 hours 7 minutes,,,11.1284
15896,Telegram Views + Reaction [🥴] - [Max 1M] [Speed 100K/Day] [INSTANT],2.588,10,1 000 000,No Refill,22 minutes,,,11.1284
5199,Telegram Views + Reaction [😁] - [Max 1M] [Speed 100K/Day] [INSTANT],2.588,10,1 000 000,No Refill,16 minutes,,,11.1284
15897,Telegram Views + Reaction [🌚] - [Max 1M] [Speed 100K/Day] [INSTANT],2.588,10,1 000 000,No Refill,11 minutes,,,11.1284
5200,Telegram Views + Reaction [😢] - [Max 1M] [Speed 100K/Day] [INSTANT],2.588,10,1 000 000,No Refill,7 hours 47 minutes,,,11.1284
15898,Telegram Views + Reaction [🌭] - [Max 1M] [Speed 100K/Day] [INSTANT],2.588,10,1 000 000,No Refill,23 minutes,,,11.1284
5201,Telegram Views + Reaction [💩] - [Max 1M] [Speed 100K/Day] [INSTANT],2.588,10,1 000 000,No Refill,4 hours 6 minutes,,,11.1284
15899,Telegram Views + Reaction [🥱] - [Max 1M] [Speed 100K/Day] [INSTANT],2.588,10,1 000 000,No Refill,22 minutes,,,11.1284
5202,Telegram Views + Reaction [🤮] - [Max 1M] [Speed 100K/Day] [INSTANT],2.588,10,1 000 000,No Refill,3 hours 19 minutes,,,11.1284
15900,Telegram Views + Reaction [😂] - [Max 1M] [Speed 100K/Day] [INSTANT],2.588,10,1 000 000,No Refill,22 minutes,,,11.1284
8508,Telegram Views + Reaction [👌🏻] - [Max 1M] [Speed 100K/Day] [INSTANT],2.588,10,1 000 000,No Refill,4 hours 39 minutes,,,11.1284
15901,Telegram Views + Reaction [🍓] - [Max 1M] [Speed 100K/Day] [INSTANT],2.588,10,1 000 000,No Refill,4 hours 7 minutes,,,11.1284
8509,Telegram Views + Reaction [❤️‍🔥] - [Max 1M] [Speed 100K/Day] [INSTANT],2.588,10,1 000 000,No Refill,4 hours 30 minutes,,,11.1284
15902,Telegram Views + Reaction [💋] - [Max 1M] [Speed 100K/Day] [INSTANT],2.588,10,1 000 000,No Refill,5 hours 24 minutes,,,11.1284
8498,Telegram Views + Reaction [🤣] - [Max 1M] [Speed 100K/Day] [INSTANT],2.588,10,1 000 000,No Refill,48 minutes,,,11.1284
15903,Telegram Views + Reaction [😈] - [Max 1M] [Speed 100K/Day] [INSTANT],2.588,10,1 000 000,No Refill,4 hours 51 minutes,,,11.1284
8516,Telegram Views + Reaction [😭] - [Max 1M] [Speed 100K/Day] [INSTANT],2.588,10,1 000 000,No Refill,33 minutes,,,11.1284
15904,Telegram Views + Reaction [😡] - [Max 1M] [Speed 100K/Day] [INSTANT],2.588,10,1 000 000,No Refill,17 minutes,,,11.1284
8502,Telegram Views + Reaction [😱] - [Max 1M] [Speed 100K/Day] [INSTANT],2.588,10,1 000 000,No Refill,16 minutes,,,11.1284
15905,Telegram Views + Reaction [😴] - [Max 1M] [Speed 100K/Day] [INSTANT],2.588,10,1 000 000,No Refill,23 minutes,,,11.1284
8511,Telegram Views + Reaction [😍] - [Max 1M] [Speed 100K/Day] [INSTANT],2.588,10,1 000 000,No Refill,1 hour 47 minutes,,,11.1284
15906,Telegram Views + Reaction [😭] - [Max 1M] [Speed 100K/Day] [INSTANT],2.588,10,1 000 000,No Refill,17 minutes,,,11.1284
8510,Telegram Views + Reaction [💯] - [Max 1M] [Speed 100K/Day] [INSTANT],2.588,10,1 000 000,No Refill,27 minutes,,,11.1284
15907,Telegram Views + Reaction [🤓] - [Max 1M] [Speed 100K/Day] [INSTANT],2.588,10,1 000 000,No Refill,17 minutes,,,11.1284
8501,Telegram Views + Reaction [🐳] - [Max 1M] [Speed 100K/Day] [INSTANT],2.588,10,1 000 000,No Refill,5 hours 12 minutes,,,11.1284
15908,Telegram Views + Reaction [👨‍💻] - [Max 1M] [Speed 100K/Day] [INSTANT],2.588,10,1 000 000,No Refill,16 minutes,,,11.1284
8499,Telegram Views + Reaction [🤡] - [Max 1M] [Speed 100K/Day] [INSTANT],2.588,10,1 000 000,No Refill,1 hour,,,11.1284
15909,Telegram Views + Reaction [🤷‍♀️] - [Max 1M] [Speed 100K/Day] [INSTANT],2.588,10,1 000 000,No Refill,55 minutes,,,11.1284
8500,Telegram Views + Reaction [🕊] - [Max 1M] [Speed 100K/Day] [INSTANT],2.588,10,1 000 000,No Refill,3 hours 58 minutes,,,11.1284
15910,Telegram Views + Reaction [🎃] - [Max 1M] [Speed 100K/Day] [INSTANT],2.588,10,1 000 000,No Refill,33 minutes,,,11.1284
8505,Telegram Views + Reaction [⚡️] - [Max 1M] [Speed 100K/Day] [INSTANT],2.588,10,1 000 000,No Refill,1 hour 18 minutes,,,11.1284
15911,Telegram Views + Reaction [🙈] - [Max 1M] [Speed 100K/Day] [INSTANT],2.588,10,1 000 000,No Refill,33 minutes,,,11.1284
8506,Telegram Views + Reaction [🍌] - [Max 1M] [Speed 100K/Day] [INSTANT],2.588,10,1 000 000,No Refill,3 hours 24 minutes,,,11.1284
15912,Telegram Views + Reaction [🫡] - [Max 1M] [Speed 100K/Day] [INSTANT],2.588,10,1 000 000,No Refill,1 hour 2 minutes,,,11.1284
8507,Telegram Views + Reaction [🏆] - [Max 1M] [Speed 100K/Day] [INSTANT],2.588,10,1 000 000,No Refill,55 minutes,,,11.1284
15913,Telegram Views + Reaction [😇] - [Max 1M] [Speed 100K/Day] [INSTANT],2.588,10,1 000 000,No Refill,22 minutes,,,11.1284
8512,Telegram Views + Reaction [😱] - [Max 1M] [Speed 100K/Day] [INSTANT],2.588,10,1 000 000,No Refill,17 minutes,,,11.1284
15914,Telegram Views + Reaction [🤷] - [Max 1M] [Speed 100K/Day] [INSTANT],2.588,10,1 000 000,No Refill,17 minutes,,,11.1284
8513,Telegram Views + Reaction [😐] - [Max 1M] [Speed 100K/Day] [INSTANT],2.588,10,100 000,No Refill,22 minutes,,,11.1284
15915,Telegram Views + Reaction [😨] - [Max 1M] [Speed 100K/Day] [INSTANT],2.588,10,1 000 000,No Refill,17 minutes,,,11.1284
8518,Telegram Views + Reaction [👀] - [Max 1M] [Speed 100K/Day] [INSTANT],2.588,10,1 000 000,No Refill,55 minutes,,,11.1284
15916,Telegram Views + Reaction [✍️] - [Max 1M] [Speed 100K/Day] [INSTANT],2.588,10,1 000 000,No Refill,55 minutes,,,11.1284
8519,Telegram Views + Reaction [🤝] - [Max 1M] [Speed 100K/Day] [INSTANT],2.588,10,1 000 000,No Refill,2 hours 57 minutes,,,11.1284
15917,Telegram Views + Reaction [🤗] - [Max 1M] [Speed 100K/Day] [INSTANT],2.588,10,1 000 000,No Refill,1 hour 25 minutes,,,11.1284
8521,Telegram Views + Reaction [💊] - [Max 1M] [Speed 100K/Day] [INSTANT],2.588,10,1 000 000,No Refill,1 hour 19 minutes,,,11.1284
15918,Telegram Views + Reaction [🎅] - [Max 1M] [Speed 100K/Day] [INSTANT],2.588,10,1 000 000,No Refill,55 minutes,,,11.1284
8514,Telegram Views + Reaction [🍾] - [Max 1M] [Speed 100K/Day] [INSTANT],2.588,10,1 000 000,No Refill,1 hour 8 minutes,,,11.1284
15919,Telegram Views + Reaction [🤷‍♂️] - [Max 1M] [Speed 100K/Day] [INSTANT],2.588,10,1 000 000,No Refill,22 minutes,,,11.1284
8515,Telegram Views + Reaction [🖕] - [Max 1M] [Speed 100K/Day] [INSTANT],2.588,10,1 000 000,No Refill,17 minutes,,,11.1284
15920,Telegram Views + Reaction [🎄] - [Max 1M] [Speed 100K/Day] [INSTANT],2.588,10,1 000 000,No Refill,17 minutes,,,11.1284
8517,Telegram Views + Reaction [👻] - [Max 1M] [Speed 100K/Day] [INSTANT],2.588,10,1 000 000,No Refill,33 minutes,,,11.1284
15921,Telegram Views + Reaction [☃️] - [Max 1M] [Speed 100K/Day] [INSTANT],2.588,10,1 000 000,No Refill,55 minutes,,,11.1284
8520,Telegram Views + Reaction [🗿] - [Max 1M] [Speed 100K/Day] [INSTANT],2.588,10,1 000 000,No Refill,17 minutes,,,11.1284
15922,Telegram Views + Reaction [💅] - [Max 1M] [Speed 100K/Day] [INSTANT],2.588,10,1 000 000,No Refill,23 minutes,,,11.1284
8522,Telegram Views + Reaction [🦄] - [Max 1M] [Speed 100K/Day] [INSTANT],2.588,10,1 000 000,No Refill,1 hour 29 minutes,,,11.1284
15923,Telegram Views + Reaction [🤪] - [Max 1M] [Speed 100K/Day] [INSTANT],2.588,10,1 000 000,No Refill,55 minutes,,,11.1284
15924,Telegram Views + Reaction [👾] - [Max 1M] [Speed 100K/Day] [INSTANT],2.588,10,1 000 000,No Refill,16 minutes,,,11.1284
15925,Telegram Views + Reaction [🆒] - [Max 1M] [Speed 100K/Day] [INSTANT],2.588,10,1 000 000,No Refill,16 minutes,,,11.1284
15926,Telegram Views + Reaction [💘] - [Max 1M] [Speed 100K/Day] [INSTANT],2.588,10,1 000 000,No Refill,3 hours 39 minutes,,,11.1284
15927,Telegram Views + Reaction [🙉] - [Max 1M] [Speed 100K/Day] [INSTANT],2.588,10,1 000 000,No Refill,11 minutes,,,11.1284
15928,Telegram Views + Reaction [😘] - [Max 1M] [Speed 100K/Day] [INSTANT],2.588,10,1 000 000,No Refill,1 hour 9 minutes,,,11.1284
15929,Telegram Views + Reaction [😎] - [Max 1M] [Speed 100K/Day] [INSTANT],2.588,10,1 000 000,No Refill,11 minutes,,,11.1284
15930,Telegram Views + Reaction [🙊] - [Max 1M] [Speed 100K/Day] [INSTANT],2.588,10,1 000 000,No Refill,22 minutes,,,11.1284
15931,Telegram Views + Reaction [❤️‍🔥] - [Max 1M] [Speed 100K/Day] [INSTANT],2.588,10,1 000 000,No Refill,4 hours 19 minutes,,,11.1284
16842,Telegram Auto Mixed Positive Reactions + Views 👍 ❤️ 🔥 🎉 😁 [ 10 Future Posts ],113.872,20,2 000 000,No Refill,1 minute,,,489.6496
16843,Telegram Auto Mixed Negative Reactions + Views 👎 😱 💩 😢 🤮 [ 10 Future Posts ],113.872,20,2 000 000,No Refill,17 minutes,,,489.6496
16844,Telegram Auto Mixed Positive Reactions + Views 👍 ❤️ 🔥 🎉 😁 [ 30 Future Posts ],341.616,20,2 000 000,No Refill,1 minute,,,1468.9488
16845,Telegram Auto Mixed Positive Reactions + Views 👍 ❤️ 🔥 🎉 😁 [ 50 Future Posts ],569.36,20,2 000 000,No Refill,1 minute,,,2448.248
16846,Telegram Auto Mixed Negative Reactions + Views 👎 😱 💩 😢 🤮 [ 50 Future Posts ],569.36,20,2 000 000,No Refill,55 minutes,,,2448.248
16847,Telegram Auto Mixed Positive Reactions + Views 👍 ❤️ 🔥 🎉 😁 [ 500 Future Posts ],5693.6,20,2 000 000,No Refill,1 minute,,,24482.48
16848,Telegram Auto Mixed Negative Reactions + Views👎 😱 💩 😢 🤮 [ 500 Future Posts ],5693.6,20,2 000 000,No Refill,1 minute,,,24482.48
9249,Telegram Premium Positive Reactions + Views [🤩🎉🔥❤️🥰👏🏻👍] [ No Refill ] [ 0-1HR ],12.94,2,50 000,No Refill,31 minutes,,,55.642
9250,Telegram Premium Negativee Reactions + Views [👎😁😢💩🤮🤔🤯🤬] [ No Refill ] [ 0-1HR ],12.94,2,50 000,No Refill,22 minutes,,,55.642
16851,Telegram Premium Positive Reactions + Views 👍❤️🔥😁 [ Super Fast ] [ Non-Drop ] [ INSTANT ],142.34,10,50 000,No Refill,3 minutes,,,612.062
16852,Telegram Premium Negative Reactions + Views 👎😱😢💩 [ Super Fast ] [ Non-Drop ] [ INSTANT ],142.34,10,50 000,No Refill,17 minutes,,,612.062
9251,Telegram Premium Reactions + Views - [👍] [ No Refill ] [ 0-1HR ],10.352,2,1 000 000,No Refill,17 minutes,,,44.5136
9252,Telegram Premium Reactions + Views - [👎] [ No Refill ] [ 0-1HR ],10.352,2,1 000 000,No Refill,7 hours 18 minutes,,,44.5136
9253,Telegram Premium Reactions + Views - [❤️‍🔥] [ No Refill ] [ 0-1HR ],10.352,2,1 000 000,No Refill,4 hours 20 minutes,,,44.5136
9255,Telegram Premium Reactions + Views - [💯] [ No Refill ] [ 0-1HR ],10.352,2,1 000 000,No Refill,53 minutes,,,44.5136
9257,Telegram Premium Reactions + Views - [🐳] [ No Refill ] [ 0-1HR ],10.352,2,1 000 000,No Refill,22 minutes,,,44.5136
9254,Telegram Premium Reactions + Views - [🏆] [ No Refill ] [ 0-1HR ],10.352,2,1 000 000,No Refill,34 minutes,,,44.5136
9256,Telegram Premium Reactions + Views - [🦄] [ No Refill ] [ 0-1HR ],10.352,2,1 000 000,No Refill,11 minutes,,,44.5136
9258,Telegram Premium Reactions + Views - [🕊] [ No Refill ] [ 0-1HR ],10.352,2,1 000 000,No Refill,11 minutes,,,44.5136
9259,Telegram Premium Reactions + Views - [🤡] [ No Refill ] [ 0-1HR ],10.352,2,1 000 000,No Refill,11 minutes,,,44.5136
16849,Telegram Premium Reactions + Views - [🍌] [ No Refill ] [ 0-1HR ],10.352,2,1 000 000,No Refill,33 minutes,,,44.5136
16850,Telegram Premium Reactions + Views - [🖕] [ No Refill ] [ 0-1HR ],10.352,2,1 000 000,No Refill,55 minutes,,,44.5136
11331,Telegram Story Views | WorldWide | Speed 50K/Day | INSTANT,15.528,10,150 000,No Refill,22 minutes,,,66.7704
8914,Telegram Organic Story Views [ HQ Stats📊 ] | Speed 100K/Day | 0-5 Mins,19.41,10,1 000 000,No Refill,55 minutes,,,83.463
16797,Telegram Story Views [ 𝐏𝐫𝐞𝐦𝐢𝐮𝐦 𝐀𝐜𝐜𝐨𝐮𝐧𝐭𝐬 ] Speed 20K/Day | 0-5 Mins,31.056,10,1 000 000,No Refill,11 minutes,,,133.5408
16795,Telegram Story Likes | WorldWide | Speed 20K/Day | INSTANT,139.752,10,100 000,No Refill,16 minutes,,,600.9336
16794,Telegram Story Shares | WorldWide | Speed 20K/Day | INSTANT,776.4,10,100 000,No Refill,22 minutes,,,3338.52
16796,Telegram Organic Story Views + Likes + Shares + #Hashtags [ Hashtag Trending 📊 ] | Speed 30K/Day | 0-5 Mins,155.28,10,100 000,No Refill,23 minutes,,,667.704
8915,Telegram Story Views [ China 🇨🇳 ] | Real Stats📊 | Speed 100K/Day | INSTANT,31.056,10,10 000 000,No Refill,11 minutes,,,133.5408
8917,Telegram Story Views [ Israel 🇮🇱 ] | Real Stats📊 | Speed 100K/Day | INSTANT,31.056,10,1 000 000,No Refill,17 minutes,,,133.5408
8918,Telegram Story Views [ ARAB 🇸🇦 ] | Real Stats📊 | Speed 100K/Day | INSTANT,31.056,10,1 000 000,No Refill,55 minutes,,,133.5408
8919,Telegram Story Views [ India 🇮🇳 ] | Real Stats📊 | Speed 100K/Day | INSTANT,31.056,10,1 000 000,No Refill,22 minutes,,,133.5408
8920,Telegram Story Views [ Russia 🇷🇺 ] | Real Stats📊 | Speed 100K/Day | INSTANT,31.056,10,1 000 000,No Refill,55 minutes,,,133.5408
8921,Telegram Story Views [ USA 🇺🇸 ] | Real Stats📊 | Speed 100K/Day | INSTANT,31.056,10,1 000 000,No Refill,23 minutes,,,133.5408
17234,Telegram Bot Start | WorldWide Mixed 🌎 | Referral Code Accepted 🌎🔝 | Speed 10K/Day | 0-15 Mins,15.528,10,100 000,No Refill,2 hours 7 minutes,,,66.7704
8539,Telegram Bot Start | WorldWide Mixed 🌎 | Referral Code Accepted 🌎🔝 | Speed 100K/Day | 0-15 Mins,29.762,50,1 000 000,No Refill,5 minutes,,,127.9766
17233,Telegram Bot Start | WorldWide Mixed 🌎 | 𝐒𝐭𝐚𝐭𝐬 𝐅𝐫𝐨𝐦 𝐒𝐞𝐚𝐫𝐜𝐡 | Speed 50K/Day | 0-15 Mins,62.112,50,1 000 000,No Refill,22 minutes,,,267.0816
17231,Telegram Bot Start | 𝟏𝟓 𝐌𝐢𝐱𝐞𝐝 𝐂𝐨𝐮𝐧𝐭𝐫𝐲 𝐒𝐭𝐚𝐭𝐬 | Referral Code Accepted 🌎🔝 | Speed 100K/Day | 0-15 Mins,31.056,20,1 000 000,No Refill,23 minutes,,,133.5408
8546,Telegram Bot Start | UK 🇬🇧 | Referral Code Accepted 🌎🔝 | Speed 100K/Day | 0-15 Mins,54.348,15,1 000 000,No Refill,16 minutes,,,233.6964
17232,Telegram Bot Start | USA 🇺🇸 | Referral Code Accepted 🌎🔝 | Speed 100K/Day | 0-15 Mins,54.348,15,1 000 000,No Refill,3 minutes,,,233.6964
8540,Telegram Bot Start | Ukraine 🇺🇦 | Referral Code Accepted 🌎🔝 | Speed 100K/Day | 0-15 Mins,29.762,50,100 000,No Refill,11 minutes,,,127.9766
8541,Telegram Bot Start | China 🇨🇳 | Referral Code Accepted 🌎🔝 | Speed 100K/Day | 0-15 Mins,29.762,50,100 000,No Refill,3 minutes,,,127.9766
8542,Telegram Bot Start | Israel 🇮🇱 | Referral Code Accepted 🌎🔝 | Speed 100K/Day | 0-15 Mins,29.762,50,100 000,No Refill,2 minutes,,,127.9766
8543,Telegram Bot Start | Arab 🇸🇦 | Referral Code Accepted 🌎🔝 | Speed 100K/Day | 0-15 Mins,29.762,50,100 000,No Refill,2 minutes,,,127.9766
8544,Telegram Bot Start | India 🇮🇳 | Referral Code Accepted 🌎🔝 | Speed 100K/Day | 0-15 Mins,29.762,50,100 000,No Refill,2 minutes,,,127.9766
8545,Telegram Bot Start | Russia 🇷🇺 | Referral Code Accepted 🌎🔝 | Speed 100K/Day | 0-15 Mins,29.762,50,100 000,No Refill,13 minutes,,,127.9766
8547,Telegram Bot Start | Turkey 🇹🇷 | Referral Code Accepted 🌎🔝 | Speed 100K/Day | 0-15 Mins,29.762,50,100 000,No Refill,55 minutes,,,127.9766
8548,Telegram Bot Start | Germany 🇩🇪 | Referral Code Accepted 🌎🔝 | Speed 100K/Day | 0-15 Mins,29.762,50,100 000,No Refill,33 minutes,,,127.9766
8549,Telegram Bot Start | Italy 🇮🇹 | Referral Code Accepted 🌎🔝 | Speed 100K/Day | 0-15 Mins,29.762,50,10 000,No Refill,23 minutes,,,127.9766
17235,Telegram Regular Bot Start [ 🤖 Smart AI Keyword Finder & Search ],59.524,10,1 000 000,No Refill,3 minutes,,,255.9532
17236,Telegram Premium Bot Start [ 🤖 Smart AI Keyword Finder & Search ],729.816,10,500 000,No Refill,22 minutes,,,3138.2088
17237,Telegram Regular Bot Start [ 🤖 Smart AI Keyword Finder & Search ] Russia 🇷🇺,75.052,10,100 000,No Refill,33 minutes,,,322.7236
17238,Telegram Premium Bot Start [ 🤖 Smart AI Keyword Finder & Search ] Russia 🇷🇺,744.05,10,50 000,No Refill,17 minutes,,,3199.415
17239,Telegram Regular Bot Start [ 🤖 Smart AI Keyword Finder & Search ] China 🇨🇳,75.052,10,100 000,No Refill,23 minutes,,,322.7236
17240,Telegram Premium Bot Start [ 🤖 Smart AI Keyword Finder & Search ] China🇨🇳,744.05,10,50 000,No Refill,17 minutes,,,3199.415
17241,Telegram Regular Bot Start [ 🤖 Smart AI Keyword Finder & Search ] USA 🇺🇸,75.052,10,100 000,No Refill,22 minutes,,,322.7236
17242,Telegram Premium Bot Start [ 🤖 Smart AI Keyword Finder & Search ] USA 🇺🇸,744.05,10,50 000,No Refill,17 minutes,,,3199.415
17243,Telegram Regular Bot Start [ 🤖 Smart AI Keyword Finder & Search ] Ukraine 🇺🇦,75.052,10,100 000,No Refill,16 minutes,,,322.7236
17244,Telegram Premium Bot Start [ 🤖 Smart AI Keyword Finder & Search ] Ukraine 🇺🇦,744.05,10,50 000,No Refill,23 minutes,,,3199.415
17245,Telegram Regular Bot Start [ 🤖 Smart AI Keyword Finder & Search ] Uzbekistan 🇺🇿,75.052,10,100 000,No Refill,33 minutes,,,322.7236
17246,Telegram Premium Bot Start [ 🤖 Smart AI Keyword Finder & Search ] Uzbekistan 🇺🇿,744.05,10,50 000,No Refill,55 minutes,,,3199.415
17247,Telegram Regular Bot Start [ 🤖 Smart AI Keyword Finder & Search ] Israel 🇮🇱,75.052,10,100 000,No Refill,4 minutes,,,322.7236
17248,Telegram Premium Bot Start [ 🤖 Smart AI Keyword Finder & Search ] Israel 🇮🇱,744.05,10,50 000,No Refill,2 minutes,,,3199.415
17249,Telegram Regular Bot Start [ 🤖 Smart AI Keyword Finder & Search ] India 🇮🇳,75.052,10,100 000,No Refill,17 minutes,,,322.7236
17250,Telegram Premium Bot Start [ 🤖 Smart AI Keyword Finder & Search ] India 🇮🇳,744.05,10,50 000,No Refill,23 minutes,,,3199.415
17251,Telegram Regular Bot Start [ 🤖 Smart AI Keyword Finder & Search ] Turkey 🇹🇷,75.052,10,100 000,No Refill,22 minutes,,,322.7236
17252,Telegram Premium Bot Start [ 🤖 Smart AI Keyword Finder & Search ] Turkey 🇹🇷,744.05,10,50 000,No Refill,11 minutes,,,3199.415
17253,Telegram Regular Bot Start [ 🤖 Smart AI Keyword Finder & Search ] Arab 🇸🇦,75.052,10,100 000,No Refill,22 minutes,,,322.7236
17254,Telegram Premium Bot Start [ 🤖 Smart AI Keyword Finder & Search ] Arab 🇸🇦,744.05,10,50 000,No Refill,16 minutes,,,3199.415
17255,Telegram Premium Bot Start [ 🤖 Smart AI Keyword Finder & Search ] UK 🇬🇧,744.05,100,50 000,No Refill,16 minutes,,,3199.415
17256,Telegram Premium Bot Start [ 🤖 Smart AI Keyword Finder & Search ] Indonesia 🇮🇩,744.05,100,50 000,No Refill,23 minutes,,,3199.415
17257,Telegram Premium Bot Start [ 🤖 Smart AI Keyword Finder & Search ] Philippine 🇵🇭,744.05,100,50 000,No Refill,22 minutes,,,3199.415
17258,Telegram Premium Bot Start [ 🤖 Smart AI Keyword Finder & Search ] Germany 🇩🇪,744.05,100,50 000,No Refill,16 minutes,,,3199.415
11585,Telegram Premium Bot Start | 30 Days + Activity | Non-Drop | 𝐓𝐨𝐩 𝐀𝐜𝐜𝐨𝐮𝐧𝐭𝐬 | Speed 50K/Day,698.76,1,30 000,No Refill,6 minutes,,,3004.668
17259,Telegram Premium Bot Start | 30 Days + No Activity | Non-Drop | 𝐓𝐨𝐩 𝐀𝐜𝐜𝐨𝐮𝐧𝐭𝐬 | Speed 50K/Day,543.48,1,30 000,No Refill,33 minutes,,,2336.964
11586,Telegram Premium Bot Start | 𝐑𝐞𝐚𝐥 𝐒𝐭𝐚𝐭𝐬 | 90 Days | Referral Code Accepted 🌎🔝 | 30K/Day | INSTANT,464.546,100,200 000,90 Days Refill,11 minutes,,,1997.5478
17266,Telegram Premium 𝐁𝐎𝐓 𝐒𝐓𝐀𝐑𝐓 + 𝐍𝐎 𝐀𝐂𝐓𝐈𝐕𝐈𝐓𝐘 | 30 Days | Referral Code Accepted 🌎🔝 | 15K/Day | INSTANT,335.146,100,20 000,30 Days Refill,11 minutes,,,1441.1278
17267,Telegram Premium 𝐁𝐎𝐓 𝐒𝐓𝐀𝐑𝐓 + 𝐍𝐎 𝐀𝐂𝐓𝐈𝐕𝐈𝐓𝐘 | 90 Days | Referral Code Accepted 🌎🔝 | 15K/Day | INSTANT,670.292,100,30 000,90 Days Refill,17 minutes,,,2882.2556
17263,Telegram Premium 𝐁𝐎𝐓 𝐒𝐓𝐀𝐑𝐓 + 𝐀𝐂𝐓𝐈𝐕𝐈𝐓𝐘 | 30 Days | Referral Code Accepted 🌎🔝 | 15K/Day | INSTANT,535.716,10,20 000,30 Days Refill,22 minutes,,,2303.5788
17265,Telegram Premium 𝐁𝐎𝐓 𝐒𝐓𝐀𝐑𝐓 + 𝐀𝐂𝐓𝐈𝐕𝐈𝐓𝐘 | 60 Days | Referral Code Accepted 🌎🔝 | 15K/Day | INSTANT,670.292,10,20 000,60 Days Refill,22 minutes,,,2882.2556
17260,⭐ Telegram Premium Russian 𝐁𝐎𝐓 𝐒𝐓𝐀𝐑𝐓 + 𝐀𝐂𝐓𝐈𝐕𝐈𝐓𝐘 | 5 DAYS | 𝐍𝐨 𝐑𝐞𝐬𝐭𝐫𝐢𝐜𝐭𝐢𝐨𝐧𝐬 | Max 20K | Speed 20K/D [INSTANT],67.288,10,500 000,No Refill,5 minutes,,,289.3384
17261,⭐ Telegram Premium Russian 𝐁𝐎𝐓 𝐒𝐓𝐀𝐑𝐓 + 𝐀𝐂𝐓𝐈𝐕𝐈𝐓𝐘 | 10 DAYS | 𝐍𝐨 𝐑𝐞𝐬𝐭𝐫𝐢𝐜𝐭𝐢𝐨𝐧𝐬 | Max 20K | Speed 20K/D [INSTANT],89.286,10,500 000,No Refill,17 minutes,,,383.9298
17262,⭐ Telegram Premium Russian 𝐁𝐎𝐓 𝐒𝐓𝐀𝐑𝐓 + 𝐀𝐂𝐓𝐈𝐕𝐈𝐓𝐘 | 15 DAYS | 𝐍𝐨 𝐑𝐞𝐬𝐭𝐫𝐢𝐜𝐭𝐢𝐨𝐧𝐬 | Max 20K | Speed 20K/D [INSTANT],111.284,10,500 000,15 Days Refill,23 minutes,,,478.5212
16032,⭐ Telegram Premium Russian 𝐁𝐎𝐓 𝐒𝐓𝐀𝐑𝐓 + 𝐀𝐂𝐓𝐈𝐕𝐈𝐓𝐘 | 30 DAYS | 𝐍𝐨 𝐑𝐞𝐬𝐭𝐫𝐢𝐜𝐭𝐢𝐨𝐧𝐬 | Max 20K | Speed 20K/D [INSTANT],531.834,10,100 000,30 Days Refill,34 minutes,,,2286.8862
16031,⭐ Telegram Premium Russian 𝐁𝐎𝐓 𝐒𝐓𝐀𝐑𝐓 + 𝐀𝐂𝐓𝐈𝐕𝐈𝐓𝐘 | 60 DAYS | 𝐍𝐨 𝐑𝐞𝐬𝐭𝐫𝐢𝐜𝐭𝐢𝐨𝐧𝐬 | Max 20K | Speed 20K/D [INSTANT],737.58,10,100 000,60 Days Refill,17 minutes,,,3171.594
16030,⭐ Telegram Premium Russian 𝐁𝐎𝐓 𝐒𝐓𝐀𝐑𝐓 + 𝐀𝐂𝐓𝐈𝐕𝐈𝐓𝐘 | 90 DAYS | 𝐍𝐨 𝐑𝐞𝐬𝐭𝐫𝐢𝐜𝐭𝐢𝐨𝐧𝐬 | Max 20K | Speed 20K/D [INSTANT],885.096,10,100 000,90 Days Refill,11 minutes,,,3805.9128
16029,⭐ Telegram Premium Russian 𝐁𝐎𝐓 𝐒𝐓𝐀𝐑𝐓 + 𝐀𝐂𝐓𝐈𝐕𝐈𝐓𝐘 | 180 DAYS | 𝐍𝐨 𝐑𝐞𝐬𝐭𝐫𝐢𝐜𝐭𝐢𝐨𝐧𝐬 | Max 20K | Speed 20K/D [INSTANT],1180.128,10,100 000,180 Days Refill,23 minutes,,,5074.5504
17269,⭐ 🇷🇺 Telegram Premium Russian 𝐁𝐎𝐓 𝐒𝐓𝐀𝐑𝐓 + 𝐀𝐂𝐓𝐈𝐕𝐈𝐓𝐘 | 15 DAYS | 𝐍𝐨 𝐑𝐞𝐬𝐭𝐫𝐢𝐜𝐭𝐢𝐨𝐧𝐬 | Max 20K | Speed 20K/D [INSTANT],111.284,10,500 000,No Refill,2 minutes,,,478.5212
17268,⭐ 🇷🇺 Telegram Premium Russian 𝐁𝐎𝐓 𝐒𝐓𝐀𝐑𝐓 + 𝐀𝐂𝐓𝐈𝐕𝐈𝐓𝐘 | 30 DAYS | 𝐍𝐨 𝐑𝐞𝐬𝐭𝐫𝐢𝐜𝐭𝐢𝐨𝐧𝐬 | Max 20K | Speed 20K/D [INSTANT],531.834,10,100 000,No Refill,22 minutes,,,2286.8862
17270,⭐ 🇷🇺 Telegram Premium Russian 𝐁𝐎𝐓 𝐒𝐓𝐀𝐑𝐓 + 𝐀𝐂𝐓𝐈𝐕𝐈𝐓𝐘 | 60 DAYS | 𝐍𝐨 𝐑𝐞𝐬𝐭𝐫𝐢𝐜𝐭𝐢𝐨𝐧𝐬 | Max 20K | Speed 20K/D [INSTANT],737.58,10,100 000,No Refill,16 minutes,,,3171.594
17277,⭐️ 🇮🇹 Telegram Premium Bot start | Italy 🇮🇹 | 𝐁𝐎𝐓 𝐒𝐓𝐀𝐑𝐓 + 𝐀𝐂𝐓𝐈𝐕𝐈𝐓𝐘 | 365 Days Premium | Include Static | Speed 20K/Day,744.05,10,100 000,No Refill,11 minutes,,,3199.415
17278,⭐️🇮🇹 Telegram Premium Bot start | Italy 🇮🇹 | 𝐅𝐑𝐎𝐌 𝐒𝐄𝐀𝐑𝐂𝐇 | 365 Days Premium | Speed 30K/Day,892.86,10,100 000,No Refill,22 minutes,,,3839.298
17264,⭐️🇮🇳 Telegram Premium Bot start | India 🇮🇳 | 𝐁𝐎𝐓 𝐒𝐓𝐀𝐑𝐓 + 𝐀𝐂𝐓𝐈𝐕𝐈𝐓𝐘 | 365 Days Premium | Include Static | Speed 10K/Day,1339.29,10,100 000,No Refill,23 minutes,,,5758.947
10433,⭐️🇮🇳 Telegram Premium Bot start | India 🇮🇳 | 𝐅𝐑𝐎𝐌 𝐒𝐄𝐀𝐑𝐂𝐇 | 365 Days Premium | Speed 30K/Day,4270.2,10,100 000,No Refill,55 minutes,,,18361.86
10436,⭐️ 🇺🇸 Telegram Premium Bot start | USA 🇺🇸 | 𝐁𝐎𝐓 𝐒𝐓𝐀𝐑𝐓 + 𝐀𝐂𝐓𝐈𝐕𝐈𝐓𝐘 | 365 Days Premium | Include Static | Speed 10K/Day,1423.4,10,100 000,No Refill,17 minutes,,,6120.62
17271,⭐️🇺🇸 Telegram Premium Bot start | USA 🇺🇸 | 𝐅𝐑𝐎𝐌 𝐒𝐄𝐀𝐑𝐂𝐇 | 365 Days Premium | Speed 30K/Day,1423.4,10,100 000,No Refill,11 minutes,,,6120.62
17275,⭐️ 🇨🇳 Telegram Premium Bot start | China 🇨🇳 | 𝐁𝐎𝐓 𝐒𝐓𝐀𝐑𝐓 + 𝐀𝐂𝐓𝐈𝐕𝐈𝐓𝐘 | 365 Days Premium | Include Static | Speed 10K/Day,1488.1,10,100 000,No Refill,55 minutes,,,6398.83
17276,⭐️🇨🇳 Telegram Premium Bot start | China 🇨🇳 | 𝐅𝐑𝐎𝐌 𝐒𝐄𝐀𝐑𝐂𝐇 | 365 Days Premium | Speed 30K/Day,1488.1,10,100 000,No Refill,16 minutes,,,6398.83
10435,⭐️ 🇮🇱 Telegram Premium Bot start | Israel 🇮🇱 | 𝐁𝐎𝐓 𝐒𝐓𝐀𝐑𝐓 + 𝐀𝐂𝐓𝐈𝐕𝐈𝐓𝐘 | 365 Days Premium | Include Static | Speed 20K/Day,1339.29,50,100 000,No Refill,3 minutes,,,5758.947
17272,⭐️🇮🇱 Telegram Premium Bot start | Israel 🇮🇱 | 𝐅𝐑𝐎𝐌 𝐒𝐄𝐀𝐑𝐂𝐇 | 365 Days Premium | Speed 30K/Day,1488.1,50,100 000,No Refill,2 minutes,,,6398.83
17273,⭐️ 🇸🇦 Telegram Premium Bot start | Arab 🇸🇦 | 𝐁𝐎𝐓 𝐒𝐓𝐀𝐑𝐓 + 𝐀𝐂𝐓𝐈𝐕𝐈𝐓𝐘 | 365 Days Premium | Include Static | Speed 20K/Day,1339.29,10,100 000,No Refill,17 minutes,,,5758.947
17274,⭐️🇸🇦 Telegram Premium Bot start | Arab 🇸🇦 | 𝐅𝐑𝐎𝐌 𝐒𝐄𝐀𝐑𝐂𝐇 | 365 Days Premium | Speed 30K/Day,1488.1,10,100 000,No Refill,11 minutes,,,6398.83
17281,⭐️ 🇺🇿 Telegram Premium Bot start | Uzbekistan 🇺🇿 | 𝐁𝐎𝐓 𝐒𝐓𝐀𝐑𝐓 + 𝐀𝐂𝐓𝐈𝐕𝐈𝐓𝐘 | 90 Days Premium | Include Static | Speed 20K/Day,1339.29,10,100 000,No Refill,33 minutes,,,5758.947
17282,⭐️🇺🇿 Telegram Premium Bot start | Uzbekistan 🇺🇿 | 𝐅𝐑𝐎𝐌 𝐒𝐄𝐀𝐑𝐂𝐇 | 365 Days Premium | Speed 30K/Day,1488.1,10,100 000,No Refill,11 minutes,,,6398.83
17279,⭐️ 🇩🇪 Telegram Premium Bot start | Germany 🇩🇪 | 𝐁𝐎𝐓 𝐒𝐓𝐀𝐑𝐓 + 𝐀𝐂𝐓𝐈𝐕𝐈𝐓𝐘 | 90 Days Premium | Include Static | Speed 20K/Day,595.24,100,50 000,No Refill,33 minutes,,,2559.532
17280,⭐️ 🇮🇩 Telegram Premium Bot start | Indonesia 🇮🇩 | 𝐁𝐎𝐓 𝐒𝐓𝐀𝐑𝐓 + 𝐀𝐂𝐓𝐈𝐕𝐈𝐓𝐘 | 90 Days Premium | Include Static | Speed 20K/Day,595.24,100,50 000,No Refill,55 minutes,,,2559.532
5238,Telegram Post Shares | Low Quality | Max 500K | Speed 50K/Day | 0-1HR,2.588,2,500 000,No Refill,9 hours 4 minutes,,,11.1284
17284,Telegram Post Shares | Fake | Max 500K | Speed 30K/Day | INSTANT,5.176,10,1 000 000,No Refill,2 minutes,,,22.2568
5239,Telegram Post Shares | 𝐌𝐢𝐱𝐞𝐝 𝐂𝐨𝐮𝐧𝐭𝐫𝐢𝐞𝐬 | 🇮🇱 🇨🇳 🇸🇦 🇦🇪 🇮🇳 🇷🇺 🇺🇸 🇩🇪 🇹🇷 🇰🇷 | HQ Static 📊 | Speed 100-200K/Day | INSTANT,12.94,10,500 000,No Refill,33 minutes,,,55.642
17285,Telegram Post Shares | 𝐌𝐢𝐱𝐞𝐝 𝐂𝐨𝐮𝐧𝐭𝐫𝐢𝐞𝐬 HQ Static 📊 | Speed 50K/Day | INSTANT,6.47,10,300 000,No Refill,33 minutes,,,27.821
5241,Telegram Post Shares | USA 🇺🇸 | 𝐑𝐞𝐚𝐥 𝐒𝐭𝐚𝐭𝐬 📊 | Speed 100-200K/Day | INSTANT,6.47,10,100 000,No Refill,16 minutes,,,27.821
5240,Telegram Post Shares | Germany 🇩🇪 | 𝐑𝐞𝐚𝐥 𝐒𝐭𝐚𝐭𝐬 📊 | Speed 100-200K/Day | INSTANT,6.47,10,100 000,No Refill,17 minutes,,,27.821
5243,Telegram Post Shares | India 🇮🇳 | 𝐑𝐞𝐚𝐥 𝐒𝐭𝐚𝐭𝐬 📊 | Speed 100-200K/Day | INSTANT,6.47,10,1 000 000,No Refill,3 minutes,,,27.821
8534,Telegram Post Shares | Italy 🇮🇹 | 𝐑𝐞𝐚𝐥 𝐒𝐭𝐚𝐭𝐬 📊 | Speed 100-200K/Day | INSTANT,6.47,10,100 000,No Refill,22 minutes,,,27.821
5247,Telegram Post Shares | Turkey 🇹🇷 | 𝐑𝐞𝐚𝐥 𝐒𝐭𝐚𝐭𝐬 📊 | Speed 100-200K/Day | INSTANT,6.47,10,100 000,No Refill,16 minutes,,,27.821
5246,Telegram Post Shares | Israel 🇮🇱 | 𝐑𝐞𝐚𝐥 𝐒𝐭𝐚𝐭𝐬 📊 | Speed 100-200K/Day | INSTANT,6.47,10,100 000,No Refill,33 minutes,,,27.821
17286,Telegram Post Shares | Indonesia 🇮🇩 | 𝐑𝐞𝐚𝐥 𝐒𝐭𝐚𝐭𝐬 📊 | Speed 100-200K/Day | INSTANT,6.47,10,100 000,No Refill,55 minutes,,,27.821
5248,Telegram Post Shares | China 🇨🇳 | 𝐑𝐞𝐚𝐥 𝐒𝐭𝐚𝐭𝐬 📊 | Speed 100-200K/Day | INSTANT,6.47,10,100 000,No Refill,55 minutes,,,27.821
17287,Telegram Post Shares | Russia 🇷🇺 | 𝐑𝐞𝐚𝐥 𝐒𝐭𝐚𝐭𝐬 📊 | Speed 100-200K/Day | INSTANT,6.47,10,100 000,No Refill,4 minutes,,,27.821
5244,Telegram Post Shares | Arab 🇸🇦 | 𝐑𝐞𝐚𝐥 𝐒𝐭𝐚𝐭𝐬 📊 | Speed 100-200K/Day | INSTANT,6.47,10,100 000,No Refill,16 minutes,,,27.821
17288,Telegram Auto Post Shares 📊 | 𝐅𝐮𝐭𝐮𝐫𝐞 + 𝐎𝐥𝐝 𝐏𝐨𝐬𝐭𝐬 | WorldWide 🌎 | 𝐑𝐞𝐚𝐥 𝐒𝐭𝐚𝐭𝐬 | Speed 100K/Day | INSTANT,6.47,10,500 000,No Refill,9 minutes,,,27.821
17289,Telegram Auto Post Shares 📊 | 𝐅𝐮𝐭𝐮𝐫𝐞 + 𝐎𝐥𝐝 𝐏𝐨𝐬𝐭𝐬 | Arab 🇸🇦 | 𝐑𝐞𝐚𝐥 𝐒𝐭𝐚𝐭𝐬 | Speed 100K/Day | INSTANT,6.47,10,500 000,No Refill,2 minutes,,,27.821
17290,Telegram Auto Post Shares 📊 | 𝐅𝐮𝐭𝐮𝐫𝐞 + 𝐎𝐥𝐝 𝐏𝐨𝐬𝐭𝐬 | China 🇨🇳 | 𝐑𝐞𝐚𝐥 𝐒𝐭𝐚𝐭𝐬 | Speed 100K/Day | INSTANT,6.47,100,500 000,No Refill,4 minutes,,,27.821
17291,Telegram Auto Post Shares 📊 | 𝐅𝐮𝐭𝐮𝐫𝐞 + 𝐎𝐥𝐝 𝐏𝐨𝐬𝐭𝐬 | India 🇮🇳 | 𝐑𝐞𝐚𝐥 𝐒𝐭𝐚𝐭𝐬 | Speed 100K/Day | INSTANT,6.47,100,500 000,No Refill,55 minutes,,,27.821
17292,Telegram Auto Post Shares 📊 | 𝐅𝐮𝐭𝐮𝐫𝐞 + 𝐎𝐥𝐝 𝐏𝐨𝐬𝐭𝐬 | Russia 🇷🇺 | 𝐑𝐞𝐚𝐥 𝐒𝐭𝐚𝐭𝐬 | Speed 100K/Day | INSTANT,6.47,100,500 000,No Refill,16 minutes,,,27.821
17293,Telegram Auto Post Shares 📊 | 𝐅𝐮𝐭𝐮𝐫𝐞 + 𝐎𝐥𝐝 𝐏𝐨𝐬𝐭𝐬 | USA 🇺🇸 | 𝐑𝐞𝐚𝐥 𝐒𝐭𝐚𝐭𝐬 | Speed 100K/Day | INSTANT,6.47,100,500 000,No Refill,3 minutes,,,27.821
17294,Telegram Auto Post Shares 📊 | 𝐅𝐮𝐭𝐮𝐫𝐞 + 𝐎𝐥𝐝 𝐏𝐨𝐬𝐭𝐬 | Uzbekistan 🇺🇿 | 𝐑𝐞𝐚𝐥 𝐒𝐭𝐚𝐭𝐬 | Speed 100K/Day | INSTANT,6.47,100,500 000,No Refill,16 minutes,,,27.821
17295,Telegram Auto Post Shares 📊 | 𝐅𝐮𝐭𝐮𝐫𝐞 + 𝐎𝐥𝐝 𝐏𝐨𝐬𝐭𝐬 | Kazakhstan 🇰🇿 | 𝐑𝐞𝐚𝐥 𝐒𝐭𝐚𝐭𝐬 | Speed 100K/Day | INSTANT,6.47,100,500 000,No Refill,16 minutes,,,27.821
17296,Telegram Auto Post Shares 📊 | 𝐅𝐮𝐭𝐮𝐫𝐞 + 𝐎𝐥𝐝 𝐏𝐨𝐬𝐭𝐬 | Ukraine 🇺🇦 | 𝐑𝐞𝐚𝐥 𝐒𝐭𝐚𝐭𝐬 | Speed 100K/Day | INSTANT,6.47,100,500 000,No Refill,20 minutes,,,27.821
17297,Telegram Auto Post Shares 📊 | 𝐅𝐮𝐭𝐮𝐫𝐞 + 𝐎𝐥𝐝 𝐏𝐨𝐬𝐭𝐬 | italy 🇮🇹 | 𝐑𝐞𝐚𝐥 𝐒𝐭𝐚𝐭𝐬 | Speed 100K/Day | INSTANT,6.47,100,500 000,No Refill,11 minutes,,,27.821
17298,Telegram Auto Post Shares 📊 | 𝐅𝐮𝐭𝐮𝐫𝐞 + 𝐎𝐥𝐝 𝐏𝐨𝐬𝐭𝐬 | Indonesia 🇮🇩 | 𝐑𝐞𝐚𝐥 𝐒𝐭𝐚𝐭𝐬 | Speed 100K/Day | INSTANT,6.47,100,500 000,No Refill,23 minutes,,,27.821
17299,Telegram Auto Post Shares 📊 | 𝐅𝐮𝐭𝐮𝐫𝐞 + 𝐎𝐥𝐝 𝐏𝐨𝐬𝐭𝐬 | Israel 🇮🇱 | 𝐑𝐞𝐚𝐥 𝐒𝐭𝐚𝐭𝐬 | Speed 100K/Day | INSTANT,6.47,100,500 000,No Refill,11 minutes,,,27.821
17300,Telegram Auto Post Shares 📊 | 𝐅𝐮𝐭𝐮𝐫𝐞 + 𝐎𝐥𝐝 𝐏𝐨𝐬𝐭𝐬 | Turkey 🇹🇷 | 𝐑𝐞𝐚𝐥 𝐒𝐭𝐚𝐭𝐬 | Speed 100K/Day | INSTANT,6.47,100,500 000,No Refill,17 minutes,,,27.821
17301,Telegram Auto Post Shares 📊 | 𝐅𝐮𝐭𝐮𝐫𝐞 + 𝐎𝐥𝐝 𝐏𝐨𝐬𝐭𝐬 | Germany 🇩🇪 | 𝐑𝐞𝐚𝐥 𝐒𝐭𝐚𝐭𝐬 | Speed 100K/Day | INSTANT,6.47,100,500 000,No Refill,3 minutes,,,27.821
11578,🌎 Telegram Premium Post Shares | WorldWide 🌎 | 𝐑𝐞𝐚𝐥 𝐒𝐭𝐚𝐭𝐬 | 𝐆𝐨𝐨𝐝 𝐅𝐨𝐫 𝐑𝐚𝐧𝐤𝐢𝐧𝐠 | Speed 1K/Day | INSTANT,148.81,10,1 000,No Refill,3 minutes,,,639.883
17302,🌎 Telegram Premium Post Shares | WorldWide 🌎 | 𝐑𝐞𝐚𝐥 𝐒𝐭𝐚𝐭𝐬 | 𝐆𝐨𝐨𝐝 𝐅𝐨𝐫 𝐑𝐚𝐧𝐤𝐢𝐧𝐠 | Speed 10K/Day | INSTANT,148.81,10,500 000,No Refill,11 minutes,,,639.883
9260,🇮🇱 Telegram Premium Post Shares | Israel 🇮🇱 | 𝐑𝐞𝐚𝐥 𝐒𝐭𝐚𝐭𝐬 | 𝐆𝐨𝐨𝐝 𝐅𝐨𝐫 𝐑𝐚𝐧𝐤𝐢𝐧𝐠 | Speed 500/Day | INSTANT,151.398,10,500,No Refill,16 minutes,,,651.0114
9261,🇷🇺 Telegram Premium Post Shares | Russian 🇷🇺 | 𝐑𝐞𝐚𝐥 𝐒𝐭𝐚𝐭𝐬 | 𝐆𝐨𝐨𝐝 𝐅𝐨𝐫 𝐑𝐚𝐧𝐤𝐢𝐧𝐠 | Speed 500/Day | INSTANT,151.398,10,500,No Refill,5 minutes,,,651.0114
9262,🇮🇳 Telegram Premium Post Shares | Indian 🇮🇳 | 𝐑𝐞𝐚𝐥 𝐒𝐭𝐚𝐭𝐬 | 𝐆𝐨𝐨𝐝 𝐅𝐨𝐫 𝐑𝐚𝐧𝐤𝐢𝐧𝐠 | Speed 500/Day | INSTANT,151.398,10,500,No Refill,32 minutes,,,651.0114
9263,🇺🇸 Telegram Premium Post Shares | USA 🇺🇸 | 𝐑𝐞𝐚𝐥 𝐒𝐭𝐚𝐭𝐬 | 𝐆𝐨𝐨𝐝 𝐅𝐨𝐫 𝐑𝐚𝐧𝐤𝐢𝐧𝐠 | Speed 500/Day | INSTANT,151.398,10,500,No Refill,33 minutes,,,651.0114
9264,🇸🇦 Telegram Premium Post Shares | ARAB 🇸🇦 | 𝐑𝐞𝐚𝐥 𝐒𝐭𝐚𝐭𝐬 | 𝐆𝐨𝐨𝐝 𝐅𝐨𝐫 𝐑𝐚𝐧𝐤𝐢𝐧𝐠 | Speed 500/Day | INSTANT,1488.1,10,50 000,No Refill,55 minutes,,,6398.83
8550,Telegram Organic & Real Reposts | 𝐎𝐫𝐠𝐚𝐧𝐢𝐜 𝟏𝟐 𝐌𝐢𝐱𝐞𝐝 𝐂𝐨𝐮𝐧𝐭𝐫𝐢𝐞𝐬 | HQ Static 📊 [ Views + Shares + Reactions ] | Speed 30K/Day | INSTANT,31.056,15,1 000 000,No Refill,3 minutes,,,133.5408
8551,Telegram Organic & Real Reposts | Israel 🇮🇱 | HQ Static 📊 [ Views + Shares + Reactions ] | Speed 30K/Day | INSTANT,31.056,15,1 000 000,No Refill,22 minutes,,,133.5408
8552,Telegram Organic & Real Reposts | Arabic 🇸🇦 | HQ Static 📊 [ Views + Shares + Reactions ] | Speed 30K/Day | INSTANT,31.056,15,1 000 000,No Refill,16 minutes,,,133.5408
8554,Telegram Organic & Real Reposts | China 🇨🇳 | HQ Static 📊 [ Views + Shares + Reactions ] | Speed 30K/Day | INSTANT,31.056,15,1 000 000,No Refill,16 minutes,,,133.5408
8555,Telegram Organic & Real Reposts | USA 🇺🇸 | HQ Static 📊 [ Views + Shares + Reactions ] | Speed 30K/Day | INSTANT,31.056,15,1 000 000,No Refill,22 minutes,,,133.5408
8556,Telegram Organic & Real Reposts | India 🇮🇳 | HQ Static 📊 [ Views + Shares + Reactions ] | Speed 30K/Day | INSTANT,31.056,15,1 000 000,No Refill,1 minute,,,133.5408
8557,Telegram Organic & Real Reposts | Russia 🇷🇺 | HQ Static 📊 [ Views + Shares + Reactions ] | Speed 30K/Day | INSTANT,31.056,15,1 000 000,No Refill,7 minutes,,,133.5408
8532,Telegram Comments [ 𝐂𝐔𝐒𝐓𝐎𝐌 ] | Speed 200/Day | 0-30 Mins,1071.432,1,10 000,No Refill,22 hours 40 minutes,,,4607.1576
17303,Telegram Comments [ 𝐄𝐌𝐎𝐉𝐈 ] | Speed 200/Day | 0-30 Mins,670.292,1,10 000,No Refill,22 minutes,,,2882.2556
5249,Telegram Random Comments + Views | USA 🇺🇸 | Speed 1-2K/Day | 0-30 Mins,219.98,10,200 000,No Refill,5 hours 6 minutes,,,945.914
5231,Telegram Random Comments + Views | Turkey 🇹🇷 | Speed 1-2K/Day | 0-30 Mins,219.98,10,200 000,No Refill,27 minutes,,,945.914
5233,Telegram Random Comments + Views | Russia 🇷🇺 | Speed 1-2K/Day | 0-30 Mins,219.98,10,200 000,No Refill,1 minute,,,945.914
5232,Telegram Random Comments + Views | China 🇨🇳 | Speed 1-2K/Day | 0-30 Mins,219.98,10,200 000,No Refill,22 minutes,,,945.914
5234,Telegram Random Comments + Views | Arab 🇸🇦 | Speed 1-2K/Day | 0-30 Mins,219.98,10,200 000,No Refill,11 minutes,,,945.914
5235,Telegram Random Comments + Views | India 🇮🇳 | Speed 1-2K/Day | 0-30 Mins,219.98,10,200 000,No Refill,55 minutes,,,945.914
5236,Telegram Random Comments + Views | Germany 🇩🇪 | Speed 1-2K/Day | 0-30 Mins,219.98,10,200 000,No Refill,55 minutes,,,945.914
17304,✍️ Telegram Random Comments | English Positive Comments | Speed 200/Day | 0-30 Mins,670.292,1,10 000,No Refill,16 minutes,,,2882.2556
17305,✍️ Telegram Random Comments | Topic : Crypto/Web3 Thematic Comments | Speed 200/Day | 0-30 Mins,670.292,1,1 000,No Refill,35 hours 30 minutes,,,2882.2556
17306,✍️ Telegram Random Comments | Topic : News/Politics Thematic Comments | Speed 200/Day | 0-30 Mins,670.292,1,1 000,No Refill,33 minutes,,,2882.2556
17307,✍️ Telegram Random Comments | Topic : Tech/Startup Thematic Comments | Speed 200/Day | 0-30 Mins,670.292,1,1 000,No Refill,11 minutes,,,2882.2556
17308,✍️ Telegram Random Comments | Topic : Marketing/Business Thematic Comments | Speed 200/Day | 0-30 Mins,670.292,1,5 000,No Refill,11 minutes,,,2882.2556
17309,✍️ Telegram Random Comments | Topic : Finance/Trading Thematic Comments | Speed 200/Day | 0-30 Mins,670.292,1,1 000,No Refill,33 minutes,,,2882.2556
17310,🕛 Telegram Future Post Random Comments | China 🇨🇳 [ 10 Future Posts ],2813.156,100,50 000,No Refill,16 minutes,,,12096.5708
17311,🕛 Telegram Future Post Random Comments | China 🇨🇳 [ 50 Future Posts ],14732.19,10,50 000,No Refill,11 minutes,,,63348.417
17312,🕛 Telegram Future Post Random Comments | English Comments 🇺🇸 [ 10 Future Posts ],2813.156,100,50 000,No Refill,11 minutes,,,12096.5708
17313,🕛 Telegram Future Post Random Comments | English Comments 🇺🇸 [ 50 Future Posts ],14732.19,100,50 000,No Refill,33 minutes,,,63348.417
17314,🕛 Telegram Future Post Random Comments | Russia 🇷🇺 [ 10 Future Posts ],2813.156,100,50 000,No Refill,23 minutes,,,12096.5708
17315,🕛 Telegram Future Post Random Comments | Russia 🇷🇺 [ 50 Future Posts ],14732.19,100,50 000,No Refill,33 minutes,,,63348.417
17316,⭐️ Telegram Premium Comments | WorldWide 🌎 | 365 Days Premium | 𝐑𝐞𝐚𝐥 𝐒𝐭𝐚𝐭𝐬 | Speed 2K/Day | 0-30 Mins,56936,10,50 000,No Refill,23 minutes,,,244824.8
17317,⭐️ Telegram Premium Comments | Israel 🇮🇱 | 365 Days Premium | 𝐑𝐞𝐚𝐥 𝐒𝐭𝐚𝐭𝐬 | Speed 2K/Day | 0-30 Mins,56936,10,50 000,No Refill,23 minutes,,,244824.8
17318,⭐️ Telegram Premium Comments | Russia 🇷🇺 | 365 Days Premium | 𝐑𝐞𝐚𝐥 𝐒𝐭𝐚𝐭𝐬 | Speed 2K/Day | 0-30 Mins,14234,10,5 000,No Refill,55 minutes,,,61206.2
17319,⭐️ Telegram Premium Comments | Uzbekistan 🇺🇿 | 365 Days Premium | 𝐑𝐞𝐚𝐥 𝐒𝐭𝐚𝐭𝐬 | Speed 2K/Day | 0-30 Mins,14234,10,5 000,No Refill,33 minutes,,,61206.2
17320,⭐️ Telegram Premium Comments | USA 🇺🇸 | 365 Days Premium | 𝐑𝐞𝐚𝐥 𝐒𝐭𝐚𝐭𝐬 | Speed 2K/Day | 0-30 Mins,14234,10,10 000,No Refill,11 minutes,,,61206.2
17321,⭐️ Telegram Premium Comments | India 🇮🇳 | 365 Days Premium | 𝐑𝐞𝐚𝐥 𝐒𝐭𝐚𝐭𝐬 | Speed 2K/Day | 0-30 Mins,14234,10,500,No Refill,16 minutes,,,61206.2
17322,⭐️ Telegram Premium Comments | Iran 🇮🇷 | 365 Days Premium | 𝐑𝐞𝐚𝐥 𝐒𝐭𝐚𝐭𝐬 | Speed 2K/Day | 0-30 Mins,14234,10,5 000,No Refill,11 minutes,,,61206.2
17323,⭐️ Telegram Premium Comments | Turkey 🇹🇷 | 365 Days Premium | 𝐑𝐞𝐚𝐥 𝐒𝐭𝐚𝐭𝐬 | Speed 2K/Day | 0-30 Mins,14234,10,500,No Refill,22 minutes,,,61206.2
17324,⭐️ Telegram Premium Comments | Italy 🇮🇹 | 365 Days Premium | 𝐑𝐞𝐚𝐥 𝐒𝐭𝐚𝐭𝐬 | Speed 2K/Day | 0-30 Mins,14234,10,500,No Refill,33 minutes,,,61206.2
17325,⭐️ Telegram Premium Comments | Arab 🇸🇦 | 365 Days Premium | 𝐑𝐞𝐚𝐥 𝐒𝐭𝐚𝐭𝐬 | Speed 2K/Day | 0-30 Mins,14234,10,500,No Refill,23 minutes,,,61206.2
17326,⭐️ Telegram Premium Comments | China 🇨🇳 | 365 Days Premium | 𝐑𝐞𝐚𝐥 𝐒𝐭𝐚𝐭𝐬 | Speed 2K/Day | 0-30 Mins,14234,10,10 000,No Refill,33 minutes,,,61206.2
17336,🕛 Telegram Auto Random Comments 📊 | 𝐅𝐮𝐭𝐮𝐫𝐞 + 𝐎𝐥𝐝 𝐏𝐨𝐬𝐭𝐬 | WorldWide 🌎 | 𝐑𝐞𝐚𝐥 𝐒𝐭𝐚𝐭𝐬 | Speed 10K/Day | 0-15 Mins,297.62,100,500 000,No Refill,23 minutes,,,1279.766
17337,🕛 Telegram Auto Random Comments 📊 | 𝐅𝐮𝐭𝐮𝐫𝐞 + 𝐎𝐥𝐝 𝐏𝐨𝐬𝐭𝐬 | China 🇨🇳 | 𝐑𝐞𝐚𝐥 𝐒𝐭𝐚𝐭𝐬 | Speed 10K/Day | 0-15 Mins,297.62,100,500 000,No Refill,55 minutes,,,1279.766
17338,🕛 Telegram Auto Random Comments 📊 | 𝐅𝐮𝐭𝐮𝐫𝐞 + 𝐎𝐥𝐝 𝐏𝐨𝐬𝐭𝐬 | English 🇺🇸 | 𝐑𝐞𝐚𝐥 𝐒𝐭𝐚𝐭𝐬 | Speed 10K/Day | 0-15 Mins,297.62,100,500 000,No Refill,11 minutes,,,1279.766
17339,🕛 Telegram Auto Random Comments 📊 | 𝐅𝐮𝐭𝐮𝐫𝐞 + 𝐎𝐥𝐝 𝐏𝐨𝐬𝐭𝐬 | Russia 🇷🇺 | 𝐑𝐞𝐚𝐥 𝐒𝐭𝐚𝐭𝐬 | Speed 10K/Day | 0-15 Mins,297.62,100,500 000,No Refill,33 minutes,,,1279.766
17340,🕛 Telegram Auto Random Comments 📊 | 𝐅𝐮𝐭𝐮𝐫𝐞 + 𝐎𝐥𝐝 𝐏𝐨𝐬𝐭𝐬 | Arab 🇸🇦 | 𝐑𝐞𝐚𝐥 𝐒𝐭𝐚𝐭𝐬 | Speed 10K/Day | 0-15 Mins,297.62,100,500 000,No Refill,11 minutes,,,1279.766
17341,🕛 Telegram Auto Random Comments 📊 | 𝐅𝐮𝐭𝐮𝐫𝐞 + 𝐎𝐥𝐝 𝐏𝐨𝐬𝐭𝐬 | India 🇮🇳 | 𝐑𝐞𝐚𝐥 𝐒𝐭𝐚𝐭𝐬 | Speed 10K/Day | 0-15 Mins,297.62,100,500 000,No Refill,55 minutes,,,1279.766
17342,🕛 Telegram Auto Random Comments 📊 | 𝐅𝐮𝐭𝐮𝐫𝐞 + 𝐎𝐥𝐝 𝐏𝐨𝐬𝐭𝐬 | Germany 🇩🇪 | 𝐑𝐞𝐚𝐥 𝐒𝐭𝐚𝐭𝐬 | Speed 10K/Day | 0-15 Mins,297.62,100,500 000,No Refill,11 minutes,,,1279.766
17343,🕛 Telegram Auto Random Comments 📊 | 𝐅𝐮𝐭𝐮𝐫𝐞 + 𝐎𝐥𝐝 𝐏𝐨𝐬𝐭𝐬 | Turkey 🇹🇷 | 𝐑𝐞𝐚𝐥 𝐒𝐭𝐚𝐭𝐬 | Speed 10K/Day | 0-15 Mins,297.62,100,500 000,No Refill,22 minutes,,,1279.766
17344,🕛 Telegram Auto Random Comments 📊 | 𝐅𝐮𝐭𝐮𝐫𝐞 + 𝐎𝐥𝐝 𝐏𝐨𝐬𝐭𝐬 | Israel 🇮🇱 | 𝐑𝐞𝐚𝐥 𝐒𝐭𝐚𝐭𝐬 | Speed 10K/Day | 0-15 Mins,297.62,100,500 000,No Refill,33 minutes,,,1279.766
11381,🇷🇺 Telegram Post Comments - [Russia 🇷🇺] [𝐑𝐞𝐚𝐥 𝐒𝐭𝐚𝐭𝐬] [𝐎𝐧𝐞 𝐏𝐨𝐬𝐭] [𝐆𝐨𝐨𝐝 𝐅𝐨𝐫 𝐑𝐚𝐧𝐤𝐢𝐧𝐠] [No Refill] [Max 500K] [Speed 50-300K/Day] [𝐑𝐄𝐀𝐋] [INSTANT],364.908,100,500 000,No Refill,33 minutes,,,1569.1044
10610,⚡️ Telegram Boost Private / Public Channel | Non-Drop [ 1 Day Boost ],2135.1,1,100 000,No Refill,13 hours 1 minute,,,9180.93
10612,⚡️ Telegram Boost Private / Public Channel | Non-Drop [ 14 Day Boost ],15528,1,100 000,No Refill,17 minutes,,,66770.4
10611,⚡️ Telegram Boost Private / Public Channel | Non-Drop [ 7 Day Boost ],9187.4,1,100 000,No Refill,33 minutes,,,39505.82
17346,⚡️ Telegram Boost Private / Public Channel | Non-Drop [ 30 Day Boost ],28079.8,1,100 000,No Refill,17 minutes,,,120743.14
17347,⚡️ Telegram Boost Private / Public Channel | Non-Drop [ 60 Day Boost ],47360.4,1,100 000,No Refill,11 minutes,,,203649.72
11582,💎 Telegram Active Channel Story + Channel Boost [ 1 Day Boost ],2176.508,10,100 000,No Refill,2 minutes,,,9358.9844
11583,💎 Telegram Active Channel Story + Channel Boost [ 7 Days Boost ],2232.15,10,100 000,No Refill,11 minutes,,,9598.245
13126,💎 Telegram Active Channel Story + Channel Boost [ 14 Days Boost ],5208.35,10,100 000,No Refill,17 minutes,,,22395.905
11584,💎 Telegram Active Channel Story + Channel Boost [ 30 Days Boost ],11160.75,10,100 000,No Refill,2 minutes,,,47991.225
17345,💎 Telegram Active Channel Story + Channel Boost [ 90 Days Boost ],22321.5,10,100 000,No Refill,23 minutes,,,95982.45
5205,Telegram Poll Votes - [Unlimited] [Speed 50-100K/Day] [INSTANT],36.232,10,300 000,No Refill,10 minutes,,,155.7976
7339,Telegram Poll Votes - [30 Days Refill] [Max 500K] [Speed 100-300K/Day] [INSTANT],41.408,10,500 000,30 Days Refill,3 hours 22 minutes,,,178.0544
17414,🇧🇷 Telegram 𝐏𝐫𝐞𝐦𝐢𝐮𝐦 Members ⭐️ [ 30 Days Premium Accounts ] | Brazil 🇧🇷 [ 𝐉𝐨𝐢𝐧 𝐅𝐫𝐨𝐦 𝐒𝐞𝐚𝐫𝐜𝐡 ] 30 Days Refill | Good For Ranking | Max 5K | Speed 5K/Day | Non-Drop | Instant,1207.302,1,4 100,30 Days Refill,11 minutes,,,5191.3986
17415,🇲🇽 Telegram 𝐏𝐫𝐞𝐦𝐢𝐮𝐦 Members ⭐️ [ 30 Days Premium Accounts ] | MEXICO 🇲🇽 [ 𝐉𝐨𝐢𝐧 𝐅𝐫𝐨𝐦 𝐒𝐞𝐚𝐫𝐜𝐡 ] 30 Days Refill | Good For Ranking | Max 5K | Speed 5K/Day | Non-Drop | Instant,1207.302,1,3 150,30 Days Refill,33 minutes,,,5191.3986
17416,🇦🇷 Telegram 𝐏𝐫𝐞𝐦𝐢𝐮𝐦 Members ⭐️ [ 30 Days Premium Accounts ] | ARGENTINA 🇦🇷 [ 𝐉𝐨𝐢𝐧 𝐅𝐫𝐨𝐦 𝐒𝐞𝐚𝐫𝐜𝐡 ] 30 Days Refill | Good For Ranking | Max 5K | Speed 5K/Day | Non-Drop | Instant,1207.302,1,1 000,30 Days Refill,17 minutes,,,5191.3986
17421,🇧🇷 Telegram 𝐏𝐫𝐞𝐦𝐢𝐮𝐦 Bot Start | BRAZIL 🇧🇷 | Good For Ranking | Max 5K | 30 Days Refill | Speed 5K/Day | Non-Drop | Instant,604.298,1,4 100,30 Days Refill,55 minutes,,,2598.4814
17422,🇲🇽 Telegram 𝐏𝐫𝐞𝐦𝐢𝐮𝐦 Bot Start | MEXICO 🇲🇽 | Good For Ranking | Max 5K | 30 Days Refill | Speed 5K/Day | Non-Drop | Instant,604.298,1,3 150,No Refill,11 minutes,,,2598.4814
17423,🇦🇷 Telegram 𝐏𝐫𝐞𝐦𝐢𝐮𝐦 Bot Start | ARGENTINA 🇦🇷 | Good For Ranking | Max 5K | 30 Days Refill | Speed 5K/Day | Non-Drop | Instant,604.298,1,1 000,No Refill,16 minutes,,,2598.4814
11508,🇮🇳 Telegram 𝐏𝐫𝐞𝐦𝐢𝐮𝐦 Members 📍️ [ 365 Days Premium Accounts ] | India 🇮🇳 [ 𝐉𝐨𝐢𝐧 𝐅𝐫𝐨𝐦 𝐒𝐞𝐚𝐫𝐜𝐡 ] 30 Days Refill | Good For Ranking | Max 100K | Speed 10-20K/Day | Non-Drop | Instant,892.86,100,100 000,30 Days Refill,23 minutes,,,3839.298
12916,Telegram Premium Members [𝐈𝐧𝐝𝐢𝐚 🇮🇳] - [𝟑𝟔𝟓 𝐃𝐚𝐲𝐬 𝐏𝐫𝐞𝐦𝐢𝐮𝐦] [30 Days Refill] [Max 5K] [Speed 5K/Day] [𝐁𝐞𝐬𝐭 𝐐𝐮𝐚𝐥𝐢𝐭𝐲 & 𝟏𝟎𝟎% 𝐍𝐨𝐧-𝐃𝐫𝐨𝐩] [INSTANT],1863.36,100,5 000,30 Days Refill,16 minutes,,,8012.448
12917,Telegram Premium Members [𝐈𝐧𝐝𝐢𝐚 🇮🇳] [𝐉𝐨𝐢𝐧 𝐅𝐫𝐨𝐦 𝐒𝐞𝐚𝐫𝐜𝐡] - [𝟑𝟔𝟓 𝐃𝐚𝐲𝐬 𝐏𝐫𝐞𝐦𝐢𝐮𝐦] [30 Days Refill] [Max 5K] [Speed 5K/Day] [𝐁𝐞𝐬𝐭 𝐐𝐮𝐚𝐥𝐢𝐭𝐲 & 𝟏𝟎𝟎% 𝐍𝐨𝐧-𝐃𝐫𝐨𝐩] [INSTANT],931.68,100,5 000,30 Days Refill,17 minutes,,,4006.224
17360,🇮🇳 Telegram 𝐏𝐫𝐞𝐦𝐢𝐮𝐦 Members 📍️ [ 365 Days Premium Accounts ] | India 🇮🇳 [ 𝐌𝐞𝐦𝐛𝐞𝐫𝐬 + 𝐅𝐨𝐥𝐥𝐨𝐰𝐞𝐫 𝐕𝐢𝐞𝐰𝐬 ] 30 Days Refill | Good For Ranking | Max 100K | Speed 10-20K/Day | Non-Drop | Instant,1339.29,10,100 000,No Refill,22 minutes,,,5758.947
12918,Telegram Premium Members [𝐈𝐧𝐝𝐢𝐚 🇮🇳] [𝐉𝐨𝐢𝐧 𝐅𝐫𝐨𝐦 𝐋𝐢𝐧𝐤] - [𝟑𝟔𝟓 𝐃𝐚𝐲𝐬 𝐏𝐫𝐞𝐦𝐢𝐮𝐦] [30 Days Refill] [Max 5K] [Speed 5K/Day] [𝐁𝐞𝐬𝐭 𝐐𝐮𝐚𝐥𝐢𝐭𝐲 & 𝟏𝟎𝟎% 𝐍𝐨𝐧-𝐃𝐫𝐨𝐩] [INSTANT],1397.52,10,5 000,30 Days Refill,22 minutes,,,6009.336
17355,🇮🇳 Telegram 𝐏𝐫𝐞𝐦𝐢𝐮𝐦 Members 📍️ | India 🇮🇳 | [ 𝐏𝐮𝐛𝐥𝐢𝐜 / 𝐏𝐫𝐢𝐯𝐚𝐭𝐞 ] 7 Days Refill | Good For Ranking | Max 100K | Speed 10-20K/Day | Non-Drop | Instant,372.672,500,100 000,No Refill,55 minutes,,,1602.4896
17356,🇮🇳 Telegram 𝐏𝐫𝐞𝐦𝐢𝐮𝐦 Members 📍️ | India 🇮🇳 | [ 𝐏𝐮𝐛𝐥𝐢𝐜 / 𝐏𝐫𝐢𝐯𝐚𝐭𝐞 ] 14-16 Days Refill | Good For Ranking | Max 100K | Speed 10-20K/Day | Non-Drop | Instant,521.482,500,100 000,No Refill,22 minutes,,,2242.3726
17357,🇮🇳 Telegram 𝐏𝐫𝐞𝐦𝐢𝐮𝐦 Members 📍️ | India 🇮🇳 | [ 𝐏𝐮𝐛𝐥𝐢𝐜 / 𝐏𝐫𝐢𝐯𝐚𝐭𝐞 ] 30-35 Days Refill | Good For Ranking | Max 100K | Speed 10-20K/Day | Non-Drop | Instant,729.816,500,100 000,No Refill,10 minutes,,,3138.2088
17358,🇮🇳 Telegram 𝐏𝐫𝐞𝐦𝐢𝐮𝐦 Members 📍️ | India 🇮🇳 | [ 𝐏𝐮𝐛𝐥𝐢𝐜 / 𝐏𝐫𝐢𝐯𝐚𝐭𝐞 ] 60-70 Days Refill | Good For Ranking | Max 100K | Speed 10-20K/Day | Non-Drop | Instant,1339.29,500,100 000,No Refill,17 minutes,,,5758.947
17359,🇮🇳 Telegram 𝐏𝐫𝐞𝐦𝐢𝐮𝐦 Members 📍️ | India 🇮🇳 | [ 𝐏𝐮𝐛𝐥𝐢𝐜 / 𝐏𝐫𝐢𝐯𝐚𝐭𝐞 ] 90 Days Refill | Good For Ranking | Max 100K | Speed 10-20K/Day | Non-Drop | Instant,1771.486,500,100 000,No Refill,22 minutes,,,7617.3898
17370,🇮🇳 Telegram 𝐏𝐫𝐞𝐦𝐢𝐮𝐦 Members 📍️ | India 🇮🇳 | [ 𝐏𝐮𝐛𝐥𝐢𝐜 / 𝐏𝐫𝐢𝐯𝐚𝐭𝐞 ] 120 Days Refill | Good For Ranking | Max 100K | Speed 10-20K/Day | Non-Drop | Instant,2217.916,500,100 000,No Refill,11 minutes,,,9537.0388
11515,🇮🇳 Telegram 𝐏𝐫𝐞𝐦𝐢𝐮𝐦 Post Views | India 🇮🇳 | 𝐑𝐞𝐚𝐥 𝐒𝐭𝐚𝐭𝐬 | Max 20K | Speed 15K/Day | Non-Drop | INSTANT,21.998,10,20 000,No Refill,55 minutes,,,94.5914
11506,🇮🇳 Telegram 𝐏𝐫𝐞𝐦𝐢𝐮𝐦 Post Shares | India 🇮🇳 | Max 500 | 𝐑𝐞𝐚𝐥 𝐒𝐭𝐚𝐭𝐬 | Speed 500/Day | Non-Drop | INSTANT,139.752,10,500,No Refill,23 minutes,,,600.9336
17354,🇮🇳 Telegram 𝐏𝐫𝐞𝐦𝐢𝐮𝐦 Post Shares | 365 Days Premium | India 🇮🇳 | 𝐑𝐞𝐚𝐥 𝐒𝐭𝐚𝐭𝐬 | 𝐆𝐨𝐨𝐝 𝐅𝐨𝐫 𝐑𝐚𝐧𝐤𝐢𝐧𝐠 | Max 100K | Speed 10K/Day | 𝐑𝐄𝐀𝐋 & 𝐇𝐐 | INSTANT,1423.4,10,100 000,No Refill,55 minutes,,,6120.62
11507,🇮🇳Telegram 𝐏𝐫𝐞𝐦𝐢𝐮𝐦 Bot Start | India 🇮🇳 | 𝐑𝐞𝐚𝐥 𝐒𝐭𝐚𝐭𝐬 | Good For Ranking | Max 80K | 30 Days Refill | Speed 5-20K/Day | Non-Drop | Instant,744.05,10,80 000,30 Days Refill,6 minutes,,,3199.415
11509,🇮🇳 Telegram 𝐏𝐫𝐞𝐦𝐢𝐮𝐦 Comments { 𝐑𝐚𝐧𝐝𝐨𝐦 } | India 🇮🇳 | 𝐑𝐞𝐚𝐥 𝐒𝐭𝐚𝐭𝐬 | Max 500 | Speed 500/Day | Non-Drop | INSTANT,14234,10,500,30 Days Refill,16 minutes,,,61206.2
15970,🇺🇸 Telegram 𝐏𝐫𝐞𝐦𝐢𝐮𝐦 Members ⭐️ [ 365 Days Premium Accounts ] | USA 🇺🇸 [ 𝐉𝐨𝐢𝐧 𝐅𝐫𝐨𝐦 𝐒𝐞𝐚𝐫𝐜𝐡 ] 30 Days Refill | Good For Ranking | Max 100K | Speed 10-20K/Day | Non-Drop | Instant,892.86,100,100 000,30 Days Refill,17 minutes,,,3839.298
17364,🇺🇸 Telegram 𝐏𝐫𝐞𝐦𝐢𝐮𝐦 Members ⭐️ [ 365 Days Premium Accounts ] | USA 🇺🇸 [ 𝐌𝐞𝐦𝐛𝐞𝐫𝐬 + 𝐅𝐨𝐥𝐥𝐨𝐰𝐞𝐫 𝐕𝐢𝐞𝐰𝐬 ] 30 Days Refill | Good For Ranking | Max 100K | Speed 10-20K/Day | Non-Drop | Instant,1339.29,100,100 000,No Refill,55 minutes,,,5758.947
17412,🇺🇸 Telegram 𝐏𝐫𝐞𝐦𝐢𝐮𝐦 Members ⭐️ [ 30 Days Premium Accounts ] | USA 🇺🇸 [ 𝐉𝐨𝐢𝐧 𝐅𝐫𝐨𝐦 𝐒𝐞𝐚𝐫𝐜𝐡 ] 30 Days Refill | Good For Ranking | Max 5K | Speed 5K/Day | Non-Drop | Instant,1207.302,1,3 850,No Refill,17 minutes,,,5191.3986
17363,🇺🇸 Telegram 𝐏𝐫𝐞𝐦𝐢𝐮𝐦 Members ⭐️ [ 30 Days Premium Accounts ] | USA 🇺🇸 | [ 𝐏𝐮𝐛𝐥𝐢𝐜 / 𝐏𝐫𝐢𝐯𝐚𝐭𝐞 ] 30 Days Refill | Good For Ranking | Max 100K | Speed 10-20K/Day | Non-Drop | Instant,803.574,100,50 000,30 Days Refill,16 minutes,,,3455.3682
11496,🇺🇸 Telegram 𝐏𝐫𝐞𝐦𝐢𝐮𝐦 Members ⭐️ [ 90 Days Premium Accounts ] | USA 🇺🇸 | [ 𝐏𝐮𝐛𝐥𝐢𝐜 / 𝐏𝐫𝐢𝐯𝐚𝐭𝐞 ] 30 Days Refill | Good For Ranking | Max 100K | Speed 10-20K/Day | Non-Drop | Instant,1863.36,100,50 000,90 Days Refill,11 minutes,,,8012.448
11494,🇺🇸 Telegram 𝐏𝐫𝐞𝐦𝐢𝐮𝐦 Post Views | USA 🇺🇸 | 𝐑𝐞𝐚𝐥 𝐒𝐭𝐚𝐭𝐬 | Max 20K | Speed 15K/Day | Non-Drop | INSTANT,21.998,50,20 000,No Refill,23 minutes,,,94.5914
17361,🇺🇸 Telegram 𝐏𝐫𝐞𝐦𝐢𝐮𝐦 Post Share | USA 🇺🇸 | Max 500 | 𝐑𝐞𝐚𝐥 𝐒𝐭𝐚𝐭𝐬 | Speed 500/Day | Non-Drop | INSTANT,139.752,10,500,No Refill,22 minutes,,,600.9336
17362,🇺🇸 Telegram 𝐏𝐫𝐞𝐦𝐢𝐮𝐦 Post Shares | 365 Days Premium | USA 🇺🇸 | 𝐑𝐞𝐚𝐥 𝐒𝐭𝐚𝐭𝐬 | 𝐆𝐨𝐨𝐝 𝐅𝐨𝐫 𝐑𝐚𝐧𝐤𝐢𝐧𝐠 | Max 100K | Speed 10K/Day | 𝐑𝐄𝐀𝐋 & 𝐇𝐐 | INSTANT,1423.4,10,100 000,No Refill,23 minutes,,,6120.62
17375,🇺🇸 Telegram 𝐏𝐫𝐞𝐦𝐢𝐮𝐦 Bot Start | USA 🇺🇸 | Max 5K | 30 Days Refill | Speed 5K/Day | Non-Drop | Instant,634.06,50,80 000,No Refill,23 minutes,,,2726.458
11501,🇺🇸 Telegram 𝐏𝐫𝐞𝐦𝐢𝐮𝐦 Bot Start | USA 🇺🇸 | 𝐑𝐞𝐚𝐥 𝐒𝐭𝐚𝐭𝐬 | Good For Ranking | Max 80K | 30 Days Refill | Speed 5-20K/Day | Non-Drop | Instant,1423.4,50,80 000,30 Days Refill,33 minutes,,,6120.62
11502,🇺🇸 Telegram 𝐏𝐫𝐞𝐦𝐢𝐮𝐦 Comments { 𝐑𝐚𝐧𝐝𝐨𝐦 } | USA 🇺🇸 | 𝐑𝐞𝐚𝐥 𝐒𝐭𝐚𝐭𝐬 | Max 5K | Speed 3K/Day | Non-Drop | INSTANT,14234,10,5 000,No Refill,33 minutes,,,61206.2
12919,Telegram Premium Members [𝐔𝐒𝐀 🇺🇸] - [𝟑𝟔𝟓 𝐃𝐚𝐲𝐬 𝐏𝐫𝐞𝐦𝐢𝐮𝐦] [30 Days Refill] [Max 15K] [Speed 15K/Day] [𝐁𝐞𝐬𝐭 𝐐𝐮𝐚𝐥𝐢𝐭𝐲 & 𝟏𝟎𝟎% 𝐍𝐨𝐧-𝐃𝐫𝐨𝐩] [INSTANT],1863.36,100,15 000,365 Days Refill,33 minutes,,,8012.448
12920,Telegram Premium Members [𝐔𝐒𝐀 🇺🇸] [𝐉𝐨𝐢𝐧 𝐅𝐫𝐨𝐦 𝐒𝐞𝐚𝐫𝐜𝐡] - [𝟑𝟔𝟓 𝐃𝐚𝐲𝐬 𝐏𝐫𝐞𝐦𝐢𝐮𝐦] [30 Days Refill] [Max 10K] [Speed 5K/Day] [𝐁𝐞𝐬𝐭 𝐐𝐮𝐚𝐥𝐢𝐭𝐲 & 𝟏𝟎𝟎% 𝐍𝐨𝐧-𝐃𝐫𝐨𝐩] [INSTANT],931.68,100,10 000,30 Days Refill,16 minutes,,,4006.224
12921,Telegram Premium Members [𝐔𝐒𝐀 🇺🇸] [𝐉𝐨𝐢𝐧 𝐅𝐫𝐨𝐦 𝐋𝐢𝐧𝐤] - [𝟑𝟔𝟓 𝐃𝐚𝐲𝐬 𝐏𝐫𝐞𝐦𝐢𝐮𝐦] [30 Days Refill] [Max 10K] [Speed 5K/Day] [𝐁𝐞𝐬𝐭 𝐐𝐮𝐚𝐥𝐢𝐭𝐲 & 𝟏𝟎𝟎% 𝐍𝐨𝐧-𝐃𝐫𝐨𝐩] [INSTANT],1397.52,100,10 000,30 Days Refill,11 minutes,,,6009.336
11535,Telegram 𝐏𝐫𝐞𝐦𝐢𝐮𝐦 Members ⭐️ [ 365 Days Premium Accounts ] | China 🇨🇳 [ 𝐉𝐨𝐢𝐧 𝐅𝐫𝐨𝐦 𝐒𝐞𝐚𝐫𝐜𝐡 ] 30 Days Refill | Good For Ranking | Max 100K | Speed 10-20K/Day | Non-Drop | Instant,892.86,100,100 000,30 Days Refill,1 hour 24 minutes,,,3839.298
11539,🇨🇳 Telegram 𝐏𝐫𝐞𝐦𝐢𝐮𝐦 Members ⭐️ [ 365 Days Premium Accounts ] | China 🇨🇳 [ 𝐌𝐞𝐦𝐛𝐞𝐫𝐬 + 𝐅𝐨𝐥𝐥𝐨𝐰𝐞𝐫 𝐕𝐢𝐞𝐰𝐬 ] 30 Days Refill | Good For Ranking | Max 100K | Speed 10-20K/Day | Non-Drop | Instant,1339.29,100,100 000,No Refill,2 hours 28 minutes,,,5758.947
11534,🇨🇳 Telegram 𝐏𝐫𝐞𝐦𝐢𝐮𝐦 Members ⭐️ [ 7 Days Premium Accounts ] | China 🇨🇳 | [ 𝐏𝐮𝐛𝐥𝐢𝐜 / 𝐏𝐫𝐢𝐯𝐚𝐭𝐞 ] 7 Days Refill | Good For Ranking | Max 100K | Speed 10-20K/Day | Non-Drop | Instant,372.672,500,100 000,7 Days Refill,1 hour 18 minutes,,,1602.4896
17365,🇨🇳 Telegram 𝐏𝐫𝐞𝐦𝐢𝐮𝐦 Members ⭐️ [ 14 Days Premium Accounts ] | China 🇨🇳 | [ 𝐏𝐮𝐛𝐥𝐢𝐜 / 𝐏𝐫𝐢𝐯𝐚𝐭𝐞 ] 14 Days Refill | Good For Ranking | Max 100K | Speed 10-20K/Day | Non-Drop | Instant,521.482,500,100 000,No Refill,1 hour 17 minutes,,,2242.3726
17366,🇨🇳 Telegram 𝐏𝐫𝐞𝐦𝐢𝐮𝐦 Members ⭐️ [ 30 Days Premium Accounts ] | China 🇨🇳 | [ 𝐏𝐮𝐛𝐥𝐢𝐜 / 𝐏𝐫𝐢𝐯𝐚𝐭𝐞 ] 30 Days Refill | Good For Ranking | Max 100K | Speed 10-20K/Day | Non-Drop | Instant,729.816,500,100 000,No Refill,2 hours 45 minutes,,,3138.2088
17367,🇨🇳 Telegram 𝐏𝐫𝐞𝐦𝐢𝐮𝐦 Members ⭐️ [ 60 Days Premium Accounts ] | China 🇨🇳 | [ 𝐏𝐮𝐛𝐥𝐢𝐜 / 𝐏𝐫𝐢𝐯𝐚𝐭𝐞 ] 60 Days Refill | Good For Ranking | Max 100K | Speed 10-20K/Day | Non-Drop | Instant,1339.29,500,100 000,No Refill,6 hours 19 minutes,,,5758.947
17368,🇨🇳 Telegram 𝐏𝐫𝐞𝐦𝐢𝐮𝐦 Members ⭐️ [ 90 Days Premium Accounts ] | China 🇨🇳 | [ 𝐏𝐮𝐛𝐥𝐢𝐜 / 𝐏𝐫𝐢𝐯𝐚𝐭𝐞 ] 90 Days Refill | Good For Ranking | Max 100K | Speed 10-20K/Day | Non-Drop | Instant,1771.486,500,100 000,No Refill,23 minutes,,,7617.3898
17369,🇨🇳 Telegram 𝐏𝐫𝐞𝐦𝐢𝐮𝐦 Members ⭐️ [ 120 Days Premium Accounts ] | China 🇨🇳 | [ 𝐏𝐮𝐛𝐥𝐢𝐜 / 𝐏𝐫𝐢𝐯𝐚𝐭𝐞 ] 120 Days Refill | Good For Ranking | Max 100K | Speed 10-20K/Day | Non-Drop | Instant,2217.916,500,100 000,No Refill,16 minutes,,,9537.0388
11540,🇨🇳 Telegram 𝐏𝐫𝐞𝐦𝐢𝐮𝐦 Post Views | 365 Days Premium | China 🇨🇳 | 𝐑𝐞𝐚𝐥 𝐒𝐭𝐚𝐭𝐬 | 𝐆𝐨𝐨𝐝 𝐅𝐨𝐫 𝐑𝐚𝐧𝐤𝐢𝐧𝐠 | Max 100K | Speed 10K/Day | 𝐑𝐄𝐀𝐋 & 𝐇𝐐 | INSTANT,75.052,20,100 000,No Refill,5 minutes,,,322.7236
11536,🇨🇳 Telegram 𝐏𝐫𝐞𝐦𝐢𝐮𝐦 Post Shares | 365 Days Premium | China 🇨🇳 | 𝐑𝐞𝐚𝐥 𝐒𝐭𝐚𝐭𝐬 | 𝐆𝐨𝐨𝐝 𝐅𝐨𝐫 𝐑𝐚𝐧𝐤𝐢𝐧𝐠 | Max 100K | Speed 10K/Day | 𝐑𝐄𝐀𝐋 & 𝐇𝐐 | INSTANT,1488.1,10,100 000,No Refill,55 minutes,,,6398.83
11537,🇨🇳 Telegram 𝐏𝐫𝐞𝐦𝐢𝐮𝐦 Bot Start | China 🇨🇳 | 𝐑𝐞𝐚𝐥 𝐒𝐭𝐚𝐭𝐬 | Good For Ranking | Max 80K | 30 Days Refill | Speed 5-20K/Day | Non-Drop | Instant,1488.1,50,100 000,30 Days Refill,55 minutes,,,6398.83
11538,🇨🇳 Telegram 𝐏𝐫𝐞𝐦𝐢𝐮𝐦 Comments { 𝐑𝐚𝐧𝐝𝐨𝐦 } | China 🇨🇳 | 𝐑𝐞𝐚𝐥 𝐒𝐭𝐚𝐭𝐬 | Max 5K | Speed 3K/Day | Non-Drop | INSTANT,14234,10,5 000,No Refill,16 minutes,,,61206.2
11474,🇮🇱 Telegram 𝐏𝐫𝐞𝐦𝐢𝐮𝐦 Members ⭐️ [ 365 Days Premium Accounts ] | Israel 🇮🇱 [ 𝐉𝐨𝐢𝐧 𝐅𝐫𝐨𝐦 𝐒𝐞𝐚𝐫𝐜𝐡 ] 30 Days Refill | Good For Ranking | Max 100K | Speed 10-20K/Day | Non-Drop | Instant,892.86,100,100 000,30 Days Refill,55 minutes,,,3839.298
11473,🇮🇱 Telegram 𝐏𝐫𝐞𝐦𝐢𝐮𝐦 Members ⭐️ [ 365 Days Premium Accounts ] | Israel 🇮🇱 [ 𝐌𝐞𝐦𝐛𝐞𝐫𝐬 + 𝐅𝐨𝐥𝐥𝐨𝐰𝐞𝐫 𝐕𝐢𝐞𝐰𝐬 ] 30 Days Refill | Good For Ranking | Max 100K | Speed 10-20K/Day | Non-Drop | Instant,1785.72,100,100 000,30 Days Refill,16 minutes,,,7678.596
17383,🇮🇱 Telegram 𝐏𝐫𝐞𝐦𝐢𝐮𝐦 Members ⭐️ [ 30 Days Premium Accounts ] | Israel 🇮🇱 | [ 𝐊𝐞𝐲𝐰𝐨𝐫𝐝 𝐒𝐞𝐚𝐫𝐜𝐡 𝐉𝐨𝐢𝐧 ] 15 Days Refill | Good For Ranking | Max 100K | Speed 10-20K/Day | Non-Drop | Instant,593.946,100,100 000,15 Days Refill,33 minutes,,,2553.9678
17384,🇮🇱 Telegram 𝐏𝐫𝐞𝐦𝐢𝐮𝐦 Members ⭐️ [ 90 Days Premium Accounts ] | Israel 🇮🇱 | [ 𝐊𝐞𝐲𝐰𝐨𝐫𝐝 𝐒𝐞𝐚𝐫𝐜𝐡 𝐉𝐨𝐢𝐧 ] 30 Days Refill | Good For Ranking | Max 100K | Speed 10-20K/Day | Non-Drop | Instant,1473.866,100,100 000,30 Days Refill,55 minutes,,,6337.6238
17378,🇮🇱 Telegram 𝐏𝐫𝐞𝐦𝐢𝐮𝐦 Members ⭐️ [ 7 Days Premium Accounts ] | Israel 🇮🇱 | [ 𝐏𝐮𝐛𝐥𝐢𝐜 / 𝐏𝐫𝐢𝐯𝐚𝐭𝐞 ] 7 Days Refill | Good For Ranking | Max 100K | Speed 10-20K/Day | Non-Drop | Instant,372.672,500,100 000,7 Days Refill,11 minutes,,,1602.4896
17379,🇮🇱 Telegram 𝐏𝐫𝐞𝐦𝐢𝐮𝐦 Members ⭐️ [ 14 Days Premium Accounts ] | Israel 🇮🇱 | [ 𝐏𝐮𝐛𝐥𝐢𝐜 / 𝐏𝐫𝐢𝐯𝐚𝐭𝐞 ] 7 Days Refill | Good For Ranking | Max 100K | Speed 10-20K/Day | Non-Drop | Instant,521.482,500,100 000,7 Days Refill,22 minutes,,,2242.3726
17380,🇮🇱 Telegram 𝐏𝐫𝐞𝐦𝐢𝐮𝐦 Members ⭐️ [ 30 Days Premium Accounts ] | Israel 🇮🇱 | [ 𝐏𝐮𝐛𝐥𝐢𝐜 / 𝐏𝐫𝐢𝐯𝐚𝐭𝐞 ] 30 Days Refill | Good For Ranking | Max 100K | Speed 10-20K/Day | Non-Drop | Instant,729.816,500,100 000,30 Days Refill,55 minutes,,,3138.2088
17381,🇮🇱 Telegram 𝐏𝐫𝐞𝐦𝐢𝐮𝐦 Members ⭐️ [ 60 Days Premium Accounts ] | Israel 🇮🇱 | [ 𝐏𝐮𝐛𝐥𝐢𝐜 / 𝐏𝐫𝐢𝐯𝐚𝐭𝐞 ] 60 Days Refill | Good For Ranking | Max 100K | Speed 10-20K/Day | Non-Drop | Instant,1339.29,500,100 000,30 Days Refill,33 minutes,,,5758.947
17382,🇮🇱 Telegram 𝐏𝐫𝐞𝐦𝐢𝐮𝐦 Members ⭐️ [ 90 Days Premium Accounts ] | Israel 🇮🇱 | [ 𝐏𝐮𝐛𝐥𝐢𝐜 / 𝐏𝐫𝐢𝐯𝐚𝐭𝐞 ] 7 Days Refill | Good For Ranking | Max 100K | Speed 10-20K/Day | Non-Drop | Instant,1771.486,500,100 000,No Refill,22 minutes,,,7617.3898
11487,🇮🇱 Telegram 𝐏𝐫𝐞𝐦𝐢𝐮𝐦 Post Views | Israel 🇮🇱 | 𝐑𝐞𝐚𝐥 𝐒𝐭𝐚𝐭𝐬 | Max 20K | Speed 15K/Day | Non-Drop | INSTANT,21.998,10,20 000,30 Days Refill,16 minutes,,,94.5914
11472,🇮🇱 Telegram 𝐏𝐫𝐞𝐦𝐢𝐮𝐦 Post Share | Israel 🇮🇱 | Max 500 | 𝐑𝐞𝐚𝐥 𝐒𝐭𝐚𝐭𝐬 | Speed 500/Day | Non-Drop | INSTANT],139.752,10,500,No Refill,16 minutes,,,600.9336
17377,🇮🇱 Telegram 𝐏𝐫𝐞𝐦𝐢𝐮𝐦 Post Shares | 365 Days Premium | Israel 🇮🇱 | 𝐑𝐞𝐚𝐥 𝐒𝐭𝐚𝐭𝐬 | 𝐆𝐨𝐨𝐝 𝐅𝐨𝐫 𝐑𝐚𝐧𝐤𝐢𝐧𝐠 | Max 100K | Speed 10K/Day | 𝐑𝐄𝐀𝐋 & 𝐇𝐐 | INSTANT,1423.4,10,50 000,No Refill,11 minutes,,,6120.62
11475,🇮🇱 Telegram 𝐏𝐫𝐞𝐦𝐢𝐮𝐦 Bot Start | Israel 🇮🇱 | 𝐑𝐞𝐚𝐥 𝐒𝐭𝐚𝐭𝐬 | Good For Ranking | Max 80K | 30 Days Refill | Speed 5-20K/Day | Non-Drop | Instant,1339.29,50,100 000,30 Days Refill,3 minutes,,,5758.947
11478,🇮🇱 Telegram 𝐏𝐫𝐞𝐦𝐢𝐮𝐦 Comments { 𝐑𝐚𝐧𝐝𝐨𝐦 } | Israel 🇮🇱 | 𝐑𝐞𝐚𝐥 𝐒𝐭𝐚𝐭𝐬 | Max 20K | Speed 5K/Day | Non-Drop | INSTANT,56936,10,20 000,Lifetime Refill,55 minutes,,,244824.8
11486,🇷🇺 Telegram 𝐏𝐫𝐞𝐦𝐢𝐮𝐦 Members ⭐️ [ 365 Days Premium Accounts ] | Russian 🇷🇺 [ 𝐉𝐨𝐢𝐧 𝐅𝐫𝐨𝐦 𝐒𝐞𝐚𝐫𝐜𝐡 ] 30 Days Refill | Good For Ranking | Max 100K | Speed 10-20K/Day | Non-Drop | Instant,892.86,100,100 000,30 Days Refill,3 minutes,,,3839.298
17387,🇷🇺 Telegram 𝐏𝐫𝐞𝐦𝐢𝐮𝐦 Members ⭐️ [ 30 Days Premium Accounts ] | Russian 🇷🇺 [ 𝐉𝐨𝐢𝐧 𝐅𝐫𝐨𝐦 𝐒𝐞𝐚𝐫𝐜𝐡 ] 30 Days Refill | Good For Ranking | Max 10K | Speed 10K/Day | Non-Drop | Instant,1257.768,1,10 000,30 Days Refill,7 minutes,,,5408.4024
17385,🇷🇺 Telegram 𝐏𝐫𝐞𝐦𝐢𝐮𝐦 Members ⭐️ [ 365 Days Premium Accounts ] | Russian 🇷🇺 [ 𝐌𝐞𝐦𝐛𝐞𝐫𝐬 + 𝐅𝐨𝐥𝐥𝐨𝐰𝐞𝐫 𝐕𝐢𝐞𝐰𝐬 ] 30 Days Refill | Good For Ranking | Max 100K | Speed 10-20K/Day | Non-Drop | Instant,1339.29,100,100 000,30 Days Refill,11 minutes,,,5758.947
17388,🇷🇺 Telegram 𝐏𝐫𝐞𝐦𝐢𝐮𝐦 Members 📍️| Russian 🇷🇺 | [ 𝐏𝐮𝐛𝐥𝐢𝐜 / 𝐏𝐫𝐢𝐯𝐚𝐭𝐞 ] 7 Days Refill | Good For Ranking | Max 100K | Speed 10-20K/Day | Non-Drop | Instant,372.672,500,100 000,No Refill,11 minutes,,,1602.4896
17389,🇷🇺 Telegram 𝐏𝐫𝐞𝐦𝐢𝐮𝐦 Members 📍️| Russian 🇷🇺 | [ 𝐏𝐮𝐛𝐥𝐢𝐜 / 𝐏𝐫𝐢𝐯𝐚𝐭𝐞 ] 15 Days Refill | Good For Ranking | Max 100K | Speed 10-20K/Day | Non-Drop | Instant,521.482,500,100 000,No Refill,11 minutes,,,2242.3726
17390,🇷🇺 Telegram 𝐏𝐫𝐞𝐦𝐢𝐮𝐦 Members 📍️| Russian 🇷🇺 | [ 𝐏𝐮𝐛𝐥𝐢𝐜 / 𝐏𝐫𝐢𝐯𝐚𝐭𝐞 ] 30 Days Refill | Good For Ranking | Max 100K | Speed 10-20K/Day | Non-Drop | Instant,729.816,500,100 000,No Refill,16 minutes,,,3138.2088
17391,🇷🇺 Telegram 𝐏𝐫𝐞𝐦𝐢𝐮𝐦 Members 📍️| Russian 🇷🇺 | [ 𝐏𝐮𝐛𝐥𝐢𝐜 / 𝐏𝐫𝐢𝐯𝐚𝐭𝐞 ] 60 Days Refill | Good For Ranking | Max 100K | Speed 10-20K/Day | Non-Drop | Instant,1339.29,500,100 000,No Refill,16 minutes,,,5758.947
11479,🇷🇺 Telegram 𝐏𝐫𝐞𝐦𝐢𝐮𝐦 Post Views | Russian 🇷🇺 | 𝐑𝐞𝐚𝐥 𝐒𝐭𝐚𝐭𝐬 | Max 20K | Speed 15K/Day | Non-Drop | INSTANT,21.998,10,20 000,No Refill,17 minutes,,,94.5914
11480,🇷🇺 Telegram 𝐏𝐫𝐞𝐦𝐢𝐮𝐦 Post Shares | 365 Days Premium | Russian 🇷🇺 | 𝐑𝐞𝐚𝐥 𝐒𝐭𝐚𝐭𝐬 | 𝐆𝐨𝐨𝐝 𝐅𝐨𝐫 𝐑𝐚𝐧𝐤𝐢𝐧𝐠 | Max 100K | Speed 10K/Day | 𝐑𝐄𝐀𝐋 & 𝐇𝐐 | INSTANT,134.576,10,500,No Refill,6 minutes,,,578.6768
17386,🇷🇺 Telegram 𝐏𝐫𝐞𝐦𝐢𝐮𝐦 Bot Start | Russian 🇷🇺 | Good For Ranking | Max 10K | 30 Days Refill | Speed 5K/Day | Non-Drop | Instant,604.298,1,10 000,No Refill,22 minutes,,,2598.4814
11481,🇷🇺 Telegram 𝐏𝐫𝐞𝐦𝐢𝐮𝐦 Bot Start | Russian 🇷🇺 | 𝐑𝐞𝐚𝐥 𝐒𝐭𝐚𝐭𝐬 | Good For Ranking | Max 80K | 30 Days Refill | Speed 5-20K/Day | Non-Drop | Instant,1086.96,20,80 000,No Refill,22 minutes,,,4673.928
11485,🇷🇺 Telegram 𝐏𝐫𝐞𝐦𝐢𝐮𝐦 Comments { 𝐑𝐚𝐧𝐝𝐨𝐦 } | Russian 🇷🇺 | 𝐑𝐞𝐚𝐥 𝐒𝐭𝐚𝐭𝐬 | Max 500 | Speed 500/Day | Non-Drop | INSTANT,14234,10,5 000,No Refill,11 minutes,,,61206.2
11530,🇸🇦 Telegram 𝐏𝐫𝐞𝐦𝐢𝐮𝐦 Members ⭐️ [ 365 Days Premium Accounts ] | ARAB 🇸🇦 [ 𝐉𝐨𝐢𝐧 𝐅𝐫𝐨𝐦 𝐒𝐞𝐚𝐫𝐜𝐡 ] 30 Days Refill | Good For Ranking | Max 100K | Speed 10-20K/Day | Non-Drop | Instant,854.04,100,100 000,30 Days Refill,19 minutes,,,3672.372
11529,🇸🇦 Telegram 𝐏𝐫𝐞𝐦𝐢𝐮𝐦 Members ⭐️ [ 365 Days Premium Accounts ] | ARAB 🇸🇦 [ 𝐌𝐞𝐦𝐛𝐞𝐫𝐬 + 𝐅𝐨𝐥𝐥𝐨𝐰𝐞𝐫 𝐕𝐢𝐞𝐰𝐬 ] 30 Days Refill | Good For Ranking | Max 100K | Speed 10-20K/Day | Non-Drop | Instant,1339.29,100,100 000,30 Days Refill,23 minutes,,,5758.947
17396,🇸🇦 Telegram 𝐏𝐫𝐞𝐦𝐢𝐮𝐦 Members ⭐️ [ 90 Days Premium Accounts ] ARAB 🇸🇦 | [ 𝐊𝐞𝐲𝐰𝐨𝐫𝐝 𝐒𝐞𝐚𝐫𝐜𝐡 𝐉𝐨𝐢𝐧 ] 45 Days Refill | Good For Ranking | Max 100K | Speed 10-20K/Day | Non-Drop | Instant,1473.866,100,50 000,No Refill,22 minutes,,,6337.6238
17397,🇸🇦 Telegram 𝐏𝐫𝐞𝐦𝐢𝐮𝐦 Members ⭐️ [ 30 Days Premium Accounts ] ARAB 🇸🇦 | [ 𝐊𝐞𝐲𝐰𝐨𝐫𝐝 𝐒𝐞𝐚𝐫𝐜𝐡 𝐉𝐨𝐢𝐧 ] 15 Days Refill | Good For Ranking | Max 100K | Speed 10-20K/Day | Non-Drop | Instant,593.946,100,50 000,15 Days Refill,22 minutes,,,2553.9678
11527,🇸🇦 Telegram 𝐏𝐫𝐞𝐦𝐢𝐮𝐦 Post Views | ARAB 🇸🇦 | 𝐑𝐞𝐚𝐥 𝐒𝐭𝐚𝐭𝐬 | Max 20K | Speed 15K/Day | Non-Drop | INSTANT,21.998,10,20 000,30 Days Refill,11 minutes,,,94.5914
11532,🇸🇦 Telegram 𝐏𝐫𝐞𝐦𝐢𝐮𝐦 Post Shares | 365 Days Premium | ARAB 🇸🇦 | 𝐑𝐞𝐚𝐥 𝐒𝐭𝐚𝐭𝐬 | 𝐆𝐨𝐨𝐝 𝐅𝐨𝐫 𝐑𝐚𝐧𝐤𝐢𝐧𝐠 | Max 100K | Speed 10K/Day | 𝐑𝐄𝐀𝐋 & 𝐇𝐐 | INSTANT,1423.4,10,50 000,No Refill,55 minutes,,,6120.62
11531,⭐️ 🇸🇦 Telegram Premium Bot start | Arab 🇸🇦 | 𝐁𝐎𝐓 𝐒𝐓𝐀𝐑𝐓 + 𝐀𝐂𝐓𝐈𝐕𝐈𝐓𝐘 | 365 Days Premium | Include Static | Speed 20K/Day,1339.29,10,100 000,30 Days Refill,22 minutes,,,5758.947
11533,🇸🇦 Telegram 𝐏𝐫𝐞𝐦𝐢𝐮𝐦 Comments { 𝐑𝐚𝐧𝐝𝐨𝐦 } | ARAB 🇸🇦 | 𝐑𝐞𝐚𝐥 𝐒𝐭𝐚𝐭𝐬 | Max 500 | Speed 500/Day | Non-Drop | INSTANT,14234,10,500,No Refill,17 minutes,,,61206.2
11489,🇺🇿 Telegram 𝐏𝐫𝐞𝐦𝐢𝐮𝐦 Members ⭐️ [ 365 Days Premium Accounts ] | Uzbekistan 🇺🇿 [ 𝐉𝐨𝐢𝐧 𝐅𝐫𝐨𝐦 𝐒𝐞𝐚𝐫𝐜𝐡 ] 30 Days Refill | Good For Ranking | Max 100K | Speed 20K/Day | Non-Drop | Instant,892.86,100,100 000,30 Days Refill,17 minutes,,,3839.298
17398,🇺🇿 Telegram 𝐏𝐫𝐞𝐦𝐢𝐮𝐦 Members ⭐️ [ 365 Days Premium Accounts ] | Uzbekistan 🇺🇿 [ 𝐌𝐞𝐦𝐛𝐞𝐫𝐬 + 𝐅𝐨𝐥𝐥𝐨𝐰𝐞𝐫 𝐕𝐢𝐞𝐰𝐬 ] 30 Days Refill | Good For Ranking | Max 100K | Speed 10-20K/Day | Non-Drop | Instant,1339.29,100,100 000,30 Days Refill,11 minutes,,,5758.947
17399,🇺🇿 Telegram 𝐏𝐫𝐞𝐦𝐢𝐮𝐦 Members 📍️ | Uzbekistan 🇺🇿 | [ 𝐏𝐮𝐛𝐥𝐢𝐜 / 𝐏𝐫𝐢𝐯𝐚𝐭𝐞 ] 7 Days Refill | Good For Ranking | Max 100K | Speed 10-20K/Day | Non-Drop | Instant,372.672,500,100 000,7 Days Refill,33 minutes,,,1602.4896
17400,🇺🇿 Telegram 𝐏𝐫𝐞𝐦𝐢𝐮𝐦 Members 📍️ | Uzbekistan 🇺🇿 | [ 𝐏𝐮𝐛𝐥𝐢𝐜 / 𝐏𝐫𝐢𝐯𝐚𝐭𝐞 ] 14 Days Refill | Good For Ranking | Max 100K | Speed 10-20K/Day | Non-Drop | Instant,521.482,500,100 000,No Refill,17 minutes,,,2242.3726
17401,🇺🇿 Telegram 𝐏𝐫𝐞𝐦𝐢𝐮𝐦 Members 📍️ | Uzbekistan 🇺🇿 | [ 𝐏𝐮𝐛𝐥𝐢𝐜 / 𝐏𝐫𝐢𝐯𝐚𝐭𝐞 ] 30 Days Refill | Good For Ranking | Max 100K | Speed 10-20K/Day | Non-Drop | Instant,729.816,500,100 000,30 Days Refill,11 minutes,,,3138.2088
17402,🇺🇿 Telegram 𝐏𝐫𝐞𝐦𝐢𝐮𝐦 Members 📍️ | Uzbekistan 🇺🇿 | [ 𝐏𝐮𝐛𝐥𝐢𝐜 / 𝐏𝐫𝐢𝐯𝐚𝐭𝐞 ] 120 Days Refill | Good For Ranking | Max 100K | Speed 10-20K/Day | Non-Drop | Instant,2217.916,500,100 000,120 Days Refill,55 minutes,,,9537.0388
11491,🇺🇿 Telegram 𝐏𝐫𝐞𝐦𝐢𝐮𝐦 Post Views | Uzbekistan 🇺🇿 | 𝐑𝐞𝐚𝐥 𝐒𝐭𝐚𝐭𝐬 | Max 50K | Speed 25K/Day | Non-Drop | INSTANT,75.052,10,50 000,No Refill,11 minutes,,,322.7236
11492,🇺🇿 Telegram 𝐏𝐫𝐞𝐦𝐢𝐮𝐦 Post Shares | 365 Days Premium | Uzbekistan 🇺🇿 | 𝐑𝐞𝐚𝐥 𝐒𝐭𝐚𝐭𝐬 | 𝐆𝐨𝐨𝐝 𝐅𝐨𝐫 𝐑𝐚𝐧𝐤𝐢𝐧𝐠 | Max 100K | Speed 10K/Day | 𝐑𝐄𝐀𝐋 & 𝐇𝐐 | INSTANT,1423.4,10,100 000,No Refill,16 minutes,,,6120.62
11490,🇺🇿 Telegram 𝐏𝐫𝐞𝐦𝐢𝐮𝐦 Bot Start | Uzbekistan 🇺🇿 | 𝐑𝐞𝐚𝐥 𝐒𝐭𝐚𝐭𝐬 | Good For Ranking | Max 80K | 30 Days Refill | Speed 5-20K/Day | Non-Drop | Instant,1423.4,50,100 000,No Refill,55 minutes,,,6120.62
11493,🇺🇿 Telegram 𝐏𝐫𝐞𝐦𝐢𝐮𝐦 Comments { 𝐑𝐚𝐧𝐝𝐨𝐦 } | Uzbekistan 🇺🇿 | 𝐑𝐞𝐚𝐥 𝐒𝐭𝐚𝐭𝐬 | Max 5K | Speed 500/Day | Non-Drop | INSTANT,14234,10,5 000,No Refill,11 minutes,,,61206.2
17413,🇰🇿 Telegram 𝐏𝐫𝐞𝐦𝐢𝐮𝐦 Members ⭐️ [ 30 Days Premium Accounts ] | KAZAKHSTAN 🇰🇿 [ 𝐉𝐨𝐢𝐧 𝐅𝐫𝐨𝐦 𝐒𝐞𝐚𝐫𝐜𝐡 ] 30 Days Refill | Good For Ranking | Max 5K | Speed 5K/Day | Non-Drop | Instant,1207.302,1,4 250,No Refill,22 minutes,,,5191.3986
17419,🇹🇭 Telegram 𝐏𝐫𝐞𝐦𝐢𝐮𝐦 Members ⭐️ [ 30 Days Premium Accounts ] | THAILAND 🇹🇭 [ 𝐉𝐨𝐢𝐧 𝐅𝐫𝐨𝐦 𝐒𝐞𝐚𝐫𝐜𝐡 ] 30 Days Refill | Good For Ranking | Max 5K | Speed 5K/Day | Non-Drop | Instant,1207.302,1,1 000,No Refill,33 minutes,,,5191.3986
17420,🇰🇿 Telegram 𝐏𝐫𝐞𝐦𝐢𝐮𝐦 Bot Start | KAZAKHSTAN 🇰🇿 | Good For Ranking | Max 5K | 30 Days Refill | Speed 5K/Day | Non-Drop | Instant,604.298,1,4 287,No Refill,33 minutes,,,2598.4814
11517,🇹🇷 Telegram 𝐏𝐫𝐞𝐦𝐢𝐮𝐦 Members ⭐️ [ 365 Days Premium Accounts ] | Turkey 🇹🇷 [ 𝐉𝐨𝐢𝐧 𝐅𝐫𝐨𝐦 𝐒𝐞𝐚𝐫𝐜𝐡 ] 30 Days Refill | Good For Ranking | Max 100K | Speed 10-20K/Day | Non-Drop | Instant,892.86,100,100 000,30 Days Refill,17 minutes,,,3839.298
17403,🇹🇷 Telegram 𝐏𝐫𝐞𝐦𝐢𝐮𝐦 Members ⭐️ [ 30 Days Premium Accounts ] | Turkey 🇹🇷 [ 𝐉𝐨𝐢𝐧 𝐅𝐫𝐨𝐦 𝐒𝐞𝐚𝐫𝐜𝐡 ] 30 Days Refill | Good For Ranking | Max 10K | Speed 10K/Day | Non-Drop | Instant,1207.302,100,100 000,30 Days Refill,55 minutes,,,5191.3986
17404,🇹🇷 Telegram 𝐏𝐫𝐞𝐦𝐢𝐮𝐦 Members ⭐️ [ 365 Days Premium Accounts ] | Turkey 🇹🇷 [ 𝐌𝐞𝐦𝐛𝐞𝐫𝐬 + 𝐅𝐨𝐥𝐥𝐨𝐰𝐞𝐫 𝐕𝐢𝐞𝐰𝐬 ] 30 Days Refill | Good For Ranking | Max 100K | Speed 10-20K/Day | Non-Drop | Instant,1339.29,100,100 000,30 Days Refill,22 minutes,,,5758.947
17405,🇹🇷 Telegram 𝐏𝐫𝐞𝐦𝐢𝐮𝐦 Members📍️| Turkey 🇹🇷 | [ 𝐏𝐮𝐛𝐥𝐢𝐜 / 𝐏𝐫𝐢𝐯𝐚𝐭𝐞 ] 7 Days Refill | Good For Ranking | Max 100K | Speed 10-20K/Day | Non-Drop | Instant,372.672,500,100 000,No Refill,23 minutes,,,1602.4896
17406,🇹🇷 Telegram 𝐏𝐫𝐞𝐦𝐢𝐮𝐦 Members📍️| Turkey 🇹🇷 | [ 𝐏𝐮𝐛𝐥𝐢𝐜 / 𝐏𝐫𝐢𝐯𝐚𝐭𝐞 ] 15 Days Refill | Good For Ranking | Max 100K | Speed 10-20K/Day | Non-Drop | Instant,521.482,500,100 000,No Refill,11 minutes,,,2242.3726
17407,🇹🇷 Telegram 𝐏𝐫𝐞𝐦𝐢𝐮𝐦 Members📍️| Turkey 🇹🇷 | [ 𝐏𝐮𝐛𝐥𝐢𝐜 / 𝐏𝐫𝐢𝐯𝐚𝐭𝐞 ] 30 Days Refill | Good For Ranking | Max 100K | Speed 10-20K/Day | Non-Drop | Instant,729.816,500,100 000,No Refill,23 minutes,,,3138.2088
11516,🇹🇷 Telegram 𝐏𝐫𝐞𝐦𝐢𝐮𝐦 Members📍️| Turkey 🇹🇷 | [ 𝐏𝐮𝐛𝐥𝐢𝐜 / 𝐏𝐫𝐢𝐯𝐚𝐭𝐞 ] 90 Days Refill | Good For Ranking | Max 100K | Speed 10-20K/Day | Non-Drop | Instant,1771.486,500,100 000,90 Days Refill,17 minutes,,,7617.3898
11518,🇹🇷 Telegram 𝐏𝐫𝐞𝐦𝐢𝐮𝐦 Post Views | Turkey 🇹🇷 | 𝐑𝐞𝐚𝐥 𝐒𝐭𝐚𝐭𝐬 | Max 20K | Speed 15K/Day | Non-Drop | INSTANT,75.052,10,50 000,30 Days Refill,55 minutes,,,322.7236
11519,🇸🇦 Telegram 𝐏𝐫𝐞𝐦𝐢𝐮𝐦 Post Shares | 365 Days Premium | ARAB 🇸🇦 | 𝐑𝐞𝐚𝐥 𝐒𝐭𝐚𝐭𝐬 | 𝐆𝐨𝐨𝐝 𝐅𝐨𝐫 𝐑𝐚𝐧𝐤𝐢𝐧𝐠 | Max 100K | Speed 10K/Day | 𝐑𝐄𝐀𝐋 & 𝐇𝐐 | INSTANT,1423.4,10,50 000,No Refill,55 minutes,,,6120.62
11520,🇹🇷 Telegram 𝐏𝐫𝐞𝐦𝐢𝐮𝐦 Bot Start | Turkey 🇹🇷 | Good For Ranking | Max 5K | 30 Days Refill | Speed 5K/Day,634.06,1,3 000,30 Days Refill,22 minutes,,,2726.458
17408,🇹🇷 Telegram 𝐏𝐫𝐞𝐦𝐢𝐮𝐦 Bot Start | Turkey 🇹🇷 | 𝐑𝐞𝐚𝐥 𝐒𝐭𝐚𝐭𝐬 | Good For Ranking | Max 80K | 30 Days Refill | Speed 5-20K/Day | Non-Drop | Instant,1423.4,10,100 000,30 Days Refill,16 minutes,,,6120.62
11521,🇹🇷 Telegram 𝐏𝐫𝐞𝐦𝐢𝐮𝐦 Comments { 𝐑𝐚𝐧𝐝𝐨𝐦 } | Turkey 🇹🇷 | 𝐑𝐞𝐚𝐥 𝐒𝐭𝐚𝐭𝐬 | Max 500 | Speed 500/Day | Non-Drop | INSTANT,14234,10,500,No Refill,33 minutes,,,61206.2
11523,🇮🇹 Telegram 𝐏𝐫𝐞𝐦𝐢𝐮𝐦 Members ⭐️ [ 365 Days Premium Accounts ] | Italy 🇮🇹 [ 𝐉𝐨𝐢𝐧 𝐅𝐫𝐨𝐦 𝐒𝐞𝐚𝐫𝐜𝐡 ] 30 Days Refill | Good For Ranking | Max 100K | Speed 10-20K/Day | Non-Drop | Instant,892.86,100,50 000,30 Days Refill,23 minutes,,,3839.298
11522,🇮🇹 Telegram 𝐏𝐫𝐞𝐦𝐢𝐮𝐦 Members ⭐️ [ 365 Days Premium Accounts ] | Italy 🇮🇹 [ 𝐌𝐞𝐦𝐛𝐞𝐫𝐬 + 𝐅𝐨𝐥𝐥𝐨𝐰𝐞𝐫 𝐕𝐢𝐞𝐰𝐬 ] 30 Days Refill | Good For Ranking | Max 100K | Speed 10-20K/Day | Non-Drop | Instant,1339.29,100,50 000,30 Days Refill,23 minutes,,,5758.947
17410,🇮🇹 Telegram 𝐏𝐫𝐞𝐦𝐢𝐮𝐦 Members 📍️| Italy 🇮🇹 | [ 𝐏𝐮𝐛𝐥𝐢𝐜 / 𝐏𝐫𝐢𝐯𝐚𝐭𝐞 ] 30 Days Refill | Good For Ranking | Max 100K | Speed 10-20K/Day | Non-Drop | Instant,803.574,100,50 000,30 Days Refill,33 minutes,,,3455.3682
17411,🇮🇹 Telegram 𝐏𝐫𝐞𝐦𝐢𝐮𝐦 Members 📍️| Italy 🇮🇹 | [ 𝐏𝐮𝐛𝐥𝐢𝐜 / 𝐏𝐫𝐢𝐯𝐚𝐭𝐞 ] 90 Days Refill | Good For Ranking | Max 100K | Speed 10-20K/Day | Non-Drop | Instant,1785.72,100,50 000,30 Days Refill,33 minutes,,,7678.596
17409,🇮🇹 Telegram 𝐏𝐫𝐞𝐦𝐢𝐮𝐦 Post Views | Italy 🇮🇹 | 𝐑𝐞𝐚𝐥 𝐒𝐭𝐚𝐭𝐬 | Max 50K | Speed 20K/Day | Non-Drop | INSTANT,148.81,10,100 000,No Refill,55 minutes,,,639.883
11524,🇮🇹 Telegram 𝐏𝐫𝐞𝐦𝐢𝐮𝐦 Post Shares | 365 Days Premium | Italy 🇮🇹 | 𝐑𝐞𝐚𝐥 𝐒𝐭𝐚𝐭𝐬 | 𝐆𝐨𝐨𝐝 𝐅𝐨𝐫 𝐑𝐚𝐧𝐤𝐢𝐧𝐠 | Max 100K | Speed 10K/Day | 𝐑𝐄𝐀𝐋 & 𝐇𝐐 | INSTANT,1488.1,10,50 000,No Refill,23 minutes,,,6398.83
11525,🇮🇹 Telegram 𝐏𝐫𝐞𝐦𝐢𝐮𝐦 Bot Start | Italy 🇮🇹 | 𝐑𝐞𝐚𝐥 𝐒𝐭𝐚𝐭𝐬 | Good For Ranking | Max 80K | 30 Days Refill | Speed 5-20K/Day | Non-Drop | Instant,892.86,10,100 000,30 Days Refill,11 minutes,,,3839.298
11526,🇮🇹 Telegram 𝐏𝐫𝐞𝐦𝐢𝐮𝐦 Comments { 𝐑𝐚𝐧𝐝𝐨𝐦 } | Italy 🇮🇹 | 𝐑𝐞𝐚𝐥 𝐒𝐭𝐚𝐭𝐬 | Max 500 | Speed 500/Day | Non-Drop | INSTANT,14234,10,500,No Refill,17 minutes,,,61206.2
17426,🇷🇺 Telegram 𝐏𝐫𝐞𝐦𝐢𝐮𝐦 Bot Start | FRANCE 🇫🇷 | Good For Ranking | Max 5K | 30 Days Refill | Speed 5K/Day | Non-Drop | Instant,604.298,1,1 000,No Refill,22 minutes,,,2598.4814
17427,🇫🇷 Telegram 𝐏𝐫𝐞𝐦𝐢𝐮𝐦 Members ⭐️ [ 30 Days Premium Accounts ] | FRANCE 🇫🇷 [ 𝐉𝐨𝐢𝐧 𝐅𝐫𝐨𝐦 𝐒𝐞𝐚𝐫𝐜𝐡 ] 30 Days Refill | Good For Ranking | Max 5K | Speed 5K/Day | Non-Drop | Instant,1207.302,1,1 000,No Refill,23 minutes,,,5191.3986
17418,🇵🇹 Telegram 𝐏𝐫𝐞𝐦𝐢𝐮𝐦 Members ⭐️ [ 30 Days Premium Accounts ] | PORTUGAL 🇵🇹 [ 𝐉𝐨𝐢𝐧 𝐅𝐫𝐨𝐦 𝐒𝐞𝐚𝐫𝐜𝐡 ] 30 Days Refill | Good For Ranking | Max 5K | Speed 5K/Day | Non-Drop | Instant,1207.302,1,2 500,No Refill,16 minutes,,,5191.3986
17425,🇵🇹 Telegram 𝐏𝐫𝐞𝐦𝐢𝐮𝐦 Bot Start | PORTUGAL 🇵🇹 | Good For Ranking | Max 5K | 30 Days Refill | Speed 5K/Day | Non-Drop | Instant,604.298,1,2 500,No Refill,11 minutes,,,2598.4814
17417,🇹🇭 Telegram 𝐏𝐫𝐞𝐦𝐢𝐮𝐦 Members ⭐️ [ 30 Days Premium Accounts ] | Thailand 🇹🇭 [ 𝐉𝐨𝐢𝐧 𝐅𝐫𝐨𝐦 𝐒𝐞𝐚𝐫𝐜𝐡 ] 30 Days Refill | Good For Ranking | Max 5K | Speed 5K/Day | Non-Drop | Instant,1207.302,1,1 000,No Refill,17 minutes,,,5191.3986
17424,🇹🇭 Telegram 𝐏𝐫𝐞𝐦𝐢𝐮𝐦 Bot Start | Thailand 🇹🇭 | Good For Ranking | Max 5K | 30 Days Refill | Speed 5K/Day | Non-Drop | Instant,604.298,1,1 000,No Refill,33 minutes,,,2598.4814
17428,🇸🇾 Telegram 𝐏𝐫𝐞𝐦𝐢𝐮𝐦 Members ⭐️ [ 30 Days Premium Accounts ] | SYRIA 🇸🇾 [ 𝐉𝐨𝐢𝐧 𝐅𝐫𝐨𝐦 𝐒𝐞𝐚𝐫𝐜𝐡 ] 30 Days Refill | Good For Ranking | Max 5K | Speed 5K/Day | Non-Drop | Instant,1207.302,1,1 000,No Refill,23 minutes,,,5191.3986
17429,🇸🇾 Telegram 𝐏𝐫𝐞𝐦𝐢𝐮𝐦 Bot Start | SYRIA 🇸🇾 | Good For Ranking | Max 5K | 30 Days Refill | Speed 5K/Day | Non-Drop | Instant,604.298,1,1 000,No Refill,22 minutes,,,2598.4814
10112,Spotify Followers - [𝐀𝐫𝐭𝐢𝐬𝐭 / 𝐔𝐬𝐞𝐫 / 𝐏𝐥𝐚𝐲𝐥𝐢𝐬𝐭] [30 Days Refill] [Max 1M] [Speed 1-2M/Day] [INSTANT],24.586,100,1 000 000,30 Days Refill,1 hour 38 minutes,,,105.7198
7317,Spotify Followers - [𝐀𝐫𝐭𝐢𝐬𝐭 / 𝐔𝐬𝐞𝐫 / 𝐏𝐥𝐚𝐲𝐥𝐢𝐬𝐭] [No Refill] [Max 1M] [Speed 1-2M/Day] [INSTANT],21.998,100,1 000 000,No Refill,23 hours 3 minutes,,,94.5914
5763,Spotify Followers - [𝐀𝐫𝐭𝐢𝐬𝐭 / 𝐔𝐬𝐞𝐫 / 𝐏𝐥𝐚𝐲𝐥𝐢𝐬𝐭] [Lifetime Warranty] [Unlimited] [Speed 2M/Day] [INSTANT],29.762,100,1 000 000,Lifetime Refill,30 hours 17 minutes,,,127.9766
8626,Spotify Saves + Followers - [𝐀𝐫𝐭𝐢𝐬𝐭 / 𝐔𝐬𝐞𝐫 / 𝐏𝐥𝐚𝐲𝐥𝐢𝐬𝐭] [Lifetime Warranty] [Unlimited] [Speed 2M/Day] [0-1HR],32.35,100,1 000 000,Lifetime Refill,2 hours 46 minutes,,,139.105
7318,Spotify Followers - [𝐀𝐫𝐭𝐢𝐬𝐭 / 𝐔𝐬𝐞𝐫 / 𝐏𝐥𝐚𝐲𝐥𝐢𝐬𝐭] [99 Days Refill] [Max 10M] [Speed 1M/Day] [INSTANT],31.056,100,1 000 000,No Refill,11 minutes,,,133.5408
8406,Spotify Followers - [𝐀𝐫𝐭𝐢𝐬𝐭 / 𝐔𝐬𝐞𝐫 / 𝐏𝐥𝐚𝐲𝐥𝐢𝐬𝐭] [Lifetime Warranty] [Max 1M] [Speed 1-2M/Day] [0-1HR],40.761,100,1 000 000,Lifetime Refill,2 hours 50 minutes,,,175.2723
7327,Spotify Free Plays - [𝐆𝐋𝐎𝐁𝐀𝐋] [Lifetime Refill] [Max 10M] [Speed 30K/Day] [0-12HRS],18.116,500,20 000 000,Lifetime Refill,4 hours 14 minutes,,,77.8988
9995,Spotify Free Plays - [𝐄𝐔𝐑𝐎𝐏𝐄] [Lifetime Refill] [Max 10M] [Speed 30K/Day] [0-12HRS],18.116,500,20 000 000,Lifetime Refill,1 hour 2 minutes,,,77.8988
9996,Spotify Free Plays - [𝐀𝐒𝐈𝐀𝐍] [Lifetime Refill] [Max 10M] [Speed 30K/Day] [0-12HRS],18.116,500,20 000 000,Lifetime Refill,17 minutes,,,77.8988
3724,Spotify Free Plays - [USA 🇺🇸] [30 Days Refill] [Max 500K] [Speed 10K/Day] [INSTANT],100.932,1 000,500 000,No Refill,9 hours 59 minutes,,,434.0076
10261,Spotify Free Plays - [USA 🇺🇸] [30 Days Refill] [Max 500K] [Speed 10-30K/Day] [INSTANT],103.52,1 000,1 000 000,30 Days Refill,55 minutes,,,445.136
10263,Spotify Album Plays - [𝐆𝐋𝐎𝐁𝐀𝐋] [Lifetime Refill] [Max 10M] [Speed 30K/Day] [0-12HRS],97.05,1 000,500 000,Lifetime Refill,17 minutes,,,417.315
10265,Spotify Playlist Plays - [USA 🇺🇸] [Lifetime Refill] [Max 500K] [Speed 30K/Day] [0-6HRS],124.224,500,20 000 000,Lifetime Refill,22 minutes,,,534.1632
6674,Spotify Free Plays - [𝐒𝐥𝐨𝐰 𝐏𝐥𝐚𝐲𝐬] [30 Days Refill] [Max 10K] [Non Drop] [Speed 200-500/Day] [Always Instant],29.762,1 000,10 000,No Refill,279 hours 7 minutes,,,127.9766
3771,Spotify Free Plays - [30 Days Refill] [Max 1M] [Non Drop] [Speed 5-10K/Day] [Always Instant],84.11,1 000,1 000 000,30 Days Refill,23 minutes,,,361.673
7329,Spotify 𝐀𝐃𝐕𝐀𝐍𝐂𝐄𝐃™ Plays - [𝐒𝐥𝐨𝐰 𝐓𝐫𝐚𝐜𝐤 𝐏𝐥𝐚𝐲𝐬] [30 Days Refill] [Max 1M] [Speed 100-300/Day] [Non-Drop] [Always Instant],31.056,1 000,10 000,30 Days Refill,146 hours 11 minutes,,,133.5408
3748,Spotify 𝐀𝐃𝐕𝐀𝐍𝐂𝐄𝐃™ Plays - [𝐓𝐫𝐚𝐜𝐤 𝐏𝐥𝐚𝐲𝐬] [30 Days Refill] [Max 1M] [Speed 50-100K/Day] [Non-Drop] [Always Instant],80.228,1 000,500 000,30 Days Refill,135 hours 25 minutes,,,344.9804
3733,Spotify 𝐀𝐃𝐕𝐀𝐍𝐂𝐄𝐃™ Plays - [𝐀𝐫𝐭𝐢𝐬𝐭 𝐏𝐥𝐚𝐲𝐬] [30 Days Refill] [Max 1M] [Speed 50-100K/Day] [Non-Drop] [Always Instant],80.228,1 000,1 000 000,30 Days Refill,17 hours 51 minutes,,,344.9804
3732,Spotify 𝐀𝐃𝐕𝐀𝐍𝐂𝐄𝐃™ Plays - [𝐏𝐥𝐚𝐲𝐥𝐢𝐬𝐭 𝐏𝐥𝐚𝐲𝐬] [30 Days Refill] [Max 1M] [Speed 50-100K/Day] [Non-Drop] [Always Instant],80.228,1 000,1 000 000,30 Days Refill,126 hours 32 minutes,,,344.9804
3770,Spotify 𝐀𝐃𝐕𝐀𝐍𝐂𝐄𝐃™ Plays - [𝐀𝐥𝐛𝐮𝐦 𝐏𝐥𝐚𝐲𝐬] [30 Days Refill] [Max 1M] [Speed 50-100K/Day] [Non-Drop] [Always Instant],80.228,1 000,1 000 000,30 Days Refill,50 hours 30 minutes,,,344.9804
3734,Spotify 𝐀𝐃𝐕𝐀𝐍𝐂𝐄𝐃™ Plays - [USA🇺🇸] [𝐓𝐫𝐚𝐜𝐤 𝐏𝐥𝐚𝐲𝐬] [30 Days Warranty] [Max 1M] [Speed 50-100K/Day] [Royalties Eligible] [Always Instant],100.932,1 000,1 000 000,30 Days Refill,196 hours 35 minutes,,,434.0076
3758,Spotify 𝐔𝐋𝐓𝐑𝐀 𝐇𝐈𝐆𝐇-𝐐𝐔𝐀𝐋𝐈𝐓𝐘 Plays - [𝐔𝐒𝐀 🇺🇸] [𝐓𝐫𝐚𝐜𝐤-𝐀𝐫𝐭𝐢𝐬𝐭-𝐏𝐥𝐚𝐲𝐥𝐢𝐬𝐭-𝐀𝐥𝐛𝐮𝐦] [30 Days Refill] [Max 1M] [Speed 50-100K/Day] [INSTANT],100.932,1 000,1 000 000,30 Days Refill,79 hours 54 minutes,,,434.0076
3763,Spotify 𝐔𝐋𝐓𝐑𝐀 𝐇𝐈𝐆𝐇-𝐐𝐔𝐀𝐋𝐈𝐓𝐘 Plays - [𝐔𝐊 🇬🇧] [𝐓𝐫𝐚𝐜𝐤-𝐀𝐫𝐭𝐢𝐬𝐭-𝐏𝐥𝐚𝐲𝐥𝐢𝐬𝐭-𝐀𝐥𝐛𝐮𝐦] [30 Days Refill] [Max 1M] [Speed 50-100K/Day] [INSTANT],100.932,1 000,1 000 000,30 Days Refill,30 hours 49 minutes,,,434.0076
3751,Spotify 𝐔𝐋𝐓𝐑𝐀 𝐇𝐈𝐆𝐇-𝐐𝐔𝐀𝐋𝐈𝐓𝐘 Plays - [𝐂𝐚𝐧𝐚𝐝𝐚 🇨🇦] [𝐓𝐫𝐚𝐜𝐤-𝐀𝐫𝐭𝐢𝐬𝐭-𝐏𝐥𝐚𝐲𝐥𝐢𝐬𝐭-𝐀𝐥𝐛𝐮𝐦] [30 Days Refill] [Max 1M] [Speed 50-100K/Day] [INSTANT],100.932,1 000,1 000 000,30 Days Refill,11 minutes,,,434.0076
12819,Spotify 𝐔𝐋𝐓𝐑𝐀 𝐇𝐈𝐆𝐇-𝐐𝐔𝐀𝐋𝐈𝐓𝐘 Plays - [𝐂𝐚𝐧𝐚𝐝𝐚 🇨🇦] [𝐓𝐫𝐚𝐜𝐤-𝐀𝐫𝐭𝐢𝐬𝐭-𝐏𝐥𝐚𝐲𝐥𝐢𝐬𝐭-𝐀𝐥𝐛𝐮𝐦] [30 Days Refill] [Max 1M] [Speed 50-100K/Day] [INSTANT],100.932,1 000,1 000 000,30 Days Refill,55 minutes,,,434.0076
8690,Spotify 𝐔𝐋𝐓𝐑𝐀 𝐇𝐈𝐆𝐇-𝐐𝐔𝐀𝐋𝐈𝐓𝐘 Plays - [𝐈𝐧𝐝𝐢𝐚 🇮🇳] [𝐓𝐫𝐚𝐜𝐤-𝐀𝐫𝐭𝐢𝐬𝐭-𝐏𝐥𝐚𝐲𝐥𝐢𝐬𝐭-𝐀𝐥𝐛𝐮𝐦] [30 Days Refill] [Max 1M] [Speed 50-100K/Day] [INSTANT],100.932,1 000,500 000,30 Days Refill,55 minutes,,,434.0076
8688,Spotify 𝐔𝐋𝐓𝐑𝐀 𝐇𝐈𝐆𝐇-𝐐𝐔𝐀𝐋𝐈𝐓𝐘 Plays - [𝐑𝐨𝐦𝐚𝐧𝐢𝐚 🇷🇴] [𝐓𝐫𝐚𝐜𝐤-𝐀𝐫𝐭𝐢𝐬𝐭-𝐏𝐥𝐚𝐲𝐥𝐢𝐬𝐭-𝐀𝐥𝐛𝐮𝐦] [30 Days Refill] [Max 1M] [Speed 50-100K/Day] [INSTANT],100.932,1 000,500 000,30 Days Refill,33 minutes,,,434.0076
8689,Spotify 𝐔𝐋𝐓𝐑𝐀 𝐇𝐈𝐆𝐇-𝐐𝐔𝐀𝐋𝐈𝐓𝐘 Plays - [𝐋𝐮𝐱𝐞𝐦𝐛𝐨𝐮𝐫𝐠 🇱🇺] [𝐓𝐫𝐚𝐜𝐤-𝐀𝐫𝐭𝐢𝐬𝐭-𝐏𝐥𝐚𝐲𝐥𝐢𝐬𝐭-𝐀𝐥𝐛𝐮𝐦] [30 Days Refill] [Max 1M] [Speed 50-100K/Day] [INSTANT],100.932,1 000,500 000,30 Days Refill,55 minutes,,,434.0076
3752,Spotify 𝐔𝐋𝐓𝐑𝐀 𝐇𝐈𝐆𝐇-𝐐𝐔𝐀𝐋𝐈𝐓𝐘 Plays - [𝐅𝐫𝐚𝐧𝐜𝐞 🇫🇷] [𝐓𝐫𝐚𝐜𝐤-𝐀𝐫𝐭𝐢𝐬𝐭-𝐏𝐥𝐚𝐲𝐥𝐢𝐬𝐭-𝐀𝐥𝐛𝐮𝐦] [30 Days Refill] [Max 1M] [Speed 50-100K/Day] [INSTANT],100.932,1 000,1 000 000,30 Days Refill,16 minutes,,,434.0076
3753,Spotify 𝐔𝐋𝐓𝐑𝐀 𝐇𝐈𝐆𝐇-𝐐𝐔𝐀𝐋𝐈𝐓𝐘 Plays - [𝐆𝐞𝐫𝐦𝐚𝐧𝐲 🇩🇪] [𝐓𝐫𝐚𝐜𝐤-𝐀𝐫𝐭𝐢𝐬𝐭-𝐏𝐥𝐚𝐲𝐥𝐢𝐬𝐭-𝐀𝐥𝐛𝐮𝐦] [30 Days Refill] [Max 1M] [Speed 50-100K/Day] [INSTANT],100.932,1 000,1 000 000,30 Days Refill,33 minutes,,,434.0076
3754,Spotify 𝐔𝐋𝐓𝐑𝐀 𝐇𝐈𝐆𝐇-𝐐𝐔𝐀𝐋𝐈𝐓𝐘 Plays - [𝐈𝐭𝐚𝐥𝐲 🇮🇹] [𝐓𝐫𝐚𝐜𝐤-𝐀𝐫𝐭𝐢𝐬𝐭-𝐏𝐥𝐚𝐲𝐥𝐢𝐬𝐭-𝐀𝐥𝐛𝐮𝐦] [30 Days Refill] [Max 1M] [Speed 50-100K/Day] [INSTANT],100.932,1 000,1 000 000,30 Days Refill,23 minutes,,,434.0076
8692,Spotify 𝐔𝐋𝐓𝐑𝐀 𝐇𝐈𝐆𝐇-𝐐𝐔𝐀𝐋𝐈𝐓𝐘 Plays - [𝐕𝐞𝐧𝐞𝐳𝐮𝐞𝐥𝐚 🇻🇪] [𝐓𝐫𝐚𝐜𝐤-𝐀𝐫𝐭𝐢𝐬𝐭-𝐏𝐥𝐚𝐲𝐥𝐢𝐬𝐭-𝐀𝐥𝐛𝐮𝐦] [30 Days Refill] [Max 1M] [Speed 50-100K/Day] [INSTANT],100.932,1 000,500 000,30 Days Refill,16 minutes,,,434.0076
3755,Spotify 𝐔𝐋𝐓𝐑𝐀 𝐇𝐈𝐆𝐇-𝐐𝐔𝐀𝐋𝐈𝐓𝐘 Plays - [𝐏𝐨𝐫𝐭𝐮𝐠𝐚𝐥 🇵🇹] [𝐓𝐫𝐚𝐜𝐤-𝐀𝐫𝐭𝐢𝐬𝐭-𝐏𝐥𝐚𝐲𝐥𝐢𝐬𝐭-𝐀𝐥𝐛𝐮𝐦] [30 Days Refill] [Max 1M] [Speed 50-100K/Day] [INSTANT],100.932,1 000,1 000 000,30 Days Refill,23 minutes,,,434.0076
8693,Spotify 𝐔𝐋𝐓𝐑𝐀 𝐇𝐈𝐆𝐇-𝐐𝐔𝐀𝐋𝐈𝐓𝐘 Plays - [𝐌𝐨𝐫𝐨𝐜𝐜𝐨 🇲🇦] [𝐓𝐫𝐚𝐜𝐤-𝐀𝐫𝐭𝐢𝐬𝐭-𝐏𝐥𝐚𝐲𝐥𝐢𝐬𝐭-𝐀𝐥𝐛𝐮𝐦] [30 Days Refill] [Max 1M] [Speed 50-100K/Day] [INSTANT],100.932,1 000,500 000,30 Days Refill,11 minutes,,,434.0076
3756,Spotify 𝐔𝐋𝐓𝐑𝐀 𝐇𝐈𝐆𝐇-𝐐𝐔𝐀𝐋𝐈𝐓𝐘 Plays - [𝐒𝐰𝐞𝐝𝐞𝐧 🇸🇪] [𝐓𝐫𝐚𝐜𝐤-𝐀𝐫𝐭𝐢𝐬𝐭-𝐏𝐥𝐚𝐲𝐥𝐢𝐬𝐭-𝐀𝐥𝐛𝐮𝐦] [30 Days Refill] [Max 1M] [Speed 50-100K/Day] [INSTANT],100.932,1 000,1 000 000,30 Days Refill,23 minutes,,,434.0076
3757,Spotify 𝐔𝐋𝐓𝐑𝐀 𝐇𝐈𝐆𝐇-𝐐𝐔𝐀𝐋𝐈𝐓𝐘 Plays - [𝐁𝐫𝐚𝐳𝐢𝐥 🇧🇷] [𝐓𝐫𝐚𝐜𝐤-𝐀𝐫𝐭𝐢𝐬𝐭-𝐏𝐥𝐚𝐲𝐥𝐢𝐬𝐭-𝐀𝐥𝐛𝐮𝐦] [30 Days Refill] [Max 1M] [Speed 50-100K/Day] [INSTANT],100.932,1 000,1 000 000,30 Days Refill,16 minutes,,,434.0076
8695,Spotify 𝐔𝐋𝐓𝐑𝐀 𝐇𝐈𝐆𝐇-𝐐𝐔𝐀𝐋𝐈𝐓𝐘 Plays - [𝐏𝐚𝐫𝐚𝐠𝐮𝐚𝐲 🇵🇾] [𝐓𝐫𝐚𝐜𝐤-𝐀𝐫𝐭𝐢𝐬𝐭-𝐏𝐥𝐚𝐲𝐥𝐢𝐬𝐭-𝐀𝐥𝐛𝐮𝐦] [30 Days Refill] [Max 1M] [Speed 50-100K/Day] [INSTANT],100.932,1 000,500 000,30 Days Refill,22 minutes,,,434.0076
4758,Spotify 𝐔𝐋𝐓𝐑𝐀 𝐇𝐈𝐆𝐇-𝐐𝐔𝐀𝐋𝐈𝐓𝐘 Plays - [𝐈𝐫𝐞𝐥𝐚𝐧𝐝 🇮🇪] [𝐓𝐫𝐚𝐜𝐤-𝐀𝐫𝐭𝐢𝐬𝐭-𝐏𝐥𝐚𝐲𝐥𝐢𝐬𝐭-𝐀𝐥𝐛𝐮𝐦] [30 Days Refill] [Max 1M] [Speed 50-100K/Day] [INSTANT],100.932,1 000,1 000 000,30 Days Refill,17 minutes,,,434.0076
8696,Spotify 𝐔𝐋𝐓𝐑𝐀 𝐇𝐈𝐆𝐇-𝐐𝐔𝐀𝐋𝐈𝐓𝐘 Plays - [𝐏𝐞𝐫𝐮 🇵🇪] [𝐓𝐫𝐚𝐜𝐤-𝐀𝐫𝐭𝐢𝐬𝐭-𝐏𝐥𝐚𝐲𝐥𝐢𝐬𝐭-𝐀𝐥𝐛𝐮𝐦] [30 Days Refill] [Max 1M] [Speed 50-100K/Day] [INSTANT],100.932,1 000,500 000,30 Days Refill,49 hours 59 minutes,,,434.0076
4760,Spotify 𝐔𝐋𝐓𝐑𝐀 𝐇𝐈𝐆𝐇-𝐐𝐔𝐀𝐋𝐈𝐓𝐘 Plays - [𝐌𝐞𝐱𝐢𝐜𝐨 🇲🇽] [𝐓𝐫𝐚𝐜𝐤-𝐀𝐫𝐭𝐢𝐬𝐭-𝐏𝐥𝐚𝐲𝐥𝐢𝐬𝐭-𝐀𝐥𝐛𝐮𝐦] [30 Days Refill] [Max 1M] [Speed 50-100K/Day] [INSTANT],100.932,1 000,1 000 000,30 Days Refill,16 minutes,,,434.0076
4764,Spotify 𝐔𝐋𝐓𝐑𝐀 𝐇𝐈𝐆𝐇-𝐐𝐔𝐀𝐋𝐈𝐓𝐘 Plays - [𝐍𝐨𝐫𝐰𝐚𝐲 🇳🇴] [𝐓𝐫𝐚𝐜𝐤-𝐀𝐫𝐭𝐢𝐬𝐭-𝐏𝐥𝐚𝐲𝐥𝐢𝐬𝐭-𝐀𝐥𝐛𝐮𝐦] [30 Days Refill] [Max 1M] [Speed 50-100K/Day] [INSTANT],100.932,1 000,1 000 000,30 Days Refill,16 minutes,,,434.0076
4766,Spotify 𝐔𝐋𝐓𝐑𝐀 𝐇𝐈𝐆𝐇-𝐐𝐔𝐀𝐋𝐈𝐓𝐘 Plays - [𝐒𝐰𝐢𝐭𝐳𝐞𝐫𝐥𝐚𝐧𝐝🇨🇭] [𝐓𝐫𝐚𝐜𝐤-𝐀𝐫𝐭𝐢𝐬𝐭-𝐏𝐥𝐚𝐲𝐥𝐢𝐬𝐭-𝐀𝐥𝐛𝐮𝐦] [30 Days Refill] [Max 1M] [Speed 50-100K/Day] [INSTANT],100.932,1 000,1 000 000,30 Days Refill,114 hours 25 minutes,,,434.0076
4767,Spotify 𝐔𝐋𝐓𝐑𝐀 𝐇𝐈𝐆𝐇-𝐐𝐔𝐀𝐋𝐈𝐓𝐘 Plays - [𝐁𝐞𝐥𝐠𝐢𝐮𝐦 🇧🇪] [𝐓𝐫𝐚𝐜𝐤-𝐀𝐫𝐭𝐢𝐬𝐭-𝐏𝐥𝐚𝐲𝐥𝐢𝐬𝐭-𝐀𝐥𝐛𝐮𝐦] [30 Days Refill] [Max 1M] [Speed 50-100K/Day] [INSTANT],100.932,1 000,1 000 000,30 Days Refill,23 minutes,,,434.0076
4768,Spotify 𝐔𝐋𝐓𝐑𝐀 𝐇𝐈𝐆𝐇-𝐐𝐔𝐀𝐋𝐈𝐓𝐘 Plays - [𝐍𝐞𝐭𝐡𝐞𝐫𝐥𝐚𝐧𝐝𝐬 🇳🇱] [𝐓𝐫𝐚𝐜𝐤-𝐀𝐫𝐭𝐢𝐬𝐭-𝐏𝐥𝐚𝐲𝐥𝐢𝐬𝐭-𝐀𝐥𝐛𝐮𝐦] [30 Days Refill] [Max 1M] [Speed 50-100K/Day] [INSTANT],100.932,1 000,1 000 000,30 Days Refill,23 minutes,,,434.0076
4769,Spotify 𝐔𝐋𝐓𝐑𝐀 𝐇𝐈𝐆𝐇-𝐐𝐔𝐀𝐋𝐈𝐓𝐘 Plays - [𝐀𝐮𝐬𝐭𝐫𝐢𝐚 🇦🇹] [𝐓𝐫𝐚𝐜𝐤-𝐀𝐫𝐭𝐢𝐬𝐭-𝐏𝐥𝐚𝐲𝐥𝐢𝐬𝐭-𝐀𝐥𝐛𝐮𝐦] [30 Days Refill] [Max 1M] [Speed 50-100K/Day] [INSTANT],100.932,1 000,1 000 000,30 Days Refill,33 minutes,,,434.0076
4770,Spotify 𝐔𝐋𝐓𝐑𝐀 𝐇𝐈𝐆𝐇-𝐐𝐔𝐀𝐋𝐈𝐓𝐘 Plays - [𝐍𝐞𝐰 𝐙𝐞𝐚𝐥𝐚𝐧𝐝 🇳🇿] [𝐓𝐫𝐚𝐜𝐤-𝐀𝐫𝐭𝐢𝐬𝐭-𝐏𝐥𝐚𝐲𝐥𝐢𝐬𝐭-𝐀𝐥𝐛𝐮𝐦] [30 Days Refill] [Max 1M] [Speed 50-100K/Day] [INSTANT],100.932,1 000,1 000 000,30 Days Refill,55 minutes,,,434.0076
4771,Spotify 𝐔𝐋𝐓𝐑𝐀 𝐇𝐈𝐆𝐇-𝐐𝐔𝐀𝐋𝐈𝐓𝐘 Plays - [𝐂𝐨𝐬𝐭𝐚 𝐑𝐢𝐜𝐚 🇨🇷] [𝐓𝐫𝐚𝐜𝐤-𝐀𝐫𝐭𝐢𝐬𝐭-𝐏𝐥𝐚𝐲𝐥𝐢𝐬𝐭-𝐀𝐥𝐛𝐮𝐦] [30 Days Refill] [Max 1M] [Speed 50-100K/Day] [INSTANT],100.932,1 000,1 000 000,30 Days Refill,22 minutes,,,434.0076
4773,Spotify 𝐔𝐋𝐓𝐑𝐀 𝐇𝐈𝐆𝐇-𝐐𝐔𝐀𝐋𝐈𝐓𝐘 Plays - [𝐂𝐨𝐥𝐨𝐦𝐛𝐢𝐚 🇨🇴] [𝐓𝐫𝐚𝐜𝐤-𝐀𝐫𝐭𝐢𝐬𝐭-𝐏𝐥𝐚𝐲𝐥𝐢𝐬𝐭-𝐀𝐥𝐛𝐮𝐦] [30 Days Refill] [Max 1M] [Speed 50-100K/Day] [INSTANT],100.932,1 000,1 000 000,30 Days Refill,33 minutes,,,434.0076
5250,Spotify 𝐔𝐋𝐓𝐑𝐀 𝐇𝐈𝐆𝐇-𝐐𝐔𝐀𝐋𝐈𝐓𝐘 Plays - [𝐒𝐩𝐚𝐢𝐧 🇪🇸] [𝐓𝐫𝐚𝐜𝐤-𝐀𝐫𝐭𝐢𝐬𝐭-𝐏𝐥𝐚𝐲𝐥𝐢𝐬𝐭-𝐀𝐥𝐛𝐮𝐦] [30 Days Refill] [Max 1M] [Speed 50-100K/Day] [INSTANT],100.932,1 000,1 000 000,30 Days Refill,17 minutes,,,434.0076
5252,Spotify 𝐔𝐋𝐓𝐑𝐀 𝐇𝐈𝐆𝐇-𝐐𝐔𝐀𝐋𝐈𝐓𝐘 Plays - [𝐀𝐮𝐬𝐭𝐫𝐚𝐥𝐢𝐚 🇦🇺] [𝐓𝐫𝐚𝐜𝐤-𝐀𝐫𝐭𝐢𝐬𝐭-𝐏𝐥𝐚𝐲𝐥𝐢𝐬𝐭-𝐀𝐥𝐛𝐮𝐦] [30 Days Refill] [Max 1M] [Speed 50-100K/Day] [INSTANT],100.932,1 000,1 000 000,30 Days Refill,16 minutes,,,434.0076
5254,Spotify 𝐔𝐋𝐓𝐑𝐀 𝐇𝐈𝐆𝐇-𝐐𝐔𝐀𝐋𝐈𝐓𝐘 Plays - [𝐁𝐫𝐚𝐳𝐢𝐥 🇧🇷] [𝐓𝐫𝐚𝐜𝐤-𝐀𝐫𝐭𝐢𝐬𝐭-𝐏𝐥𝐚𝐲𝐥𝐢𝐬𝐭-𝐀𝐥𝐛𝐮𝐦] [30 Days Refill] [Max 1M] [Speed 50-100K/Day] [INSTANT],100.932,1 000,1 000 000,30 Days Refill,16 minutes,,,434.0076
5256,Spotify 𝐔𝐋𝐓𝐑𝐀 𝐇𝐈𝐆𝐇-𝐐𝐔𝐀𝐋𝐈𝐓𝐘 Plays - [𝐀𝐫𝐠𝐞𝐧𝐭𝐢𝐧𝐚 🇦🇷] [𝐓𝐫𝐚𝐜𝐤-𝐀𝐫𝐭𝐢𝐬𝐭-𝐏𝐥𝐚𝐲𝐥𝐢𝐬𝐭-𝐀𝐥𝐛𝐮𝐦] [30 Days Refill] [Max 1M] [Speed 50-100K/Day] [INSTANT],100.932,1 000,1 000 000,30 Days Refill,11 minutes,,,434.0076
6839,Spotify 𝐔𝐋𝐓𝐑𝐀 𝐇𝐈𝐆𝐇-𝐐𝐔𝐀𝐋𝐈𝐓𝐘 Plays - [𝐓𝐮𝐫𝐤𝐞𝐲 🇹🇷] [𝐓𝐫𝐚𝐜𝐤-𝐀𝐫𝐭𝐢𝐬𝐭-𝐏𝐥𝐚𝐲𝐥𝐢𝐬𝐭-𝐀𝐥𝐛𝐮𝐦] [30 Days Refill] [Max 1M] [Speed 50-100K/Day] [INSTANT],100.932,1 000,1 000 000,30 Days Refill,22 minutes,,,434.0076
6841,Spotify 𝐔𝐋𝐓𝐑𝐀 𝐇𝐈𝐆𝐇-𝐐𝐔𝐀𝐋𝐈𝐓𝐘 Plays - [𝐃𝐞𝐧𝐦𝐚𝐫𝐤 🇩🇰] [𝐓𝐫𝐚𝐜𝐤-𝐀𝐫𝐭𝐢𝐬𝐭-𝐏𝐥𝐚𝐲𝐥𝐢𝐬𝐭-𝐀𝐥𝐛𝐮𝐦] [30 Days Refill] [Max 1M] [Speed 50-100K/Day] [INSTANT],100.932,1 000,1 000 000,30 Days Refill,11 minutes,,,434.0076
6843,Spotify 𝐔𝐋𝐓𝐑𝐀 𝐇𝐈𝐆𝐇-𝐐𝐔𝐀𝐋𝐈𝐓𝐘 Plays - [𝐆𝐫𝐞𝐞𝐜𝐞 🇬🇷] [𝐓𝐫𝐚𝐜𝐤-𝐀𝐫𝐭𝐢𝐬𝐭-𝐏𝐥𝐚𝐲𝐥𝐢𝐬𝐭-𝐀𝐥𝐛𝐮𝐦] [30 Days Refill] [Max 1M] [Speed 50-100K/Day] [INSTANT],100.932,1 000,1 000 000,30 Days Refill,17 hours 27 minutes,,,434.0076
8191,Spotify 𝐔𝐋𝐓𝐑𝐀 𝐇𝐈𝐆𝐇-𝐐𝐔𝐀𝐋𝐈𝐓𝐘 Plays - [𝐂𝐡𝐢𝐥𝐞 🇨🇱] [𝐓𝐫𝐚𝐜𝐤-𝐀𝐫𝐭𝐢𝐬𝐭-𝐏𝐥𝐚𝐲𝐥𝐢𝐬𝐭-𝐀𝐥𝐛𝐮𝐦] [30 Days Refill] [Max 1M] [Speed 50-100K/Day] [INSTANT],100.932,1 000,1 000 000,30 Days Refill,10 hours 24 minutes,,,434.0076
4781,Spotify 𝐔𝐋𝐓𝐑𝐀 𝐇𝐈𝐆𝐇-𝐐𝐔𝐀𝐋𝐈𝐓𝐘 Plays - [𝐄𝐍𝐆𝐋𝐈𝐒𝐇-𝐒𝐏𝐄𝐀𝐊𝐄𝐑𝐒] [𝐓𝐫𝐚𝐜𝐤-𝐀𝐫𝐭𝐢𝐬𝐭-𝐏𝐥𝐚𝐲𝐥𝐢𝐬𝐭-𝐀𝐥𝐛𝐮𝐦] [30 Days Refill] [Max 500K] ] [Speed 50-100K/Day] [INSTANT],104.814,1 000,500 000,30 Days Refill,43 minutes,,,450.7002
4782,Spotify 𝐔𝐋𝐓𝐑𝐀 𝐇𝐈𝐆𝐇-𝐐𝐔𝐀𝐋𝐈𝐓𝐘 Plays - [𝐅𝐑𝐄𝐍𝐂𝐇-𝐒𝐏𝐄𝐀𝐊𝐄𝐑𝐒] [𝐓𝐫𝐚𝐜𝐤-𝐀𝐫𝐭𝐢𝐬𝐭-𝐏𝐥𝐚𝐲𝐥𝐢𝐬𝐭-𝐀𝐥𝐛𝐮𝐦] [30 Days Refill] [Max 500K] ] [Speed 50-100K/Day] [INSTANT],104.814,1 000,500 000,30 Days Refill,11 minutes,,,450.7002
4783,Spotify 𝐔𝐋𝐓𝐑𝐀 𝐇𝐈𝐆𝐇-𝐐𝐔𝐀𝐋𝐈𝐓𝐘 Plays - [𝐒𝐏𝐀𝐍𝐈𝐒𝐇-𝐒𝐏𝐄𝐀𝐊𝐄𝐑𝐒] [𝐓𝐫𝐚𝐜𝐤-𝐀𝐫𝐭𝐢𝐬𝐭-𝐏𝐥𝐚𝐲𝐥𝐢𝐬𝐭-𝐀𝐥𝐛𝐮𝐦] [30 Days Refill] [Max 500K] ] [Speed 50-100K/Day] [INSTANT],104.814,1 000,500 000,30 Days Refill,16 minutes,,,450.7002
8698,Spotify 𝐔𝐋𝐓𝐑𝐀 𝐇𝐈𝐆𝐇-𝐐𝐔𝐀𝐋𝐈𝐓𝐘 Plays - [𝐋𝐀𝐓𝐈𝐍-𝐒𝐏𝐄𝐀𝐊𝐄𝐑𝐒] [𝐓𝐫𝐚𝐜𝐤-𝐀𝐫𝐭𝐢𝐬𝐭-𝐏𝐥𝐚𝐲𝐥𝐢𝐬𝐭-𝐀𝐥𝐛𝐮𝐦] [30 Days Refill] [Max 500K] ] [Speed 50-100K/Day] [INSTANT],104.814,1 000,500 000,30 Days Refill,17 minutes,,,450.7002
4784,Spotify 𝐔𝐋𝐓𝐑𝐀 𝐇𝐈𝐆𝐇-𝐐𝐔𝐀𝐋𝐈𝐓𝐘 Plays - [𝐆𝐄𝐑𝐌𝐀𝐍-𝐒𝐏𝐄𝐀𝐊𝐄𝐑𝐒] [𝐓𝐫𝐚𝐜𝐤-𝐀𝐫𝐭𝐢𝐬𝐭-𝐏𝐥𝐚𝐲𝐥𝐢𝐬𝐭-𝐀𝐥𝐛𝐮𝐦] [30 Days Refill] [Max 500K] ] [Speed 50-100K/Day] [INSTANT],104.814,1 000,500 000,30 Days Refill,55 minutes,,,450.7002
4785,Spotify 𝐔𝐋𝐓𝐑𝐀 𝐇𝐈𝐆𝐇-𝐐𝐔𝐀𝐋𝐈𝐓𝐘 Plays - [𝐏𝐎𝐑𝐓𝐔𝐆𝐔𝐄𝐒𝐄-𝐒𝐏𝐄𝐀𝐊𝐄𝐑𝐒] [𝐓𝐫𝐚𝐜𝐤-𝐀𝐫𝐭𝐢𝐬𝐭-𝐏𝐥𝐚𝐲𝐥𝐢𝐬𝐭-𝐀𝐥𝐛𝐮𝐦] [30 Days Refill] [Max 500K] ] [Speed 50-100K/Day] [INSTANT],104.814,1 000,500 000,30 Days Refill,17 minutes,,,450.7002
8848,Spotify [𝐆𝐄𝐎-𝐓𝐀𝐑𝐆𝐄𝐓𝐄𝐃] Natural Plays - [𝐔𝐒𝐀 🇺🇸] [𝐓𝐫𝐚𝐜𝐤-𝐀𝐫𝐭𝐢𝐬𝐭-𝐏𝐥𝐚𝐲𝐥𝐢𝐬𝐭-𝐀𝐥𝐛𝐮𝐦] [30 Days Refill] [Max 20K] [Speed 300-500/Day] [INSTANT],102.226,500,20 000,No Refill,168 hours 54 minutes,,,439.5718
8851,Spotify [𝐆𝐄𝐎-𝐓𝐀𝐑𝐆𝐄𝐓𝐄𝐃] Natural Plays - [𝐁𝐫𝐚𝐳𝐢𝐥 🇧🇷] [𝐓𝐫𝐚𝐜𝐤-𝐀𝐫𝐭𝐢𝐬𝐭-𝐏𝐥𝐚𝐲𝐥𝐢𝐬𝐭-𝐀𝐥𝐛𝐮𝐦] [30 Days Refill] [Max 20K] [Speed 300-500/Day] [INSTANT],102.226,500,20 000,No Refill,22 minutes,,,439.5718
8852,Spotify [𝐆𝐄𝐎-𝐓𝐀𝐑𝐆𝐄𝐓𝐄𝐃] Natural Plays - [𝐀𝐥𝐛𝐚𝐧𝐢𝐚 🇦🇱] [𝐓𝐫𝐚𝐜𝐤-𝐀𝐫𝐭𝐢𝐬𝐭-𝐏𝐥𝐚𝐲𝐥𝐢𝐬𝐭-𝐀𝐥𝐛𝐮𝐦] [30 Days Refill] [Max 20K] [Speed 300-500/Day] [INSTANT],102.226,500,20 000,No Refill,32 hours 35 minutes,,,439.5718
8853,Spotify [𝐆𝐄𝐎-𝐓𝐀𝐑𝐆𝐄𝐓𝐄𝐃] Natural Plays - [𝐈𝐫𝐞𝐥𝐚𝐧𝐝 🇮🇪] [𝐓𝐫𝐚𝐜𝐤-𝐀𝐫𝐭𝐢𝐬𝐭-𝐏𝐥𝐚𝐲𝐥𝐢𝐬𝐭-𝐀𝐥𝐛𝐮𝐦] [30 Days Refill] [Max 20K] [Speed 300-500/Day] [INSTANT],102.226,500,20 000,No Refill,17 minutes,,,439.5718
8854,Spotify [𝐆𝐄𝐎-𝐓𝐀𝐑𝐆𝐄𝐓𝐄𝐃] Natural Plays - [𝐄𝐠𝐲𝐩𝐭 🇪🇬] [𝐓𝐫𝐚𝐜𝐤-𝐀𝐫𝐭𝐢𝐬𝐭-𝐏𝐥𝐚𝐲𝐥𝐢𝐬𝐭-𝐀𝐥𝐛𝐮𝐦] [30 Days Refill] [Max 20K] [Speed 300-500/Day] [INSTANT],102.226,500,20 000,No Refill,23 minutes,,,439.5718
8855,Spotify [𝐆𝐄𝐎-𝐓𝐀𝐑𝐆𝐄𝐓𝐄𝐃] Natural Plays - [𝐔𝐊 🇬🇧] [𝐓𝐫𝐚𝐜𝐤-𝐀𝐫𝐭𝐢𝐬𝐭-𝐏𝐥𝐚𝐲𝐥𝐢𝐬𝐭-𝐀𝐥𝐛𝐮𝐦] [30 Days Refill] [Max 20K] [Speed 300-500/Day] [INSTANT],102.226,500,20 000,No Refill,22 hours,,,439.5718
8856,Spotify [𝐆𝐄𝐎-𝐓𝐀𝐑𝐆𝐄𝐓𝐄𝐃] Natural Plays - [𝐒𝐩𝐚𝐢𝐧 🇪🇸] [𝐓𝐫𝐚𝐜𝐤-𝐀𝐫𝐭𝐢𝐬𝐭-𝐏𝐥𝐚𝐲𝐥𝐢𝐬𝐭-𝐀𝐥𝐛𝐮𝐦] [30 Days Refill] [Max 20K] [Speed 300-500/Day] [INSTANT],102.226,500,20 000,No Refill,51 hours 49 minutes,,,439.5718
8857,Spotify [𝐆𝐄𝐎-𝐓𝐀𝐑𝐆𝐄𝐓𝐄𝐃] Natural Plays - [𝐉𝐚𝐩𝐚𝐧 🇯🇵] [𝐓𝐫𝐚𝐜𝐤-𝐀𝐫𝐭𝐢𝐬𝐭-𝐏𝐥𝐚𝐲𝐥𝐢𝐬𝐭-𝐀𝐥𝐛𝐮𝐦] [30 Days Refill] [Max 20K] [Speed 300-500/Day] [INSTANT],102.226,500,20 000,No Refill,11 minutes,,,439.5718
8858,Spotify [𝐆𝐄𝐎-𝐓𝐀𝐑𝐆𝐄𝐓𝐄𝐃] Natural Plays - [𝐒𝐨𝐮𝐭𝐡 𝐀𝐟𝐫𝐢𝐜𝐚 🇿🇦 ] [𝐓𝐫𝐚𝐜𝐤-𝐀𝐫𝐭𝐢𝐬𝐭-𝐏𝐥𝐚𝐲𝐥𝐢𝐬𝐭-𝐀𝐥𝐛𝐮𝐦] [30 Days Refill] [Max 20K] [Speed 300-500/Day] [INSTANT],102.226,500,20 000,No Refill,11 minutes,,,439.5718
8859,Spotify [𝐆𝐄𝐎-𝐓𝐀𝐑𝐆𝐄𝐓𝐄𝐃] Natural Plays - [𝐀𝐥𝐠𝐞𝐫𝐢𝐚 🇩🇿] [𝐓𝐫𝐚𝐜𝐤-𝐀𝐫𝐭𝐢𝐬𝐭-𝐏𝐥𝐚𝐲𝐥𝐢𝐬𝐭-𝐀𝐥𝐛𝐮𝐦] [30 Days Refill] [Max 20K] [Speed 300-500/Day] [INSTANT],102.226,500,20 000,No Refill,55 minutes,,,439.5718
8860,Spotify [𝐆𝐄𝐎-𝐓𝐀𝐑𝐆𝐄𝐓𝐄𝐃] Natural Plays - [𝐌𝐞𝐱𝐢𝐜𝐨 🇲🇽] [𝐓𝐫𝐚𝐜𝐤-𝐀𝐫𝐭𝐢𝐬𝐭-𝐏𝐥𝐚𝐲𝐥𝐢𝐬𝐭-𝐀𝐥𝐛𝐮𝐦] [30 Days Refill] [Max 20K] [Speed 300-500/Day] [INSTANT],102.226,500,20 000,No Refill,17 minutes,,,439.5718
8861,Spotify [𝐆𝐄𝐎-𝐓𝐀𝐑𝐆𝐄𝐓𝐄𝐃] Natural Plays - [𝐓𝐮𝐫𝐤𝐞𝐲 🇹🇷] [𝐓𝐫𝐚𝐜𝐤-𝐀𝐫𝐭𝐢𝐬𝐭-𝐏𝐥𝐚𝐲𝐥𝐢𝐬𝐭-𝐀𝐥𝐛𝐮𝐦] [30 Days Refill] [Max 20K] [Speed 300-500/Day] [INSTANT],102.226,500,20 000,No Refill,131 hours 13 minutes,,,439.5718
8862,Spotify [𝐆𝐄𝐎-𝐓𝐀𝐑𝐆𝐄𝐓𝐄𝐃] Natural Plays - [𝐒𝐲𝐫𝐢𝐚 🇸🇾] [𝐓𝐫𝐚𝐜𝐤-𝐀𝐫𝐭𝐢𝐬𝐭-𝐏𝐥𝐚𝐲𝐥𝐢𝐬𝐭-𝐀𝐥𝐛𝐮𝐦] [30 Days Refill] [Max 20K] [Speed 300-500/Day] [INSTANT],334.7578,500,20 000,No Refill,11 minutes,,,1439.45854
8863,Spotify [𝐆𝐄𝐎-𝐓𝐀𝐑𝐆𝐄𝐓𝐄𝐃] Natural Plays - [𝐍𝐞𝐭𝐡𝐞𝐫𝐥𝐚𝐧𝐝𝐬 🇳🇱] [𝐓𝐫𝐚𝐜𝐤-𝐀𝐫𝐭𝐢𝐬𝐭-𝐏𝐥𝐚𝐲𝐥𝐢𝐬𝐭-𝐀𝐥𝐛𝐮𝐦] [30 Days Refill] [Max 20K] [Speed 300-500/Day] [INSTANT],102.226,500,20 000,No Refill,11 minutes,,,439.5718
8864,Spotify [𝐆𝐄𝐎-𝐓𝐀𝐑𝐆𝐄𝐓𝐄𝐃] Natural Plays - [𝐂𝐨𝐬𝐭𝐚 𝐑𝐢𝐜𝐚 🇨🇷] [𝐓𝐫𝐚𝐜𝐤-𝐀𝐫𝐭𝐢𝐬𝐭-𝐏𝐥𝐚𝐲𝐥𝐢𝐬𝐭-𝐀𝐥𝐛𝐮𝐦] [30 Days Refill] [Max 20K] [Speed 300-500/Day] [INSTANT],102.226,500,20 000,No Refill,27 hours 29 minutes,,,439.5718
8865,Spotify [𝐆𝐄𝐎-𝐓𝐀𝐑𝐆𝐄𝐓𝐄𝐃] Natural Plays - [𝐀𝐮𝐬𝐭𝐫𝐢𝐚 🇦🇹] [𝐓𝐫𝐚𝐜𝐤-𝐀𝐫𝐭𝐢𝐬𝐭-𝐏𝐥𝐚𝐲𝐥𝐢𝐬𝐭-𝐀𝐥𝐛𝐮𝐦] [30 Days Refill] [Max 20K] [Speed 300-500/Day] [INSTANT],102.226,500,20 000,No Refill,16 minutes,,,439.5718
8866,Spotify [𝐆𝐄𝐎-𝐓𝐀𝐑𝐆𝐄𝐓𝐄𝐃] Natural Plays - [𝐍𝐨𝐫𝐰𝐚𝐲 🇳🇴] [𝐓𝐫𝐚𝐜𝐤-𝐀𝐫𝐭𝐢𝐬𝐭-𝐏𝐥𝐚𝐲𝐥𝐢𝐬𝐭-𝐀𝐥𝐛𝐮𝐦] [30 Days Refill] [Max 20K] [Speed 300-500/Day] [INSTANT],102.226,500,20 000,No Refill,22 minutes,,,439.5718
8867,Spotify [𝐆𝐄𝐎-𝐓𝐀𝐑𝐆𝐄𝐓𝐄𝐃] Natural Plays - [𝐆𝐫𝐞𝐞𝐜𝐞 🇬🇷] [𝐓𝐫𝐚𝐜𝐤-𝐀𝐫𝐭𝐢𝐬𝐭-𝐏𝐥𝐚𝐲𝐥𝐢𝐬𝐭-𝐀𝐥𝐛𝐮𝐦] [30 Days Refill] [Max 20K] [Speed 300-500/Day] [INSTANT],102.226,500,20 000,No Refill,22 minutes,,,439.5718
8868,Spotify [𝐆𝐄𝐎-𝐓𝐀𝐑𝐆𝐄𝐓𝐄𝐃] Natural Plays - [𝐏𝐨𝐫𝐭𝐮𝐠𝐚𝐥 🇵🇹] [𝐓𝐫𝐚𝐜𝐤-𝐀𝐫𝐭𝐢𝐬𝐭-𝐏𝐥𝐚𝐲𝐥𝐢𝐬𝐭-𝐀𝐥𝐛𝐮𝐦] [30 Days Refill] [Max 20K] [Speed 300-500/Day] [INSTANT],102.226,500,20 000,No Refill,55 minutes,,,439.5718
8869,Spotify [𝐆𝐄𝐎-𝐓𝐀𝐑𝐆𝐄𝐓𝐄𝐃] Natural Plays - [𝐌𝐨𝐫𝐨𝐜𝐜𝐨 🇲🇦] [𝐓𝐫𝐚𝐜𝐤-𝐀𝐫𝐭𝐢𝐬𝐭-𝐏𝐥𝐚𝐲𝐥𝐢𝐬𝐭-𝐀𝐥𝐛𝐮𝐦] [30 Days Refill] [Max 20K] [Speed 300-500/Day] [INSTANT],102.226,500,20 000,No Refill,11 minutes,,,439.5718
8870,Spotify [𝐆𝐄𝐎-𝐓𝐀𝐑𝐆𝐄𝐓𝐄𝐃] Natural Plays - [𝐆𝐞𝐫𝐦𝐚𝐧𝐲 🇩🇪] [𝐓𝐫𝐚𝐜𝐤-𝐀𝐫𝐭𝐢𝐬𝐭-𝐏𝐥𝐚𝐲𝐥𝐢𝐬𝐭-𝐀𝐥𝐛𝐮𝐦] [30 Days Refill] [Max 20K] [Speed 300-500/Day] [INSTANT],102.226,500,20 000,No Refill,55 minutes,,,439.5718
8871,Spotify [𝐆𝐄𝐎-𝐓𝐀𝐑𝐆𝐄𝐓𝐄𝐃] Natural Plays - [𝐓𝐮𝐧𝐢𝐬𝐢𝐚 🇹🇳] [𝐓𝐫𝐚𝐜𝐤-𝐀𝐫𝐭𝐢𝐬𝐭-𝐏𝐥𝐚𝐲𝐥𝐢𝐬𝐭-𝐀𝐥𝐛𝐮𝐦] [30 Days Refill] [Max 20K] [Speed 300-500/Day] [INSTANT],102.226,500,20 000,No Refill,23 minutes,,,439.5718
8872,Spotify [𝐆𝐄𝐎-𝐓𝐀𝐑𝐆𝐄𝐓𝐄𝐃] Natural Plays - [𝐕𝐢𝐞𝐭𝐧𝐚𝐦 🇻🇳] [𝐓𝐫𝐚𝐜𝐤-𝐀𝐫𝐭𝐢𝐬𝐭-𝐏𝐥𝐚𝐲𝐥𝐢𝐬𝐭-𝐀𝐥𝐛𝐮𝐦] [30 Days Refill] [Max 20K] [Speed 300-500/Day] [INSTANT],102.226,500,20 000,No Refill,23 minutes,,,439.5718
8873,Spotify [𝐆𝐄𝐎-𝐓𝐀𝐑𝐆𝐄𝐓𝐄𝐃] Natural Plays - [𝐈𝐫𝐚𝐪 🇮🇶] [𝐓𝐫𝐚𝐜𝐤-𝐀𝐫𝐭𝐢𝐬𝐭-𝐏𝐥𝐚𝐲𝐥𝐢𝐬𝐭-𝐀𝐥𝐛𝐮𝐦] [30 Days Refill] [Max 20K] [Speed 300-500/Day] [INSTANT],295.032,500,20 000,No Refill,22 minutes,,,1268.6376
8874,Spotify [𝐆𝐄𝐎-𝐓𝐀𝐑𝐆𝐄𝐓𝐄𝐃] Natural Plays - [𝐏𝐚𝐫𝐚𝐠𝐮𝐚𝐲 🇵🇾] [𝐓𝐫𝐚𝐜𝐤-𝐀𝐫𝐭𝐢𝐬𝐭-𝐏𝐥𝐚𝐲𝐥𝐢𝐬𝐭-𝐀𝐥𝐛𝐮𝐦] [30 Days Refill] [Max 20K] [Speed 300-500/Day] [INSTANT],102.226,500,20 000,No Refill,17 minutes,,,439.5718
8875,Spotify [𝐆𝐄𝐎-𝐓𝐀𝐑𝐆𝐄𝐓𝐄𝐃] Natural Plays - [𝐂𝐚𝐧𝐚𝐝𝐚 🇨🇦] [𝐓𝐫𝐚𝐜𝐤-𝐀𝐫𝐭𝐢𝐬𝐭-𝐏𝐥𝐚𝐲𝐥𝐢𝐬𝐭-𝐀𝐥𝐛𝐮𝐦] [30 Days Refill] [Max 20K] [Speed 300-500/Day] [INSTANT],102.226,500,20 000,No Refill,16 minutes,,,439.5718
8876,Spotify [𝐆𝐄𝐎-𝐓𝐀𝐑𝐆𝐄𝐓𝐄𝐃] Natural Plays - [𝐈𝐧𝐝𝐢𝐚 🇮🇳] [𝐓𝐫𝐚𝐜𝐤-𝐀𝐫𝐭𝐢𝐬𝐭-𝐏𝐥𝐚𝐲𝐥𝐢𝐬𝐭-𝐀𝐥𝐛𝐮𝐦] [30 Days Refill] [Max 20K] [Speed 300-500/Day] [INSTANT],102.226,500,20 000,No Refill,32 hours 53 minutes,,,439.5718
8877,Spotify [𝐆𝐄𝐎-𝐓𝐀𝐑𝐆𝐄𝐓𝐄𝐃] Natural Plays - [𝐒𝐰𝐢𝐭𝐳𝐞𝐫𝐥𝐚𝐧𝐝 🇨🇭] [𝐓𝐫𝐚𝐜𝐤-𝐀𝐫𝐭𝐢𝐬𝐭-𝐏𝐥𝐚𝐲𝐥𝐢𝐬𝐭-𝐀𝐥𝐛𝐮𝐦] [30 Days Refill] [Max 20K] [Speed 300-500/Day] [INSTANT],102.226,500,20 000,No Refill,33 minutes,,,439.5718
8878,Spotify [𝐆𝐄𝐎-𝐓𝐀𝐑𝐆𝐄𝐓𝐄𝐃] Natural Plays - [𝐂𝐡𝐢𝐥𝐞 🇨🇱] [𝐓𝐫𝐚𝐜𝐤-𝐀𝐫𝐭𝐢𝐬𝐭-𝐏𝐥𝐚𝐲𝐥𝐢𝐬𝐭-𝐀𝐥𝐛𝐮𝐦] [30 Days Refill] [Max 20K] [Speed 300-500/Day] [INSTANT],102.226,500,20 000,No Refill,57 hours 6 minutes,,,439.5718
8880,Spotify [𝐆𝐄𝐎-𝐓𝐀𝐑𝐆𝐄𝐓𝐄𝐃] Natural Plays - [𝐑𝐨𝐦𝐚𝐧𝐢𝐚] [𝐓𝐫𝐚𝐜𝐤-𝐀𝐫𝐭𝐢𝐬𝐭-𝐏𝐥𝐚𝐲𝐥𝐢𝐬𝐭-𝐀𝐥𝐛𝐮𝐦] [30 Days Refill] [Max 20K] [Speed 300-500/Day] [INSTANT],102.226,500,20 000,No Refill,22 minutes,,,439.5718
8881,Spotify [𝐆𝐄𝐎-𝐓𝐀𝐑𝐆𝐄𝐓𝐄𝐃] Natural Plays - [𝐈𝐜𝐞𝐥𝐚𝐧𝐝 🇮🇸] [𝐓𝐫𝐚𝐜𝐤-𝐀𝐫𝐭𝐢𝐬𝐭-𝐏𝐥𝐚𝐲𝐥𝐢𝐬𝐭-𝐀𝐥𝐛𝐮𝐦] [30 Days Refill] [Max 20K] [Speed 300-500/Day] [INSTANT],102.226,500,20 000,No Refill,49 hours 36 minutes,,,439.5718
8882,Spotify [𝐆𝐄𝐎-𝐓𝐀𝐑𝐆𝐄𝐓𝐄𝐃] Natural Plays - [𝐅𝐫𝐚𝐧𝐜𝐞 🇫🇷] [𝐓𝐫𝐚𝐜𝐤-𝐀𝐫𝐭𝐢𝐬𝐭-𝐏𝐥𝐚𝐲𝐥𝐢𝐬𝐭-𝐀𝐥𝐛𝐮𝐦] [30 Days Refill] [Max 20K] [Speed 300-500/Day] [INSTANT],102.226,500,20 000,No Refill,17 minutes,,,439.5718
8883,Spotify [𝐆𝐄𝐎-𝐓𝐀𝐑𝐆𝐄𝐓𝐄𝐃] Natural Plays - [𝐂𝐨𝐥𝐨𝐦𝐛𝐢𝐚 🇨🇴] [𝐓𝐫𝐚𝐜𝐤-𝐀𝐫𝐭𝐢𝐬𝐭-𝐏𝐥𝐚𝐲𝐥𝐢𝐬𝐭-𝐀𝐥𝐛𝐮𝐦] [30 Days Refill] [Max 20K] [Speed 300-500/Day] [INSTANT],102.226,500,20 000,No Refill,40 hours 54 minutes,,,439.5718
8884,Spotify [𝐆𝐄𝐎-𝐓𝐀𝐑𝐆𝐄𝐓𝐄𝐃] Natural Plays - [𝐄𝐜𝐮𝐚𝐝𝐨𝐫 🇪🇨] [𝐓𝐫𝐚𝐜𝐤-𝐀𝐫𝐭𝐢𝐬𝐭-𝐏𝐥𝐚𝐲𝐥𝐢𝐬𝐭-𝐀𝐥𝐛𝐮𝐦] [30 Days Refill] [Max 20K] [Speed 300-500/Day] [INSTANT],102.226,500,20 000,No Refill,28 hours 8 minutes,,,439.5718
8885,Spotify [𝐆𝐄𝐎-𝐓𝐀𝐑𝐆𝐄𝐓𝐄𝐃] Natural Plays - [𝐁𝐞𝐥𝐠𝐢𝐮𝐦 🇧🇪] [𝐓𝐫𝐚𝐜𝐤-𝐀𝐫𝐭𝐢𝐬𝐭-𝐏𝐥𝐚𝐲𝐥𝐢𝐬𝐭-𝐀𝐥𝐛𝐮𝐦] [30 Days Refill] [Max 20K] [Speed 300-500/Day] [INSTANT],102.226,500,20 000,No Refill,17 minutes,,,439.5718
8886,Spotify [𝐆𝐄𝐎-𝐓𝐀𝐑𝐆𝐄𝐓𝐄𝐃] Natural Plays - [𝐄𝐜𝐮𝐚𝐝𝐨𝐫 🇪🇨] [𝐓𝐫𝐚𝐜𝐤-𝐀𝐫𝐭𝐢𝐬𝐭-𝐏𝐥𝐚𝐲𝐥𝐢𝐬𝐭-𝐀𝐥𝐛𝐮𝐦] [30 Days Refill] [Max 20K] [Speed 300-500/Day] [INSTANT],102.226,500,20 000,No Refill,152 hours 30 minutes,,,439.5718
8887,Spotify [𝐆𝐄𝐎-𝐓𝐀𝐑𝐆𝐄𝐓𝐄𝐃] Natural Plays - [𝐃𝐞𝐧𝐦𝐚𝐫𝐤 🇩🇰] [𝐓𝐫𝐚𝐜𝐤-𝐀𝐫𝐭𝐢𝐬𝐭-𝐏𝐥𝐚𝐲𝐥𝐢𝐬𝐭-𝐀𝐥𝐛𝐮𝐦] [30 Days Refill] [Max 20K] [Speed 300-500/Day] [INSTANT],102.226,500,20 000,No Refill,55 minutes,,,439.5718
8888,Spotify [𝐆𝐄𝐎-𝐓𝐀𝐑𝐆𝐄𝐓𝐄𝐃] Natural Plays - [𝐈𝐭𝐚𝐥𝐲 🇮🇹] [𝐓𝐫𝐚𝐜𝐤-𝐀𝐫𝐭𝐢𝐬𝐭-𝐏𝐥𝐚𝐲𝐥𝐢𝐬𝐭-𝐀𝐥𝐛𝐮𝐦] [30 Days Refill] [Max 20K] [Speed 300-500/Day] [INSTANT],102.226,500,20 000,No Refill,22 minutes,,,439.5718
8889,Spotify [𝐆𝐄𝐎-𝐓𝐀𝐑𝐆𝐄𝐓𝐄𝐃] Natural Plays - [𝐀𝐮𝐬𝐭𝐫𝐚𝐥𝐢𝐚 🇦🇺] [𝐓𝐫𝐚𝐜𝐤-𝐀𝐫𝐭𝐢𝐬𝐭-𝐏𝐥𝐚𝐲𝐥𝐢𝐬𝐭-𝐀𝐥𝐛𝐮𝐦] [30 Days Refill] [Max 20K] [Speed 300-500/Day] [INSTANT],102.226,500,20 000,No Refill,55 minutes,,,439.5718
8891,Spotify [𝐆𝐄𝐎-𝐓𝐀𝐑𝐆𝐄𝐓𝐄𝐃] Natural Plays - [𝐒𝐰𝐞𝐝𝐞𝐧 🇸🇪] [𝐓𝐫𝐚𝐜𝐤-𝐀𝐫𝐭𝐢𝐬𝐭-𝐏𝐥𝐚𝐲𝐥𝐢𝐬𝐭-𝐀𝐥𝐛𝐮𝐦] [30 Days Refill] [Max 20K] [Speed 300-500/Day] [INSTANT],102.226,500,20 000,No Refill,23 minutes,,,439.5718
8892,Spotify [𝐆𝐄𝐎-𝐓𝐀𝐑𝐆𝐄𝐓𝐄𝐃] Natural Plays - [𝐍𝐞𝐰 𝐙𝐞𝐚𝐥𝐚𝐧𝐝 🇳🇿] [𝐓𝐫𝐚𝐜𝐤-𝐀𝐫𝐭𝐢𝐬𝐭-𝐏𝐥𝐚𝐲𝐥𝐢𝐬𝐭-𝐀𝐥𝐛𝐮𝐦] [30 Days Refill] [Max 20K] [Speed 300-500/Day] [INSTANT],102.226,500,20 000,No Refill,55 minutes,,,439.5718
8893,Spotify [𝐆𝐄𝐎-𝐓𝐀𝐑𝐆𝐄𝐓𝐄𝐃] Natural Plays - [𝐔𝐀𝐄🇦🇪] [𝐓𝐫𝐚𝐜𝐤-𝐀𝐫𝐭𝐢𝐬𝐭-𝐏𝐥𝐚𝐲𝐥𝐢𝐬𝐭-𝐀𝐥𝐛𝐮𝐦] [30 Days Refill] [Max 20K] [Speed 300-500/Day] [INSTANT],102.226,500,20 000,No Refill,33 minutes,,,439.5718
8894,Spotify [𝐆𝐄𝐎-𝐓𝐀𝐑𝐆𝐄𝐓𝐄𝐃] Natural Plays - [𝐏𝐞𝐫𝐮 🇵🇪] [𝐓𝐫𝐚𝐜𝐤-𝐀𝐫𝐭𝐢𝐬𝐭-𝐏𝐥𝐚𝐲𝐥𝐢𝐬𝐭-𝐀𝐥𝐛𝐮𝐦] [30 Days Refill] [Max 20K] [Speed 300-500/Day] [INSTANT],102.226,500,20 000,No Refill,57 hours 58 minutes,,,439.5718
8896,Spotify [𝐆𝐄𝐎-𝐓𝐀𝐑𝐆𝐄𝐓𝐄𝐃] Natural Plays - [𝐔𝐫𝐮𝐠𝐮𝐚𝐲 🇺🇾] [𝐓𝐫𝐚𝐜𝐤-𝐀𝐫𝐭𝐢𝐬𝐭-𝐏𝐥𝐚𝐲𝐥𝐢𝐬𝐭-𝐀𝐥𝐛𝐮𝐦] [30 Days Refill] [Max 20K] [Speed 300-500/Day] [INSTANT],102.226,500,20 000,No Refill,55 minutes,,,439.5718
8897,Spotify [𝐆𝐄𝐎-𝐓𝐀𝐑𝐆𝐄𝐓𝐄𝐃] Natural Plays - [𝐋𝐮𝐱𝐞𝐦𝐛𝐨𝐮𝐫𝐠 🇱🇺] [𝐓𝐫𝐚𝐜𝐤-𝐀𝐫𝐭𝐢𝐬𝐭-𝐏𝐥𝐚𝐲𝐥𝐢𝐬𝐭-𝐀𝐥𝐛𝐮𝐦] [30 Days Refill] [Max 20K] [Speed 300-500/Day] [INSTANT],102.226,500,20 000,No Refill,23 minutes,,,439.5718
8349,Spotify 𝐀𝐥𝐠𝐨𝐫𝐢𝐭𝐡𝐦𝐢𝐜 𝐒𝐨𝐮𝐫𝐜𝐞 Plays- [𝐔𝐒𝐀 🇺🇸] [𝐓𝐫𝐚𝐜𝐤-𝐀𝐫𝐭𝐢𝐬𝐭-𝐏𝐥𝐚𝐲𝐥𝐢𝐬𝐭-𝐀𝐥𝐛𝐮𝐦] [30 Days Refill] [Max 1M] [Speed 5K/Day] [INSTANT],331.911,1 000,50 000,30 Days Refill,92 hours,,,1427.2173
8707,Spotify 𝐀𝐥𝐠𝐨𝐫𝐢𝐭𝐡𝐦𝐢𝐜 𝐒𝐨𝐮𝐫𝐜𝐞 Plays- [𝐀𝐥𝐛𝐚𝐧𝐢𝐚 🇦🇱] [𝐓𝐫𝐚𝐜𝐤-𝐀𝐫𝐭𝐢𝐬𝐭-𝐏𝐥𝐚𝐲𝐥𝐢𝐬𝐭-𝐀𝐥𝐛𝐮𝐦] [30 Days Refill] [Max 1M] [Speed 5K/Day] [INSTANT],331.911,1 000,50 000,30 Days Refill,22 minutes,,,1427.2173
8350,Spotify 𝐀𝐥𝐠𝐨𝐫𝐢𝐭𝐡𝐦𝐢𝐜 𝐒𝐨𝐮𝐫𝐜𝐞 Plays - [𝐔𝐊 🇬🇧] [𝐓𝐫𝐚𝐜𝐤-𝐀𝐫𝐭𝐢𝐬𝐭-𝐏𝐥𝐚𝐲𝐥𝐢𝐬𝐭-𝐀𝐥𝐛𝐮𝐦] [30 Days Refill] [Max 1M] [Speed 5K/Day] [INSTANT],331.911,1 000,50 000,30 Days Refill,17 minutes,,,1427.2173
8351,Spotify 𝐀𝐥𝐠𝐨𝐫𝐢𝐭𝐡𝐦𝐢𝐜 𝐒𝐨𝐮𝐫𝐜𝐞 Plays - [𝐂𝐚𝐧𝐚𝐝𝐚 🇨🇦] [𝐓𝐫𝐚𝐜𝐤-𝐀𝐫𝐭𝐢𝐬𝐭-𝐏𝐥𝐚𝐲𝐥𝐢𝐬𝐭-𝐀𝐥𝐛𝐮𝐦] [30 Days Refill] [Max 1M] [Speed 5K/Day] [INSTANT],331.911,1 000,50 000,30 Days Refill,33 minutes,,,1427.2173
12821,Spotify 𝐀𝐥𝐠𝐨𝐫𝐢𝐭𝐡𝐦𝐢𝐜 𝐒𝐨𝐮𝐫𝐜𝐞 Plays - [𝐂𝐚𝐧𝐚𝐝𝐚 🇨🇦] [𝐓𝐫𝐚𝐜𝐤-𝐀𝐫𝐭𝐢𝐬𝐭-𝐏𝐥𝐚𝐲𝐥𝐢𝐬𝐭-𝐀𝐥𝐛𝐮𝐦] [30 Days Refill] [Max 1M] [Speed 5K/Day] [INSTANT],331.911,1 000,50 000,30 Days Refill,11 minutes,,,1427.2173
8352,Spotify 𝐀𝐥𝐠𝐨𝐫𝐢𝐭𝐡𝐦𝐢𝐜 𝐒𝐨𝐮𝐫𝐜𝐞 Plays - [𝐅𝐫𝐚𝐧𝐜𝐞 🇫🇷] [𝐓𝐫𝐚𝐜𝐤-𝐀𝐫𝐭𝐢𝐬𝐭-𝐏𝐥𝐚𝐲𝐥𝐢𝐬𝐭-𝐀𝐥𝐛𝐮𝐦] [30 Days Refill] [Max 1M] [Speed 5K/Day] [INSTANT],331.911,1 000,50 000,30 Days Refill,55 minutes,,,1427.2173
8353,Spotify 𝐀𝐥𝐠𝐨𝐫𝐢𝐭𝐡𝐦𝐢𝐜 𝐒𝐨𝐮𝐫𝐜𝐞 Plays - [𝐆𝐞𝐫𝐦𝐚𝐧𝐲 🇩🇪] [𝐓𝐫𝐚𝐜𝐤-𝐀𝐫𝐭𝐢𝐬𝐭-𝐏𝐥𝐚𝐲𝐥𝐢𝐬𝐭-𝐀𝐥𝐛𝐮𝐦] [30 Days Refill] [Max 1M] [Speed 5K/Day] [INSTANT],331.911,1 000,50 000,30 Days Refill,11 minutes,,,1427.2173
8354,Spotify 𝐀𝐥𝐠𝐨𝐫𝐢𝐭𝐡𝐦𝐢𝐜 𝐒𝐨𝐮𝐫𝐜𝐞 Plays - [𝐈𝐭𝐚𝐥𝐲 🇮🇹] [𝐓𝐫𝐚𝐜𝐤-𝐀𝐫𝐭𝐢𝐬𝐭-𝐏𝐥𝐚𝐲𝐥𝐢𝐬𝐭-𝐀𝐥𝐛𝐮𝐦] [30 Days Refill] [Max 1M] [Speed 5K/Day] [INSTANT],331.911,1 000,50 000,30 Days Refill,11 minutes,,,1427.2173
8355,Spotify 𝐀𝐥𝐠𝐨𝐫𝐢𝐭𝐡𝐦𝐢𝐜 𝐒𝐨𝐮𝐫𝐜𝐞 Plays - [𝐒𝐩𝐚𝐢𝐧 🇪🇸] [𝐓𝐫𝐚𝐜𝐤-𝐀𝐫𝐭𝐢𝐬𝐭-𝐏𝐥𝐚𝐲𝐥𝐢𝐬𝐭-𝐀𝐥𝐛𝐮𝐦] [30 Days Refill] [Max 1M] [Speed 5K/Day] [INSTANT],331.911,1 000,50 000,30 Days Refill,33 minutes,,,1427.2173
8356,Spotify 𝐀𝐥𝐠𝐨𝐫𝐢𝐭𝐡𝐦𝐢𝐜 𝐒𝐨𝐮𝐫𝐜𝐞 Plays - [𝐁𝐫𝐚𝐳𝐢𝐥 🇧🇷] [𝐓𝐫𝐚𝐜𝐤-𝐀𝐫𝐭𝐢𝐬𝐭-𝐏𝐥𝐚𝐲𝐥𝐢𝐬𝐭-𝐀𝐥𝐛𝐮𝐦] [30 Days Refill] [Max 1M] [Speed 5K/Day] [INSTANT],331.911,1 000,50 000,30 Days Refill,17 minutes,,,1427.2173
8357,Spotify 𝐀𝐥𝐠𝐨𝐫𝐢𝐭𝐡𝐦𝐢𝐜 𝐒𝐨𝐮𝐫𝐜𝐞 Plays - [𝐏𝐨𝐫𝐭𝐮𝐠𝐚𝐥 🇵🇹] [𝐓𝐫𝐚𝐜𝐤-𝐀𝐫𝐭𝐢𝐬𝐭-𝐏𝐥𝐚𝐲𝐥𝐢𝐬𝐭-𝐀𝐥𝐛𝐮𝐦] [30 Days Refill] [Max 1M] [Speed 5K/Day] [INSTANT],331.911,1 000,50 000,30 Days Refill,22 minutes,,,1427.2173
8358,Spotify 𝐀𝐥𝐠𝐨𝐫𝐢𝐭𝐡𝐦𝐢𝐜 𝐒𝐨𝐮𝐫𝐜𝐞 Plays - [𝐁𝐞𝐥𝐠𝐢𝐮𝐦 🇧🇪] [𝐓𝐫𝐚𝐜𝐤-𝐀𝐫𝐭𝐢𝐬𝐭-𝐏𝐥𝐚𝐲𝐥𝐢𝐬𝐭-𝐀𝐥𝐛𝐮𝐦] [30 Days Refill] [Max 1M] [Speed 5K/Day] [INSTANT],331.911,1 000,50 000,30 Days Refill,17 minutes,,,1427.2173
8359,Spotify 𝐀𝐥𝐠𝐨𝐫𝐢𝐭𝐡𝐦𝐢𝐜 𝐒𝐨𝐮𝐫𝐜𝐞 Plays - [𝐀𝐟𝐫𝐢𝐜𝐚 🇿🇦] [𝐓𝐫𝐚𝐜𝐤-𝐀𝐫𝐭𝐢𝐬𝐭-𝐏𝐥𝐚𝐲𝐥𝐢𝐬𝐭-𝐀𝐥𝐛𝐮𝐦] [30 Days Refill] [Max 1M] [Speed 5K/Day] [INSTANT],331.911,1 000,50 000,30 Days Refill,55 minutes,,,1427.2173
8362,Spotify 𝐀𝐥𝐠𝐨𝐫𝐢𝐭𝐡𝐦𝐢𝐜 𝐒𝐨𝐮𝐫𝐜𝐞 Plays - [𝐀𝐫𝐠𝐞𝐧𝐭𝐢𝐧𝐚 🇦🇷] [𝐓𝐫𝐚𝐜𝐤-𝐀𝐫𝐭𝐢𝐬𝐭-𝐏𝐥𝐚𝐲𝐥𝐢𝐬𝐭-𝐀𝐥𝐛𝐮𝐦] [30 Days Refill] [Max 1M] [Speed 5K/Day] [INSTANT],331.911,1 000,50 000,30 Days Refill,17 minutes,,,1427.2173
8363,Spotify 𝐀𝐥𝐠𝐨𝐫𝐢𝐭𝐡𝐦𝐢𝐜 𝐒𝐨𝐮𝐫𝐜𝐞 Plays - [𝐀𝐥𝐛𝐚𝐧𝐢𝐚 🇦🇱] [𝐓𝐫𝐚𝐜𝐤-𝐀𝐫𝐭𝐢𝐬𝐭-𝐏𝐥𝐚𝐲𝐥𝐢𝐬𝐭-𝐀𝐥𝐛𝐮𝐦] [30 Days Refill] [Max 1M] [Speed 5K/Day] [INSTANT],331.911,1 000,50 000,30 Days Refill,33 minutes,,,1427.2173
8364,Spotify 𝐀𝐥𝐠𝐨𝐫𝐢𝐭𝐡𝐦𝐢𝐜 𝐒𝐨𝐮𝐫𝐜𝐞 Plays - [𝐈𝐫𝐞𝐥𝐚𝐧𝐝 🇮🇪] [𝐓𝐫𝐚𝐜𝐤-𝐀𝐫𝐭𝐢𝐬𝐭-𝐏𝐥𝐚𝐲𝐥𝐢𝐬𝐭-𝐀𝐥𝐛𝐮𝐦] [30 Days Refill] [Max 1M] [Speed 5K/Day] [INSTANT],331.911,1 000,50 000,30 Days Refill,16 minutes,,,1427.2173
8365,Spotify 𝐀𝐥𝐠𝐨𝐫𝐢𝐭𝐡𝐦𝐢𝐜 𝐒𝐨𝐮𝐫𝐜𝐞 Plays - [𝐄𝐠𝐲𝐩𝐭 🇪🇬] [𝐓𝐫𝐚𝐜𝐤-𝐀𝐫𝐭𝐢𝐬𝐭-𝐏𝐥𝐚𝐲𝐥𝐢𝐬𝐭-𝐀𝐥𝐛𝐮𝐦] [30 Days Refill] [Max 1M] [Speed 5K/Day] [INSTANT],331.911,1 000,50 000,30 Days Refill,22 minutes,,,1427.2173
8366,Spotify 𝐀𝐥𝐠𝐨𝐫𝐢𝐭𝐡𝐦𝐢𝐜 𝐒𝐨𝐮𝐫𝐜𝐞 Plays - [𝐉𝐚𝐩𝐚𝐧 🇯🇵] [𝐓𝐫𝐚𝐜𝐤-𝐀𝐫𝐭𝐢𝐬𝐭-𝐏𝐥𝐚𝐲𝐥𝐢𝐬𝐭-𝐀𝐥𝐛𝐮𝐦] [30 Days Refill] [Max 1M] [Speed 5K/Day] [INSTANT],331.911,1 000,50 000,30 Days Refill,16 minutes,,,1427.2173
8367,Spotify 𝐀𝐥𝐠𝐨𝐫𝐢𝐭𝐡𝐦𝐢𝐜 𝐒𝐨𝐮𝐫𝐜𝐞 Plays - [𝐀𝐥𝐠𝐞𝐫𝐢𝐚 🇩🇿] [𝐓𝐫𝐚𝐜𝐤-𝐀𝐫𝐭𝐢𝐬𝐭-𝐏𝐥𝐚𝐲𝐥𝐢𝐬𝐭-𝐀𝐥𝐛𝐮𝐦] [30 Days Refill] [Max 1M] [Speed 5K/Day] [INSTANT],331.911,1 000,50 000,30 Days Refill,11 minutes,,,1427.2173
8368,Spotify 𝐀𝐥𝐠𝐨𝐫𝐢𝐭𝐡𝐦𝐢𝐜 𝐒𝐨𝐮𝐫𝐜𝐞 Plays - [𝐌𝐞𝐱𝐢𝐜𝐨 🇲🇽] [𝐓𝐫𝐚𝐜𝐤-𝐀𝐫𝐭𝐢𝐬𝐭-𝐏𝐥𝐚𝐲𝐥𝐢𝐬𝐭-𝐀𝐥𝐛𝐮𝐦] [30 Days Refill] [Max 1M] [Speed 5K/Day] [INSTANT],331.911,1 000,50 000,30 Days Refill,17 minutes,,,1427.2173
8369,Spotify 𝐀𝐥𝐠𝐨𝐫𝐢𝐭𝐡𝐦𝐢𝐜 𝐒𝐨𝐮𝐫𝐜𝐞 Plays - [𝐓𝐮𝐫𝐤𝐞𝐲 🇹🇷] [𝐓𝐫𝐚𝐜𝐤-𝐀𝐫𝐭𝐢𝐬𝐭-𝐏𝐥𝐚𝐲𝐥𝐢𝐬𝐭-𝐀𝐥𝐛𝐮𝐦] [30 Days Refill] [Max 1M] [Speed 5K/Day] [INSTANT],331.911,1 000,50 000,30 Days Refill,22 minutes,,,1427.2173
8371,Spotify 𝐀𝐥𝐠𝐨𝐫𝐢𝐭𝐡𝐦𝐢𝐜 𝐒𝐨𝐮𝐫𝐜𝐞 Plays - [𝐍𝐞𝐭𝐡𝐞𝐫𝐥𝐚𝐧𝐝𝐬 🇳🇱] [𝐓𝐫𝐚𝐜𝐤-𝐀𝐫𝐭𝐢𝐬𝐭-𝐏𝐥𝐚𝐲𝐥𝐢𝐬𝐭-𝐀𝐥𝐛𝐮𝐦] [30 Days Refill] [Max 1M] [Speed 5K/Day] [INSTANT],331.911,1 000,50 000,30 Days Refill,22 minutes,,,1427.2173
8372,Spotify 𝐀𝐥𝐠𝐨𝐫𝐢𝐭𝐡𝐦𝐢𝐜 𝐒𝐨𝐮𝐫𝐜𝐞 Plays - [𝐂𝐨𝐬𝐭𝐚 𝐑𝐢𝐜𝐚 🇨🇷] [𝐓𝐫𝐚𝐜𝐤-𝐀𝐫𝐭𝐢𝐬𝐭-𝐏𝐥𝐚𝐲𝐥𝐢𝐬𝐭-𝐀𝐥𝐛𝐮𝐦] [30 Days Refill] [Max 1M] [Speed 5K/Day] [INSTANT],331.911,1 000,50 000,30 Days Refill,169 hours 25 minutes,,,1427.2173
8373,Spotify 𝐀𝐥𝐠𝐨𝐫𝐢𝐭𝐡𝐦𝐢𝐜 𝐒𝐨𝐮𝐫𝐜𝐞 Plays - [𝐀𝐮𝐬𝐭𝐫𝐢𝐚 🇦🇹] [𝐓𝐫𝐚𝐜𝐤-𝐀𝐫𝐭𝐢𝐬𝐭-𝐏𝐥𝐚𝐲𝐥𝐢𝐬𝐭-𝐀𝐥𝐛𝐮𝐦] [30 Days Refill] [Max 1M] [Speed 5K/Day] [INSTANT],331.911,1 000,50 000,30 Days Refill,17 minutes,,,1427.2173
8374,Spotify 𝐀𝐥𝐠𝐨𝐫𝐢𝐭𝐡𝐦𝐢𝐜 𝐒𝐨𝐮𝐫𝐜𝐞 Plays - [𝐍𝐨𝐫𝐰𝐚𝐲 🇳🇴] [𝐓𝐫𝐚𝐜𝐤-𝐀𝐫𝐭𝐢𝐬𝐭-𝐏𝐥𝐚𝐲𝐥𝐢𝐬𝐭-𝐀𝐥𝐛𝐮𝐦] [30 Days Refill] [Max 1M] [Speed 5K/Day] [INSTANT],331.911,1 000,50 000,30 Days Refill,22 minutes,,,1427.2173
8375,Spotify 𝐀𝐥𝐠𝐨𝐫𝐢𝐭𝐡𝐦𝐢𝐜 𝐒𝐨𝐮𝐫𝐜𝐞 Plays - [𝐆𝐫𝐞𝐞𝐜𝐞 🇬🇷] [𝐓𝐫𝐚𝐜𝐤-𝐀𝐫𝐭𝐢𝐬𝐭-𝐏𝐥𝐚𝐲𝐥𝐢𝐬𝐭-𝐀𝐥𝐛𝐮𝐦] [30 Days Refill] [Max 1M] [Speed 5K/Day] [INSTANT],331.911,1 000,50 000,30 Days Refill,11 minutes,,,1427.2173
8376,Spotify 𝐀𝐥𝐠𝐨𝐫𝐢𝐭𝐡𝐦𝐢𝐜 𝐒𝐨𝐮𝐫𝐜𝐞 Plays - [𝐌𝐨𝐫𝐨𝐜𝐜𝐨 🇲🇦] [𝐓𝐫𝐚𝐜𝐤-𝐀𝐫𝐭𝐢𝐬𝐭-𝐏𝐥𝐚𝐲𝐥𝐢𝐬𝐭-𝐀𝐥𝐛𝐮𝐦] [30 Days Refill] [Max 1M] [Speed 5K/Day] [INSTANT],331.911,1 000,50 000,30 Days Refill,22 minutes,,,1427.2173
8377,Spotify 𝐀𝐥𝐠𝐨𝐫𝐢𝐭𝐡𝐦𝐢𝐜 𝐒𝐨𝐮𝐫𝐜𝐞 Plays - [𝐓𝐮𝐧𝐢𝐬𝐢𝐚 🇹🇳] [𝐓𝐫𝐚𝐜𝐤-𝐀𝐫𝐭𝐢𝐬𝐭-𝐏𝐥𝐚𝐲𝐥𝐢𝐬𝐭-𝐀𝐥𝐛𝐮𝐦] [30 Days Refill] [Max 1M] [Speed 5K/Day] [INSTANT],331.911,1 000,50 000,30 Days Refill,55 minutes,,,1427.2173
8378,Spotify 𝐀𝐥𝐠𝐨𝐫𝐢𝐭𝐡𝐦𝐢𝐜 𝐒𝐨𝐮𝐫𝐜𝐞 Plays - [𝙑𝙞𝙚𝙩𝙣𝙖𝙢 🇻🇳] [𝐓𝐫𝐚𝐜𝐤-𝐀𝐫𝐭𝐢𝐬𝐭-𝐏𝐥𝐚𝐲𝐥𝐢𝐬𝐭-𝐀𝐥𝐛𝐮𝐦] [30 Days Refill] [Max 1M] [Speed 5K/Day] [INSTANT],331.911,1 000,50 000,30 Days Refill,16 minutes,,,1427.2173
8380,Spotify 𝐀𝐥𝐠𝐨𝐫𝐢𝐭𝐡𝐦𝐢𝐜 𝐒𝐨𝐮𝐫𝐜𝐞 Plays - [𝐏𝐚𝐫𝐚𝐠𝐮𝐚𝐲 🇵🇾] [𝐓𝐫𝐚𝐜𝐤-𝐀𝐫𝐭𝐢𝐬𝐭-𝐏𝐥𝐚𝐲𝐥𝐢𝐬𝐭-𝐀𝐥𝐛𝐮𝐦] [30 Days Refill] [Max 1M] [Speed 5K/Day] [INSTANT],331.911,1 000,50 000,30 Days Refill,33 minutes,,,1427.2173
8381,Spotify 𝐀𝐥𝐠𝐨𝐫𝐢𝐭𝐡𝐦𝐢𝐜 𝐒𝐨𝐮𝐫𝐜𝐞 Plays - [𝐈𝐧𝐝𝐢𝐚 🇮🇳] [𝐓𝐫𝐚𝐜𝐤-𝐀𝐫𝐭𝐢𝐬𝐭-𝐏𝐥𝐚𝐲𝐥𝐢𝐬𝐭-𝐀𝐥𝐛𝐮𝐦] [30 Days Refill] [Max 1M] [Speed 5K/Day] [INSTANT],331.911,1 000,50 000,30 Days Refill,33 minutes,,,1427.2173
8382,Spotify 𝐀𝐥𝐠𝐨𝐫𝐢𝐭𝐡𝐦𝐢𝐜 𝐒𝐨𝐮𝐫𝐜𝐞 Plays - [𝐒𝐰𝐢𝐭𝐳𝐞𝐫𝐥𝐚𝐧𝐝🇨🇭] [𝐓𝐫𝐚𝐜𝐤-𝐀𝐫𝐭𝐢𝐬𝐭-𝐏𝐥𝐚𝐲𝐥𝐢𝐬𝐭-𝐀𝐥𝐛𝐮𝐦] [30 Days Refill] [Max 1M] [Speed 5K/Day] [INSTANT],331.911,1 000,50 000,30 Days Refill,17 minutes,,,1427.2173
8383,Spotify 𝐀𝐥𝐠𝐨𝐫𝐢𝐭𝐡𝐦𝐢𝐜 𝐒𝐨𝐮𝐫𝐜𝐞 Plays - [𝐂𝐡𝐢𝐥𝐞 🇨🇱] [𝐓𝐫𝐚𝐜𝐤-𝐀𝐫𝐭𝐢𝐬𝐭-𝐏𝐥𝐚𝐲𝐥𝐢𝐬𝐭-𝐀𝐥𝐛𝐮𝐦] [30 Days Refill] [Max 1M] [Speed 5K/Day] [INSTANT],331.911,1 000,50 000,30 Days Refill,22 minutes,,,1427.2173
8386,Spotify 𝐀𝐥𝐠𝐨𝐫𝐢𝐭𝐡𝐦𝐢𝐜 𝐒𝐨𝐮𝐫𝐜𝐞 Plays - [𝐑𝐨𝐦𝐚𝐧𝐢𝐚 🇷🇴] [𝐓𝐫𝐚𝐜𝐤-𝐀𝐫𝐭𝐢𝐬𝐭-𝐏𝐥𝐚𝐲𝐥𝐢𝐬𝐭-𝐀𝐥𝐛𝐮𝐦] [30 Days Refill] [Max 1M] [Speed 5K/Day] [INSTANT],331.911,1 000,50 000,30 Days Refill,16 minutes,,,1427.2173
8387,Spotify 𝐀𝐥𝐠𝐨𝐫𝐢𝐭𝐡𝐦𝐢𝐜 𝐒𝐨𝐮𝐫𝐜𝐞 Plays - [𝐈𝐜𝐞𝐥𝐚𝐧𝐝 🇮🇸] [𝐓𝐫𝐚𝐜𝐤-𝐀𝐫𝐭𝐢𝐬𝐭-𝐏𝐥𝐚𝐲𝐥𝐢𝐬𝐭-𝐀𝐥𝐛𝐮𝐦] [30 Days Refill] [Max 1M] [Speed 5K/Day] [INSTANT],331.911,1 000,50 000,30 Days Refill,16 minutes,,,1427.2173
8388,Spotify 𝐀𝐥𝐠𝐨𝐫𝐢𝐭𝐡𝐦𝐢𝐜 𝐒𝐨𝐮𝐫𝐜𝐞 Plays - [𝐂𝐨𝐥𝐨𝐦𝐛𝐢𝐚 🇨🇴] [𝐓𝐫𝐚𝐜𝐤-𝐀𝐫𝐭𝐢𝐬𝐭-𝐏𝐥𝐚𝐲𝐥𝐢𝐬𝐭-𝐀𝐥𝐛𝐮𝐦] [30 Days Refill] [Max 1M] [Speed 5K/Day] [INSTANT],331.911,1 000,50 000,30 Days Refill,16 minutes,,,1427.2173
8389,Spotify 𝐀𝐥𝐠𝐨𝐫𝐢𝐭𝐡𝐦𝐢𝐜 𝐒𝐨𝐮𝐫𝐜𝐞 Plays - [𝐄𝐜𝐮𝐚𝐝𝐨𝐫 🇪🇨] [𝐓𝐫𝐚𝐜𝐤-𝐀𝐫𝐭𝐢𝐬𝐭-𝐏𝐥𝐚𝐲𝐥𝐢𝐬𝐭-𝐀𝐥𝐛𝐮𝐦] [30 Days Refill] [Max 1M] [Speed 5K/Day] [INSTANT],331.911,1 000,50 000,30 Days Refill,17 minutes,,,1427.2173
8390,Spotify 𝐀𝐥𝐠𝐨𝐫𝐢𝐭𝐡𝐦𝐢𝐜 𝐒𝐨𝐮𝐫𝐜𝐞 Plays - [𝐕𝐞𝐧𝐞𝐳𝐮𝐞𝐥𝐚 🇻🇪] [𝐓𝐫𝐚𝐜𝐤-𝐀𝐫𝐭𝐢𝐬𝐭-𝐏𝐥𝐚𝐲𝐥𝐢𝐬𝐭-𝐀𝐥𝐛𝐮𝐦] [30 Days Refill] [Max 1M] [Speed 5K/Day] [INSTANT],331.911,1 000,50 000,30 Days Refill,55 minutes,,,1427.2173
8391,Spotify 𝐀𝐥𝐠𝐨𝐫𝐢𝐭𝐡𝐦𝐢𝐜 𝐒𝐨𝐮𝐫𝐜𝐞 Plays - [𝐃𝐞𝐧𝐦𝐚𝐫𝐤 🇩🇰] [𝐓𝐫𝐚𝐜𝐤-𝐀𝐫𝐭𝐢𝐬𝐭-𝐏𝐥𝐚𝐲𝐥𝐢𝐬𝐭-𝐀𝐥𝐛𝐮𝐦] [30 Days Refill] [Max 1M] [Speed 5K/Day] [INSTANT],331.911,1 000,50 000,30 Days Refill,11 minutes,,,1427.2173
8392,Spotify 𝐀𝐥𝐠𝐨𝐫𝐢𝐭𝐡𝐦𝐢𝐜 𝐒𝐨𝐮𝐫𝐜𝐞 Plays - [𝐀𝐮𝐬𝐭𝐫𝐚𝐥𝐢𝐚 🇦🇺] [𝐓𝐫𝐚𝐜𝐤-𝐀𝐫𝐭𝐢𝐬𝐭-𝐏𝐥𝐚𝐲𝐥𝐢𝐬𝐭-𝐀𝐥𝐛𝐮𝐦] [30 Days Refill] [Max 1M] [Speed 5K/Day] [INSTANT],331.911,1 000,50 000,30 Days Refill,23 minutes,,,1427.2173
8394,Spotify 𝐀𝐥𝐠𝐨𝐫𝐢𝐭𝐡𝐦𝐢𝐜 𝐒𝐨𝐮𝐫𝐜𝐞 Plays - [𝐒𝐰𝐞𝐝𝐞𝐧 🇸🇪] [𝐓𝐫𝐚𝐜𝐤-𝐀𝐫𝐭𝐢𝐬𝐭-𝐏𝐥𝐚𝐲𝐥𝐢𝐬𝐭-𝐀𝐥𝐛𝐮𝐦] [30 Days Refill] [Max 1M] [Speed 5K/Day] [INSTANT],331.911,1 000,50 000,30 Days Refill,23 minutes,,,1427.2173
8395,Spotify 𝐀𝐥𝐠𝐨𝐫𝐢𝐭𝐡𝐦𝐢𝐜 𝐒𝐨𝐮𝐫𝐜𝐞 Plays - [𝐍𝐞𝐰 𝐙𝐞𝐚𝐥𝐚𝐧𝐝 🇳🇿] [𝐓𝐫𝐚𝐜𝐤-𝐀𝐫𝐭𝐢𝐬𝐭-𝐏𝐥𝐚𝐲𝐥𝐢𝐬𝐭-𝐀𝐥𝐛𝐮𝐦] [30 Days Refill] [Max 1M] [Speed 5K/Day] [INSTANT],331.911,1 000,50 000,30 Days Refill,22 minutes,,,1427.2173
8396,Spotify 𝐀𝐥𝐠𝐨𝐫𝐢𝐭𝐡𝐦𝐢𝐜 𝐒𝐨𝐮𝐫𝐜𝐞 Plays - [𝐔𝐀𝐄 🇦🇪] [𝐓𝐫𝐚𝐜𝐤-𝐀𝐫𝐭𝐢𝐬𝐭-𝐏𝐥𝐚𝐲𝐥𝐢𝐬𝐭-𝐀𝐥𝐛𝐮𝐦] [30 Days Refill] [Max 1M] [Speed 5K/Day] [INSTANT],331.911,1 000,50 000,30 Days Refill,22 minutes,,,1427.2173
8397,Spotify 𝐀𝐥𝐠𝐨𝐫𝐢𝐭𝐡𝐦𝐢𝐜 𝐒𝐨𝐮𝐫𝐜𝐞 Plays - [𝐏𝐞𝐫𝐮 🇵🇪] [𝐓𝐫𝐚𝐜𝐤-𝐀𝐫𝐭𝐢𝐬𝐭-𝐏𝐥𝐚𝐲𝐥𝐢𝐬𝐭-𝐀𝐥𝐛𝐮𝐦] [30 Days Refill] [Max 1M] [Speed 5K/Day] [INSTANT],331.911,1 000,50 000,30 Days Refill,55 minutes,,,1427.2173
8399,Spotify 𝐀𝐥𝐠𝐨𝐫𝐢𝐭𝐡𝐦𝐢𝐜 𝐒𝐨𝐮𝐫𝐜𝐞 Plays - [𝐔𝐫𝐮𝐠𝐮𝐚𝐲 🇺🇾] [𝐓𝐫𝐚𝐜𝐤-𝐀𝐫𝐭𝐢𝐬𝐭-𝐏𝐥𝐚𝐲𝐥𝐢𝐬𝐭-𝐀𝐥𝐛𝐮𝐦] [30 Days Refill] [Max 1M] [Speed 5K/Day] [INSTANT],331.911,1 000,50 000,30 Days Refill,16 minutes,,,1427.2173
8400,Spotify 𝐀𝐥𝐠𝐨𝐫𝐢𝐭𝐡𝐦𝐢𝐜 𝐒𝐨𝐮𝐫𝐜𝐞 Plays - [𝐋𝐮𝐱𝐞𝐦𝐛𝐮𝐫𝐠 🇱🇺] [𝐓𝐫𝐚𝐜𝐤-𝐀𝐫𝐭𝐢𝐬𝐭-𝐏𝐥𝐚𝐲𝐥𝐢𝐬𝐭-𝐀𝐥𝐛𝐮𝐦] [30 Days Refill] [Max 1M] [Speed 5K/Day] [INSTANT],331.911,1 000,50 000,30 Days Refill,17 minutes,,,1427.2173
10733,🇺🇸 Spotify 𝐑𝐚𝐧𝐤𝐢𝐧𝐠 𝐏𝐥𝐚𝐲𝐬 - [𝐔𝐒𝐀 🇺🇸] [𝐀𝐥𝐛𝐮𝐦 - 𝐏𝐥𝐚𝐲𝐥𝐢𝐬𝐭 - 𝐏𝐢𝐜𝐤𝐞𝐫] [Max 500K] [Speed 30K/Day] [INSTANT],119.695,500,500 000,30 Days Refill,61 hours 8 minutes,,,514.6885
10735,🇮🇹 Spotify 𝐑𝐚𝐧𝐤𝐢𝐧𝐠 𝐏𝐥𝐚𝐲𝐬 - [𝐈𝐭𝐚𝐥𝐲 🇮🇹] [𝐀𝐥𝐛𝐮𝐦 - 𝐏𝐥𝐚𝐲𝐥𝐢𝐬𝐭 - 𝐏𝐢𝐜𝐤𝐞𝐫] [Max 500K] [Speed 30K/Day] [INSTANT],119.695,500,500 000,30 Days Refill,23 minutes,,,514.6885
10736,🇩🇰 Spotify 𝐑𝐚𝐧𝐤𝐢𝐧𝐠 𝐏𝐥𝐚𝐲𝐬 - [𝐃𝐞𝐧𝐦𝐚𝐫𝐤 🇩🇰] [𝐀𝐥𝐛𝐮𝐦 - 𝐏𝐥𝐚𝐲𝐥𝐢𝐬𝐭 - 𝐏𝐢𝐜𝐤𝐞𝐫] [Max 500K] [Speed 30K/Day] [INSTANT],119.695,500,500 000,30 Days Refill,55 minutes,,,514.6885
10737,🇻🇪 Spotify 𝐑𝐚𝐧𝐤𝐢𝐧𝐠 𝐏𝐥𝐚𝐲𝐬 - [𝐕𝐞𝐧𝐞𝐳𝐮𝐞𝐥𝐚 🇻🇪] [𝐀𝐥𝐛𝐮𝐦 - 𝐏𝐥𝐚𝐲𝐥𝐢𝐬𝐭 - 𝐏𝐢𝐜𝐤𝐞𝐫] [Max 500K] [Speed 30K/Day] [INSTANT],119.695,500,500 000,30 Days Refill,33 minutes,,,514.6885
10738,🇧🇪 Spotify 𝐑𝐚𝐧𝐤𝐢𝐧𝐠 𝐏𝐥𝐚𝐲𝐬 - [𝐁𝐞𝐥𝐠𝐢𝐮𝐦 🇧🇪] [𝐀𝐥𝐛𝐮𝐦 - 𝐏𝐥𝐚𝐲𝐥𝐢𝐬𝐭 - 𝐏𝐢𝐜𝐤𝐞𝐫] [Max 500K] [Speed 30K/Day] [INSTANT],119.695,500,500 000,30 Days Refill,22 minutes,,,514.6885
10739,🇪🇨 Spotify 𝐑𝐚𝐧𝐤𝐢𝐧𝐠 𝐏𝐥𝐚𝐲𝐬 - [𝐄𝐜𝐮𝐚𝐝𝐨𝐫 🇪🇨] [𝐀𝐥𝐛𝐮𝐦 - 𝐏𝐥𝐚𝐲𝐥𝐢𝐬𝐭 - 𝐏𝐢𝐜𝐤𝐞𝐫] [Max 500K] [Speed 30K/Day] [INSTANT],119.695,500,500 000,30 Days Refill,11 minutes,,,514.6885
10740,🇨🇴 Spotify 𝐑𝐚𝐧𝐤𝐢𝐧𝐠 𝐏𝐥𝐚𝐲𝐬 - [𝐂𝐨𝐥𝐨𝐦𝐛𝐢𝐚 🇨🇴] [𝐀𝐥𝐛𝐮𝐦 - 𝐏𝐥𝐚𝐲𝐥𝐢𝐬𝐭 - 𝐏𝐢𝐜𝐤𝐞𝐫] [Max 500K] [Speed 30K/Day] [INSTANT],119.695,500,500 000,30 Days Refill,17 minutes,,,514.6885
10741,🇿🇦 Spotify 𝐑𝐚𝐧𝐤𝐢𝐧𝐠 𝐏𝐥𝐚𝐲𝐬 - [𝐒𝐨𝐮𝐭𝐡-𝐀𝐟𝐫𝐢𝐜𝐚 🇿🇦] [𝐀𝐥𝐛𝐮𝐦 - 𝐏𝐥𝐚𝐲𝐥𝐢𝐬𝐭 - 𝐏𝐢𝐜𝐤𝐞𝐫] [Max 500K] [Speed 30K/Day] [INSTANT],119.695,500,500 000,30 Days Refill,17 minutes,,,514.6885
10742,🇺🇾 Spotify 𝐑𝐚𝐧𝐤𝐢𝐧𝐠 𝐏𝐥𝐚𝐲𝐬 - [𝐔𝐫𝐮𝐠𝐮𝐚𝐲 🇺🇾] [𝐀𝐥𝐛𝐮𝐦 - 𝐏𝐥𝐚𝐲𝐥𝐢𝐬𝐭 - 𝐏𝐢𝐜𝐤𝐞𝐫] [Max 500K] [Speed 30K/Day] [INSTANT],119.695,500,500 000,30 Days Refill,55 minutes,,,514.6885
10743,🇵🇪 Spotify 𝐑𝐚𝐧𝐤𝐢𝐧𝐠 𝐏𝐥𝐚𝐲𝐬 - [𝐏𝐞𝐫𝐮 🇵🇪] [𝐀𝐥𝐛𝐮𝐦 - 𝐏𝐥𝐚𝐲𝐥𝐢𝐬𝐭 - 𝐏𝐢𝐜𝐤𝐞𝐫] [Max 500K] [Speed 30K/Day] [INSTANT],119.695,500,500 000,30 Days Refill,11 minutes,,,514.6885
10744,🇦🇪 Spotify 𝐑𝐚𝐧𝐤𝐢𝐧𝐠 𝐏𝐥𝐚𝐲𝐬 - [𝐔𝐧𝐢𝐭𝐞𝐝 𝐀𝐫𝐚𝐛 𝐄𝐦𝐢𝐫𝐚𝐭𝐞𝐬 🇦🇪] [𝐀𝐥𝐛𝐮𝐦 - 𝐏𝐥𝐚𝐲𝐥𝐢𝐬𝐭 - 𝐏𝐢𝐜𝐤𝐞𝐫] [Max 500K] [Speed 30K/Day] [INSTANT],119.695,500,500 000,30 Days Refill,16 minutes,,,514.6885
10745,🇳🇿 Spotify 𝐑𝐚𝐧𝐤𝐢𝐧𝐠 𝐏𝐥𝐚𝐲𝐬 - [𝐍𝐞𝐰 𝐙𝐞𝐥𝐚𝐧𝐝 🇳🇿] [𝐀𝐥𝐛𝐮𝐦 - 𝐏𝐥𝐚𝐲𝐥𝐢𝐬𝐭 - 𝐏𝐢𝐜𝐤𝐞𝐫] [Max 500K] [Speed 30K/Day] [INSTANT],119.695,500,500 000,30 Days Refill,17 minutes,,,514.6885
10746,🇸🇪 Spotify 𝐑𝐚𝐧𝐤𝐢𝐧𝐠 𝐏𝐥𝐚𝐲𝐬 - [𝐒𝐰𝐞𝐝𝐞𝐧 🇸🇪] [𝐀𝐥𝐛𝐮𝐦 - 𝐏𝐥𝐚𝐲𝐥𝐢𝐬𝐭 - 𝐏𝐢𝐜𝐤𝐞𝐫] [Max 500K] [Speed 30K/Day] [INSTANT],119.695,500,500 000,30 Days Refill,55 minutes,,,514.6885
10748,🇦🇺 Spotify 𝐑𝐚𝐧𝐤𝐢𝐧𝐠 𝐏𝐥𝐚𝐲𝐬 - [𝐀𝐮𝐬𝐭𝐫𝐚𝐥𝐢𝐚 🇦🇺] [𝐀𝐥𝐛𝐮𝐦 - 𝐏𝐥𝐚𝐲𝐥𝐢𝐬𝐭 - 𝐏𝐢𝐜𝐤𝐞𝐫] [Max 500K] [Speed 30K/Day] [INSTANT],119.695,500,500 000,30 Days Refill,33 minutes,,,514.6885
10749,🇬🇧 Spotify 𝐑𝐚𝐧𝐤𝐢𝐧𝐠 𝐏𝐥𝐚𝐲𝐬 - [𝐔𝐧𝐢𝐭𝐞𝐝 𝐊𝐢𝐧𝐠𝐝𝐨𝐦 🇬🇧] [𝐀𝐥𝐛𝐮𝐦 - 𝐏𝐥𝐚𝐲𝐥𝐢𝐬𝐭 - 𝐏𝐢𝐜𝐤𝐞𝐫] [Max 500K] [Speed 30K/Day] [INSTANT],119.695,500,500 000,30 Days Refill,173 hours 32 minutes,,,514.6885
10750,🇱🇺 Spotify 𝐑𝐚𝐧𝐤𝐢𝐧𝐠 𝐏𝐥𝐚𝐲𝐬 - [𝐋𝐮𝐱𝐞𝐦𝐛𝐨𝐮𝐫𝐠 🇱🇺] [𝐀𝐥𝐛𝐮𝐦 - 𝐏𝐥𝐚𝐲𝐥𝐢𝐬𝐭 - 𝐏𝐢𝐜𝐤𝐞𝐫] [Max 500K] [Speed 30K/Day] [INSTANT],119.695,500,500 000,30 Days Refill,17 minutes,,,514.6885
10751,🇫🇷 Spotify 𝐑𝐚𝐧𝐤𝐢𝐧𝐠 𝐏𝐥𝐚𝐲𝐬 - [𝐅𝐫𝐚𝐧𝐜𝐞 🇫🇷] [𝐀𝐥𝐛𝐮𝐦 - 𝐏𝐥𝐚𝐲𝐥𝐢𝐬𝐭 - 𝐏𝐢𝐜𝐤𝐞𝐫] [Max 500K] [Speed 30K/Day] [INSTANT],119.695,500,500 000,30 Days Refill,22 minutes,,,514.6885
10752,🇮🇸 Spotify 𝐑𝐚𝐧𝐤𝐢𝐧𝐠 𝐏𝐥𝐚𝐲𝐬 - [𝐈𝐜𝐞𝐥𝐚𝐧𝐝 🇮🇸] [𝐀𝐥𝐛𝐮𝐦 - 𝐏𝐥𝐚𝐲𝐥𝐢𝐬𝐭 - 𝐏𝐢𝐜𝐤𝐞𝐫] [Max 500K] [Speed 30K/Day] [INSTANT],119.695,500,500 000,30 Days Refill,23 minutes,,,514.6885
10753,🇷🇴 Spotify 𝐑𝐚𝐧𝐤𝐢𝐧𝐠 𝐏𝐥𝐚𝐲𝐬 - [𝐑𝐨𝐦𝐚𝐧𝐢𝐚 🇷🇴] [𝐀𝐥𝐛𝐮𝐦 - 𝐏𝐥𝐚𝐲𝐥𝐢𝐬𝐭 - 𝐏𝐢𝐜𝐤𝐞𝐫] [Max 500K] [Speed 30K/Day] [INSTANT],119.695,500,500 000,30 Days Refill,23 minutes,,,514.6885
10755,🇨🇱 Spotify 𝐑𝐚𝐧𝐤𝐢𝐧𝐠 𝐏𝐥𝐚𝐲𝐬 - [𝐂𝐡𝐢𝐥𝐞 🇨🇱] [𝐀𝐥𝐛𝐮𝐦 - 𝐏𝐥𝐚𝐲𝐥𝐢𝐬𝐭 - 𝐏𝐢𝐜𝐤𝐞𝐫] [Max 500K] [Speed 30K/Day] [INSTANT],119.695,500,500 000,30 Days Refill,23 minutes,,,514.6885
10756,🇨🇭Spotify 𝐑𝐚𝐧𝐤𝐢𝐧𝐠 𝐏𝐥𝐚𝐲𝐬 - [𝐒𝐰𝐢𝐭𝐳𝐞𝐫𝐥𝐚𝐧𝐝🇨🇭] [𝐀𝐥𝐛𝐮𝐦 - 𝐏𝐥𝐚𝐲𝐥𝐢𝐬𝐭 - 𝐏𝐢𝐜𝐤𝐞𝐫] [Max 500K] [Speed 30K/Day] [INSTANT],119.695,500,500 000,30 Days Refill,11 minutes,,,514.6885
10757,🇮🇳 Spotify 𝐑𝐚𝐧𝐤𝐢𝐧𝐠 𝐏𝐥𝐚𝐲𝐬 - [𝐈𝐧𝐝𝐢𝐚 🇮🇳] [𝐀𝐥𝐛𝐮𝐦 - 𝐏𝐥𝐚𝐲𝐥𝐢𝐬𝐭 - 𝐏𝐢𝐜𝐤𝐞𝐫] [Max 500K] [Speed 30K/Day] [INSTANT],119.695,500,500 000,30 Days Refill,22 minutes,,,514.6885
10758,🇨🇦 Spotify 𝐑𝐚𝐧𝐤𝐢𝐧𝐠 𝐏𝐥𝐚𝐲𝐬 - [𝐂𝐚𝐧𝐚𝐝𝐚 🇨🇦] [𝐀𝐥𝐛𝐮𝐦 - 𝐏𝐥𝐚𝐲𝐥𝐢𝐬𝐭 - 𝐏𝐢𝐜𝐤𝐞𝐫] [Max 500K] [Speed 30K/Day] [INSTANT],119.695,500,500 000,30 Days Refill,33 minutes,,,514.6885
10759,🇵🇾 Spotify 𝐑𝐚𝐧𝐤𝐢𝐧𝐠 𝐏𝐥𝐚𝐲𝐬 - [𝐏𝐚𝐫𝐚𝐠𝐮𝐚𝐲 🇵🇾] [𝐀𝐥𝐛𝐮𝐦 - 𝐏𝐥𝐚𝐲𝐥𝐢𝐬𝐭 - 𝐏𝐢𝐜𝐤𝐞𝐫] [Max 500K] [Speed 30K/Day] [INSTANT],119.695,500,500 000,30 Days Refill,16 minutes,,,514.6885
10760,🇻🇳 Spotify 𝐑𝐚𝐧𝐤𝐢𝐧𝐠 𝐏𝐥𝐚𝐲𝐬 - [𝐕𝐢𝐞𝐭𝐧𝐚𝐦 🇻🇳] [𝐀𝐥𝐛𝐮𝐦 - 𝐏𝐥𝐚𝐲𝐥𝐢𝐬𝐭 - 𝐏𝐢𝐜𝐤𝐞𝐫] [Max 500K] [Speed 30K/Day] [INSTANT],119.695,500,500 000,30 Days Refill,22 minutes,,,514.6885
10761,🇹🇳 Spotify 𝐑𝐚𝐧𝐤𝐢𝐧𝐠 𝐏𝐥𝐚𝐲𝐬 - [𝐓𝐮𝐧𝐢𝐬𝐢𝐚 🇹🇳] [𝐀𝐥𝐛𝐮𝐦 - 𝐏𝐥𝐚𝐲𝐥𝐢𝐬𝐭 - 𝐏𝐢𝐜𝐤𝐞𝐫] [Max 500K] [Speed 30K/Day] [INSTANT],119.695,500,500 000,30 Days Refill,33 minutes,,,514.6885
10762,🇩🇪 Spotify 𝐑𝐚𝐧𝐤𝐢𝐧𝐠 𝐏𝐥𝐚𝐲𝐬 - [𝐃𝐞𝐮𝐭𝐬𝐜𝐡𝐥𝐚𝐧𝐝 🇩🇪] [𝐀𝐥𝐛𝐮𝐦 - 𝐏𝐥𝐚𝐲𝐥𝐢𝐬𝐭 - 𝐏𝐢𝐜𝐤𝐞𝐫] [Max 500K] [Speed 30K/Day] [INSTANT],119.695,500,500 000,30 Days Refill,17 minutes,,,514.6885
10763,🇲🇦 Spotify 𝐑𝐚𝐧𝐤𝐢𝐧𝐠 𝐏𝐥𝐚𝐲𝐬 - [𝐌𝐨𝐫𝐨𝐜𝐜𝐨 🇲🇦] [𝐀𝐥𝐛𝐮𝐦 - 𝐏𝐥𝐚𝐲𝐥𝐢𝐬𝐭 - 𝐏𝐢𝐜𝐤𝐞𝐫] [Max 500K] [Speed 30K/Day] [INSTANT],119.695,500,500 000,30 Days Refill,17 minutes,,,514.6885
10764,🇵🇹 Spotify 𝐑𝐚𝐧𝐤𝐢𝐧𝐠 𝐏𝐥𝐚𝐲𝐬 - [𝐏𝐨𝐫𝐭𝐮𝐠𝐚𝐥 🇵🇹] [𝐀𝐥𝐛𝐮𝐦 - 𝐏𝐥𝐚𝐲𝐥𝐢𝐬𝐭 - 𝐏𝐢𝐜𝐤𝐞𝐫] [Max 500K] [Speed 30K/Day] [INSTANT],119.695,500,500 000,30 Days Refill,17 minutes,,,514.6885
10765,🇬🇷 Spotify 𝐑𝐚𝐧𝐤𝐢𝐧𝐠 𝐏𝐥𝐚𝐲𝐬 - [𝐆𝐫𝐞𝐞𝐜𝐞 🇬🇷] [𝐀𝐥𝐛𝐮𝐦 - 𝐏𝐥𝐚𝐲𝐥𝐢𝐬𝐭 - 𝐏𝐢𝐜𝐤𝐞𝐫] [Max 500K] [Speed 30K/Day] [INSTANT],119.695,500,500 000,30 Days Refill,33 minutes,,,514.6885
10766,🇳🇴 Spotify 𝐑𝐚𝐧𝐤𝐢𝐧𝐠 𝐏𝐥𝐚𝐲𝐬 - [𝐍𝐨𝐫𝐰𝐚𝐲 🇳🇴] [𝐀𝐥𝐛𝐮𝐦 - 𝐏𝐥𝐚𝐲𝐥𝐢𝐬𝐭 - 𝐏𝐢𝐜𝐤𝐞𝐫] [Max 500K] [Speed 30K/Day] [INSTANT],119.695,500,500 000,30 Days Refill,23 minutes,,,514.6885
10767,🇦🇹Spotify 𝐑𝐚𝐧𝐤𝐢𝐧𝐠 𝐏𝐥𝐚𝐲𝐬 - [𝐀𝐮𝐬𝐭𝐫𝐢𝐚 🇦🇹] [𝐀𝐥𝐛𝐮𝐦 - 𝐏𝐥𝐚𝐲𝐥𝐢𝐬𝐭 - 𝐏𝐢𝐜𝐤𝐞𝐫] [Max 500K] [Speed 30K/Day] [INSTANT],119.695,500,500 000,30 Days Refill,23 minutes,,,514.6885
10768,🇨🇷 Spotify 𝐑𝐚𝐧𝐤𝐢𝐧𝐠 𝐏𝐥𝐚𝐲𝐬 - [𝐂𝐨𝐬𝐭𝐚 𝐑𝐢𝐜𝐚 🇨🇷] [𝐀𝐥𝐛𝐮𝐦 - 𝐏𝐥𝐚𝐲𝐥𝐢𝐬𝐭 - 𝐏𝐢𝐜𝐤𝐞𝐫] [Max 500K] [Speed 30K/Day] [INSTANT],119.695,500,500 000,30 Days Refill,16 minutes,,,514.6885
10769,🇳🇱 Spotify 𝐑𝐚𝐧𝐤𝐢𝐧𝐠 𝐏𝐥𝐚𝐲𝐬 - [𝐍𝐞𝐭𝐡𝐞𝐫𝐥𝐚𝐧𝐝𝐬 🇳🇱] [𝐀𝐥𝐛𝐮𝐦 - 𝐏𝐥𝐚𝐲𝐥𝐢𝐬𝐭 - 𝐏𝐢𝐜𝐤𝐞𝐫] [Max 500K] [Speed 30K/Day] [INSTANT],119.695,500,500 000,30 Days Refill,33 minutes,,,514.6885
10770,🇹🇷 Spotify 𝐑𝐚𝐧𝐤𝐢𝐧𝐠 𝐏𝐥𝐚𝐲𝐬 - [𝐓𝐮𝐫𝐤𝐞𝐲 🇹🇷] [𝐀𝐥𝐛𝐮𝐦 - 𝐏𝐥𝐚𝐲𝐥𝐢𝐬𝐭 - 𝐏𝐢𝐜𝐤𝐞𝐫] [Max 500K] [Speed 30K/Day] [INSTANT],119.695,500,500 000,30 Days Refill,11 minutes,,,514.6885
10771,🇲🇽 Spotify 𝐑𝐚𝐧𝐤𝐢𝐧𝐠 𝐏𝐥𝐚𝐲𝐬 - [𝐌𝐞𝐱𝐢𝐜𝐨 🇲🇽] [𝐀𝐥𝐛𝐮𝐦 - 𝐏𝐥𝐚𝐲𝐥𝐢𝐬𝐭 - 𝐏𝐢𝐜𝐤𝐞𝐫] [Max 500K] [Speed 30K/Day] [INSTANT],119.695,500,500 000,30 Days Refill,11 minutes,,,514.6885
10772,🇩🇿 Spotify 𝐑𝐚𝐧𝐤𝐢𝐧𝐠 𝐏𝐥𝐚𝐲𝐬 - [𝐀𝐥𝐠𝐞𝐫𝐢𝐚 🇩🇿] [𝐀𝐥𝐛𝐮𝐦 - 𝐏𝐥𝐚𝐲𝐥𝐢𝐬𝐭 - 𝐏𝐢𝐜𝐤𝐞𝐫] [Max 500K] [Speed 30K/Day] [INSTANT],119.695,500,500 000,30 Days Refill,16 minutes,,,514.6885
10773,🇯🇵 Spotify 𝐑𝐚𝐧𝐤𝐢𝐧𝐠 𝐏𝐥𝐚𝐲𝐬 - [𝐉𝐚𝐩𝐚𝐧 🇯🇵] [𝐀𝐥𝐛𝐮𝐦 - 𝐏𝐥𝐚𝐲𝐥𝐢𝐬𝐭 - 𝐏𝐢𝐜𝐤𝐞𝐫] [Max 500K] [Speed 30K/Day] [INSTANT],119.695,500,500 000,30 Days Refill,11 minutes,,,514.6885
10774,🇪🇸 Spotify 𝐑𝐚𝐧𝐤𝐢𝐧𝐠 𝐏𝐥𝐚𝐲𝐬 - [𝐒𝐩𝐚𝐢𝐧 🇪🇸] [𝐀𝐥𝐛𝐮𝐦 - 𝐏𝐥𝐚𝐲𝐥𝐢𝐬𝐭 - 𝐏𝐢𝐜𝐤𝐞𝐫] [Max 500K] [Speed 30K/Day] [INSTANT],119.695,500,500 000,30 Days Refill,23 minutes,,,514.6885
10775,🇪🇬 Spotify 𝐑𝐚𝐧𝐤𝐢𝐧𝐠 𝐏𝐥𝐚𝐲𝐬 - [𝐄𝐠𝐲𝐩𝐭 🇪🇬] [𝐀𝐥𝐛𝐮𝐦 - 𝐏𝐥𝐚𝐲𝐥𝐢𝐬𝐭 - 𝐏𝐢𝐜𝐤𝐞𝐫] [Max 500K] [Speed 30K/Day] [INSTANT],119.695,500,500 000,30 Days Refill,33 minutes,,,514.6885
10776,🇮🇪 Spotify 𝐑𝐚𝐧𝐤𝐢𝐧𝐠 𝐏𝐥𝐚𝐲𝐬 - [𝐈𝐫𝐞𝐥𝐚𝐧𝐝 🇮🇪] [𝐀𝐥𝐛𝐮𝐦 - 𝐏𝐥𝐚𝐲𝐥𝐢𝐬𝐭 - 𝐏𝐢𝐜𝐤𝐞𝐫] [Max 500K] [Speed 30K/Day] [INSTANT],119.695,500,500 000,30 Days Refill,11 minutes,,,514.6885
10777,🇦🇱 Spotify 𝐑𝐚𝐧𝐤𝐢𝐧𝐠 𝐏𝐥𝐚𝐲𝐬 - [𝐀𝐥𝐛𝐚𝐧𝐢𝐚 🇦🇱] [𝐀𝐥𝐛𝐮𝐦 - 𝐏𝐥𝐚𝐲𝐥𝐢𝐬𝐭 - 𝐏𝐢𝐜𝐤𝐞𝐫] [Max 500K] [Speed 30K/Day] [INSTANT],119.695,500,500 000,30 Days Refill,22 minutes,,,514.6885
10778,🇦🇷 Spotify 𝐑𝐚𝐧𝐤𝐢𝐧𝐠 𝐏𝐥𝐚𝐲𝐬 - [𝐀𝐫𝐠𝐞𝐧𝐭𝐢𝐧𝐚 🇦🇷] [𝐀𝐥𝐛𝐮𝐦 - 𝐏𝐥𝐚𝐲𝐥𝐢𝐬𝐭 - 𝐏𝐢𝐜𝐤𝐞𝐫] [Max 500K] [Speed 30K/Day] [INSTANT],119.695,500,500 000,30 Days Refill,16 minutes,,,514.6885
10779,🇧🇷 Spotify 𝐑𝐚𝐧𝐤𝐢𝐧𝐠 𝐏𝐥𝐚𝐲𝐬 - [𝐁𝐫𝐚𝐳𝐢𝐥 🇧🇷] [𝐀𝐥𝐛𝐮𝐦 - 𝐏𝐥𝐚𝐲𝐥𝐢𝐬𝐭 - 𝐏𝐢𝐜𝐤𝐞𝐫] [Max 500K] [Speed 30K/Day] [INSTANT],119.695,500,500 000,30 Days Refill,16 minutes,,,514.6885
10551,🇧🇪 💎⚡️📀 Spotify Plays - [𝐑𝐀𝐃𝐈𝐎-𝐒𝐎𝐔𝐑𝐂𝐄] [𝐁𝐞𝐥𝐠𝐢𝐮𝐦 🇧🇪] [30 Days Refill] [Max 500K] [Speed 5K/Day] [Always Instant],172.749,1 000,500 000,No Refill,11 minutes,,,742.8207
12656,Spotify Plays - [𝐑𝐀𝐃𝐈𝐎-𝐒𝐎𝐔𝐑𝐂𝐄] [𝐓𝐨𝐩-𝐆𝐄𝐎 𝐂𝐨𝐮𝐧𝐭𝐫𝐢𝐞𝐬-𝐔𝐒𝐀 𝐔𝐊 𝐂𝐀𝐍𝐀𝐃𝐀 𝐄𝐔𝐑𝐎𝐏𝐄] [Lifetime Warranty] [Max 500K] [Speed 5-10K/Day] [Always Instant],166.5378,500,500 000,No Refill,25 hours 55 minutes,,,716.11254
10552,🇧🇪 💎⚡️📀 Spotify Plays - [𝐑𝐀𝐃𝐈𝐎-𝐒𝐎𝐔𝐑𝐂𝐄] [𝐄𝐜𝐮𝐚𝐝𝐨𝐫 🇪🇨] [30 Days Refill][Max 500K] [Speed 5K/Day] [Always Instant],172.749,1 000,500 000,No Refill,23 minutes,,,742.8207
10553,🇨🇴 💎⚡️📀 Spotify Plays - [𝐑𝐀𝐃𝐈𝐎-𝐒𝐎𝐔𝐑𝐂𝐄] [𝐂𝐨𝐥𝐨𝐦𝐛𝐢𝐚 🇨🇴] [30 Days Refill] [Max 500K] [Speed 5K/Day] [Always Instant],172.749,1 000,500 000,No Refill,22 minutes,,,742.8207
10554,🇫🇷 💎⚡️📀 Spotify Plays - [𝐑𝐀𝐃𝐈𝐎-𝐒𝐎𝐔𝐑𝐂𝐄] [𝐅𝐫𝐚𝐧𝐜𝐞 🇫🇷] [30 Days Refill] [Max 500K] [Speed 5K/Day] [Always Instant],172.749,1 000,500 000,No Refill,11 minutes,,,742.8207
10555,🇮🇸 💎⚡️📀 Spotify Plays - [𝐑𝐀𝐃𝐈𝐎-𝐒𝐎𝐔𝐑𝐂𝐄] [𝐈𝐜𝐞𝐥𝐚𝐧𝐝 🇮🇸] [30 Days Refill] [Max 500K] [Speed 5K/Day] [Always Instant],172.749,1 000,500 000,No Refill,17 minutes,,,742.8207
10556,🇷🇴 💎⚡️📀 Spotify Plays - [𝐑𝐀𝐃𝐈𝐎-𝐒𝐎𝐔𝐑𝐂𝐄] [𝐑𝐨𝐦𝐚𝐧𝐢𝐚 🇷🇴] [30 Days Refill] [Max 500K] [Speed 5K/Day] [Always Instant],172.749,1 000,500 000,No Refill,17 minutes,,,742.8207
10558,🇨🇱 💎⚡️📀 Spotify Plays - [𝐑𝐀𝐃𝐈𝐎-𝐒𝐎𝐔𝐑𝐂𝐄] [𝐂𝐡𝐢𝐥𝐞 🇨🇱] [30 Days Refill] [Max 500K] [Speed 5K/Day] [Always Instant],172.749,1 000,500 000,No Refill,16 minutes,,,742.8207
10559,🇨🇭 💎⚡️📀 Spotify Plays - [𝐑𝐀𝐃𝐈𝐎-𝐒𝐎𝐔𝐑𝐂𝐄] [𝐒𝐰𝐢𝐭𝐳𝐞𝐫𝐥𝐚𝐧𝐝 🇨🇭] [30 Days Refill] [Max 500K] [Speed 5K/Day] [Always Instant],172.749,1 000,500 000,No Refill,17 minutes,,,742.8207
10560,🇮🇳 💎⚡️📀 Spotify Plays - [𝐑𝐀𝐃𝐈𝐎-𝐒𝐎𝐔𝐑𝐂𝐄] [𝐈𝐧𝐝𝐢𝐚 🇮🇳] [30 Days Refill] [Max 500K] [Speed 5K/Day] [Always Instant],172.749,1 000,500 000,No Refill,33 minutes,,,742.8207
10561,🇨🇦💎⚡️📀 Spotify [𝐑𝐀𝐃𝐈𝐎-𝐒𝐎𝐔𝐑𝐂𝐄] [𝐂𝐚𝐧𝐚𝐝𝐚 🇨🇦] Plays [30 Days Refill] [Max 500K] [Speed 5K/Day] [Always Instant],172.749,1 000,500 000,No Refill,55 minutes,,,742.8207
10562,🇵🇾💎⚡️📀 Spotify [𝐑𝐀𝐃𝐈𝐎-𝐒𝐎𝐔𝐑𝐂𝐄] [𝐏𝐚𝐫𝐚𝐠𝐮𝐚𝐲 🇵🇾] Plays [30 Days Refill] [Max 500K] [Speed 5K/Day] [Always Instant],172.749,1 000,500 000,No Refill,33 minutes,,,742.8207
10564,🇻🇳💎⚡️📀 Spotify [𝐑𝐀𝐃𝐈𝐎-𝐒𝐎𝐔𝐑𝐂𝐄] [𝐕𝐢𝐞𝐭𝐧𝐚𝐦 🇻🇳] Plays [30 Days Refill] [Max 500K] [Speed 5K/Day] [Always Instant],172.749,1 000,500 000,No Refill,11 minutes,,,742.8207
10565,🇹🇳💎⚡️📀 Spotify [𝐑𝐀𝐃𝐈𝐎-𝐒𝐎𝐔𝐑𝐂𝐄] [𝐓𝐮𝐧𝐢𝐬𝐢𝐚 🇹🇳] Plays [30 Days Refill] [Max 500K] [Speed 5K/Day] [Always Instant],172.749,1 000,500 000,No Refill,22 minutes,,,742.8207
10566,🇩🇪💎⚡️📀 Spotify [𝐑𝐀𝐃𝐈𝐎-𝐒𝐎𝐔𝐑𝐂𝐄] [𝐆𝐞𝐫𝐦𝐚𝐧𝐲 🇩🇪] Plays [30 Days Refill] [Max 500K] [Speed 5K/Day] [Always Instant],172.749,1 000,500 000,No Refill,17 minutes,,,742.8207
10567,🇲🇦💎⚡️📀 Spotify [𝐑𝐀𝐃𝐈𝐎-𝐒𝐎𝐔𝐑𝐂𝐄] [𝐌𝐨𝐫𝐨𝐜𝐜𝐨 🇲🇦] Plays [30 Days Refill] [Max 500K] [Speed 5K/Day] [Always Instant],172.749,1 000,500 000,No Refill,23 minutes,,,742.8207
10568,🇵🇹💎⚡️📀 Spotify [𝐑𝐀𝐃𝐈𝐎-𝐒𝐎𝐔𝐑𝐂𝐄] [𝐏𝐨𝐫𝐭𝐮𝐠𝐚𝐥 🇵🇹] Plays [30 Days Refill] [Max 500K] [Speed 5K/Day] [Always Instant],172.749,1 000,500 000,No Refill,55 minutes,,,742.8207
10569,🇬🇷💎⚡️📀 Spotify [𝐑𝐀𝐃𝐈𝐎-𝐒𝐎𝐔𝐑𝐂𝐄] [𝐆𝐫𝐞𝐞𝐜𝐞 🇬🇷] Plays [30 Days Refill] [Max 500K] [Speed 5K/Day] [Always Instant],172.749,1 000,500 000,No Refill,16 minutes,,,742.8207
10570,🇳🇴💎⚡️📀 Spotify [𝐑𝐀𝐃𝐈𝐎-𝐒𝐎𝐔𝐑𝐂𝐄] [𝐍𝐨𝐫𝐰𝐚𝐲 🇳🇴] Plays [30 Days Refill] [Max 500K] [Speed 5K/Day] [Always Instant],172.749,1 000,500 000,No Refill,55 minutes,,,742.8207
10571,🇦🇹💎⚡️📀 Spotify [𝐑𝐀𝐃𝐈𝐎-𝐒𝐎𝐔𝐑𝐂𝐄] [𝐀𝐮𝐬𝐭𝐫𝐢𝐚 🇦🇹] Plays [30 Days Refill] [Max 500K] [Speed 5K/Day] [Always Instant],172.749,1 000,500 000,No Refill,11 minutes,,,742.8207
10572,🇨🇷💎⚡️📀 Spotify [𝐑𝐀𝐃𝐈𝐎-𝐒𝐎𝐔𝐑𝐂𝐄] [𝐂𝐨𝐬𝐭𝐚 𝐑𝐢𝐜𝐚 🇨🇷] Plays [30 Days Refill] [Max 500K] [Speed 5K/Day] [Always Instant],172.749,1 000,500 000,No Refill,33 minutes,,,742.8207
10573,🇳🇱💎⚡️📀 Spotify [𝐑𝐀𝐃𝐈𝐎-𝐒𝐎𝐔𝐑𝐂𝐄] [𝐍𝐞𝐭𝐡𝐞𝐫𝐥𝐚𝐧𝐝𝐬 🇳🇱] Plays [30 Days Refill] [Max 500K] [Speed 5K/Day] [Always Instant],172.749,1 000,500 000,No Refill,11 minutes,,,742.8207
10576,🇹🇷💎⚡️📀 Spotify [𝐑𝐀𝐃𝐈𝐎-𝐒𝐎𝐔𝐑𝐂𝐄] [𝐓𝐮𝐫𝐤𝐞𝐲 🇹🇷] Plays [30 Days Refill] [Max 500K] [Speed 5K/Day] [Always Instant],172.749,1 000,500 000,No Refill,17 minutes,,,742.8207
10577,🇲🇽💎⚡️📀 Spotify [𝐑𝐀𝐃𝐈𝐎-𝐒𝐎𝐔𝐑𝐂𝐄] [𝐌𝐞𝐱𝐢𝐜𝐨 🇲🇽] Plays [30 Days Refill] [Max 500K] [Speed 5K/Day] [Always Instant],172.749,1 000,500 000,No Refill,55 minutes,,,742.8207
10578,🇩🇿💎⚡️📀 Spotify [𝐑𝐀𝐃𝐈𝐎-𝐒𝐎𝐔𝐑𝐂𝐄] [𝐀𝐥𝐠𝐞𝐫𝐢𝐚 🇩🇿] Plays [30 Days Refill] [Max 500K] [Speed 5K/Day] [Always Instant],172.749,1 000,500 000,No Refill,22 minutes,,,742.8207
10579,🇯🇵💎⚡️📀 Spotify [𝐑𝐀𝐃𝐈𝐎-𝐒𝐎𝐔𝐑𝐂𝐄] [𝐉𝐚𝐩𝐚𝐧 🇯🇵] Plays [30 Days Refill] [Max 500K] [Speed 5K/Day] [Always Instant],172.749,1 000,500 000,No Refill,11 minutes,,,742.8207
10580,🇪🇸💎⚡️📀 Spotify [𝐑𝐀𝐃𝐈𝐎-𝐒𝐎𝐔𝐑𝐂𝐄] [𝐒𝐩𝐚𝐢𝐧 🇪🇸] Plays [30 Days Refill] [Max 500K] [Speed 5K/Day] [Always Instant],172.749,1 000,500 000,No Refill,5 hours 40 minutes,,,742.8207
10581,🇪🇬💎⚡️📀 Spotify [𝐑𝐀𝐃𝐈𝐎-𝐒𝐎𝐔𝐑𝐂𝐄] [𝐄𝐠𝐲𝐩𝐭 🇪🇬] Plays [30 Days Refill] [Max 500K] [Speed 5K/Day] [Always Instant],172.749,1 000,500 000,No Refill,16 minutes,,,742.8207
10582,🇮🇪💎⚡️📀 Spotify [𝐑𝐀𝐃𝐈𝐎-𝐒𝐎𝐔𝐑𝐂𝐄] [𝐈𝐫𝐞𝐥𝐚𝐧𝐝 🇮🇪] Plays [30 Days Refill] [Max 500K] [Speed 5K/Day] [Always Instant],172.749,1 000,500 000,No Refill,16 minutes,,,742.8207
10583,🇦🇱💎⚡️📀 Spotify [𝐑𝐀𝐃𝐈𝐎-𝐒𝐎𝐔𝐑𝐂𝐄] [𝐀𝐥𝐛𝐚𝐧𝐢𝐚 🇦🇱] Plays [30 Days Refill] [Max 500K] [Speed 5K/Day] [Always Instant],172.749,1 000,500 000,No Refill,11 minutes,,,742.8207
10584,🇦🇷💎⚡️📀 Spotify [𝐑𝐀𝐃𝐈𝐎-𝐒𝐎𝐔𝐑𝐂𝐄] [𝐀𝐫𝐠𝐞𝐧𝐭𝐢𝐧𝐚 🇦🇷] Plays [30 Days Refill] [Max 500K] [Speed 5K/Day] [Always Instant],172.749,1 000,500 000,No Refill,11 minutes,,,742.8207
10585,🇧🇷💎⚡️📀 Spotify [𝐑𝐀𝐃𝐈𝐎-𝐒𝐎𝐔𝐑𝐂𝐄] [𝐁𝐫𝐚𝐳𝐢𝐥 🇧🇷] Plays [30 Days Refill] [Max 500K] [Speed 5K/Day] [Always Instant],172.749,1 000,500 000,No Refill,22 minutes,,,742.8207
10586,🇬🇧💎⚡️📀 Spotify [𝐑𝐀𝐃𝐈𝐎-𝐒𝐎𝐔𝐑𝐂𝐄] [𝐔𝐊 🇬🇧] Plays [30 Days Refill] [Max 500K] [Speed 5K/Day] [Always Instant],172.749,1 000,500 000,Lifetime Refill,17 minutes,,,742.8207
10587,🇿🇦💎⚡️📀 Spotify [𝐑𝐀𝐃𝐈𝐎-𝐒𝐎𝐔𝐑𝐂𝐄] [𝐒𝐨𝐮𝐭𝐡 𝐀𝐟𝐫𝐢𝐜𝐚 🇿🇦] Plays [30 Days Refill] [Max 500K] [Speed 5K/Day] [Always Instant],172.749,1 000,500 000,No Refill,55 minutes,,,742.8207
10588,🇳🇿💎⚡️📀 Spotify [𝐑𝐀𝐃𝐈𝐎-𝐒𝐎𝐔𝐑𝐂𝐄] Plays [𝐍𝐞𝐰 𝐙𝐞𝐚𝐥𝐚𝐧𝐝 🇳🇿] [30 Days Refill] [Max 500K] [Speed 5K/Day] [Always Instant],172.749,1 000,500 000,No Refill,22 minutes,,,742.8207
10589,🇸🇪💎⚡️📀 Spotify [𝐑𝐀𝐃𝐈𝐎-𝐒𝐎𝐔𝐑𝐂𝐄] Plays [𝐒𝐰𝐞𝐝𝐞𝐧 🇸🇪] [30 Days Refill] [Max 500K] [Speed 5K/Day] [Always Instant],172.749,1 000,500 000,No Refill,55 minutes,,,742.8207
10591,🇦🇺💎⚡️📀 Spotify [𝐑𝐀𝐃𝐈𝐎-𝐒𝐎𝐔𝐑𝐂𝐄] [𝐀𝐮𝐬𝐭𝐫𝐚𝐥𝐢𝐚 🇦🇺] Plays [30 Days Refill] [Max 500K] [Speed 5K/Day] [Always Instant],172.749,1 000,500 000,No Refill,33 minutes,,,742.8207
10592,🇮🇹💎⚡️📀 Spotify [𝐑𝐀𝐃𝐈𝐎-𝐒𝐎𝐔𝐑𝐂𝐄] Plays [𝐈𝐭𝐚𝐥𝐲 🇮🇹] [30 Days Refill] [Max 500K] [Speed 5K/Day] [Always Instant],172.749,1 000,500 000,No Refill,11 minutes,,,742.8207
10593,🇩🇰💎⚡️📀 Spotify [𝐑𝐀𝐃𝐈𝐎-𝐒𝐎𝐔𝐑𝐂𝐄] Plays [𝐃𝐞𝐧𝐦𝐚𝐫𝐤 🇩🇰] [30 Days Refill] [Max 500K] [Speed 5K/Day] [Always Instant],172.749,1 000,500 000,No Refill,11 minutes,,,742.8207
10594,🇻🇪💎⚡️📀 Spotify [𝐑𝐀𝐃𝐈𝐎-𝐒𝐎𝐔𝐑𝐂𝐄] Plays [𝐕𝐞𝐧𝐞𝐳𝐮𝐞𝐥𝐚 🇻🇪] [30 Days Refill] [Max 500K] [Speed 5K/Day] [Always Instant],172.749,1 000,500 000,No Refill,17 minutes,,,742.8207
10595,🇱🇺💎⚡️📀 Spotify [𝐑𝐀𝐃𝐈𝐎-𝐒𝐎𝐔𝐑𝐂𝐄] Plays [𝐋𝐮𝐱𝐞𝐦𝐛𝐨𝐮𝐫𝐠 🇱🇺] [30 Days Refill]] [Max 500K] [Speed 5K/Day] [Always Instant],172.749,1 000,500 000,No Refill,33 minutes,,,742.8207
10596,🇺🇾💎⚡️📀 Spotify [𝐑𝐀𝐃𝐈𝐎-𝐒𝐎𝐔𝐑𝐂𝐄] Plays [𝐔𝐫𝐮𝐠𝐮𝐚𝐲 🇺🇾] [30 Days Refill] [Max 500K] [Speed 5K/Day] [Always Instant],172.749,1 000,500 000,No Refill,22 minutes,,,742.8207
10598,🇵🇪💎⚡️📀 Spotify [𝐑𝐀𝐃𝐈𝐎-𝐒𝐎𝐔𝐑𝐂𝐄] [𝐏𝐞𝐫𝐮 🇵🇪] Plays [30 Days Refill] [Max 500K] [Speed 5K/Day] [Always Instant],172.749,1 000,500 000,No Refill,55 minutes,,,742.8207
10599,🇦🇪💎⚡️📀 Spotify [𝐑𝐀𝐃𝐈𝐎-𝐒𝐎𝐔𝐑𝐂𝐄] [𝐔𝐀𝐄 🇦🇪] Plays [30 Days Refill] [Max 500K] [Speed 5K/Day] [Always Instant],172.749,1 000,500 000,No Refill,33 minutes,,,742.8207
12654,Spotify [ULTIMATE-ADS] Streams [𝐑𝐄𝐂𝐎𝐑𝐃-𝐋𝐀𝐁𝐄𝐋𝐒] - [𝐓𝐨𝐩-𝐆𝐄𝐎 𝐂𝐨𝐮𝐧𝐭𝐫𝐢𝐞𝐬-𝐔𝐒𝐀 𝐔𝐊 𝐂𝐀𝐍𝐀𝐃𝐀 𝐄𝐔𝐑𝐎𝐏𝐄] [30 Days Refill] [Max 50K] [Non-Drop] [Speed 10K/Day] [INSTANT],368.79,1 000,50 000,No Refill,1 hour 54 minutes,,,1585.797
8829,Spotify [ULTIMATE-ADS] Streams [𝐑𝐄𝐂𝐎𝐑𝐃-𝐋𝐀𝐁𝐄𝐋𝐒] - [𝐔𝐒𝐀 🇺🇸] [30 Days Refill] [Max 1M] [Speed 10K/Day] [INSTANT],382.6358,1 000,50 000,No Refill,55 minutes,,,1645.33394
16362,🌎 Spotify Monthly Listeners | 🌎 𝐖𝐨𝐫𝐥𝐝𝐖𝐢𝐝𝐞 | 7 Days Refill | Max 50K | Speed Up To 3K/Day | 0-6HRS,248.448,1 000,20 000,7 Days Refill,39 hours 30 minutes,,,1068.3264
16365,🌎 Spotify Monthly Listeners | 🌎 𝐖𝐨𝐫𝐥𝐝𝐖𝐢𝐝𝐞 | 30 Days Refill | Max 50K | Speed Up To 3K/Day | 0-6HRS,258.8,1 000,20 000,30 Days Refill,46 hours 23 minutes,,,1112.84
16363,🇺🇸 Spotify Monthly Listeners | 🇺🇸 𝐔𝐒𝐀 | 7 Days Refill | Max 50K | Speed Up To 3K/Day | 0-6HRS,248.448,1 000,20 000,No Refill,23 hours 48 minutes,,,1068.3264
16366,🇺🇸 Spotify Monthly Listeners | 🇺🇸 𝐔𝐒𝐀 | 30 Days Refill | Max 50K | Speed Up To 3K/Day | 0-6HRS,258.8,1 000,20 000,30 Days Refill,52 hours 58 minutes,,,1112.84
16364,🇹🇷 Spotify Monthly Listeners | 🇹🇷 𝐓𝐮𝐫𝐤𝐞𝐲 | 7 Days Refill | Max 50K | Speed Up To 3K/Day | 0-6HRS,248.448,1 000,20 000,No Refill,22 minutes,,,1068.3264
16367,🇹🇷 Spotify Monthly Listeners | 🇹🇷 𝐓𝐮𝐫𝐤𝐞𝐲 | 30 Days Refill | Max 50K | Speed Up To 3K/Day | 0-6HRS,258.8,1 000,20 000,30 Days Refill,24 hours 7 minutes,,,1112.84
9997,Spotify 𝐂𝐡𝐚𝐫𝐭 Plays - [Lifetime Refill] [Max 1M] [Speed 500K/Day] [0-72HRS],363.614,2 000,10 000,No Refill,55 minutes,,,1563.5402
9998,🌎 Spotify Fake Editorial Playlist Plays - [𝐆𝐥𝐨𝐛𝐚𝐥] [Lifetime Refill] [Max 2M] [Speed 10-50K/Day] [24-48HRS],256.212,1 000,2 000 000,Lifetime Refill,11 minutes,,,1101.7116
9999,🇺🇸 Spotify Fake Editorial Playlist Plays - [𝐔𝐒𝐀] [Lifetime Refill] [Max 2M] [Speed 10-50K/Day] [24-48HRS],256.212,1 000,2 000 000,Lifetime Refill,33 minutes,,,1101.7116
10186,🇬🇧 Spotify Fake Editorial Playlist Plays - [𝐔𝐊] [Lifetime Refill] [Max 2M] [Speed 10-50K/Day] [24-48HRS],256.212,1 000,2 000 000,Lifetime Refill,33 minutes,,,1101.7116
10000,🇮🇳 Spotify Fake Editorial Playlist Plays - [𝐈𝐧𝐝𝐢𝐚] [Lifetime Refill] [Max: 2M] [Speed 10-50K/Day] [24-48HRS],256.212,1 000,2 000 000,Lifetime Refill,55 minutes,,,1101.7116
10176,🇧🇷 Spotify Fake Editorial Playlist Plays - [𝐁𝐫𝐚𝐳𝐢𝐥] [Lifetime Refill] [Max 2M] [Speed 10-50K/Day] [24-48HRS],256.212,1 000,2 000 000,Lifetime Refill,16 minutes,,,1101.7116
10182,🇩🇪 Spotify Fake Editorial Playlist Plays - [𝐆𝐞𝐫𝐦𝐚𝐧𝐲] [Lifetime Refill] [Max 2M] [Speed 10-50K/Day] [24-48HRS],256.212,1 000,2 000 000,Lifetime Refill,11 minutes,,,1101.7116
10184,🇪🇸 Spotify Fake Editorial Playlist Plays - [𝐒𝐩𝐚𝐢𝐧] [Lifetime Refill] [Max 2M] [Speed 10-50K/Day] [24-48HRS],256.212,1 000,2 000 000,Lifetime Refill,16 minutes,,,1101.7116
10185,🇫🇷 Spotify Fake Editorial Playlist Plays - [𝐅𝐫𝐚𝐧𝐜𝐞] [Lifetime Refill] [Max 2M] [Speed 10-50K/Day] [24-48HRS],256.212,1 000,2 000 000,Lifetime Refill,22 minutes,,,1101.7116
10187,🇮🇹 Spotify Fake Editorial Playlist Plays - [𝐈𝐭𝐚𝐥𝐲] [Lifetime Refill] [Max 2M] [Speed 10-50K/Day] [24-48HRS],256.212,1 000,2 000 000,Lifetime Refill,23 minutes,,,1101.7116
10349,🌎 Spotify Ads Plays - [Global] [Lifetime Warranty] [Speed 10-20K/Day] [0-12HRS],116.46,1 000,500 000,Lifetime Refill,17 minutes,,,500.778
10350,🇺🇸 Spotify Ads Plays - [USA] [Lifetime Warranty] [Speed 5-10K/Day] [0-12HRS],116.46,1 000,500 000,Lifetime Refill,16 minutes,,,500.778
10351,🇺🇸 Spotify Ads Plays - [USA] [Lifetime Warranty] [Speed 5-10K/Day] [0-12HRS],465.84,500,20 000 000,Lifetime Refill,42 minutes,,,2003.112
10359,🇩🇪 Spotify Ads Plays - [Germany] [Lifetime Warranty] [Speed 5-10K/Day] [0-12HRS],465.84,500,20 000 000,Lifetime Refill,16 minutes,,,2003.112
10360,🇫🇷 Spotify Ads Plays - [France] [Lifetime Warranty] [Speed 5-10K/Day] [0-12HRS],465.84,500,20 000 000,Lifetime Refill,33 minutes,,,2003.112
10361,🇪🇸 Spotify Ads Plays - [Spain] [Lifetime Warranty] [Speed 5-10K/Day] [0-12HRS],465.84,500,20 000 000,Lifetime Refill,22 minutes,,,2003.112
10364,🇮🇹 Spotify Ads Plays - [Italy] [Lifetime Warranty] [Speed 5-10K/Day] [0-12HRS],465.84,500,20 000 000,Lifetime Refill,20 minutes,,,2003.112
10371,🇹🇷 Spotify Ads Plays - [Turkey] [Lifetime Warranty] [Speed 5-10K/Day] [0-12HRS],465.84,500,20 000 000,Lifetime Refill,11 minutes,,,2003.112
10375,🇮🇳 Spotify Ads Plays - [India] [Lifetime Warranty] [Speed 5-10K/Day] [0-12HRS],465.84,500,20 000 000,Lifetime Refill,55 minutes,,,2003.112
3772,Spotify Starter Package - [3K Plays + 300 Saves + 300 Follow] [Lifetime Refill] [0-6 HRS],776.4,1,1,Lifetime Refill,11 minutes,,,3338.52
3773,Standard Package - [5K Plays + 500 Saves + 500 Follow] [Lifetime Refill] [0-6 HRS],1294,1,1,Lifetime Refill,23 minutes,,,5564.2
3774,Spotify Advanced Package - [10K Plays + 1K Saves + 1K Follow] [Lifetime Refill] [0-6 HRS],2329.2,1,1,Lifetime Refill,33 minutes,,,10015.56
3775,Spotify Pro Package - [100K Plays + 10K Saves + 10K Follow] [Lifetime Refill] [0-6 HRS],12293,1,1,Lifetime Refill,23 minutes,,,52859.9
3776,Spotify Famous Package - [150K Plays + 15K Saves + 15K Follow] [Lifetime Refill] [0-6 HRS],16175,1,1,Lifetime Refill,11 minutes,,,69552.5
3777,Spotify Rockstar Package - [320K Plays + 30K Saves + 30K Follow] [Lifetime Refill] [0-6 HRS],25880,1,1,Lifetime Refill,16 minutes,,,111284
7463,Spotify Saves - [𝐓𝐫𝐚𝐜𝐤/𝐀𝐥𝐛𝐮𝐦/𝐄𝐩𝐢𝐬𝐨𝐝𝐞] [60 Days Refill] [Max 10M] [Speed 30-50K/Day] [0-2HRS],37.526,100,1 000 000,60 Days Refill,2 hours 54 minutes,,,161.3618
7462,Spotify 𝐏𝐫𝐞𝐦𝐢𝐮𝐦 Saves - [𝐓𝐫𝐚𝐜𝐤/𝐀𝐥𝐛𝐮𝐦/𝐄𝐩𝐢𝐬𝐨𝐝𝐞] [30 Days Refill] [Max 1M] [Speed 10-50K/Day] [0-6HRS],59.524,100,1 000 000,30 Days Refill,1 hour 41 minutes,,,255.9532
12651,🇺🇸 Spotify Free Plays [USA ] - [Lifetime Warranty] [Max 500K] [Speed 10-30K/Day] [0-24HRS],75.052,500,20 000 000,Lifetime Refill,42 minutes,,,322.7236
10574,🇺🇸 Spotify Plays - [𝐑𝐀𝐃𝐈𝐎-𝐒𝐎𝐔𝐑𝐂𝐄] [𝐔𝐒𝐀🇺🇸] [30 Days Refill] [Max 500K] [Speed 5K/Day] [Always Instant],172.749,1 000,500 000,30 Days Refill,66 hours,,,742.8207
12642,🇺🇸 Spotify Premium Plays - [𝐔𝐒𝐀 🇺🇸] [𝐓𝐫𝐚𝐜𝐤-𝐀𝐫𝐭𝐢𝐬𝐭-𝐏𝐥𝐚𝐲𝐥𝐢𝐬𝐭-𝐀𝐥𝐛𝐮𝐦] [30 Days Refill] [Max 1M] [Speed 50-100K/Day] [INSTANT],100.932,1 000,1 000 000,30 Days Refill,151 hours 50 minutes,,,434.0076
12643,🇺🇸 Spotify 𝐀𝐥𝐠𝐨𝐫𝐢𝐭𝐡𝐦𝐢𝐜 𝐒𝐨𝐮𝐫𝐜𝐞 Plays- [𝐔𝐒𝐀 🇺🇸] [𝐓𝐫𝐚𝐜𝐤-𝐀𝐫𝐭𝐢𝐬𝐭-𝐏𝐥𝐚𝐲𝐥𝐢𝐬𝐭-𝐀𝐥𝐛𝐮𝐦] [30 Days Refill] [Max 1M] [Speed 5K/Day] [INSTANT],331.911,1 000,50 000,30 Days Refill,16 minutes,,,1427.2173
12648,🇺🇸 Spotify [𝐆𝐄𝐎-𝐓𝐀𝐑𝐆𝐄𝐓𝐄𝐃] Natural Plays - [𝐔𝐒𝐀 🇺🇸] [𝐓𝐫𝐚𝐜𝐤-𝐀𝐫𝐭𝐢𝐬𝐭-𝐏𝐥𝐚𝐲𝐥𝐢𝐬𝐭-𝐀𝐥𝐛𝐮𝐦] [30 Days Refill] [Max 20K] [Speed 300-500/Day] [INSTANT],102.226,500,20 000,Lifetime Refill,240 hours 49 minutes,,,439.5718
12645,🇺🇸 Spotify 𝐑𝐚𝐧𝐤𝐢𝐧𝐠 𝐏𝐥𝐚𝐲𝐬 - [𝐔𝐒𝐀 🇺🇸] [𝐀𝐥𝐛𝐮𝐦 - 𝐏𝐥𝐚𝐲𝐥𝐢𝐬𝐭 - 𝐏𝐢𝐜𝐤𝐞𝐫] [Max 500K] [Speed 30K/Day] [INSTANT],119.695,500,500 000,30 Days Refill,16 minutes,,,514.6885
12650,🇺🇸 Spotify Ads Plays - [USA] [Lifetime Warranty] [Speed 5-10K/Day] [0-12HRS],115.166,1 000,500 000,Lifetime Refill,23 minutes,,,495.2138
12649,🇺🇸 Spotify Fake Editorial Playlist Plays - [𝐔𝐒𝐀] [Lifetime Refill] [Max 2M] [Speed 10-50K/Day] [24-48HRS],256.212,1 000,2 000 000,Lifetime Refill,11 minutes,,,1101.7116
12641,🇺🇸 Spotify Free Plays - [USA 🇺🇸] [30 Days Refill] [Max 500K] [Speed 10K/Day] [INSTANT],100.932,1 000,500 000,30 Days Refill,23 minutes,,,434.0076
12652,🇺🇸 Spotify Playlist Plays [USA] - [Lifetime Warranty] [Speed 5-10K/Day] [0-12HRS],131.988,500,20 000 000,Lifetime Refill,1 hour 49 minutes,,,567.5484
12647,🇺🇸 Spotify [ULTIMATE-ADS] Streams [𝐑𝐄𝐂𝐎𝐑𝐃-𝐋𝐀𝐁𝐄𝐋𝐒] - [𝐔𝐒𝐀 🇺🇸] [30 Days Refill] [Max 1M] [Speed 10K/Day] [INSTANT],382.6358,1 000,50 000,Lifetime Refill,2 hours 30 minutes,,,1645.33394
12736,🇬🇧 Spotify 𝐑𝐚𝐧𝐤𝐢𝐧𝐠 𝐏𝐥𝐚𝐲𝐬 - [𝐔𝐧𝐢𝐭𝐞𝐝 𝐊𝐢𝐧𝐠𝐝𝐨𝐦 🇬🇧] [𝐀𝐥𝐛𝐮𝐦 - 𝐏𝐥𝐚𝐲𝐥𝐢𝐬𝐭 - 𝐏𝐢𝐜𝐤𝐞𝐫] [Max 500K] [Speed 30K/Day] [INSTANT],119.695,500,500 000,30 Days Refill,16 minutes,,,514.6885
12733,🇬🇧 Spotify Premium Plays - [𝐄𝐍𝐆𝐋𝐈𝐒𝐇-𝐒𝐏𝐄𝐀𝐊𝐄𝐑𝐒] [𝐓𝐫𝐚𝐜𝐤-𝐀𝐫𝐭𝐢𝐬𝐭-𝐏𝐥𝐚𝐲𝐥𝐢𝐬𝐭-𝐀𝐥𝐛𝐮𝐦] [30 Days Refill] [Max 500K] ] [Speed 50-100K/Day] [INSTANT],104.814,1 000,500 000,30 Days Refill,23 minutes,,,450.7002
12745,🇬🇧 Spotify Playlist Plays [UNITED KINGDOM] - [Lifetime Warranty] [Speed 10-50K/Day] [0-12HRS],38.82,500,20 000 000,Lifetime Refill,2 minutes,,,166.926
12732,🇬🇧 Spotify Premium Plays - [𝐔𝐊 🇬🇧] [𝐓𝐫𝐚𝐜𝐤-𝐀𝐫𝐭𝐢𝐬𝐭-𝐏𝐥𝐚𝐲𝐥𝐢𝐬𝐭-𝐀𝐥𝐛𝐮𝐦] [30 Days Refill] [Max 1M] [Speed 50-100K/Day] [INSTANT],100.932,1 000,1 000 000,30 Days Refill,16 minutes,,,434.0076
12738,🇬🇧💎⚡️📀 Spotify [𝐑𝐀𝐃𝐈𝐎-𝐒𝐎𝐔𝐑𝐂𝐄] [𝐔𝐊 🇬🇧] Plays [30 Days Refill] [Max 500K] [Speed 5K/Day] [Always Instant],172.749,1 000,500 000,30 Days Refill,23 minutes,,,742.8207
12734,🇬🇧 Spotify 𝐀𝐥𝐠𝐨𝐫𝐢𝐭𝐡𝐦𝐢𝐜 𝐒𝐨𝐮𝐫𝐜𝐞 Plays - [𝐔𝐊 🇬🇧] [𝐓𝐫𝐚𝐜𝐤-𝐀𝐫𝐭𝐢𝐬𝐭-𝐏𝐥𝐚𝐲𝐥𝐢𝐬𝐭-𝐀𝐥𝐛𝐮𝐦] [30 Days Refill] [Max 1M] [Speed 5K/Day] [INSTANT],331.911,1 000,50 000,Lifetime Refill,11 minutes,,,1427.2173
12744,🇬🇧 Spotify Plays [UNITED KINGDOM] - [Lifetime Warranty] [Speed 10-50K/Day] [0-24HRS],24.586,500,20 000 000,Lifetime Refill,33 minutes,,,105.7198
12740,🇬🇧 Spotify [𝐆𝐄𝐎-𝐓𝐀𝐑𝐆𝐄𝐓𝐄𝐃] Natural Plays - [𝐔𝐊 🇬🇧] [𝐓𝐫𝐚𝐜𝐤-𝐀𝐫𝐭𝐢𝐬𝐭-𝐏𝐥𝐚𝐲𝐥𝐢𝐬𝐭-𝐀𝐥𝐛𝐮𝐦] [30 Days Refill] [Max 20K] [Speed 300-500/Day] [INSTANT],102.226,500,20 000,No Refill,17 minutes,,,439.5718
12741,🇬🇧 Spotify Fake Editorial Playlist Plays - [𝐔𝐊] [Lifetime Refill] [Max 2M] [Speed 10-50K/Day] [24-48HRS],256.212,1 000,2 000 000,Lifetime Refill,16 minutes,,,1101.7116
12820,🇨🇦 Spotify Premium Plays - [𝐂𝐚𝐧𝐚𝐝𝐚 🇨🇦] [𝐓𝐫𝐚𝐜𝐤-𝐀𝐫𝐭𝐢𝐬𝐭-𝐏𝐥𝐚𝐲𝐥𝐢𝐬𝐭-𝐀𝐥𝐛𝐮𝐦] [30 Days Refill] [Max 1M] [Speed 50-100K/Day] [INSTANT],100.932,1 000,1 000 000,No Refill,17 minutes,,,434.0076
12822,🇨🇦 Spotify 𝐀𝐥𝐠𝐨𝐫𝐢𝐭𝐡𝐦𝐢𝐜 𝐒𝐨𝐮𝐫𝐜𝐞 Plays - [𝐂𝐚𝐧𝐚𝐝𝐚 🇨🇦] [𝐓𝐫𝐚𝐜𝐤-𝐀𝐫𝐭𝐢𝐬𝐭-𝐏𝐥𝐚𝐲𝐥𝐢𝐬𝐭-𝐀𝐥𝐛𝐮𝐦] [30 Days Refill] [Max 1M] [Speed 5K/Day] [INSTANT],331.911,1 000,50 000,30 Days Refill,22 minutes,,,1427.2173
12826,🇨🇦💎⚡️📀 Spotify [𝐑𝐀𝐃𝐈𝐎-𝐒𝐎𝐔𝐑𝐂𝐄] [𝐂𝐚𝐧𝐚𝐝𝐚 🇨🇦] Plays [30 Days Refill] [Max 500K] [Speed 5K/Day] [Always Instant],172.749,1 000,500 000,30 Days Refill,33 minutes,,,742.8207
12831,🇨🇦 Spotify Playlist Plays [CANADA] - [Lifetime Warranty] [Speed 10-50K/Day] [0-12HRS],38.82,500,20 000 000,Lifetime Refill,33 minutes,,,166.926
12824,🇨🇦 Spotify 𝐑𝐚𝐧𝐤𝐢𝐧𝐠 𝐏𝐥𝐚𝐲𝐬 - [𝐂𝐚𝐧𝐚𝐝𝐚 🇨🇦] [𝐀𝐥𝐛𝐮𝐦 - 𝐏𝐥𝐚𝐲𝐥𝐢𝐬𝐭 - 𝐏𝐢𝐜𝐤𝐞𝐫] [Max 500K] [Speed 30K/Day] [INSTANT],119.695,500,500 000,30 Days Refill,22 minutes,,,514.6885
12828,🇨🇦 Spotify [𝐆𝐄𝐎-𝐓𝐀𝐑𝐆𝐄𝐓𝐄𝐃] Natural Plays - [𝐂𝐚𝐧𝐚𝐝𝐚 🇨🇦] [𝐓𝐫𝐚𝐜𝐤-𝐀𝐫𝐭𝐢𝐬𝐭-𝐏𝐥𝐚𝐲𝐥𝐢𝐬𝐭-𝐀𝐥𝐛𝐮𝐦] [30 Days Refill] [Max 20K] [Speed 300-500/Day] [INSTANT],102.226,500,20 000,No Refill,11 minutes,,,439.5718
12848,🇳🇱 Spotify Plays [NETHERLANDS] - [Lifetime Warranty] [Speed 10-50K/Day] [0-24HRS],24.586,500,20 000 000,Lifetime Refill,85 hours 18 minutes,,,105.7198
12844,🇳🇱 Spotify [𝐆𝐄𝐎-𝐓𝐀𝐑𝐆𝐄𝐓𝐄𝐃] Natural Plays - [𝐍𝐞𝐭𝐡𝐞𝐫𝐥𝐚𝐧𝐝𝐬 🇳🇱] [𝐓𝐫𝐚𝐜𝐤-𝐀𝐫𝐭𝐢𝐬𝐭-𝐏𝐥𝐚𝐲𝐥𝐢𝐬𝐭-𝐀𝐥𝐛𝐮𝐦] [Lifetime Refill] [Max 20K] [Speed 300-500/Day] [INSTANT],102.226,500,20 000,Lifetime Refill,357 hours 28 minutes,,,439.5718
12849,🇳🇱 Spotify Playlist Plays [NETHERLAND] - [Lifetime Warranty] [Speed 10-50K/Day] [0-12HRS],38.82,500,20 000 000,Lifetime Refill,17 minutes,,,166.926
12842,🇳🇱💎⚡️📀 Spotify [𝐑𝐀𝐃𝐈𝐎-𝐒𝐎𝐔𝐑𝐂𝐄] [𝐍𝐞𝐭𝐡𝐞𝐫𝐥𝐚𝐧𝐝𝐬 🇳🇱] Plays [Lifetime Warranty] [Max 500K] [Speed 5K/Day] [Always Instant],172.749,1 000,500 000,Lifetime Refill,100 hours 43 minutes,,,742.8207
12838,🇳🇱 Spotify 𝐀𝐥𝐠𝐨𝐫𝐢𝐭𝐡𝐦𝐢𝐜 𝐒𝐨𝐮𝐫𝐜𝐞 Plays - [𝐍𝐞𝐭𝐡𝐞𝐫𝐥𝐚𝐧𝐝𝐬 🇳🇱] [𝐓𝐫𝐚𝐜𝐤-𝐀𝐫𝐭𝐢𝐬𝐭-𝐏𝐥𝐚𝐲𝐥𝐢𝐬𝐭-𝐀𝐥𝐛𝐮𝐦] [Lifetime Refill] [Max 1M] [Speed 5K/Day] [INSTANT],331.911,1 000,50 000,Lifetime Refill,43 hours 36 minutes,,,1427.2173
12837,🇳🇱 Spotify Premium Plays - [𝐍𝐞𝐭𝐡𝐞𝐫𝐥𝐚𝐧𝐝𝐬 🇳🇱] [𝐓𝐫𝐚𝐜𝐤-𝐀𝐫𝐭𝐢𝐬𝐭-𝐏𝐥𝐚𝐲𝐥𝐢𝐬𝐭-𝐀𝐥𝐛𝐮𝐦] [Lifetime Refill] [Max 1M] [Speed 50-100K/Day] [INSTANT],100.932,1 000,1 000 000,Lifetime Refill,8 hours 47 minutes,,,434.0076
12840,🇳🇱 Spotify 𝐑𝐚𝐧𝐤𝐢𝐧𝐠 𝐏𝐥𝐚𝐲𝐬 - [𝐍𝐞𝐭𝐡𝐞𝐫𝐥𝐚𝐧𝐝𝐬 🇳🇱] [𝐀𝐥𝐛𝐮𝐦 - 𝐏𝐥𝐚𝐲𝐥𝐢𝐬𝐭 - 𝐏𝐢𝐜𝐤𝐞𝐫] [Max 500K] [Speed 30K/Day] [INSTANT],119.695,500,500 000,Lifetime Refill,11 minutes,,,514.6885
12860,🇨🇭 💎⚡️📀 Spotify Plays - [𝐑𝐀𝐃𝐈𝐎-𝐒𝐎𝐔𝐑𝐂𝐄] [𝐒𝐰𝐢𝐭𝐳𝐞𝐫𝐥𝐚𝐧𝐝 🇨🇭] [Lifetime Warranty] [Max 500K] [Speed 5K/Day] [Always Instant],172.749,1 000,500 000,Lifetime Refill,16 minutes,,,742.8207
12866,🇨🇭 Spotify Playlist Plays [SWITZERLAND] - [Lifetime Warranty] [Speed 10-50K/Day] [0-12HRS],38.82,500,20 000 000,Lifetime Refill,23 minutes,,,166.926
12865,🇨🇭 Spotify Plays [SWITZERLAND] - [Lifetime Warranty] [Speed 10-50K/Day] [0-4HRS],24.586,500,5 000 000,Lifetime Refill,23 minutes,,,105.7198
12858,🇨🇭 Spotify 𝐑𝐚𝐧𝐤𝐢𝐧𝐠 𝐏𝐥𝐚𝐲𝐬 - [𝐒𝐰𝐢𝐭𝐳𝐞𝐫𝐥𝐚𝐧𝐝 🇨🇭] [𝐀𝐥𝐛𝐮𝐦 - 𝐏𝐥𝐚𝐲𝐥𝐢𝐬𝐭 - 𝐏𝐢𝐜𝐤𝐞𝐫] [Max 500K] [Speed 30K/Day] [INSTANT],119.695,500,500 000,Lifetime Refill,16 minutes,,,514.6885
12855,🇨🇭 Spotify Premium Plays - [𝐒𝐰𝐢𝐭𝐳𝐞𝐫𝐥𝐚𝐧𝐝🇨🇭] [𝐓𝐫𝐚𝐜𝐤-𝐀𝐫𝐭𝐢𝐬𝐭-𝐏𝐥𝐚𝐲𝐥𝐢𝐬𝐭-𝐀𝐥𝐛𝐮𝐦] [Lifetime Refill] [Max 1M] [Speed 50-100K/Day] [INSTANT],100.932,1 000,1 000 000,Lifetime Refill,11 minutes,,,434.0076
12862,🇨🇭 Spotify [𝐆𝐄𝐎-𝐓𝐀𝐑𝐆𝐄𝐓𝐄𝐃] Natural Plays - [𝐒𝐰𝐢𝐭𝐳𝐞𝐫𝐥𝐚𝐧𝐝 🇨🇭] [𝐓𝐫𝐚𝐜𝐤-𝐀𝐫𝐭𝐢𝐬𝐭-𝐏𝐥𝐚𝐲𝐥𝐢𝐬𝐭-𝐀𝐥𝐛𝐮𝐦] [Lifetime Refill] [Max 20K] [Speed 300-500/Day] [INSTANT],102.226,500,20 000,Lifetime Refill,23 minutes,,,439.5718
12856,🇨🇭 Spotify 𝐀𝐥𝐠𝐨𝐫𝐢𝐭𝐡𝐦𝐢𝐜 𝐒𝐨𝐮𝐫𝐜𝐞 Plays - [𝐒𝐰𝐢𝐭𝐳𝐞𝐫𝐥𝐚𝐧𝐝 🇨🇭] [𝐓𝐫𝐚𝐜𝐤-𝐀𝐫𝐭𝐢𝐬𝐭-𝐏𝐥𝐚𝐲𝐥𝐢𝐬𝐭-𝐀𝐥𝐛𝐮𝐦] [Lifetime Refill] [Max 1M] [Speed 5K/Day] [INSTANT],331.911,1 000,50 000,Lifetime Refill,55 minutes,,,1427.2173
12691,🇮🇳 Spotify Fake Editorial Playlist Plays - [𝐈𝐧𝐝𝐢𝐚] [Lifetime Refill] [Max: 2M] [Speed 10-50K/Day] [24-48HRS],256.212,1 000,2 000 000,Lifetime Refill,16 minutes,,,1101.7116
12683,🇮🇳 Spotify Premium Plays - [𝐈𝐧𝐝𝐢𝐚 🇮🇳] [𝐓𝐫𝐚𝐜𝐤-𝐀𝐫𝐭𝐢𝐬𝐭-𝐏𝐥𝐚𝐲𝐥𝐢𝐬𝐭-𝐀𝐥𝐛𝐮𝐦] [Lifetime Refill] [Max 1M] [Speed 50-100K/Day] [INSTANT],100.932,1 000,500 000,Lifetime Refill,11 minutes,,,434.0076
12688,🇮🇳 💎⚡️📀 Spotify Plays - [𝐑𝐀𝐃𝐈𝐎-𝐒𝐎𝐔𝐑𝐂𝐄] [𝐈𝐧𝐝𝐢𝐚 🇮🇳] [Lifetime Warranty] [Max 500K] [Speed 5K/Day] [Always Instant],172.749,1 000,500 000,Lifetime Refill,11 minutes,,,742.8207
12693,🇮🇳 Spotify Plays [INDIA] - [Lifetime Warranty] [Speed 10-50K/Day] [0-4HRS],24.586,500,20 000 000,Lifetime Refill,22 minutes,,,105.7198
12687,🇮🇳 Spotify Plays - [𝐈𝐧𝐝𝐢𝐚 🇮🇳] [𝐔𝐋𝐓𝐑𝐀-𝐇𝐐 - 𝐄𝐃𝐈𝐓𝐎𝐑𝐈𝐀𝐋 /𝐀𝐋𝐆𝐎𝐓𝐎𝐑𝐈𝐀𝐋 𝐏𝐥𝐚𝐲𝐬] [Lifetime Refill] [Speed 10K/Day] [INSTANT],190.4768,1 000,500 000,Lifetime Refill,16 minutes,,,819.05024
12694,🇮🇳 Spotify Playlist Plays [INDIA] - [Lifetime Warranty] [Speed 10-50K/Day] [0-12HRS],38.82,500,20 000 000,Lifetime Refill,17 minutes,,,166.926
12686,🇮🇳 Spotify 𝐑𝐚𝐧𝐤𝐢𝐧𝐠 𝐏𝐥𝐚𝐲𝐬 - [𝐈𝐧𝐝𝐢𝐚 🇮🇳] [𝐀𝐥𝐛𝐮𝐦 - 𝐏𝐥𝐚𝐲𝐥𝐢𝐬𝐭 - 𝐏𝐢𝐜𝐤𝐞𝐫] [Max 500K] [Speed 30K/Day] [INSTANT],119.695,500,500 000,Lifetime Refill,23 minutes,,,514.6885
12692,🇮🇳 Spotify Ads Plays - [India] [Lifetime Warranty] [Speed 5-10K/Day] [0-12HRS],465.84,500,20 000 000,No Refill,17 minutes,,,2003.112
12690,🇮🇳 Spotify [𝐆𝐄𝐎-𝐓𝐀𝐑𝐆𝐄𝐓𝐄𝐃] Natural Plays - [𝐈𝐧𝐝𝐢𝐚 🇮🇳] [𝐓𝐫𝐚𝐜𝐤-𝐀𝐫𝐭𝐢𝐬𝐭-𝐏𝐥𝐚𝐲𝐥𝐢𝐬𝐭-𝐀𝐥𝐛𝐮𝐦] [Lifetime Refill] [Max 20K] [Speed 300-500/Day] [INSTANT],102.226,500,20 000,Lifetime Refill,16 minutes,,,439.5718
12684,🇮🇳 Spotify 𝐀𝐥𝐠𝐨𝐫𝐢𝐭𝐡𝐦𝐢𝐜 𝐒𝐨𝐮𝐫𝐜𝐞 Plays - [𝐈𝐧𝐝𝐢𝐚 🇮🇳] [𝐓𝐫𝐚𝐜𝐤-𝐀𝐫𝐭𝐢𝐬𝐭-𝐏𝐥𝐚𝐲𝐥𝐢𝐬𝐭-𝐀𝐥𝐛𝐮𝐦] [Lifetime Refill] [Max 1M] [Speed 5K/Day] [INSTANT],331.911,1 000,50 000,Lifetime Refill,22 minutes,,,1427.2173
12670,🇪🇸 Spotify Fake Editorial Playlist Plays - [𝐒𝐩𝐚𝐢𝐧] [Lifetime Refill] [Max 2M] [Speed 10-50K/Day] [24-48HRS],256.212,1 000,2 000 000,Lifetime Refill,11 minutes,,,1101.7116
12671,🇪🇸 Spotify Ads Plays - [Spain] [Lifetime Warranty] [Speed 5-10K/Day] [0-12HRS],465.84,500,20 000 000,No Refill,33 minutes,,,2003.112
12667,🇪🇸💎⚡️📀 Spotify [𝐑𝐀𝐃𝐈𝐎-𝐒𝐎𝐔𝐑𝐂𝐄] [𝐒𝐩𝐚𝐢𝐧 🇪🇸] Plays [Lifetime Warranty] [Max 500K] [Speed 5K/Day] [Always Instant],172.749,1 000,500 000,Lifetime Refill,58 hours 10 minutes,,,742.8207
12669,🇪🇸 Spotify [𝐆𝐄𝐎-𝐓𝐀𝐑𝐆𝐄𝐓𝐄𝐃] Natural Plays - [𝐒𝐩𝐚𝐢𝐧 🇪🇸] [𝐓𝐫𝐚𝐜𝐤-𝐀𝐫𝐭𝐢𝐬𝐭-𝐏𝐥𝐚𝐲𝐥𝐢𝐬𝐭-𝐀𝐥𝐛𝐮𝐦] [Lifetime Refill] [Max 20K] [Speed 300-500/Day] [INSTANT],102.226,500,20 000,Lifetime Refill,11 minutes,,,439.5718
12665,🇪🇸 Spotify 𝐑𝐚𝐧𝐤𝐢𝐧𝐠 𝐏𝐥𝐚𝐲𝐬 - [𝐒𝐩𝐚𝐢𝐧 🇪🇸] [𝐀𝐥𝐛𝐮𝐦 - 𝐏𝐥𝐚𝐲𝐥𝐢𝐬𝐭 - 𝐏𝐢𝐜𝐤𝐞𝐫] [Max 500K] [Speed 30K/Day] [INSTANT],119.695,500,500 000,Lifetime Refill,33 minutes,,,514.6885
12661,🇪🇸 Spotify Premium Plays - [𝐒𝐩𝐚𝐢𝐧 🇪🇸] [𝐓𝐫𝐚𝐜𝐤-𝐀𝐫𝐭𝐢𝐬𝐭-𝐏𝐥𝐚𝐲𝐥𝐢𝐬𝐭-𝐀𝐥𝐛𝐮𝐦] [Lifetime Refill] [Max 1M] [Speed 50-100K/Day] [INSTANT],100.932,1 000,1 000 000,Lifetime Refill,16 minutes,,,434.0076
12663,🇪🇸 Spotify 𝐀𝐥𝐠𝐨𝐫𝐢𝐭𝐡𝐦𝐢𝐜 𝐒𝐨𝐮𝐫𝐜𝐞 Plays - [𝐒𝐩𝐚𝐢𝐧 🇪🇸] [𝐓𝐫𝐚𝐜𝐤-𝐀𝐫𝐭𝐢𝐬𝐭-𝐏𝐥𝐚𝐲𝐥𝐢𝐬𝐭-𝐀𝐥𝐛𝐮𝐦] [Lifetime Refill] [Max 1M] [Speed 5K/Day] [INSTANT],331.911,1 000,50 000,Lifetime Refill,33 minutes,,,1427.2173
12662,🇪🇸 Spotify Premium Plays - [𝐒𝐏𝐀𝐍𝐈𝐒𝐇-𝐒𝐏𝐄𝐀𝐊𝐄𝐑𝐒] [𝐓𝐫𝐚𝐜𝐤-𝐀𝐫𝐭𝐢𝐬𝐭-𝐏𝐥𝐚𝐲𝐥𝐢𝐬𝐭-𝐀𝐥𝐛𝐮𝐦] [Lifetime Refill] [Max 500K] ] [Speed 50-100K/Day] [INSTANT],104.814,1 000,500 000,Lifetime Refill,17 minutes,,,450.7002
12708,🇩🇪 Spotify Playlist Plays [GERMANY] - [Lifetime Warranty] [Speed 10-50K/Day] [0-12HRS],38.82,500,20 000 000,Lifetime Refill,37 hours 17 minutes,,,166.926
12702,Spotify 𝐀𝐥𝐠𝐨𝐫𝐢𝐭𝐡𝐦𝐢𝐜 𝐒𝐨𝐮𝐫𝐜𝐞 Plays - [𝐆𝐞𝐫𝐦𝐚𝐧𝐲 🇩🇪] [𝐓𝐫𝐚𝐜𝐤-𝐀𝐫𝐭𝐢𝐬𝐭-𝐏𝐥𝐚𝐲𝐥𝐢𝐬𝐭-𝐀𝐥𝐛𝐮𝐦] [Lifetime Refill] [Max 1M] [Speed 5K/Day] [INSTANT],331.911,1 000,50 000,Lifetime Refill,28 hours 44 minutes,,,1427.2173
12701,Spotify Premium Plays - [𝐆𝐞𝐫𝐦𝐚𝐧𝐲 🇩🇪] [𝐓𝐫𝐚𝐜𝐤-𝐀𝐫𝐭𝐢𝐬𝐭-𝐏𝐥𝐚𝐲𝐥𝐢𝐬𝐭-𝐀𝐥𝐛𝐮𝐦] [Lifetime Refill] [Max 1M] [Speed 50-100K/Day] [INSTANT],100.932,1 000,1 000 000,Lifetime Refill,21 hours 49 minutes,,,434.0076
12707,🇩🇪 Spotify Ads Plays - [Germany] [Lifetime Warranty] [Speed 5-10K/Day] [0-12HRS],465.84,500,20 000 000,No Refill,1 hour 5 minutes,,,2003.112
12706,🇩🇪 Spotify Fake Editorial Playlist Plays - [𝐆𝐞𝐫𝐦𝐚𝐧𝐲] [Lifetime Refill] [Max 2M] [Speed 10-50K/Day] [24-48HRS],256.212,1 000,2 000 000,Lifetime Refill,33 minutes,,,1101.7116
12703,🇩🇪💎⚡️📀 Spotify [𝐑𝐀𝐃𝐈𝐎-𝐒𝐎𝐔𝐑𝐂𝐄] [𝐆𝐞𝐫𝐦𝐚𝐧𝐲 🇩🇪] Plays [Lifetime Warranty] [Max 500K] [Speed 5K/Day] [Always Instant],172.749,1 000,500 000,Lifetime Refill,75 hours 56 minutes,,,742.8207
12705,Spotify [𝐆𝐄𝐎-𝐓𝐀𝐑𝐆𝐄𝐓𝐄𝐃] Natural Plays - [𝐆𝐞𝐫𝐦𝐚𝐧𝐲 🇩🇪] [𝐓𝐫𝐚𝐜𝐤-𝐀𝐫𝐭𝐢𝐬𝐭-𝐏𝐥𝐚𝐲𝐥𝐢𝐬𝐭-𝐀𝐥𝐛𝐮𝐦] [Lifetime Refill] [Max 20K] [Speed 300-500/Day] [INSTANT],102.226,500,20 000,Lifetime Refill,219 hours 41 minutes,,,439.5718
12722,🇧🇷 Spotify [𝐆𝐄𝐎-𝐓𝐀𝐑𝐆𝐄𝐓𝐄𝐃] Natural Plays - [𝐁𝐫𝐚𝐳𝐢𝐥 🇧🇷] [𝐓𝐫𝐚𝐜𝐤-𝐀𝐫𝐭𝐢𝐬𝐭-𝐏𝐥𝐚𝐲𝐥𝐢𝐬𝐭-𝐀𝐥𝐛𝐮𝐦] [Lifetime Refill] [Max 20K] [Speed 300-500/Day] [INSTANT],102.226,500,20 000,Lifetime Refill,17 minutes,,,439.5718
12724,🇧🇷 Spotify Playlist Plays [BRAZIL] - [Lifetime Warranty] [Speed 10-50K/Day] [0-12HRS],38.82,500,20 000 000,Lifetime Refill,17 minutes,,,166.926
12716,🇧🇷 Spotify 𝐀𝐥𝐠𝐨𝐫𝐢𝐭𝐡𝐦𝐢𝐜 𝐒𝐨𝐮𝐫𝐜𝐞 Plays - [𝐁𝐫𝐚𝐳𝐢𝐥 🇧🇷] [𝐓𝐫𝐚𝐜𝐤-𝐀𝐫𝐭𝐢𝐬𝐭-𝐏𝐥𝐚𝐲𝐥𝐢𝐬𝐭-𝐀𝐥𝐛𝐮𝐦] [Lifetime Refill] [Max 1M] [Speed 5K/Day] [INSTANT],331.911,1 000,50 000,Lifetime Refill,23 minutes,,,1427.2173
12720,🇧🇷💎⚡️📀 Spotify [𝐑𝐀𝐃𝐈𝐎-𝐒𝐎𝐔𝐑𝐂𝐄] [𝐁𝐫𝐚𝐳𝐢𝐥 🇧🇷] Plays [Lifetime Warranty] [Max 500K] [Speed 5K/Day] [Always Instant],172.749,1 000,500 000,Lifetime Refill,17 minutes,,,742.8207
12715,🇧🇷 Spotify Premium Plays - [𝐁𝐫𝐚𝐳𝐢𝐥 🇧🇷] [𝐓𝐫𝐚𝐜𝐤-𝐀𝐫𝐭𝐢𝐬𝐭-𝐏𝐥𝐚𝐲𝐥𝐢𝐬𝐭-𝐀𝐥𝐛𝐮𝐦] [Lifetime Refill] [Max 1M] [Speed 50-100K/Day] [INSTANT],100.932,1 000,1 000 000,Lifetime Refill,22 minutes,,,434.0076
12723,🇧🇷 Spotify Fake Editorial Playlist Plays - [𝐁𝐫𝐚𝐳𝐢𝐥] [Lifetime Refill] [Max 2M] [Speed 10-50K/Day] [24-48HRS],256.212,1 000,2 000 000,Lifetime Refill,22 minutes,,,1101.7116
12718,🇧🇷 Spotify 𝐑𝐚𝐧𝐤𝐢𝐧𝐠 𝐏𝐥𝐚𝐲𝐬 - [𝐁𝐫𝐚𝐳𝐢𝐥 🇧🇷] [𝐀𝐥𝐛𝐮𝐦 - 𝐏𝐥𝐚𝐲𝐥𝐢𝐬𝐭 - 𝐏𝐢𝐜𝐤𝐞𝐫] [Max 500K] [Speed 30K/Day] [INSTANT],119.695,500,500 000,Lifetime Refill,16 minutes,,,514.6885
12767,Spotify Premium Plays - [𝐅𝐑𝐄𝐍𝐂𝐇-𝐒𝐏𝐄𝐀𝐊𝐄𝐑𝐒] [𝐓𝐫𝐚𝐜𝐤-𝐀𝐫𝐭𝐢𝐬𝐭-𝐏𝐥𝐚𝐲𝐥𝐢𝐬𝐭-𝐀𝐥𝐛𝐮𝐦] [Lifetime Refill] [Max 500K] ] [Speed 50-100K/Day] [INSTANT],104.814,1 000,500 000,Lifetime Refill,80 hours 50 minutes,,,450.7002
12774,🇫🇷 💎⚡️📀 Spotify Plays - [𝐑𝐀𝐃𝐈𝐎-𝐒𝐎𝐔𝐑𝐂𝐄] [𝐅𝐫𝐚𝐧𝐜𝐞 🇫🇷] [Lifetime Warranty] [Max 500K] [Speed 5K/Day] [Always Instant],172.749,1 000,500 000,Lifetime Refill,33 minutes,,,742.8207
12779,🇫🇷 Spotify Playlist Plays [FRANCE] - [Lifetime Warranty] [Speed 10-50K/Day] [0-12HRS],38.82,500,20 000 000,Lifetime Refill,22 minutes,,,166.926
12768,🇫🇷 Spotify 𝐀𝐥𝐠𝐨𝐫𝐢𝐭𝐡𝐦𝐢𝐜 𝐒𝐨𝐮𝐫𝐜𝐞 Plays - [𝐅𝐫𝐚𝐧𝐜𝐞 🇫🇷] [𝐓𝐫𝐚𝐜𝐤-𝐀𝐫𝐭𝐢𝐬𝐭-𝐏𝐥𝐚𝐲𝐥𝐢𝐬𝐭-𝐀𝐥𝐛𝐮𝐦] [Lifetime Refill] [Max 1M] [Speed 5K/Day] [INSTANT],331.911,1 000,50 000,Lifetime Refill,14 hours 38 minutes,,,1427.2173
12766,🇫🇷 Spotify Premium Plays - [𝐅𝐫𝐚𝐧𝐜𝐞 🇫🇷] [𝐓𝐫𝐚𝐜𝐤-𝐀𝐫𝐭𝐢𝐬𝐭-𝐏𝐥𝐚𝐲𝐥𝐢𝐬𝐭-𝐀𝐥𝐛𝐮𝐦] [Lifetime Refill] [Max 1M] [Speed 50-100K/Day] [INSTANT],100.932,1 000,1 000 000,Lifetime Refill,17 minutes,,,434.0076
12778,🇫🇷 Spotify Ads Plays - [France] [Lifetime Warranty] [Speed 5-10K/Day] [0-12HRS],465.84,500,20 000 000,No Refill,17 minutes,,,2003.112
12770,🇫🇷 Spotify 𝐑𝐚𝐧𝐤𝐢𝐧𝐠 𝐏𝐥𝐚𝐲𝐬 - [𝐅𝐫𝐚𝐧𝐜𝐞 🇫🇷] [𝐀𝐥𝐛𝐮𝐦 - 𝐏𝐥𝐚𝐲𝐥𝐢𝐬𝐭 - 𝐏𝐢𝐜𝐤𝐞𝐫] [Max 500K] [Speed 30K/Day] [INSTANT],119.695,500,500 000,Lifetime Refill,22 minutes,,,514.6885
12777,🇫🇷 Spotify Fake Editorial Playlist Plays - [𝐅𝐫𝐚𝐧𝐜𝐞] [Lifetime Refill] [Max 2M] [Speed 10-50K/Day] [24-48HRS],256.212,1 000,2 000 000,Lifetime Refill,16 minutes,,,1101.7116
12776,🇫🇷 Spotify [𝐆𝐄𝐎-𝐓𝐀𝐑𝐆𝐄𝐓𝐄𝐃] Natural Plays - [𝐅𝐫𝐚𝐧𝐜𝐞 🇫🇷] [𝐓𝐫𝐚𝐜𝐤-𝐀𝐫𝐭𝐢𝐬𝐭-𝐏𝐥𝐚𝐲𝐥𝐢𝐬𝐭-𝐀𝐥𝐛𝐮𝐦] [Lifetime Refill] [Max 20K] [Speed 300-500/Day] [INSTANT],102.226,500,20 000,Lifetime Refill,16 minutes,,,439.5718
12789,🇮🇹 Spotify 𝐑𝐚𝐧𝐤𝐢𝐧𝐠 𝐏𝐥𝐚𝐲𝐬 - [𝐈𝐭𝐚𝐥𝐲 🇮🇹] [𝐀𝐥𝐛𝐮𝐦 - 𝐏𝐥𝐚𝐲𝐥𝐢𝐬𝐭 - 𝐏𝐢𝐜𝐤𝐞𝐫] [Max 500K] [Speed 30K/Day] [INSTANT],119.695,500,500 000,Lifetime Refill,16 minutes,,,514.6885
12796,🇮🇹 Spotify Playlist Plays [ITALY] - [Lifetime Warranty] [Speed 10-50K/Day] [0-12HRS],38.82,500,20 000 000,Lifetime Refill,4 hours 11 minutes,,,166.926
12787,🇮🇹 Spotify 𝐀𝐥𝐠𝐨𝐫𝐢𝐭𝐡𝐦𝐢𝐜 𝐒𝐨𝐮𝐫𝐜𝐞 Plays - [𝐈𝐭𝐚𝐥𝐲 🇮🇹] [𝐓𝐫𝐚𝐜𝐤-𝐀𝐫𝐭𝐢𝐬𝐭-𝐏𝐥𝐚𝐲𝐥𝐢𝐬𝐭-𝐀𝐥𝐛𝐮𝐦] [Lifetime Refill] [Max 1M] [Speed 5K/Day] [INSTANT],331.911,1 000,50 000,Lifetime Refill,5 hours 58 minutes,,,1427.2173
12786,🇮🇹 Spotify Premium Plays - [𝐈𝐭𝐚𝐥𝐲 🇮🇹] [𝐓𝐫𝐚𝐜𝐤-𝐀𝐫𝐭𝐢𝐬𝐭-𝐏𝐥𝐚𝐲𝐥𝐢𝐬𝐭-𝐀𝐥𝐛𝐮𝐦] [Lifetime Refill] [Max 1M] [Speed 50-100K/Day] [INSTANT],100.932,1 000,1 000 000,Lifetime Refill,22 minutes,,,434.0076
12795,🇮🇹 Spotify Ads Plays - [Italy] [Lifetime Warranty] [Speed 5-10K/Day] [0-12HRS],465.84,500,20 000 000,No Refill,16 minutes,,,2003.112
12794,🇮🇹 Spotify Fake Editorial Playlist Plays - [𝐈𝐭𝐚𝐥𝐲] [Lifetime Refill] [Max 2M] [Speed 10-50K/Day] [24-48HRS],256.212,1 000,2 000 000,Lifetime Refill,55 minutes,,,1101.7116
12791,🇮🇹💎⚡️📀 Spotify [𝐑𝐀𝐃𝐈𝐎-𝐒𝐎𝐔𝐑𝐂𝐄] Plays [𝐈𝐭𝐚𝐥𝐲 🇮🇹] [Lifetime Warranty] [Max 500K] [Speed 5K/Day] [Always Instant],172.749,1 000,500 000,Lifetime Refill,22 minutes,,,742.8207
12793,🇮🇹 Spotify [𝐆𝐄𝐎-𝐓𝐀𝐑𝐆𝐄𝐓𝐄𝐃] Natural Plays - [𝐈𝐭𝐚𝐥𝐲 🇮🇹] [𝐓𝐫𝐚𝐜𝐤-𝐀𝐫𝐭𝐢𝐬𝐭-𝐏𝐥𝐚𝐲𝐥𝐢𝐬𝐭-𝐀𝐥𝐛𝐮𝐦] [Lifetime Refill] [Max 20K] [Speed 300-500/Day] [INSTANT],102.226,500,20 000,Lifetime Refill,23 minutes,,,439.5718
12812,🇦🇺 Spotify Saves - [Australia 🇦🇺] [Lifetime Warranty] [Max 10M] [Speed 10-50K/Day] [0-6HRS],161.4912,100,1 000 000,Lifetime Refill,33 minutes,,,694.41216
12805,🇦🇺 Spotify 𝐑𝐚𝐧𝐤𝐢𝐧𝐠 𝐏𝐥𝐚𝐲𝐬 - [𝐀𝐮𝐬𝐭𝐫𝐚𝐥𝐢𝐚 🇦🇺] [𝐀𝐥𝐛𝐮𝐦 - 𝐏𝐥𝐚𝐲𝐥𝐢𝐬𝐭 - 𝐏𝐢𝐜𝐤𝐞𝐫] [Max 500K] [Speed 30K/Day] [INSTANT],119.695,500,500 000,Lifetime Refill,33 minutes,,,514.6885
12811,🇦🇺 Spotify Plays [AUSTRALIA] - [Lifetime Warranty] [Speed 10-50K/Day] [0-4HRS],24.586,500,5 000 000,Lifetime Refill,11 minutes,,,105.7198
12802,🇦🇺 Spotify Premium Plays - [𝐀𝐮𝐬𝐭𝐫𝐚𝐥𝐢𝐚 🇦🇺] [𝐓𝐫𝐚𝐜𝐤-𝐀𝐫𝐭𝐢𝐬𝐭-𝐏𝐥𝐚𝐲𝐥𝐢𝐬𝐭-𝐀𝐥𝐛𝐮𝐦] [Lifetime Refill] [Max 1M] [Speed 50-100K/Day] [INSTANT],100.932,1 000,1 000 000,Lifetime Refill,22 minutes,,,434.0076
12807,🇦🇺💎⚡️📀 Spotify [𝐑𝐀𝐃𝐈𝐎-𝐒𝐎𝐔𝐑𝐂𝐄] [𝐀𝐮𝐬𝐭𝐫𝐚𝐥𝐢𝐚 🇦🇺] Plays [Lifetime Warranty] [Max 500K] [Speed 5K/Day] [Always Instant],172.749,1 000,500 000,Lifetime Refill,16 minutes,,,742.8207
12809,🇦🇺 Spotify [𝐆𝐄𝐎-𝐓𝐀𝐑𝐆𝐄𝐓𝐄𝐃] Natural Plays - [𝐀𝐮𝐬𝐭𝐫𝐚𝐥𝐢𝐚 🇦🇺] [𝐓𝐫𝐚𝐜𝐤-𝐀𝐫𝐭𝐢𝐬𝐭-𝐏𝐥𝐚𝐲𝐥𝐢𝐬𝐭-𝐀𝐥𝐛𝐮𝐦] [Lifetime Refill] [Max 20K] [Speed 300-500/Day] [INSTANT],102.226,500,20 000,Lifetime Refill,90 hours 46 minutes,,,439.5718
12803,🇦🇺 Spotify 𝐀𝐥𝐠𝐨𝐫𝐢𝐭𝐡𝐦𝐢𝐜 𝐒𝐨𝐮𝐫𝐜𝐞 Plays - [𝐀𝐮𝐬𝐭𝐫𝐚𝐥𝐢𝐚 🇦🇺] [𝐓𝐫𝐚𝐜𝐤-𝐀𝐫𝐭𝐢𝐬𝐭-𝐏𝐥𝐚𝐲𝐥𝐢𝐬𝐭-𝐀𝐥𝐛𝐮𝐦] [Lifetime Refill] [Max 1M] [Speed 5K/Day] [INSTANT],331.911,1 000,50 000,Lifetime Refill,11 minutes,,,1427.2173
10644,Discord Server Members - [ 𝐎𝐅𝐅𝐋𝐈𝐍𝐄 🔴 ] [ 𝐀𝐝𝐝 𝐁𝐨𝐭 ] [ 30 Days Refill] [ Max 5K ] [ Speed 5K/Day ] [ 𝐑𝐞𝐚𝐝 𝐃𝐞𝐬𝐜𝐫𝐢𝐩𝐭𝐢𝐨𝐧 ] [ INSTANT ],543.48,10,100,No Refill,5 minutes,,,2336.964
8600,Discord Server Members - [ 𝐎𝐍𝐋𝐈𝐍𝐄 🟢 ] [ 𝐀𝐝𝐝 𝐁𝐨𝐭 ] [ 30 Days Refill ] [ Max 5K ] [ Speed 5K/Day ] [ 𝐑𝐞𝐚𝐝 𝐃𝐞𝐬𝐜𝐫𝐢𝐩𝐭𝐢𝐨𝐧 ] [ Always Instant ],647,10,500,No Refill,3 hours 47 minutes,,,2782.1
13309,Discord Server Members - [ 𝐎𝐍𝐋𝐈𝐍𝐄 🟢 ] [ 𝐀𝐝𝐝 𝐁𝐨𝐭 ] [ 30 Days Refill ] [ Max 5K ] [ Server 2 ] [ Speed 5K/Day ] [ 𝐑𝐞𝐚𝐝 𝐃𝐞𝐬𝐜𝐫𝐢𝐩𝐭𝐢𝐨𝐧 ] [ Always Instant ],711.7,10,100,No Refill,1 hour 37 minutes,,,3060.31
10645,Discord Server Members - [ 𝐎𝐧𝐥𝐢𝐧𝐞 𝐅𝐨𝐫 𝟏 𝐌𝐨𝐧𝐭𝐡 🟢 ] [ 𝐀𝐝𝐝 𝐁𝐨𝐭 ] [ Max 3K ] [ Speed 3K/Day] [ 𝐑𝐞𝐚𝐝 𝐃𝐞𝐬𝐜𝐫𝐢𝐩𝐭𝐢𝐨𝐧 ] [ 0-1HR ],841.1,50,500,No Refill,22 minutes,,,3616.73
15382,Discord Server Members [ 𝐎𝐍𝐋𝐈𝐍𝐄 🟢 ] [ 🌐 Global ] [ 𝐀𝐃𝐃 𝐁𝐎𝐓 ] [ 30 Days Refill ] [ Max 7K ] [ Speed 7K/Day ] [ 𝐑𝐞𝐚𝐝 𝐃𝐞𝐬𝐜𝐫𝐢𝐩𝐭𝐢𝐨𝐧 ] [ Always Instant ],384.318,10,900,No Refill,11 minutes,,,1652.5674
17601,Discord Server Members [ 𝐎𝐍𝐋𝐈𝐍𝐄 🟢 ] [ 🇧🇷 BRAZIL ] [𝐀𝐃𝐃 𝐁𝐎𝐓 ] [ 30 Days Refill ] [ Max 1K ] [ Speed 1K/Day ] [ 𝐑𝐞𝐚𝐝 𝐃𝐞𝐬𝐜𝐫𝐢𝐩𝐭𝐢𝐨𝐧 ] [ Always Instant ],364.908,10,50,No Refill,89 hours 30 minutes,,,1569.1044
15383,Discord Server Members [ 𝐎𝐅𝐅𝐋𝐈𝐍𝐄 🔴 ] [ 🌐 Global ] [ 𝐀𝐃𝐃 𝐁𝐎𝐓 ] [ 30 Days Refill ] [ Max 2K ] [ Speed 5K/Day ] [ 𝐑𝐞𝐚𝐝 𝐃𝐞𝐬𝐜𝐫𝐢𝐩𝐭𝐢𝐨𝐧 ] [ INSTANT ],461.958,20,1 500,No Refill,41 minutes,,,1986.4194
17600,Discord Server Members [ 𝐎𝐅𝐅𝐋𝐈𝐍𝐄 🔴 ] [ 🌐 Global ] [ 𝐀𝐃𝐃 𝐁𝐎𝐓 ] [ 30 Days Refill ] [ Max 2K ] [ Speed 5K/Day ] [ 𝐑𝐞𝐚𝐝 𝐃𝐞𝐬𝐜𝐫𝐢𝐩𝐭𝐢𝐨𝐧 ] [ INSTANT ],218.686,10,150,No Refill,17 minutes,,,940.3498
9916,LinkedIn 𝐏𝐚𝐠𝐞 / 𝐏𝐫𝐨𝐟𝐢𝐥𝐞 𝐅𝐨𝐥𝐥𝐨𝐰𝐞𝐫𝐬 | 30 Days Auto Refill | Max 1M | Quality: 🇺🇲 𝐔𝐒𝐀 𝐏𝐑𝐎𝐅𝐈𝐋𝐄𝐒 | 𝐒𝐮𝐩𝐞𝐫 𝐅𝐚𝐬𝐭 | Speed 50K/Day | INSTANT,1617.5,10,1 000 000,30 Days Refill,2 minutes,,,6955.25
16651,LinkedIn 𝐂𝐨𝐧𝐧𝐞𝐜𝐭𝐢𝐨𝐧𝐬 | 30 Days Auto Refill | Max 1M | 𝐇𝐢𝐠𝐡 𝐐𝐮𝐚𝐥𝐢𝐭𝐲 | 𝐒𝐮𝐩𝐞𝐫 𝐅𝐚𝐬𝐭 | Speed 20K/Day | INSTANT,1294,10,1 000 000,30 Days Refill,49 hours 40 minutes,,,5564.2
16652,LinkedIn 𝐄𝐧𝐝𝐨𝐫𝐬𝐞𝐦𝐞𝐧𝐭𝐬 | 30 Days Auto Refill | Max 1M | 𝐇𝐢𝐠𝐡 𝐐𝐮𝐚𝐥𝐢𝐭𝐲 | 𝐒𝐮𝐩𝐞𝐫 𝐅𝐚𝐬𝐭 | Speed 20K/Day | INSTANT,16175,10,1 000 000,30 Days Refill,16 minutes,,,69552.5
14845,LinkedIn 𝐆𝐫𝐨𝐮𝐩 𝐌𝐞𝐦𝐛𝐞𝐫𝐬 | 30 Days Auto Refill | Max 1M | 𝐇𝐢𝐠𝐡 𝐐𝐮𝐚𝐥𝐢𝐭𝐲 | 𝐒𝐮𝐩𝐞𝐫 𝐅𝐚𝐬𝐭 | Speed 50K/Day | INSTANT,8087.5,10,1 000 000,30 Days Refill,23 minutes,,,34776.25
14847,LinkedIn 𝐏𝐨𝐬𝐭 𝐋𝐢𝐤𝐞𝐬 | 30 Days Auto Refill | Max 1M | 𝐇𝐢𝐠𝐡 𝐐𝐮𝐚𝐥𝐢𝐭𝐲 | 𝐒𝐮𝐩𝐞𝐫 𝐅𝐚𝐬𝐭 | Speed 20K/Day | INSTANT,1294,10,1 000 000,30 Days Refill,1 minute,,,5564.2
16650,LinkedIn 𝐑𝐞𝐩𝐨𝐬𝐭𝐬 | 30 Days Auto Refill | Max 1M | 𝐇𝐢𝐠𝐡 𝐐𝐮𝐚𝐥𝐢𝐭𝐲 | 𝐒𝐮𝐩𝐞𝐫 𝐅𝐚𝐬𝐭 | Speed 20K/Day | INSTANT,3235,10,1 000 000,30 Days Refill,1 minute,,,13910.5
14848,LinkedIn 𝐒𝐞𝐧𝐝 | 30 Days Auto Refill | Max 1M | 𝐇𝐢𝐠𝐡 𝐐𝐮𝐚𝐥𝐢𝐭𝐲 | 𝐒𝐮𝐩𝐞𝐫 𝐅𝐚𝐬𝐭 | Speed 20K/Day | INSTANT,1294,10,1 000 000,30 Days Refill,1 minute,,,5564.2
16649,LinkedIn 𝐍𝐞𝐰𝐬𝐥𝐞𝐭𝐭𝐞𝐫 𝐒𝐮𝐛𝐬𝐜𝐫𝐢𝐛𝐞𝐫𝐬 | 30 Days Auto Refill | Max 1M | 𝐇𝐢𝐠𝐡 𝐐𝐮𝐚𝐥𝐢𝐭𝐲 | 𝐒𝐮𝐩𝐞𝐫 𝐅𝐚𝐬𝐭 | Speed 50K/Day | INSTANT,3235,10,1 000 000,30 Days Refill,55 minutes,,,13910.5
16654,LinkedIn 𝐑𝐞𝐚𝐜𝐭𝐢𝐨𝐧 | ❤️ 𝐆𝐫𝐞𝐚𝐭 | 30 Days Auto Refill | Max 1M | 𝐇𝐢𝐠𝐡 𝐐𝐮𝐚𝐥𝐢𝐭𝐲 | 𝐒𝐮𝐩𝐞𝐫 𝐅𝐚𝐬𝐭 | Speed 20K/Day | INSTANT,3235,10,1 000 000,30 Days Refill,1 minute,,,13910.5
16653,LinkedIn 𝐑𝐞𝐜𝐨𝐦𝐦𝐞𝐧𝐝𝐚𝐭𝐢𝐨𝐧𝐬 | 30 Days Auto Refill | Max 1M | 𝐇𝐢𝐠𝐡 𝐐𝐮𝐚𝐥𝐢𝐭𝐲 | 𝐒𝐮𝐩𝐞𝐫 𝐅𝐚𝐬𝐭 | Speed 20K/Day | INSTANT,161750,5,1 000 000,30 Days Refill,55 minutes,,,695525
16136,Linkedin 𝐏𝐫𝐞𝐦𝐢𝐮𝐦 Profile Followers | 30 Days Refill | 𝐍𝐨𝐧-𝐃𝐫𝐨𝐩 | Speed Up To 5K/Day | 0-10 Mins,2102.75,100,25 000,30 Days Refill,6 hours 7 minutes,,,9041.825
16137,Linkedin 𝐏𝐫𝐞𝐦𝐢𝐮𝐦 Company Followers | 30 Days Refill | 𝐍𝐨𝐧-𝐃𝐫𝐨𝐩 | Speed Up To 5K/Day | 0-10 Mins,2102.75,100,25 000,30 Days Refill,1 hour 6 minutes,,,9041.825
16144,Linkedin 𝐏𝐫𝐞𝐦𝐢𝐮𝐦 Company Followers | 60 Days Refill | 𝐑𝐞𝐚𝐥 𝐔𝐬𝐞𝐫𝐬 & 𝐅𝐚𝐬𝐭𝐞𝐬𝐭 | Speed Up To 5K/Day | 0-10 Mins,2458.6,100,5 000,60 Days Refill,16 minutes,,,10571.98
16145,Linkedin 𝐏𝐫𝐞𝐦𝐢𝐮𝐦 Profile Followers | 60 Days Refill | 𝐑𝐞𝐚𝐥 𝐔𝐬𝐞𝐫𝐬 & 𝐅𝐚𝐬𝐭𝐞𝐬𝐭 | Speed Up To 5K/Day | 0-10 Mins,2458.6,100,5 000,60 Days Refill,53 minutes,,,10571.98
16138,Linkedin 𝐏𝐫𝐞𝐦𝐢𝐮𝐦 & 𝐎𝐫𝐠𝐚𝐧𝐢𝐜 Post Likes | 30 Days Refill | 𝐍𝐨𝐧-𝐃𝐫𝐨𝐩 | Speed Up To 500/Day | 0-10 Mins,1455.75,10,5 000,30 Days Refill,1 minute,,,6259.725
16142,Linkedin 𝐏𝐫𝐞𝐦𝐢𝐮𝐦 Connections | 30 Days Refill | 𝐍𝐨𝐧-𝐃𝐫𝐨𝐩 | Speed Up To 500/Day | 0-10 Mins,8216.9,10,5 000,30 Days Refill,1 hour,,,35332.67
16141,Linkedin 𝐏𝐫𝐞𝐦𝐢𝐮𝐦 Reposts | 30 Days Refill | 𝐍𝐨𝐧-𝐃𝐫𝐨𝐩 | Speed Up To 500/Day | 0-10 Mins,3235,10,20 000,30 Days Refill,11 minutes,,,13910.5
9044,LinkedIn 𝐏𝐫𝐨𝐟𝐢𝐥𝐞 𝐅𝐨𝐥𝐥𝐨𝐰𝐞𝐫𝐬 - [30 Days Refill] [Max 5K] [𝐑𝐄𝐀𝐋 & 𝐎𝐑𝐆𝐀𝐍𝐈𝐂] [Speed 500/Day] [0-3HRS],1999.23,1,5 000,No Refill,23 minutes,,,8596.689
14844,LinkedIn 𝐂𝐨𝐦𝐩𝐚𝐧𝐲 𝐅𝐨𝐥𝐥𝐨𝐰𝐞𝐫𝐬 - [30 Days Refill] [Max 10K] [𝐑𝐄𝐀𝐋 & 𝐇𝐐] [Speed 500-1K/Day] [0-3HRS],2111.808,1,10 000,30 Days Refill,2 minutes,,,9080.7744
10116,LinkedIn 𝐂𝐨𝐦𝐩𝐚𝐧𝐲 𝐅𝐨𝐥𝐥𝐨𝐰𝐞𝐫𝐬 - [30 Days Refill] [Max 10K] [𝐑𝐄𝐀𝐋 & 𝐎𝐑𝐆𝐀𝐍𝐈𝐂] [Speed 200-500/Day] [0-6HRS],1560.564,1,10 000,No Refill,5 hours 46 minutes,,,6710.4252
14846,LinkedIn 𝐆𝐫𝐨𝐮𝐩 𝐌𝐞𝐦𝐛𝐞𝐫𝐬 - [30 Days Refill] [𝐑𝐄𝐀𝐋 & 𝐎𝐑𝐆𝐀𝐍𝐈𝐂] [Max 5K] [Speed 500-1K/Day] [0-3HRS],9464.316,1,5 000,No Refill,22 minutes,,,40696.5588
9917,LinkedIn 𝐂𝐨𝐦𝐩𝐚𝐧𝐲 𝐅𝐨𝐥𝐥𝐨𝐰𝐞𝐫𝐬 - [30 Days Refill] [𝐑𝐄𝐀𝐋 & 𝐎𝐑𝐆𝐀𝐍𝐈𝐂] [Max 10K] [Speed 500-1K/Day] [0-6HRS],1880.182,1,10 000,No Refill,1 minute,,,8084.7826
9058,LinkedIn 𝐂𝐨𝐦𝐩𝐚𝐧𝐲 𝐅𝐨𝐥𝐥𝐨𝐰𝐞𝐫𝐬 - [30 Days Refill] [𝐑𝐄𝐀𝐋 & 𝐎𝐑𝐆𝐀𝐍𝐈𝐂] [Max 10K] [Speed 200/Day] [0-6HRS],1556.682,1,10 000,No Refill,55 minutes,,,6693.7326
10113,LinkedIn Post Likes - [30 Days Refill] [Max 5K] [𝐑𝐄𝐀𝐋 & 𝐎𝐑𝐆𝐀𝐍𝐈𝐂] [Speed 500/Day] [0-2HRS],1572.21,10,5 000,No Refill,1 minute,,,6760.503
9045,LinkedIn Post Likes - [30 Days Refill] [Max 10K] [𝐑𝐄𝐀𝐋 & 𝐎𝐑𝐆𝐀𝐍𝐈𝐂] [Speed 200/Day] [0-2HRS],1294,20,10 000,No Refill,1 minute,,,5564.2
10114,LinkedIn RePost - [30 Days Refill] [Max 1M] [Speed 1K/Day] [0-3HRS],3235,10,1 000 000,30 Days Refill,55 minutes,,,13910.5
9046,LinkedIn Reshares - [30 Days Refill] [Max 10K] [𝐑𝐄𝐀𝐋 & 𝐎𝐑𝐆𝐀𝐍𝐈𝐂] [Speed 200/Day] [0-6HRS],5910.992,1,10 000,No Refill,33 minutes,,,25417.2656
9957,LinkedIn 𝐑𝐚𝐧𝐝𝐨𝐦 𝐂𝐨𝐦𝐦𝐞𝐧𝐭𝐬 - [Lifetime Warranty] [𝐑𝐄𝐀𝐋 & 𝐇𝐐 𝐔𝐒𝐄𝐑𝐒] [Speed 100/Day] [0-2HRS],3583.086,1,3 000,No Refill,55 minutes,,,15407.2698
9956,LinkedIn 𝐂𝐮𝐬𝐭𝐨𝐦 𝐂𝐨𝐦𝐦𝐞𝐧𝐭𝐬 - [Lifetime Warranty] [𝐑𝐄𝐀𝐋 & 𝐇𝐐 𝐔𝐒𝐄𝐑𝐒] [Speed 200/Day] [0-24HRS],3977.756,5,1 000,No Refill,10 minutes,,,17104.3508
9047,LinkedIn Connections - [30 Days Refill] [Max 10K] [𝐑𝐄𝐀𝐋 & 𝐎𝐑𝐆𝐀𝐍𝐈𝐂] [Speed 100/Day] [0-1HR],1327.644,1,10 000,No Refill,11 minutes,,,5708.8692
10115,LinkedIn Connections - [30 Days Refill] [Max 10K] [𝐑𝐄𝐀𝐋 & 𝐎𝐑𝐆𝐀𝐍𝐈𝐂] [Speed 500/Day] [0-1HR],8087.5,10,6 500 000,No Refill,4 minutes,,,34776.25
9102,LinkedIn Endorsements - [30 Days Refill] [Max 5k] [Speed 100/Day] [0-24HRS],16822,10,5 000,30 Days Refill,17 minutes,,,72334.6
16767,Kick.com Followers - Max 100K | 30 Days Refill | Speed 10-30K/Day | 0-15 Minutes,256.212,10,100 000,30 Days Refill,2 hours 59 minutes,,,1101.7116
13484,Kick.com Followers - Max 100K | 60 Days Refill | Speed 10-30K/Day | 0-15 Minutes,322.206,10,100 000,60 Days Refill,31 minutes,,,1385.4858
13481,Kick.com Followers - Max 20K | No Refill | Speed 5-10K/Day | 0-30 Minutes,194.1,20,20 000,No Refill,3 hours 32 minutes,,,834.63
13483,Kick.com Followers - Max 100K | No Refill | Speed 20K/Day | 0-15 Minutes,217.392,50,100 000,No Refill,15 minutes,,,934.7856
13482,Kick.com Followers - Good Quality | Max 50K | No Refill | Speed 100K/Day | 0-30 Minutes,297.62,10,50 000,No Refill,28 minutes,,,1279.766
16768,Kick.com Clip Views - Max 1M | Non-Drop | Speed 1M/Day | INSTANT,3.882,100,1 000 000,No Refill,56 minutes,,,16.6926
16769,Kick.com Video Views - Max 1M | Non-Drop | Speed 1M/Day | INSTANT,3.882,100,1 000 000,No Refill,9 hours 6 minutes,,,16.6926
13486,Kick.com Clip / Video Views - Max 10M | Non-Drop | Speed 2-5M/Day | 0-15 Minutes,6.47,10,50 000,No Refill,26 minutes,,,27.821
13488,Kick.com Clip / Video Views - Max 100K | Non-Drop | Speed 5-10K/Day | 0-15 Minutes,6.47,10,100 000,No Refill,16 minutes,,,27.821
13485,Kick.com Clip / Video Views - Max 1M | Non-Drop | Speed 5M/Day | INSTANT,12.94,100,1 000 000,No Refill,22 minutes,,,55.642
13487,Kick.com Clip / Video Views - Unlimited | Non-Drop | Speed 10M/Day | 0-5 Minutes,23.292,500,1 000 000,No Refill,23 minutes,,,100.1556
13489,Kick Live Stream Views | 15 Minutes | Max 100K | Cheapest | Speed 100K/Day | 0-5 Minutes,7.764,10,100 000,No Refill,2 minutes,,,33.3852
13490,Kick Live Stream Views | 30 Minutes | Max 100K | Cheapest | Speed 100K/Day | 0-5 Minutes,20.704,10,100 000,No Refill,2 minutes,,,89.0272
13491,Kick Live Stream Views | 45 Minutes | Max 100K | Cheapest | Speed 100K/Day | 0-5 Minutes,21.998,10,100 000,No Refill,1 minute,,,94.5914
13492,Kick Live Stream Views | 60 Minutes | Max 100K | Cheapest | Speed 100K/Day | 0-5 Minutes,28.468,10,100 000,No Refill,1 minute,,,122.4124
13493,Kick Live Stream Views | 90 Minutes | Max 100K | Cheapest | Speed 100K/Day | 0-5 Minutes,42.702,10,100 000,No Refill,2 minutes,,,183.6186
13494,Kick Live Stream Views | 120 Minutes | Max 100K | Cheapest | Speed 100K/Day | 0-5 Minutes,56.936,10,100 000,No Refill,4 minutes,,,244.8248
13495,Kick Live Stream Views | 180 Minutes | Max 100K | Cheapest | Speed 100K/Day | 0-5 Minutes,84.11,10,100 000,No Refill,4 minutes,,,361.673
13496,Kick Live Stream Views | 240 Minutes | Max 100K | Cheapest | Speed 100K/Day | 0-5 Minutes,112.578,10,100 000,No Refill,1 minute,,,484.0854
16762,Kick Live Stream Views | 300 Minutes | Max 100K | Cheapest | Speed 100K/Day | 0-5 Minutes,139.752,10,100 000,No Refill,1 minute,,,600.9336
16763,Kick Live Stream Views | 720 Minutes | Max 100K | Cheapest | Speed 100K/Day | 0-5 Minutes,336.44,10,100 000,No Refill,1 minute,,,1446.692
16764,Kick Live Stream Views | 24 HRS | Max 100K | Cheapest | Speed 100K/Day | 0-5 Minutes,671.586,10,100 000,No Refill,11 minutes,,,2887.8198
16765,Kick Live Stream Views | 1 WEEK | Max 100K | Cheapest | Speed 100K/Day | 0-5 Minutes,4695.926,10,100 000,No Refill,2 minutes,,,20192.4818
16766,Kick Live Stream Views | 1 MONTH | Max 100K | Cheapest | Speed 100K/Day | 0-5 Minutes,20124.288,10,100 000,No Refill,17 minutes,,,86534.4384
16461,Kick Live Viewers [Max 300] [%100 Stable] [Drop 0%] [Userlist] [VOD Views] [15 Minutes] [Start/Stop Button],77.64,1,300,No Refill,33 minutes,,,333.852
16462,Kick Live Viewers [Max 400] [%100 Stable] [Drop 0%] [Userlist] [VOD Views] [30 Minutes] [Start/Stop Button],155.28,1,400,No Refill,2 minutes,,,667.704
16463,Kick Live Viewers [Max 500] [%100 Stable] [Drop 0%] [Userlist] [VOD Views] [45 Minutes] [Start/Stop Button],232.92,1,500,No Refill,3 minutes,,,1001.556
16464,Kick Live Viewers [Max 10K] [%100 Stable] [Drop 0%] [Userlist] [VOD Views] [1 Hour] [Start/Stop Button],310.56,1,10 000,No Refill,1 hour 4 minutes,,,1335.408
16465,Kick Live Viewers [Max 10K] [%100 Stable] [Drop 0%] [Userlist] [VOD Views] [2 Hours] [Start/Stop Button],619.826,1,10 000,No Refill,2 hours 3 minutes,,,2665.2518
16466,Kick Live Viewers [Max 10K] [%100 Stable] [Drop 0%] [Userlist] [VOD Views] [3 Hours] [Start/Stop Button],929.092,1,10 000,No Refill,11 minutes,,,3995.0956
16467,Kick Live Viewers [Max 10K] [%100 Stable] [Drop 0%] [Userlist] [VOD Views] [4 Hours] [Start/Stop Button],1238.358,1,10 000,No Refill,4 hours 3 minutes,,,5324.9394
16468,Kick Live Viewers [Max 10K] [%100 Stable] [Drop 0%] [Userlist] [VOD Views] [5 Hours] [Start/Stop Button],1494.57,1,10 000,No Refill,3 minutes,,,6426.651
16469,Kick Live Viewers [Max 10K] [%100 Stable] [Drop 0%] [Userlist] [VOD Views] [6 Hours] [Start/Stop Button],1858.184,1,10 000,No Refill,3 minutes,,,7990.1912
16470,Kick Live Viewers [Max 10K] [%100 Stable] [Drop 0%] [Userlist] [VOD Views] [7 Hours] [Start/Stop Button],2167.45,1,10 000,No Refill,11 minutes,,,9320.035
16471,Kick Live Viewers [Max 10K] [%100 Stable] [Drop 0%] [Userlist] [VOD Views] [1 Day] [Start/Stop Button],2902.442,1,10 000,No Refill,33 minutes,,,12480.5006
16472,Kick Live Viewers [Max 10K] [%100 Stable] [Drop 0%] [Userlist] [VOD Views] [1 Week] [Start/Stop Button],11607.18,1,10 000,No Refill,11 minutes,,,49910.874
16473,Kick Live Viewers [Max 10K] [%100 Stable] [Drop 0%] [Userlist] [VOD Views] [1 Month] [Start/Stop Button],25148.89,1,10 000,No Refill,55 minutes,,,108140.227
16209,Kick Live Viewers [Max 5K] [%100 Stable] [Drop 0%] [Userlist] [VOD Views] [AutoGeo] [Raid] [1 Hours],174.69,5,1 000,No Refill,1 hour 2 minutes,,,751.167
16210,Kick Live Viewers [Max 5K] [%100 Stable] [Drop 0%] [Userlist] [VOD Views] [AutoGeo] [Raid] [2 Hours],348.086,5,1 000,No Refill,2 hours 2 minutes,,,1496.7698
16211,Kick Live Viewers [Max 5K] [%100 Stable] [Drop 0%] [Userlist] [VOD Views] [AutoGeo] [Raid] [3 Hours],522.776,5,1 000,No Refill,1 hour 40 minutes,,,2247.9368
16212,Kick Live Viewers [Max 5K] [%100 Stable] [Drop 0%] [Userlist] [VOD Views] [AutoGeo] [Raid] [4 Hours],696.172,5,1 000,No Refill,16 minutes,,,2993.5396
16213,Kick Live Viewers [Max 5K] [%100 Stable] [Drop 0%] [Userlist] [VOD Views] [AutoGeo] [Raid] [5 Hours],869.568,5,1 000,No Refill,16 minutes,,,3739.1424
16214,Kick Live Viewers [Max 5K] [%100 Stable] [Drop 0%] [Userlist] [VOD Views] [AutoGeo] [Raid] [6 Hours],1044.258,5,1 000,No Refill,16 minutes,,,4490.3094
16215,Kick Live Viewers [Max 5K] [%100 Stable] [Drop 0%] [Userlist] [VOD Views] [AutoGeo] [Raid] [7 Hours],1217.654,5,1 000,No Refill,33 minutes,,,5235.9122
16216,Kick Live Viewers [Max 5K] [%100 Stable] [Drop 0%] [Userlist] [VOD Views] [AutoGeo] [Raid] [8 Hours],1391.05,5,1 000,No Refill,33 minutes,,,5981.515
16217,Kick Live Viewers [Max 5K] [%100 Stable] [Drop 0%] [Userlist] [VOD Views] [AutoGeo] [Raid] [1 Day],2116.984,5,1 000,No Refill,22 minutes,,,9103.0312
16218,Kick Live Viewers [Max 5K] [%100 Stable] [Drop 0%] [Userlist] [VOD Views] [AutoGeo] [Raid] [1 Week],9525.134,5,1 000,No Refill,17 minutes,,,40958.0762
16219,Kick Live Viewers [Max 5K] [%100 Stable] [Drop 0%] [Userlist] [VOD Views] [AutoGeo] [Raid] [1 Month],17841.672,5,1 000,No Refill,22 minutes,,,76719.1896
13497,Kick Live Stream Views S3 | 1 HR | Max 10K | 100% Stable & Zero Drop | Speed 10K/Day | 0-5 Minutes,297.62,5,10 000,No Refill,8 minutes,,,1279.766
13512,Kick Live Stream Views S3 | 2 HRS | Max 10K | 100% Stable & Zero Drop | Speed 10K/Day | 0-5 Minutes,595.24,5,10 000,No Refill,2 minutes,,,2559.532
13513,Kick Live Stream Views S3 | 3 HRS | Max 10K | 100% Stable & Zero Drop | Speed 10K/Day | 0-5 Minutes,892.86,5,10 000,No Refill,2 minutes,,,3839.298
13514,Kick Live Stream Views S3 | 4 HRS | Max 10K | 100% Stable & Zero Drop | Speed 10K/Day | 0-5 Minutes,1190.48,5,10 000,No Refill,2 minutes,,,5119.064
16220,Kick Live Stream Views S3 | 1 Day | Max 10K | 100% Stable & Zero Drop | Speed 10K/Day | 0-5 Minutes,2949.026,5,10 000,No Refill,16 minutes,,,12680.8118
16221,Kick Live Stream Views S3 | 1 Week | Max 10K | 100% Stable & Zero Drop | Speed 10K/Day | 0-5 Minutes,11793.516,5,10 000,No Refill,11 minutes,,,50712.1188
16222,Kick Live Stream Views S3 | 1 Month | Max 10K | 100% Stable & Zero Drop | Speed 10K/Day | 0-5 Minutes,25551.324,5,10 000,No Refill,1 minute,,,109870.6932
6022,Twitch Clip Views - [30 Days Refill] [Max 100M] [Speed 100K/Day] [0-30 Mins],18.116,50,100 000,30 Days Refill,3 minutes,,,77.8988
13389,Twitch Clip Views - [30 Days Refill] [Max 100M] [Speed 1-2M/Day] [0-20 Mins],19.41,50,100 000,30 Days Refill,11 minutes,,,83.463
8938,Twitch Followers - [No Refill] [Max 1K] [Speed 1K/Day] [0-1HR],12.94,20,1 000,No Refill,2 minutes,,,55.642
8943,Twitch Followers - [Lifetime Refill] [Max 10M] [𝐁𝐞𝐬𝐭 𝐐𝐮𝐚𝐥𝐢𝐭𝐲] [Speed 500K/Day] [INSTANT] [𝐑𝐄𝐂𝐎𝐌𝐌𝐄𝐍𝐃𝐄𝐃],55.642,50,10 000 000,Lifetime Refill,2 hours 39 minutes,,,239.2606
6016,Twitch Clip Views - [30 Days Refill] [Max 100K] [Speed 50K/Day] [0-10 Mins],18.116,50,10 000 000,30 Days Refill,5 minutes,,,77.8988
8939,Twitch Followers - [30 Days Refill] [Max 10K] [𝐑𝐞𝐟𝐢𝐥𝐥 𝐁𝐮𝐭𝐭𝐨𝐧] [Speed 5K/Day] [0-1HR],20.704,50,10 000,30 Days Refill,3 minutes,,,89.0272
13390,Twitch Followers - [No Refill] [Max 50K] [Speed 20-30K/Day] [0-15 Mins],14.234,10,30 000,No Refill,2 hours 9 minutes,,,61.2062
8940,Twitch Followers - [30 Days Refill] [Max 1M] [𝐆𝐨𝐨𝐝 𝐐𝐮𝐚𝐥𝐢𝐭𝐲] [Speed 50-100K/Day] [0-1HR],25.88,20,1 000 000,30 Days Refill,4 minutes,,,111.284
8941,Twitch Followers - [90 Days Refill] [Max 10K] [𝐑𝐞𝐟𝐢𝐥𝐥 𝐁𝐮𝐭𝐭𝐨𝐧] [Speed 10K/Day] [0-30Mins],32.35,20,10 000,90 Days Refill,2 minutes,,,139.105
8942,Twitch Followers - [90 Days Refill] [Max 1M] [Speed 100-200K/Day] [𝐏𝐫𝐞𝐦𝐢𝐮𝐦 𝐐𝐮𝐚𝐥𝐢𝐭𝐲] [0-15Mins],37.526,100,1 000 000,90 Days Refill,2 minutes,,,161.3618
6013,Twitch Followers - [No Refill] [Max 15K] [Speed 1-5K/Day] [0-30Mins],32.35,20,15 000,No Refill,2 minutes,,,139.105
16445,Twitch Live Views [Max 5K] [%100 Stable] [Drop 0%] [Userlist] [5 Minutes] [Start/Stop Button],14.234,5,100,No Refill,90 hours 6 minutes,,,61.2062
16446,Twitch Live Views [Max 5K] [%100 Stable] [Drop 0%] [Userlist] [10 Minutes] [Start/Stop Button],29.762,5,200,No Refill,13 minutes,,,127.9766
16447,Twitch Live Views [Max 5K] [%100 Stable] [Drop 0%] [Userlist] [15 Minutes] [Start/Stop Button],41.408,5,300,No Refill,33 minutes,,,178.0544
16448,Twitch Live Views [Max 5K] [%100 Stable] [Drop 0%] [Userlist] [20 Minutes] [Start/Stop Button],54.348,5,400,No Refill,28 minutes,,,233.6964
16449,Twitch Live Views [Max 5K] [%100 Stable] [Drop 0%] [Userlist] [30 Minutes] [Start/Stop Button],81.522,5,500,No Refill,33 minutes,,,350.5446
16450,Twitch Live Views [Max 5K] [%100 Stable] [Drop 0%] [Userlist] [45 Minutes] [Start/Stop Button],107.402,5,5 000,No Refill,49 minutes,,,461.8286
16451,Twitch Live Views [Max 5K] [%100 Stable] [Drop 0%] [Userlist] [1 Hour] [Start/Stop Button],164.338,5,5 000,No Refill,1 hour 3 minutes,,,706.6534
16452,Twitch Live Views [Max 5K] [%100 Stable] [Drop 0%] [Userlist] [2 Hours] [Start/Stop Button],327.382,5,5 000,No Refill,2 hours 3 minutes,,,1407.7426
16453,Twitch Live Views [Max 5K] [%100 Stable] [Drop 0%] [Userlist] [3 Hours] [Start/Stop Button],491.72,5,5 000,No Refill,3 hours 3 minutes,,,2114.396
16454,Twitch Live Views [Max 5K] [%100 Stable] [Drop 0%] [Userlist] [4 Hours] [Start/Stop Button],654.764,5,5 000,No Refill,4 hours 3 minutes,,,2815.4852
16455,Twitch Live Views [Max 5K] [%100 Stable] [Drop 0%] [Userlist] [5 Hours] [Start/Stop Button],819.102,5,5 000,No Refill,55 minutes,,,3522.1386
16456,Twitch Live Views [Max 5K] [%100 Stable] [Drop 0%] [Userlist] [6 Hours] [Start/Stop Button],982.146,5,5 000,No Refill,23 minutes,,,4223.2278
16457,Twitch Live Views [Max 5K] [%100 Stable] [Drop 0%] [Userlist] [7 Hours] [Start/Stop Button],1146.484,5,5 000,No Refill,22 minutes,,,4929.8812
16458,Twitch Live Views [Max 30K] [%100 Stable] [Drop 0%] [Userlist] [1 Day] [Start/Stop Button],1486.806,5,5 000,No Refill,30 hours 15 minutes,,,6393.2658
16459,Twitch Live Views [Max 30K] [%100 Stable] [Drop 0%] [Userlist] [1 Week] [Start/Stop Button],5951.106,5,5 000,No Refill,168 hours 4 minutes,,,25589.7558
16460,Twitch Live Views [Max 30K] [%100 Stable] [Drop 0%] [Userlist] [1 Month] [Start/Stop Button],18862.638,5,5 000,No Refill,22 minutes,,,81109.3434
16429,Twitch Live Views [Max 100] [%100 Stable] [Drop 0%] [Userlist] [VOD Views] [AutoGeo] [Raid] [5 Minutes],14.234,5,100,No Refill,2 minutes,,,61.2062
16430,Twitch Live Views [Max 200] [%100 Stable] [Drop 0%] [Userlist] [VOD Views] [AutoGeo] [Raid] [10 Minutes],27.174,5,200,No Refill,29 minutes,,,116.8482
16431,Twitch Live Views [Max 300] [%100 Stable] [Drop 0%] [Userlist] [VOD Views] [AutoGeo] [Raid] [15 Minutes],41.408,5,300,No Refill,14 minutes,,,178.0544
16432,Twitch Live Views [Max 400] [%100 Stable] [Drop 0%] [Userlist] [VOD Views] [AutoGeo] [Raid] [20 Minutes],54.348,5,400,No Refill,15 minutes,,,233.6964
16433,Twitch Live Views [Max 500] [%100 Stable] [Drop 0%] [Userlist] [VOD Views] [AutoGeo] [Raid] [30 Minutes],81.522,5,500,No Refill,4 minutes,,,350.5446
16434,Twitch Live Views [Max 5K] [%100 Stable] [Drop 0%] [Userlist] [VOD Views] [AutoGeo] [Raid] [45 Minutes],107.402,5,5 000,No Refill,2 minutes,,,461.8286
16435,Twitch Live Views [Max 30K] [%100 Stable] [Drop 0%] [Userlist] [VOD Views] [AutoGeo] [Raid] [1 Hour],164.338,5,5 000,No Refill,2 minutes,,,706.6534
16436,Twitch Live Views [Max 30K] [%100 Stable] [Drop 0%] [Userlist] [VOD Views] [AutoGeo] [Raid] [2 Hours],327.382,5,5 000,No Refill,2 minutes,,,1407.7426
16437,Twitch Live Views [Max 30K] [%100 Stable] [Drop 0%] [Userlist] [VOD Views] [AutoGeo] [Raid] [3 Hours],491.72,5,5 000,No Refill,2 minutes,,,2114.396
16438,Twitch Live Views [Max 30K] [%100 Stable] [Drop 0%] [Userlist] [VOD Views] [AutoGeo] [Raid] [4 Hours],654.764,5,5 000,No Refill,3 minutes,,,2815.4852
16439,Twitch Live Views [Max 30K] [%100 Stable] [Drop 0%] [Userlist] [VOD Views] [AutoGeo] [Raid] [5 Hours],819.102,5,5 000,No Refill,8 minutes,,,3522.1386
16440,Twitch Live Views [Max 30K] [%100 Stable] [Drop 0%] [Userlist] [VOD Views] [AutoGeo] [Raid] [6 Hours],982.146,5,5 000,No Refill,55 minutes,,,4223.2278
16441,Twitch Live Views [Max 30K] [%100 Stable] [Drop 0%] [Userlist] [VOD Views] [AutoGeo] [Raid] [7 Hours],1146.484,5,5 000,No Refill,2 minutes,,,4929.8812
16442,Twitch Live Views [Max 30K] [%100 Stable] [Drop 0%] [Userlist] [VOD Views] [AutoGeo] [Raid] [1 Day],2270.97,5,5 000,No Refill,22 minutes,,,9765.171
16443,Twitch Live Views [Max 30K] [%100 Stable] [Drop 0%] [Userlist] [VOD Views] [AutoGeo] [Raid] [1 Week],9226.22,5,5 000,No Refill,3 minutes,,,39672.746
16444,Twitch Live Views [Max 30K] [%100 Stable] [Drop 0%] [Userlist] [VOD Views] [AutoGeo] [Raid] [1 Month],27381.04,5,5 000,No Refill,3 minutes,,,117738.472
13411,Twitch Live 𝐕𝐎𝐃 Views - Max 10K | 𝐔𝐬𝐞𝐫𝐋𝐢𝐬𝐭 𝐇𝐢𝐠𝐡 𝐐𝐮𝐚𝐥𝐢𝐭𝐲 | 1 Hour | Auto-Geo Targeted | Zero Drops | Speed 10K/Day | INSTANT,285.974,5,5 000,No Refill,2 minutes,,,1229.6882
13412,Twitch Live 𝐕𝐎𝐃 Views - Max 10K | 𝐔𝐬𝐞𝐫𝐋𝐢𝐬𝐭 𝐇𝐢𝐠𝐡 𝐐𝐮𝐚𝐥𝐢𝐭𝐲 | 2 Hours | Auto-Geo Targeted | Zero Drops | Speed 10K/Day | INSTANT,571.948,5,5 000,No Refill,12 minutes,,,2459.3764
13413,Twitch Live 𝐕𝐎𝐃 Views - Max 10K | 𝐔𝐬𝐞𝐫𝐋𝐢𝐬𝐭 𝐇𝐢𝐠𝐡 𝐐𝐮𝐚𝐥𝐢𝐭𝐲 | 3 Hours | Auto-Geo Targeted | Zero Drops | Speed 10K/Day | INSTANT,857.922,5,5 000,No Refill,23 minutes,,,3689.0646
13414,Twitch Live 𝐕𝐎𝐃 Views - Max 10K | 𝐔𝐬𝐞𝐫𝐋𝐢𝐬𝐭 𝐇𝐢𝐠𝐡 𝐐𝐮𝐚𝐥𝐢𝐭𝐲 | 4 Hours | Auto-Geo Targeted | Zero Drops | Speed 10K/Day | INSTANT,1143.896,5,5 000,No Refill,2 minutes,,,4918.7528
13415,Twitch Live 𝐕𝐎𝐃 Views - Max 10K | 𝐔𝐬𝐞𝐫𝐋𝐢𝐬𝐭 𝐇𝐢𝐠𝐡 𝐐𝐮𝐚𝐥𝐢𝐭𝐲 | 1 Days | Auto-Geo Targeted | Zero Drops | Speed 10K/Day | INSTANT,2180.39,5,5 000,No Refill,55 minutes,,,9375.677
13416,Twitch Live 𝐕𝐎𝐃 Views - Max 10K | 𝐔𝐬𝐞𝐫𝐋𝐢𝐬𝐭 𝐇𝐢𝐠𝐡 𝐐𝐮𝐚𝐥𝐢𝐭𝐲 | 1 Week | Auto-Geo Targeted | Zero Drops | Speed 10K/Day | INSTANT,8857.43,5,5 000,No Refill,22 minutes,,,38086.949
13417,Twitch Live 𝐕𝐎𝐃 Views - Max 10K | 𝐔𝐬𝐞𝐫𝐋𝐢𝐬𝐭 𝐇𝐢𝐠𝐡 𝐐𝐮𝐚𝐥𝐢𝐭𝐲 | 1 Month | Auto-Geo Targeted | Zero Drops | Speed 10K/Day | INSTANT,26286.316,5,5 000,No Refill,22 minutes,,,113031.1588
16428,Twitch Live Views - Max 10K | 𝐔𝐬𝐞𝐫𝐋𝐢𝐬𝐭 | 5 Minutes | Zero Drops | Speed 10K/Day | INSTANT,12.94,5,100,No Refill,2 minutes,,,55.642
16427,Twitch Live Views - Max 10K | 𝐔𝐬𝐞𝐫𝐋𝐢𝐬𝐭 | 10 Minutes | Zero Drops | Speed 10K/Day | INSTANT,25.88,5,150,No Refill,2 minutes,,,111.284
13391,Twitch Live Views - Max 10K | 𝐔𝐬𝐞𝐫𝐋𝐢𝐬𝐭 | 15 Minutes | Zero Drops | Speed 10K/Day | INSTANT,38.82,5,200,No Refill,2 minutes,,,166.926
13392,Twitch Live Views - Max 10K | 𝐔𝐬𝐞𝐫𝐋𝐢𝐬𝐭 | 30 Minutes | Zero Drops | Speed 10K/Day | INSTANT,51.76,5,250,No Refill,2 minutes,,,222.568
13393,Twitch Live Views - Max 10K | 𝐔𝐬𝐞𝐫𝐋𝐢𝐬𝐭 | 45 Minutes | Zero Drops | Speed 10K/Day | INSTANT,103.52,5,5 000,No Refill,4 minutes,,,445.136
13394,Twitch Live Views - Max 10K | 𝐔𝐬𝐞𝐫𝐋𝐢𝐬𝐭 | 1 Hour | Zero Drops | Speed 10K/Day | INSTANT,157.868,5,5 000,No Refill,3 minutes,,,678.8324
13395,Twitch Live Views - Max 10K | 𝐔𝐬𝐞𝐫𝐋𝐢𝐬𝐭 | 2 Hours | Zero Drops | Speed 10K/Day | INSTANT,314.442,5,5 000,No Refill,2 minutes,,,1352.1006
13396,Twitch Live Views - Max 10K | 𝐔𝐬𝐞𝐫𝐋𝐢𝐬𝐭 | 3 Hours | Zero Drops | Speed 10K/Day | INSTANT,472.31,5,5 000,No Refill,2 minutes,,,2030.933
13397,Twitch Live Views - Max 10K | 𝐔𝐬𝐞𝐫𝐋𝐢𝐬𝐭 | 4 Hours | Zero Drops | Speed 10K/Day | INSTANT,628.884,5,5 000,No Refill,2 minutes,,,2704.2012
13398,Twitch Live Views - Max 10K | 𝐔𝐬𝐞𝐫𝐋𝐢𝐬𝐭 | 1 Day | Zero Drops | Speed 10K/Day | INSTANT,1427.282,5,5 000,No Refill,2 minutes,,,6137.3126
13399,Twitch Live Views - Max 10K | 𝐔𝐬𝐞𝐫𝐋𝐢𝐬𝐭 | 1 Week | Zero Drops | Speed 10K/Day | INSTANT,5713.01,5,5 000,No Refill,4 minutes,,,24565.943
13400,Twitch Live Views - Max 10K | 𝐔𝐬𝐞𝐫𝐋𝐢𝐬𝐭 | 1 Month | Zero Drops | Speed 10K/Day | INSTANT,18108.236,5,5 000,No Refill,2 minutes,,,77865.4148
13445,Twitch Automatic Custom Chat Bot [ 1 Hour ] 📝,143.634,5,3 000,No Refill,3 minutes,,,617.6262
13446,Twitch Automatic Custom Chat Bot [ 1 Day ] 📝,929.092,5,3 000,No Refill,17 minutes,,,3995.0956
13447,Twitch Automatic Custom Chat Bot [ 1 Week ] 📝,5571.964,5,3 000,No Refill,1 minute,,,23959.4452
13448,Twitch Automatic Custom Chat Bot [ 1 Month ] 📝,21572.274,5,3 000,No Refill,17 minutes,,,92760.7782
13449,Twitch Random Emoji Automatic Chat 😀 [1 Hour],143.634,5,3 000,No Refill,3 minutes,,,617.6262
13452,Twitch Random Emoji Automatic Chat 😀 [1 Month],21572.274,5,3 000,No Refill,23 minutes,,,92760.7782
13453,Twitch Chat Bot [ 1 Hour ] English Language,143.634,5,3 000,No Refill,2 minutes,,,617.6262
13454,Twitch Chat Bot [ 1 Day ] English Language,929.092,5,3 000,No Refill,16 minutes,,,3995.0956
13455,Twitch Chat Bot [ 1 Week ] English Language,5571.964,5,3 000,No Refill,23 minutes,,,23959.4452
13456,Twitch Chat Bot [ 1 Month ] English Language,21572.274,5,3 000,No Refill,23 minutes,,,92760.7782
13457,Twitch Chat Bot [ 1 Hour ] Deutsch Language,143.634,5,3 000,No Refill,11 minutes,,,617.6262
13458,Twitch Chat Bot [ 1 Day ] Deutsch Language,929.092,5,3 000,No Refill,33 minutes,,,3995.0956
13459,Twitch Chat Bot [ 1 Week ] Deutsch Language,5571.964,5,3 000,No Refill,23 minutes,,,23959.4452
13460,Twitch Chat Bot [ 1 Month ] Deutsch Language,21572.274,5,3 000,No Refill,16 minutes,,,92760.7782
13461,Twitch Chat Bot [ 1 Hour ] French Language,143.634,5,3 000,No Refill,23 minutes,,,617.6262
13462,Twitch Chat Bot [ 1 Day ] French Language,929.092,5,3 000,No Refill,17 minutes,,,3995.0956
13463,Twitch Chat Bot [ 1 Week ] French Language,5571.964,5,3 000,No Refill,33 minutes,,,23959.4452
13464,Twitch Chat Bot [ 1 Month ] French Language,21572.274,5,3 000,No Refill,22 minutes,,,92760.7782
13465,Twitch Chat Bot [ 1 Hour ] Turkish Language,143.634,5,3 000,No Refill,16 minutes,,,617.6262
13466,Twitch Chat Bot [ 1 Day ] Turkish Language,929.092,5,3 000,No Refill,11 minutes,,,3995.0956
13467,Twitch Chat Bot [ 1 Week ] Turkish Language,5571.964,5,3 000,No Refill,22 minutes,,,23959.4452
13468,Twitch Chat Bot [ 1 Month ] Turkish Language,21572.274,5,3 000,No Refill,17 minutes,,,92760.7782
13295,🚀 Reddit UpVotes - [No Refill] [Max 1K] [Speed 1K/Day] [INSTANT],991.204,5,150,No Refill,17 minutes,,,4262.1772
9057,🚀 Reddit DownVotes - [No Refill] [Max 1K] [Speed 1K/Day] [INSTANT],991.204,5,150,No Refill,20 minutes,,,4262.1772
14849,🚀 Reddit 𝐂𝐨𝐦𝐦𝐞𝐧𝐭 𝐔𝐩𝐕𝐨𝐭𝐞𝐬 - [No Refill] [Max 1K] [Speed 1K/Day] [INSTANT],986.028,5,150,No Refill,11 minutes,,,4239.9204
14850,🚀 Reddit 𝐂𝐨𝐦𝐦𝐞𝐧𝐭 𝐃𝐨𝐰𝐧𝐕𝐨𝐭𝐞𝐬 - [No Refill] [Max 1K] [Speed 1K/Day] [INSTANT],986.028,5,150,No Refill,6 minutes,,,4239.9204
9056,Reddit Custom Comments / Replies - [Max 1K] [Speed 500/Day] [INSTANT],10093.2,5,300,No Refill,13 minutes,,,43400.76
12905,Reddit Profile Followers - [REAL] [60 Days Refill] [Max 10K] [Speed 100-500/Day] [0-1HR],970.5,20,10 000,60 Days Refill,48 hours 45 minutes,,,4173.15
9100,Reddit Channel Subscribers - [30 Days Refill] [Max 1M] [𝟏𝟎𝟎% 𝐑𝐞𝐚𝐥 𝐇𝐐 𝐆𝐥𝐨𝐛𝐚𝐥 𝐔𝐬𝐞𝐫𝐬] [Speed 50K/Day] [INSTANT],970.5,15,10 000 000,30 Days Refill,22 hours 33 minutes,,,4173.15
9055,Reddit Channel Subscribers - [Max 2K] [Non-Drop] [𝟏𝟎𝟎% 𝐑𝐞𝐚𝐥 𝐇𝐐 𝐆𝐥𝐨𝐛𝐚𝐥 𝐔𝐬𝐞𝐫𝐬] [Speed 500/Day] [INSTANT],841.1,20,2 000,30 Days Refill,104 hours 24 minutes,,,3616.73
12906,Reddit Channel Subscribers - [REAL] [Lifetime Refill] [Max 5K] [Speed 500/Day] [0-1HR],1552.8,20,5 000,Lifetime Refill,55 minutes,,,6677.04
13293,Soundcloud Followers - [30 Days Refill] [Max 10K] [Speed 2K/Day] [0-1HR],841.1,50,10 000,30 Days Refill,6 hours 29 minutes,,,3616.73
13294,Soundcloud Followers - [𝐑𝐄𝐀𝐋] [Lifetime Refill] [Max 25K] [Speed 1-3K/Day] [0-30 Mins],908.388,100,25 000,Lifetime Refill,9 hours 21 minutes,,,3906.0684
5264,SoundCloud Plays - [30 Days Refill] [Max 10K] [Speed 2K/Day] [0-2HRS],807.456,50,10 000,30 Days Refill,26 hours 28 minutes,,,3472.0608
5262,SoundCloud Likes - [30 Days Refill] [Max 10K] [Speed 2K/Day] [0-2HRS],807.456,50,10 000,30 Days Refill,8 hours 32 minutes,,,3472.0608
6118,SoundCloud Reposts - [30 Days Refill] [Max 10K] [High Quality] [Speed 2K/Day] [0-2HRS],807.456,50,10 000,30 Days Refill,50 hours 2 minutes,,,3472.0608
6097,SoundCloud 𝐑𝐞𝐩𝐨𝐬𝐭𝐬 & 𝐋𝐢𝐤𝐞𝐬 - [No Refill] [Max 1K] [Real] [Speed 500/Day] [0-24 HRS],1164.6,100,1 000,No Refill,16 minutes,,,5007.78
5263,SoundCloud Comments - [𝐑𝐀𝐍𝐃𝐎𝐌] [Unlimited] [Speed 10-20K/Day] [0-1HR],874.744,50,1 000 000,No Refill,27 hours 22 minutes,,,3761.3992
9095,Soundcloud Comments [𝐑𝐀𝐍𝐃𝐎𝐌] - [Max 10K] [Speed 5K/Day] [INSTANT],841.1,50,15 000,No Refill,78 hours 5 minutes,,,3616.73
10515,Whatsapp Channel Members - [Max 2K] [Speed 2K/Day] [0-1HR],931.68,10,1 000,No Refill,5 minutes,,,4006.224
9089,Whatsapp Premium Channel Members - [Max 1K] [Speed 1K/Day] [0-2HRS],965.324,10,10 000,No Refill,5 minutes,,,4150.8932
9048,Whatsapp Channel Members - [Non-Drop] [Max 1K] [𝐇𝐐 𝐎𝐫𝐠𝐚𝐧𝐢𝐜 𝐔𝐬𝐞𝐫𝐬] [Speed 500-1K/Day] [0-3HRS],1732.666,10,10 000,No Refill,17 minutes,,,7450.4638
9925,Whatsapp Channel Members - [Non-Drop] [Max 1K] [𝐇𝐐 𝐎𝐫𝐠𝐚𝐧𝐢𝐜 𝐔𝐬𝐞𝐫𝐬] [Speed 500-1K/Day] [0-3HRS],1692.552,10,1 000,No Refill,11 minutes,,,7277.9736
9965,Whatsapp Channel Members - [USA 🇺🇸] [Max 5K] [Speed 1K/Day] [0-1HR],842.394,10,3 000,No Refill,5 minutes,,,3622.2942
9964,Whatsapp Channel Members - [India 🇮🇳] [Max 5K] [Speed 1K/Day] [0-1HR],842.394,10,5 000,No Refill,23 minutes,,,3622.2942
9966,Whatsapp Channel Members - [Europe 🇪🇺] [Max 5K] [Speed 1K/Day] [0-1HR],842.394,10,3 000,No Refill,12 minutes,,,3622.2942
9967,Whatsapp Channel Members - [Turkey 🇹🇷] [Max 5K] [Speed 1K/Day] [0-1HR],842.394,10,5 000,No Refill,6 minutes,,,3622.2942
9919,Whatsapp Channel Post Reaction [ 😂 ],468.428,10,200,No Refill,55 minutes,,,2014.2404
9920,Whatsapp Channel Post Reaction [ 👍 ],468.428,10,200,No Refill,17 minutes,,,2014.2404
9921,Whatsapp Channel Post Reaction [ 🙏 ],468.428,10,200,No Refill,22 minutes,,,2014.2404
9922,Whatsapp Channel Post Reaction [ ❤️ ],468.428,10,200,No Refill,5 minutes,,,2014.2404
9923,Whatsapp Channel Post Reaction [ 😲 ],468.428,10,200,No Refill,23 minutes,,,2014.2404
9924,Whatsapp Channel Post Reaction [ 😥 ],468.428,10,200,No Refill,55 minutes,,,2014.2404
9918,Whatsapp Channel Post Reaction - [Mixed 👍 ❤️ 🔥 🎉 😁],468.428,10,200,No Refill,6 minutes,,,2014.2404
14837,Audiomack Direct Plays WorldWide 🌎 S2 - [Non-Drop] [Max 100M] [Speed 10M/Day] [0-30 Mins],3.882,100,10 000 000,30 Days Refill,4 minutes,,,16.6926
10148,Audiomack Direct Plays WorldWide 🌎 - [Non-Drop] [Max 100M] [Speed 10M/Day],6.47,100,100 000 000,30 Days Refill,7 minutes,,,27.821
10149,Audiomack Album Plays - [Non-Drop] [Max 100M] [Speed 10M/Day],69.876,100,1 000 000,30 Days Refill,7 minutes,,,300.4668
10145,Audiomack Likes - [30 Days Refill] [Max 1M] [Speed 1M/Day] [0-30Mins],97.05,100,1 000 000,30 Days Refill,2 minutes,,,417.315
10144,Audiomack Followers - [30 Days Refill] [Max 1M] [Speed 1M/Day] [0-30Mins],97.05,100,1 000 000,30 Days Refill,2 minutes,,,417.315
10147,Audiomack Add Playlist - [Max 1M] [Speed 10M/Day] [0-30Mins],411.492,10,1 000 000,30 Days Refill,2 minutes,,,1769.4156
10146,Audiomack Re-Ups - [30 Days Refill] [Max 1M] [Speed 1M/Day] [0-30Mins],97.05,100,1 000 000,30 Days Refill,15 minutes,,,417.315
14835,Audiomack Comments - [Custom] [Max 50K] [Speed UpTo 30K/Day] [0-30Mins],1369.052,10,50 000,30 Days Refill,2 minutes,,,5886.9236
14836,Audiomack Comments - [Emoji] [Max 50K] [Speed UpTo 30K/Day] [0-30Mins],1369.052,10,50 000,30 Days Refill,3 minutes,,,5886.9236
10150,Audiomack Streams - [USA 🇺🇸] [Max 100K] [Non-Drop] [Speed 1M/Day],684.526,100,100 000,30 Days Refill,4 minutes,,,2943.4618
10151,Audiomack Streams - [Germany 🇩🇪] [Max 100K] [Non-Drop] [Speed 1M/Day],684.526,100,100 000,30 Days Refill,17 minutes,,,2943.4618
10152,Audiomack Streams - [UK 🇬🇧] [Max 100K] [Non-Drop] [Speed 1M/Day],684.526,100,100 000,30 Days Refill,16 minutes,,,2943.4618
10153,Audiomack Streams - [Canada 🇨🇦] [Max 100K] [Non-Drop] [Speed 1M/Day],684.526,100,100 000,30 Days Refill,33 minutes,,,2943.4618
10154,Audiomack Streams - [Australia 🇦🇺] [Max 100K] [Non-Drop] [Speed 1M/Day],684.526,100,100 000,30 Days Refill,55 minutes,,,2943.4618
10155,Audiomack Streams - [Russian 🇷🇺] [Max 100K] [Non-Drop] [Speed 1M/Day],684.526,100,100 000,30 Days Refill,22 minutes,,,2943.4618
10156,Audiomack Streams - [France 🇫🇷] [Max 100K] [Non-Drop] [Speed 1M/Day],684.526,100,100 000,30 Days Refill,33 minutes,,,2943.4618
10157,Audiomack Streams - [Turkey 🇹🇷] [Max 100K] [Non-Drop] [Speed 1M/Day],684.526,100,100 000,30 Days Refill,33 minutes,,,2943.4618
10158,Audiomack Streams - [Nigeria 🇳🇬] [Max 100K] [Non-Drop] [Speed 1M/Day],684.526,100,100 000,30 Days Refill,11 minutes,,,2943.4618
10159,Audiomack Streams - [Ghana 🇬🇭] [Max 100K] [Non-Drop] [Speed 1M/Day],684.526,100,100 000,30 Days Refill,59 minutes,,,2943.4618
10160,Audiomack Streams - [Egypt 🇪🇬] [Max 100K] [Non-Drop] [Speed 1M/Day],684.526,100,100 000,30 Days Refill,33 minutes,,,2943.4618
10161,Audiomack Streams - [South Africa 🇿🇦] [Max 100K] [Non-Drop] [Speed 1M/Day],684.526,100,100 000,30 Days Refill,16 minutes,,,2943.4618
14838,Audiomack Streams - [Brazil 🇧🇷] [Max 100K] [Non-Drop] [Speed 1M/Day],684.526,100,10 000 000,30 Days Refill,33 minutes,,,2943.4618
14839,Audiomack Streams - [China 🇨🇳] [Max 100K] [Non-Drop] [Speed 1M/Day],684.526,100,10 000 000,30 Days Refill,11 minutes,,,2943.4618
14840,Audiomack Streams - [Spain 🇪🇸] [Max 100K] [Non-Drop] [Speed 1M/Day],684.526,100,10 000 000,30 Days Refill,55 minutes,,,2943.4618
14841,Audiomack Streams - [South Korea 🇰🇷] [Max 100K] [Non-Drop] [Speed 1M/Day],684.526,100,10 000 000,30 Days Refill,11 minutes,,,2943.4618
14842,Audiomack Streams - [India 🇮🇳] [Max 100K] [Non-Drop] [Speed 1M/Day],684.526,100,10 000 000,30 Days Refill,17 minutes,,,2943.4618
14843,Audiomack Streams - [Japan 🇯🇵] [Max 100K] [Non-Drop] [Speed 1M/Day],684.526,100,10 000 000,30 Days Refill,17 minutes,,,2943.4618
15376,Boomplay Followers [Max 10K] [Speed 2K/Day] [0-3HRS],15528,500,10 000,No Refill,22 minutes,,,66770.4
15375,Boomplay Followers [Max 5K] [Speed 200/Day] [0-3HRS],5434.8,100,5 000,No Refill,55 minutes,,,23369.64
15378,Boomplay Favorites - [Max 100] [Speed 100/Day] [0-6HRS],10869.6,20,100,No Refill,55 minutes,,,46739.28
15377,Boomplay Favorites & Comments [Max 30K] [Speed 500/Day] [0-3HRS],7764,100,3 000,No Refill,17 minutes,,,33385.2
15379,Boomplay Comments - [Max 5K] [Tier 1 Countries] [Speed 1K/Day] [0-2HRS],11646,50,5 000,No Refill,55 minutes,,,50077.8
15363,🌎 Boomplay Streams [Royalties Eligible] [WorldWide 🌎] [Max 100K] [Speed 5-10K/Day] [0-12HRS],388.2,1 000,100 000,No Refill,23 minutes,,,1669.26
15365,Boomplay Streams [Royalties Eligible] [Asian Mixed] [Max 100K] [Speed 5-10K/Day] [0-12HRS],388.2,1 000,100 000,No Refill,55 minutes,,,1669.26
15366,🇺🇸 Boomplay Streams [Royalties Eligible] [USA 🇺🇸] [Max 100K] [Speed 5-10K/Day] [0-12HRS],388.2,1 000,100 000,No Refill,55 minutes,,,1669.26
15367,🇷🇺 Boomplay Streams [Royalties Eligible] [Russia 🇷🇺] [Max 100K] [Speed 5-10K/Day] [0-12HRS],388.2,1 000,100 000,No Refill,33 minutes,,,1669.26
15368,🇫🇷 Boomplay Streams [Royalties Eligible] [France 🇫🇷] [Max 100K] [Speed 5-10K/Day] [0-12HRS],388.2,1 000,100 000,No Refill,22 minutes,,,1669.26
15369,🇲🇦 Boomplay Streams [Royalties Eligible] [Morocco 🇲🇦] [Max 100K] [Speed 5-10K/Day] [0-12HRS],388.2,1 000,100 000,No Refill,55 minutes,,,1669.26
15370,🇳🇬 Boomplay Streams [Royalties Eligible] [Nigeria 🇳🇬] [Max 100K] [Speed 5-10K/Day] [0-12HRS],388.2,10 000,500 000,No Refill,23 minutes,,,1669.26
15371,🇬🇭 Boomplay Streams [Royalties Eligible] [Ghana 🇬🇭] [Max 100K] [Speed 5-10K/Day] [0-12HRS],388.2,10 000,500 000,No Refill,55 minutes,,,1669.26
15372,🇿🇦 Boomplay Streams [Royalties Eligible] [South Africa 🇿🇦] [Max 100K] [Speed 5-10K/Day] [0-12HRS],388.2,10 000,500 000,No Refill,23 minutes,,,1669.26
15373,🇪🇬 Boomplay Streams [Royalties Eligible] [Egypt 🇪🇬] [Max 100K] [Speed 5-10K/Day] [0-12HRS],388.2,1 000,20 000,No Refill,17 minutes,,,1669.26
15374,🇰🇪 Boomplay Streams [Royalties Eligible] [Kenya 🇰🇪] [Max 100K] [Speed 5-10K/Day] [0-12HRS],388.2,1 000,20 000,No Refill,22 minutes,,,1669.26
6402,Coub Likes - [30 Days Refill] [Max 10K] [Speed 50-150/Day] [Instant],1552.8,50,10 000,30 Days Refill,33 minutes,,,6677.04
6403,Coub Shares - [30 Days Refill] [Max 10K] [Speed 50-150/Day] [Instant],3105.6,50,10 000,30 Days Refill,22 minutes,,,13354.08
6404,Coub Subscribers - [30 Days Refill] [Max 10K] [Speed 50-150/Day] [Instant],3105.6,50,10 000,30 Days Refill,33 minutes,,,13354.08
9076,Deezer Followers [Playlist-Album-Artist-Profile] - [30 Days Refill] [Max 1M] [Speed 100K/Day] [0-30 Mins],72.464,20,1 000 000,30 Days Refill,22 minutes,,,311.5952
15472,Deezer Followers - [ARTIST] [Max 50K] [Speed 10-20K/Day] [0-2HRS],138.458,25,50 000,30 Days Refill,22 minutes,,,595.3694
9077,Deezer Likes [Track - Show] - [30 Day Refill] [Max 1M] [Speed 100k] [0-30Mins],72.464,20,1 000 000,30 Days Refill,17 minutes,,,311.5952
9083,Deezer Track Likes - [30 Days Refill] [Max 100K] [Speed 100K/Day] [0-30Mins],72.464,20,1 000 000,30 Days Refill,16 minutes,,,311.5952
15473,Deezer Friend Followers - [Max 50K] [Speed 10-20K/Day] [0-2HRS],138.458,25,50 000,30 Days Refill,17 minutes,,,595.3694
15474,Deezer Playlist Followers - [Max 50K] [Speed 10-20K/Day] [0-2HRS],138.458,25,50 000,30 Days Refill,16 minutes,,,595.3694
15475,Deezer Album Followers - [Max 50K] [Speed 10-20K/Day] [0-2HRS],138.458,25,50 000,30 Days Refill,55 minutes,,,595.3694
9078,Deezer Artist Followers - [30 Days Refill] [Max 100K] [Speed 100K/Day] [0-30Mins],72.464,20,1 000 000,30 Days Refill,16 minutes,,,311.5952
9079,Deezer Playlist Followers - [30 Days Refill] [Max 100K] [Speed 100K/Day] [0-30Mins],72.464,20,1 000 000,30 Days Refill,23 minutes,,,311.5952
9080,Deezer Album Followers - [30 Days Refill] [Max 100K] [Speed 100K/Day] [0-30Mins],72.464,20,1 000 000,30 Days Refill,17 minutes,,,311.5952
9081,Deezer Profile/User Followers - [30 Days Refill] [Max 100K] [Speed 100K/Day] [0-30Mins],72.464,20,1 000 000,30 Days Refill,16 minutes,,,311.5952
9082,Deezer Show Likes - [30 Days Refill] [Max 100K] [Speed 100K/Day] [0-30Mins],72.464,20,1 000 000,30 Days Refill,16 minutes,,,311.5952
6372,Dribble Likes - [REAL] [No Refill] [Max 2K] [High Quality & Low Drop] [Speed 500-2K/Day] [Instant],86.698,25,1 000,No Refill,33 minutes,,,372.8014
6375,Dribble Likes - [No Refill] [Max 1K] [Speed 500-1K/Day] [0-1HR],117.754,50,1 000,No Refill,33 minutes,,,506.3422
6378,Dribble Views - [REAL] [No Refill] [Max 20K] [High Quality & Non Drop] [Speed 5-20K/Day] [Instant],86.698,100,20 000,No Refill,55 minutes,,,372.8014
6379,Dribble Followers - [REAL] [No Refill] [Max 2K] [High Quality & Low Drop] [Speed 1-2K/Day] [Instant],86.698,25,2 000,No Refill,16 minutes,,,372.8014
6380,Dribble Followers - [No Refill] [Max 1K] [Speed 500-1K/Day] [0-1HR],117.754,50,1 000,No Refill,11 minutes,,,506.3422
15476,Dribbble Views - [Max 30K] [Speed 10K/Day] [0-2HRS],69.876,100,500 000,30 Days Refill,22 minutes,,,300.4668
15477,Dribbble Likes - [Max 30K] [Speed 10K/Day] [0-2HRS],69.876,25,1 000,30 Days Refill,33 minutes,,,300.4668
15478,Dribbble Followers - [Max 30K] [Speed 10K/Day] [0-2HRS],69.876,25,2 000,30 Days Refill,22 minutes,,,300.4668
15492,Kwai Views - [30 Days Refill] [Max 1M] [30K/Day] [0-1HR],46.584,100,1 000 000,No Refill,24 minutes,,,200.3112
6412,Kwai Followers - [30 Days Refill] [Max 100K] [Speed 10K/Day] [0-6HRS],229.4262,10,100 000,30 Days Refill,23 minutes,,,986.53266
6411,Kwai Followers - [BRAZIL] [365 Days Refill] [Max 200K] [Speed 20K/Day] [0-1HR],254.918,50,200 000,365 Days Refill,3 hours 1 minute,,,1096.1474
9960,Kwai Followers - [𝐑𝐄𝐀𝐋 & 𝐎𝐑𝐆𝐀𝐍𝐈𝐂] [30 Days Refill] [Max 40K] [Speed 1K/Day],745.6028,10,50 000,30 Days Refill,16 minutes,,,3206.09204
6405,Kwai Likes - [REAL] [60 Days Refill] [Max 500K] [Speed 20-50K/Day] [0-1HR],129.4,20,500 000,60 Days Refill,11 minutes,,,556.42
6407,Kwai Likes - [BRAZIL] [REAL] [30 Days Refill] [Max 500K] [Speed 50K/Day] [0-1HR],131.341,20,500 000,30 Days Refill,22 minutes,,,564.7663
9961,Kwai Likes - [𝐑𝐄𝐀𝐋 & 𝐎𝐑𝐆𝐀𝐍𝐈𝐂] [30 Days Refill] [Max 40K] [Speed 1K/Day],336.6988,10,50 000,30 Days Refill,33 minutes,,,1447.80484
15493,Kwai Dislikes - [30 Days Refill] [Max 1M] [30K/Day] [0-1HR],113.872,100,1 000 000,No Refill,11 minutes,,,489.6496
6728,Kwai Shares - [30 Days Refill] [Max 500K] [Non Drop] [Speed 50K/Day] [0-1HR],124.224,15,500 000,30 Days Refill,33 minutes,,,534.1632
15496,Kwai Video Download - [30 Days Refill] [Max 1M] [30K/Day] [0-1HR],175.984,100,100 000 000,No Refill,22 minutes,,,756.7312
15495,Kwai Custom Comments - [30 Days Refill] [Max 1M] [10K/Day] [0-1HR],458.076,10,1 000 000,No Refill,22 minutes,,,1969.7268
6729,Kwai Comments - [ARAB] [3 Random Comments] [0-3HRS],22.1274,1,1,No Refill,16 minutes,,,95.14782
6730,Kwai Comments - [ARAB] [10 Random Comments] [0-3HRS],56.8066,1,1,No Refill,33 minutes,,,244.26838
6731,Kwai Comments - [ARAB] [20 Random Comments] [0-3HRS],74.405,1,1,No Refill,16 minutes,,,319.9415
15356,Lazada Followers [No Refill] [Speed 100K/Day] [0-1HR],6211.2,100,65 000 000,No Refill,33 minutes,,,26708.16
15357,Lazada Likes [No Refill] [Speed 100K/Day] [0-1HR],6211.2,100,65 000 000,No Refill,33 minutes,,,26708.16
15318,Likee Followers [Max 30K] [90 Days Refill] [Speed 2K/Day] [0-1HR],1086.96,50,50 000,No Refill,33 minutes,,,4673.928
15319,Likee Views [Max 30K] [90 Days Refill] [Speed 5K/Day] [0-1HR],543.48,50,50 000,No Refill,11 minutes,,,2336.964
15320,Likee Likes [Max 30K] [90 Days Refill] [Speed 3K/Day] [0-1HR],543.48,50,50 000,No Refill,11 minutes,,,2336.964
15321,Likee Followers [Max 30K] [90 Days Refill] [Speed 1K/Day] [0-1HR],543.48,50,50 000,No Refill,22 minutes,,,2336.964
15322,Likee Custom Comments [Max 30K] [30 Days Refill] [Speed 500/Day] [0-1HR],1242.24,10,50 000,No Refill,17 minutes,,,5341.632
15323,Likee Random Comments [Russian] [Max 30K] [30 Days Refill] [Speed 500/Day] [0-1HR],1242.24,10,50 000,No Refill,17 minutes,,,5341.632
15324,Likee Custom Comments [Positive] [Max 30K] [30 Days Refill] [Speed 500/Day] [0-1HR],1242.24,10,50 000,No Refill,33 minutes,,,5341.632
15325,Likee Custom Comments [Neutral] [Max 30K] [30 Days Refill] [Speed 500/Day] [0-1HR],1242.24,10,50 000,No Refill,55 minutes,,,5341.632
15326,Likee Followers [Max 30K] [REAL] [30 Days Refill] [Speed 2K/Day] [0-1HR],1009.32,50,50 000,30 Days Refill,17 minutes,,,4340.076
15327,Likee Views [Max 30K] [30 Days Refill] [Speed 5K/Day] [0-1HR],388.2,50,50 000,30 Days Refill,22 minutes,,,1669.26
15328,Likee Likes [Max 30K] [30 Days Refill] [Speed 5K/Day] [0-1HR],388.2,50,50 000,30 Days Refill,23 minutes,,,1669.26
15329,Likee Shares [Max 30K] [30 Days Refill] [Speed 5K/Day] [0-1HR],310.56,50,50 000,30 Days Refill,11 minutes,,,1335.408
15385,Line Official Account Followers [30 Days Refill] [Max 1K] [Speed 500/Day] [0-12HRS],5095.772,100,3 000,30 Days Refill,7 hours 51 minutes,,,21911.8196
15392,Line Voom Followers [Non-Drop] [Speed 1K/Day] [0-6HRS],1746.9,20,120,No Refill,33 minutes,,,7511.67
15394,Line Voom Custom Comments [Non-Drop] [Speed 500/Day] [0-12HRS],2329.2,10,120,No Refill,33 minutes,,,10015.56
15393,Line Voom Followers [Non-Drop] [Speed 1K/Day] [0-4HRS],1164.6,25,120,No Refill,33 minutes,,,5007.78
15395,Line Voom Post Reaction [ 𝐆𝐨𝐨𝐝 ] 👍 [Max 500] [Speed 1K/Day] [0-4HRS],1019.672,10,100,No Refill,22 minutes,,,4384.5896
15396,Line Voom Post Reaction [ 𝐋𝐨𝐯𝐞 ] 😍 [Max 500] [Speed 1K/Day] [0-4HRS],1019.672,10,100,No Refill,16 minutes,,,4384.5896
15397,Line Voom Post Reaction [ 𝐇𝐚𝐇𝐚 ] 😆 [Max 500] [Speed 1K/Day] [0-4HRS],1019.672,10,100,No Refill,33 minutes,,,4384.5896
15398,Line Voom Post Reaction [ 𝐇𝐚𝐩𝐩𝐲 ] 🥰 [Max 500] [Speed 1K/Day] [0-4HRS],1019.672,10,100,No Refill,16 minutes,,,4384.5896
15399,Line Voom Post Reaction [ 𝐒𝐚𝐝 ] 😭 [Max 500] [Speed 1K/Day] [0-4HRS],1019.672,10,100,No Refill,23 minutes,,,4384.5896
15400,Line Voom Post Reaction [ 𝐖𝐨𝐰 ] 😲 [Max 500] [Speed 1K/Day] [0-4HRS],1019.672,10,100,No Refill,33 minutes,,,4384.5896
15386,🇯🇵 Japan | Add 100 Members to Line OpenChat Group [Speed 100/Day] [0-12HRS],10918.772,20,500,No Refill,55 minutes,,,46950.7196
15389,🇹🇼 Taiwan | Add 100 Members to Line OpenChat Group [Speed 100/Day] [0-12HRS],10918.772,20,600,No Refill,17 minutes,,,46950.7196
15391,🇹🇼 Taiwan | Add 300 Members to Line OpenChat Group [Speed 100/Day] [0-12HRS],11646,20,300,No Refill,16 minutes,,,50077.8
6425,Ok.ru Likes - [30 Days Refill] [Max 50K] [Speed 100-300/Day] [0-1HR],1242.24,20,70 000,30 Days Refill,17 minutes,,,5341.632
6426,Ok.ru Shares - [30 Days Refill] [Max 50K] [Speed 100-300/Day] [0-1HR],1242.24,20,70 000,30 Days Refill,55 minutes,,,5341.632
6427,Ok.ru Followers Group - [30 Days Refill] [Max 50K] [Speed 100-300/Day] [0-1HR],1242.24,20,70 000,30 Days Refill,55 minutes,,,5341.632
6429,Ok.ru Followers Friends - [REAL] [30 Days Refill] [Max 10K] [Active & Less Drop] [Speed 100-200/Day] [Instant],1242.24,20,70 000,30 Days Refill,23 minutes,,,5341.632
6006,Pinterest Followers - [Max 5K] [Speed 1-5K/Day] [0-6HRS],1501.04,10,5 000,No Refill,1 hour 40 minutes,,,6454.472
9050,Pinterest Followers - [Max 3K] [𝟏𝟎𝟎% 𝐑𝐞𝐚𝐥 𝐇𝐐 𝐆𝐥𝐨𝐛𝐚𝐥 𝐔𝐬𝐞𝐫𝐬] [Speed 500/Day] [0-12HRS],2512.948,1,10 000,No Refill,11 minutes,,,10805.6764
9051,Pinterest Likes - [Max 10K] [𝟏𝟎𝟎% 𝐑𝐞𝐚𝐥 𝐇𝐐 𝐆𝐥𝐨𝐛𝐚𝐥 𝐔𝐬𝐞𝐫𝐬] [Speed 300/Day] [0-12HRS],1125.78,10,10 000,No Refill,55 minutes,,,4840.854
9053,Pinterest Repins - [Max 3K] [𝟏𝟎𝟎% 𝐑𝐞𝐚𝐥 𝐇𝐐 𝐆𝐥𝐨𝐛𝐚𝐥 𝐔𝐬𝐞𝐫𝐬] [Speed 500/Day] [0-12HRS],3550.736,1,10 000,No Refill,55 minutes,,,15268.1648
6002,Pinterest Repins - [No Refill] [Max 5K] [Speed 1-5K/Day] [0-12 HRS],1009.32,10,5 000,No Refill,7 hours 22 minutes,,,4340.076
6000,Pinterest Followers - [30 Days Refill] [Max 1K] [Speed 50-200/Day] [0-1HR],1009.32,10,1 000,30 Days Refill,23 hours 28 minutes,,,4340.076
9054,Pinterest Save - [Max 3K] [𝟏𝟎𝟎% 𝐑𝐞𝐚𝐥 𝐇𝐐 𝐆𝐥𝐨𝐛𝐚𝐥 𝐔𝐬𝐞𝐫𝐬] [Speed 500/Day] [0-12HRS],1048.14,10,3 000,No Refill,55 minutes,,,4507.002
9052,Pinterest Comments - [Max 3K] [𝟏𝟎𝟎% 𝐑𝐞𝐚𝐥 𝐇𝐐 𝐆𝐥𝐨𝐛𝐚𝐥 𝐔𝐬𝐞𝐫𝐬] [Speed 500/Day] [0-12HRS],1572.21,5,3 000,No Refill,22 minutes,,,6760.503
15354,Potato Channel/Group Members [Non-Drop] [Speed 100K/Day] [0-1HR],3105.6,100,6 500 000,No Refill,16 minutes,,,13354.08
10166,Quora.com Followers / Subscriptions - [30 Days Refill] [Max 100K] [Speed 10K/Day] [0-30Mins],201.864,20,100 000,30 Days Refill,11 minutes,,,868.0152
10170,Quora.com Followers / Subscriptions - [30 Days Refill] [𝐑𝐄𝐀𝐋] [Max 100K] [Speed 5K/Day] [0-30Mins],218.686,50,100 000,30 Days Refill,16 minutes,,,940.3498
15404,Quora Followers | 30 Days Refill | Speed 1K/D | 0-3HRS,234.214,10,10 000,No Refill,11 minutes,,,1007.1202
15403,Quora Answer Views | Non-Drop | Speed 10K/D | 0-1HR,161.75,50,100 000,No Refill,16 minutes,,,695.525
10164,Quora.com DownVotes - [No Refill] [Max 100K] [Speed 10K/Day] [0-30Mins],201.864,20,100 000,No Refill,55 minutes,,,868.0152
15406,Quora Downvotes | 30 Days Refill | Speed 1K/D | 0-3HRS,234.214,10,10 000,No Refill,55 minutes,,,1007.1202
2369,Quora Upvotes - [Non-Drop] [Max 10K] [𝐑𝐄𝐀𝐋 & 𝐎𝐑𝐆𝐀𝐍𝐈𝐂] [Speed 150-300/Day] [0-1HR],841.1,10,10 000,No Refill,33 minutes,,,3616.73
5319,Quora Shares - [Non-Drop] [Max 10K] [𝐑𝐄𝐀𝐋 & 𝐎𝐑𝐆𝐀𝐍𝐈𝐂] [Speed 200/Day] [0-1HR],657.352,10,10 000,No Refill,22 minutes,,,2826.6136
15220,🌍 Rumble.com Video Views - [Unlimited] [10K/Day Speed] [Non-Drop] [Real & Active] [Worldwide 🌍],71.17,1 000,1 000 000,No Refill,16 minutes,,,306.031
15221,🇺🇸 Rumble.com Video Views - [Unlimited] [10K/Day Speed] [Non-Drop] [Real & Active] [USA 🇺🇸],93.168,1 000,1 000 000,No Refill,55 minutes,,,400.6224
15222,🇰🇷 Rumble.com Video Views - [Unlimited] [10K/Day Speed] [Non-Drop] [Real & Active] [South Korea 🇰🇷],93.168,1 000,1 000 000,No Refill,23 minutes,,,400.6224
15223,🇮🇩 Rumble.com Video Views - [Unlimited] [10K/Day Speed] [Non-Drop] [Real & Active] [Indonesia 🇮🇩],93.168,1 000,1 000 000,No Refill,55 minutes,,,400.6224
15224,🇬🇧 Rumble.com Video Views - [Unlimited] [10K/Day Speed] [Non-Drop] [Real & Active] [UK 🇬🇧],93.168,1 000,1 000 000,No Refill,22 minutes,,,400.6224
15225,🇵🇭 Rumble.com Video Views - [Unlimited] [10K/Day Speed] [Non-Drop] [Real & Active] [Philippines 🇵🇭],93.168,1 000,1 000 000,No Refill,22 minutes,,,400.6224
15226,🇻🇳 Rumble.com Video Views - [Unlimited] [10K/Day Speed] [Non-Drop] [Real & Active] [Vietnam 🇻🇳],93.168,1 000,1 000 000,No Refill,23 minutes,,,400.6224
15227,🇮🇳 Rumble.com Video Views - [Unlimited] [10K/Day Speed] [Non-Drop] [Real & Active] [India 🇮🇳],93.168,1 000,1 000 000,No Refill,33 minutes,,,400.6224
15228,🇵🇱 Rumble.com Video Views - [Unlimited] [10K/Day Speed] [Non-Drop] [Real & Active] [Poland 🇵🇱],93.168,1 000,1 000 000,No Refill,16 minutes,,,400.6224
15229,🇷🇴 Rumble.com Video Views - [Unlimited] [10K/Day Speed] [Non-Drop] [Real & Active] [Romania 🇷🇴],93.168,1 000,1 000 000,No Refill,22 minutes,,,400.6224
15230,🇩🇪 Rumble.com Video Views - [Unlimited] [10K/Day Speed] [Non-Drop] [Real & Active] [Germany 🇩🇪],93.168,1 000,1 000 000,No Refill,16 minutes,,,400.6224
15231,🇧🇷 Rumble.com Video Views - [Unlimited] [10K/Day Speed] [Non-Drop] [Real & Active] [Brazil 🇧🇷],93.168,1 000,1 000 000,No Refill,23 minutes,,,400.6224
15232,🇺🇦 Rumble.com Video Views - [Unlimited] [10K/Day Speed] [Non-Drop] [Real & Active] [Ukraine 🇺🇦],93.168,1 000,1 000 000,No Refill,23 minutes,,,400.6224
15233,🇷🇺 Rumble.com Video Views - [Unlimited] [10K/Day Speed] [Non-Drop] [Real & Active] [Russia 🇷🇺],93.168,1 000,1 000 000,No Refill,22 minutes,,,400.6224
15234,🇭🇺 Rumble.com Video Views – [Unlimited] [10K/Day Speed] [Non-Drop] [Real & Active] [Hungary 🇭🇺],93.168,1 000,1 000 000,No Refill,33 minutes,,,400.6224
15235,🇦🇷 Rumble.com Video Views – [Unlimited] [10K/Day Speed] [Non-Drop] [Real & Active] [Argentina 🇦🇷],93.168,1 000,1 000 000,No Refill,11 minutes,,,400.6224
15236,🇲🇽 Rumble.com Video Views – [Unlimited] [10K/Day Speed] [Non-Drop] [Real & Active] [Mexico 🇲🇽],93.168,1 000,1 000 000,No Refill,55 minutes,,,400.6224
15237,🇧🇩 Rumble.com Video Views – [Unlimited] [10K/Day Speed] [Non-Drop] [Real & Active] [Bangladesh 🇧🇩],93.168,1 000,1 000 000,No Refill,23 minutes,,,400.6224
15238,🇲🇾 Rumble.com Video Views – [Unlimited] [10K/Day Speed] [Non-Drop] [Real & Active] [Malaysia 🇲🇾],93.168,1 000,1 000 000,No Refill,11 minutes,,,400.6224
15239,🇹🇭 Rumble.com Video Views – [Unlimited] [10K/Day Speed] [Non-Drop] [Real & Active] [Thailand 🇹🇭],93.168,1 000,1 000 000,No Refill,16 minutes,,,400.6224
15240,🇹🇷 Rumble.com Video Views – [Unlimited] [10K/Day Speed] [Non-Drop] [Real & Active] [Turkey 🇹🇷],93.168,1 000,1 000 000,No Refill,16 minutes,,,400.6224
15241,🇻🇪 Rumble.com Video Views – [Unlimited] [10K/Day Speed] [Non-Drop] [Real & Active] [Venezuela 🇻🇪],93.168,1 000,1 000 000,No Refill,11 minutes,,,400.6224
15242,🇹🇼 Rumble.com Video Views – [Unlimited] [10K/Day Speed] [Non-Drop] [Real & Active] [Taiwan 🇹🇼],93.168,1 000,1 000 000,No Refill,23 minutes,,,400.6224
15243,🇯🇵 Rumble.com Video Views – [Unlimited] [10K/Day Speed] [Non-Drop] [Real & Active] [Japan 🇯🇵],93.168,1 000,1 000 000,No Refill,11 minutes,,,400.6224
15244,🇨🇴 Rumble.com Video Views – [Unlimited] [10K/Day Speed] [Non-Drop] [Real & Active] [Colombia 🇨🇴],93.168,1 000,1 000 000,No Refill,33 minutes,,,400.6224
15245,🇲🇦 Rumble.com Video Views – [Unlimited] [10K/Day Speed] [Non-Drop] [Real & Active] [Morocco 🇲🇦],93.168,1 000,1 000 000,No Refill,23 minutes,,,400.6224
15246,🇪🇨 Rumble.com Video Views – [Unlimited] [10K/Day Speed] [Non-Drop] [Real & Active] [Ecuador 🇪🇨],93.168,1 000,1 000 000,No Refill,17 minutes,,,400.6224
15247,🇵🇹 Rumble.com Video Views – [Unlimited] [10K/Day Speed] [Non-Drop] [Real & Active] [Portugal 🇵🇹],93.168,1 000,1 000 000,No Refill,33 minutes,,,400.6224
15248,delete,93.168,1 000,1 000 000,No Refill,23 minutes,,,400.6224
15249,🇷🇸 Rumble.com Video Views – [Unlimited] [10K/Day Speed] [Non-Drop] [Real & Active] [Serbia 🇷🇸],93.168,1 000,1 000 000,No Refill,55 minutes,,,400.6224
15250,🇪🇸 Rumble.com Video Views – [Unlimited] [10K/Day Speed] [Non-Drop] [Real & Active] [Spain 🇪🇸],93.168,1 000,1 000 000,No Refill,17 minutes,,,400.6224
15251,🇪🇬 Rumble.com Video Views – [Unlimited] [10K/Day Speed] [Non-Drop] [Real & Active] [Egypt 🇪🇬],93.168,1 000,1 000 000,No Refill,23 minutes,,,400.6224
15252,🇩🇿 Rumble.com Video Views – [Unlimited] [10K/Day Speed] [Non-Drop] [Real & Active] [Algeria 🇩🇿],93.168,1 000,1 000 000,No Refill,23 minutes,,,400.6224
15253,🇵🇰 Rumble.com Video Views – [Unlimited] [10K/Day Speed] [Non-Drop] [Real & Active] [Pakistan 🇵🇰],93.168,1 000,1 000 000,No Refill,16 minutes,,,400.6224
15254,🇸🇦 Rumble.com Video Views – [Unlimited] [10K/Day Speed] [Non-Drop] [Real & Active] [Saudi Arabia 🇸🇦],93.168,1 000,1 000 000,No Refill,55 minutes,,,400.6224
15255,🇹🇳 Rumble.com Video Views – [Unlimited] [10K/Day Speed] [Non-Drop] [Real & Active] [Tunisia 🇹🇳],93.168,1 000,1 000 000,No Refill,33 minutes,,,400.6224
15256,🇿🇦 Rumble.com Video Views – [Unlimited] [10K/Day Speed] [Non-Drop] [Real & Active] [South Africa 🇿🇦],93.168,1 000,1 000 000,No Refill,33 minutes,,,400.6224
15257,🇨🇦 Rumble.com Video Views – [Unlimited] [10K/Day Speed] [Non-Drop] [Real & Active] [Canada 🇨🇦],93.168,1 000,1 000 000,No Refill,17 minutes,,,400.6224
15258,🇬🇷 Rumble.com Video Views – [Unlimited] [10K/Day Speed] [Non-Drop] [Real & Active] [Greece 🇬🇷],93.168,1 000,1 000 000,No Refill,16 minutes,,,400.6224
15259,🇧🇬 Rumble.com Video Views – [Unlimited] [10K/Day Speed] [Non-Drop] [Real & Active] [Bulgaria 🇧🇬],93.168,1 000,1 000 000,No Refill,23 minutes,,,400.6224
15260,🇦🇱 Rumble.com Video Views – [Unlimited] [10K/Day Speed] [Non-Drop] [Real & Active] [Albania 🇦🇱],93.168,1 000,1 000 000,No Refill,17 minutes,,,400.6224
15261,🇨🇿 Rumble.com Video Views – [Unlimited] [10K/Day Speed] [Non-Drop] [Real & Active] [Czech Republic 🇨🇿],93.168,1 000,1 000 000,No Refill,17 minutes,,,400.6224
15262,🇳🇱 Rumble.com Video Views – [Unlimited] [10K/Day Speed] [Non-Drop] [Real & Active] [Netherlands 🇳🇱],93.168,1 000,1 000 000,No Refill,23 minutes,,,400.6224
15263,🇲🇰 Rumble.com Video Views – [Unlimited] [10K/Day Speed] [Non-Drop] [Real & Active] [North Macedonia 🇲🇰],93.168,1 000,1 000 000,No Refill,55 minutes,,,400.6224
15264,🇮🇷 Rumble.com Video Views – [Unlimited] [10K/Day Speed] [Non-Drop] [Real & Active] [Iran 🇮🇷],93.168,1 000,1 000 000,No Refill,55 minutes,,,400.6224
15265,🇮🇱 Rumble.com Video Views – [Unlimited] [10K/Day Speed] [Non-Drop] [Real & Active] [Israel 🇮🇱],93.168,1 000,1 000 000,No Refill,17 minutes,,,400.6224
15266,🇵🇪 Rumble.com Video Views – [Unlimited] [10K/Day Speed] [Non-Drop] [Real & Active] [Peru 🇵🇪],93.168,1 000,1 000 000,No Refill,33 minutes,,,400.6224
15267,🇨🇱 Rumble.com Video Views – [Unlimited] [10K/Day Speed] [Non-Drop] [Real & Active] [Chile 🇨🇱],93.168,1 000,1 000 000,No Refill,55 minutes,,,400.6224
15268,🇳🇵 Rumble.com Video Views – [Unlimited] [10K/Day Speed] [Non-Drop] [Real & Active] [Nepal 🇳🇵],93.168,1 000,1 000 000,No Refill,17 minutes,,,400.6224
15269,🇮🇶 Rumble.com Video Views – [Unlimited] [10K/Day Speed] [Non-Drop] [Real & Active] [Iraq 🇮🇶],93.168,1 000,1 000 000,No Refill,33 minutes,,,400.6224
15270,🇰🇪 Rumble.com Video Views – [Unlimited] [10K/Day Speed] [Non-Drop] [Real & Active] [Kenya 🇰🇪],93.168,1 000,1 000 000,No Refill,22 minutes,,,400.6224
15271,🇧🇴 Rumble.com Video Views – [Unlimited] [10K/Day Speed] [Non-Drop] [Real & Active] [Bolivia 🇧🇴],93.168,1 000,1 000 000,No Refill,16 minutes,,,400.6224
15272,🇸🇳 Rumble.com Video Views – [Unlimited] [10K/Day Speed] [Non-Drop] [Real & Active] [Senegal 🇸🇳],93.168,1 000,1 000 000,No Refill,11 minutes,,,400.6224
15273,🇧🇪 Rumble.com Video Views – [Unlimited] [10K/Day Speed] [Non-Drop] [Real & Active] [Belgium 🇧🇪],93.168,1 000,1 000 000,No Refill,22 minutes,,,400.6224
15274,🇯🇴 Rumble.com Video Views – [Unlimited] [10K/Day Speed] [Non-Drop] [Real & Active] [Jordan 🇯🇴],93.168,1 000,1 000 000,No Refill,11 minutes,,,400.6224
15275,🇳🇬 Rumble.com Video Views – [Unlimited] [10K/Day Speed] [Non-Drop] [Real & Active] [Nigeria 🇳🇬],93.168,1 000,1 000 000,No Refill,23 minutes,,,400.6224
15276,🇸🇾 Rumble.com Video Views – [Unlimited] [10K/Day Speed] [Non-Drop] [Real & Active] [Syria 🇸🇾],93.168,1 000,1 000 000,No Refill,16 minutes,,,400.6224
15277,🇦🇺 Rumble.com Video Views – [Unlimited] [10K/Day Speed] [Non-Drop] [Real & Active] [Australia 🇦🇺],93.168,1 000,1 000 000,No Refill,22 minutes,,,400.6224
15278,🇬🇹 Rumble.com Video Views – [Unlimited] [10K/Day Speed] [Non-Drop] [Real & Active] [Guatemala 🇬🇹],93.168,1 000,1 000 000,No Refill,33 minutes,,,400.6224
15279,🇩🇴 Rumble.com Video Views – [Unlimited] [10K/Day Speed] [Non-Drop] [Real & Active] [Dominican Republic 🇩🇴],93.168,1 000,1 000 000,No Refill,17 minutes,,,400.6224
15280,🇱🇰 Rumble.com Video Views – [Unlimited] [10K/Day Speed] [Non-Drop] [Real & Active] [Sri Lanka 🇱🇰],93.168,1 000,1 000 000,No Refill,55 minutes,,,400.6224
15281,🇭🇷 Rumble.com Video Views – [Unlimited] [10K/Day Speed] [Non-Drop] [Real & Active] [Croatia 🇭🇷],93.168,1 000,1 000 000,No Refill,33 minutes,,,400.6224
15282,🇧🇦 Rumble.com Video Views – [Unlimited] [10K/Day Speed] [Non-Drop] [Real & Active] [Bosnia and Herzegovina 🇧🇦],93.168,1 000,1 000 000,No Refill,33 minutes,,,400.6224
15283,🇨🇭 Rumble.com Video Views – [Unlimited] [10K/Day Speed] [Non-Drop] [Real & Active] [Switzerland 🇨🇭],93.168,1 000,1 000 000,No Refill,22 minutes,,,400.6224
15284,🇲🇲 Rumble.com Video Views – [Unlimited] [10K/Day Speed] [Non-Drop] [Real & Active] [Myanmar 🇲🇲],93.168,1 000,1 000 000,No Refill,33 minutes,,,400.6224
15285,🇵🇾 Rumble.com Video Views – [Unlimited] [10K/Day Speed] [Non-Drop] [Real & Active] [Paraguay 🇵🇾],93.168,1 000,1 000 000,No Refill,22 minutes,,,400.6224
15286,🇴🇲 Rumble.com Video Views – [Unlimited] [10K/Day Speed] [Non-Drop] [Real & Active] [Oman 🇴🇲],93.168,1 000,1 000 000,No Refill,11 minutes,,,400.6224
15287,🇲🇺 Rumble.com Video Views – [Unlimited] [10K/Day Speed] [Non-Drop] [Real & Active] [Mauritius 🇲🇺],93.168,1 000,1 000 000,No Refill,11 minutes,,,400.6224
15288,🇸🇻 Rumble.com Video Views – [Unlimited] [10K/Day Speed] [Non-Drop] [Real & Active] [El Salvador 🇸🇻],93.168,1 000,1 000 000,No Refill,11 minutes,,,400.6224
15289,🇹🇬 Rumble.com Video Views – [Unlimited] [10K/Day Speed] [Non-Drop] [Real & Active] [Togo 🇹🇬],93.168,1 000,1 000 000,No Refill,55 minutes,,,400.6224
15290,🇶🇦 Rumble.com Video Views – [Unlimited] [10K/Day Speed] [Non-Drop] [Real & Active] [Qatar 🇶🇦],93.168,1 000,1 000 000,No Refill,11 minutes,,,400.6224
15291,🇺🇾 Rumble.com Video Views – [Unlimited] [10K/Day Speed] [Non-Drop] [Real & Active] [Uruguay 🇺🇾],93.168,1 000,1 000 000,No Refill,17 minutes,,,400.6224
15292,🇨🇷 Rumble.com Video Views – [Unlimited] [10K/Day Speed] [Non-Drop] [Real & Active] [Costa Rica 🇨🇷],93.168,1 000,1 000 000,No Refill,11 minutes,,,400.6224
15293,🇦🇴 Rumble.com Video Views – [Unlimited] [10K/Day Speed] [Non-Drop] [Real & Active] [Angola 🇦🇴],93.168,1 000,1 000 000,No Refill,16 minutes,,,400.6224
15294,🇸🇬 Rumble.com Video Views – [Unlimited] [10K/Day Speed] [Non-Drop] [Real & Active] [Singapore 🇸🇬],93.168,1 000,1 000 000,No Refill,55 minutes,,,400.6224
15295,🇱🇧 Rumble.com Video Views – [Unlimited] [10K/Day Speed] [Non-Drop] [Real & Active] [Lebanon 🇱🇧],93.168,1 000,1 000 000,No Refill,23 minutes,,,400.6224
15296,🇭🇳 Rumble.com Video Views – [Unlimited] [10K/Day Speed] [Non-Drop] [Real & Active] [Honduras 🇭🇳],93.168,1 000,1 000 000,No Refill,11 minutes,,,400.6224
15297,🇮🇹 Rumble.com Video Views – [Unlimited] [10K/Day Speed] [Non-Drop] [Real & Active] [Italy 🇮🇹],93.168,1 000,1 000 000,No Refill,22 minutes,,,400.6224
7034,Rutube Video Views - [30 Days Refill] [Non-Drop] [Speed 5K/Day] [0-48HRS],46.584,100,50 003,30 Days Refill,55 minutes,,,200.3112
12901,Rutube Video Views - [30 Days Refill] [Non-Drop] [Speed 100K/Day] [INSTANT],12.94,100,500 000,30 Days Refill,7 minutes,,,55.642
6613,Rutube Followers - [30 Days Refill] [Max 100K] [Speed 15K/Day] [0-1HR],156.574,10,100 000,30 Days Refill,23 minutes,,,673.2682
6614,Rutube Likes [В топ 🚀] - [30 Days Refill] [Max 100K] [Speed 5K/Day] [0-12HRS],151.398,10,100 000,30 Days Refill,55 minutes,,,651.0114
12902,Rutube Likes - [Video] [30 Days Refill] [Max 100K] [Speed 5K/Day] [0-2HRS],155.28,10,100 000,30 Days Refill,33 minutes,,,667.704
12903,Rutube Likes - [Shorts] [30 Days Refill] [Max 100K] [Speed 5K/Day] [0-2HRS],156.574,10,100 000,30 Days Refill,55 minutes,,,673.2682
15219,Rutube Video Dislikes - [30 Days Refill] [Max 100K] [Speed 5K/Day] [0-2HRS],155.28,10,100 000,30 Days Refill,16 minutes,,,667.704
6615,Rutube Comments - [CUSTOM] [30 Days Refill] [Max 1K] [Speed 500-1K/Day] [0-6HRS],302.796,3,1 001,30 Days Refill,22 minutes,,,1302.0228
15337,小红书 - Xiaohongshu Red Note Followers,15528,10,6 500 000,No Refill,23 minutes,,,66770.4
15338,小红书 - Xiaohongshu Red Note Likes,15528,10,6 500 000,No Refill,33 minutes,,,66770.4
15339,小红书 - Xiaohongshu Red Note Views,15528,100,6 500 000,No Refill,17 minutes,,,66770.4
9959,Snapchat Followers - [Non-Drop] [Max 10K] [𝐑𝐄𝐀𝐋 & 𝐎𝐑𝐆𝐀𝐍𝐈𝐂] [Speed 3-5K/Day] [0-1HRS],1746.9,10,10 000,No Refill,3 hours,,,7511.67
10549,Snapchat Likes - [Non-Drop] [Max 10K] [𝐑𝐄𝐀𝐋 & 𝐎𝐑𝐆𝐀𝐍𝐈𝐂] [Speed 10K/Day] [INSTANT],944.62,20,10 000,No Refill,17 minutes,,,4061.866
6576,Snapchat Followers - [Europe 🇪🇺] [30 Days Refill] [Max 5K] [Speed 500-1K/Day] [0-2 HRS],2998.198,100,5 000,30 Days Refill,23 minutes,,,12892.2514
5298,Snapchat Followers - [USA 🇺🇸] [30 Days Refill] [Max 50K] [Speed 500-1K/Day] [0-2 HRS],3950.582,100,50 000,30 Days Refill,22 minutes,,,16987.5026
5299,Snapchat Followers - [UK 🇬🇧] [30 Days Refill] [Max 10K] [Speed 500-1K/Day] [0-2 HRS],5066.01,100,10 000,30 Days Refill,16 minutes,,,21783.843
5300,Snapchat Followers - [France 🇫🇷] [30 Days Refill] [Max 10K] [Speed 500-1K/Day] [0-2 HRS],5066.01,100,10 000,30 Days Refill,55 minutes,,,21783.843
5301,Snapchat Followers - [Germany 🇩🇪] [30 Days Refill] [Max 10K] [Speed 500-1K/Day] [0-2 HRS],5066.01,100,10 000,30 Days Refill,92 hours 29 minutes,,,21783.843
6573,Snapchat Followers - [Netherlands 🇳🇱] [30 Days Refill] [Max 10K] [Speed 500-1K/Day] [0-2 HRS],5066.01,100,10 000,30 Days Refill,23 minutes,,,21783.843
6574,Snapchat Followers - [Sweden 🇸🇪] [30 Days Refill] [Max 10K] [Speed 500-1K/Day] [0-2 HRS],5066.01,50,10 000,30 Days Refill,17 minutes,,,21783.843
5291,Snapchat Followers - [Saudi Arabia 🇸🇦] [30 Days Refill] [Max 10K] [Speed 500/Day] [0-2 HRS],1552.8,10,10 000,30 Days Refill,22 minutes,,,6677.04
5297,Snapchat Followers - [Qatar 🇶🇦] [30 Days Refill] [Max 50K] [Speed 400-800/Day] [0-1 HR],3959.64,50,50 000,30 Days Refill,16 minutes,,,17026.452
5292,Snapchat Followers - [Bahrain 🇧🇭] [30 Days Refill] [Max 50K] [Speed 400-800/Day] [0-1 HR],3959.64,50,50 000,30 Days Refill,55 minutes,,,17026.452
5294,Snapchat Followers - [Oman 🇴🇲] [30 Days Refill] [Max 50K] [Speed 400-800/Day] [0-1 HR],3959.64,50,50 000,30 Days Refill,23 minutes,,,17026.452
5295,Snapchat Followers - [Kuwait 🇰🇼] [30 Days Refill] [Max 50K] [Speed 400-800/Day] [0-1 HR],3959.64,50,50 000,30 Days Refill,11 minutes,,,17026.452
5293,Snapchat Followers - [Iraq 🇮🇶] [30 Days Refill] [Max 50K] [Speed 400-800/Day] [0-1 HR],3959.64,50,50 000,30 Days Refill,55 minutes,,,17026.452
6549,Snapchat Friend Requests - [Lifetime Refill] [Max 10K] [Stable - High Quality] [Speed 100-500/Day] [0-6 HRS],2173.92,100,1 000,Lifetime Refill,17 hours 29 minutes,,,9347.856
6577,Snapchat Story Views - [EUROPE] [No Refill] [Max 10K] [Speed 500-1K/Day] [0-1 HR],4157.622,100,10 000,No Refill,22 minutes,,,17877.7746
5284,Snapchat Views - [OMAN] [100 Stories] [No Refill] [Fast] [Speed 80-120/Day] [0-1 HR],482.662,1,1,No Refill,22 minutes,,,2075.4466
5285,Snapchat Views - [SAUDI ARABIA] [100 Stories] [No Refill] [Fast] [Speed 80-120/Day] [0-1 HR],446.43,1,1,No Refill,11 minutes,,,1919.649
5286,Snapchat Views - [KUWAIT] [100 Views] [No Refill] [Fast] [Speed 80-120/Day] [0-1 HR],477.486,1,1,No Refill,33 minutes,,,2053.1898
5287,Snapchat Views - [IRAQ] [100 Stories] [No Refill] [Fast] [Speed 80-120/Day] [0-1 HR],477.486,1,1,No Refill,55 minutes,,,2053.1898
5289,Snapchat Views - [QATAR] [100 Stories] [No Refill] [Fast] [Speed 80-120/Day] [0-1 HR],490.426,1,1,No Refill,22 minutes,,,2108.8318
5290,Snapchat Views - [BAHRAIN] [100 Stories] [No Refill] [Fast] [Speed 80-120/Day] [0-1 HR],490.426,1,1,No Refill,17 minutes,,,2108.8318
6579,Snapchat Views - [FRANCE] [100 Stories] [No Refill] [0-6 HRS],547.362,1,1,No Refill,17 minutes,,,2353.6566
6580,Snapchat Views - [GERMANY] [100 Stories] [No Refill] [0-6 HRS],547.362,1,1,No Refill,16 minutes,,,2353.6566
6581,Snapchat Views - [NETHERLANDS] [100 Stories] [No Refill] [0-6 HRS],564.184,1,1,No Refill,55 minutes,,,2425.9912
6582,Snapchat Views - [SWEDEN] [100 Stories] [No Refill] [0-6 HRS],564.184,1,1,No Refill,11 minutes,,,2425.9912
6583,Snapchat Views - [UK] [100 Stories] [No Refill] [0-6 HRS],564.184,1,1,No Refill,16 minutes,,,2425.9912
6584,Snapchat Views - [EUROPE] [100 Stories] [No Refill] [0-6 HRS],564.184,1,1,No Refill,55 minutes,,,2425.9912
5302,Snapchat Engagements - [SAUDI ARABIA] [7 Days Package] [No Refill] [Speed 150-450/Day] [0-1 HR],7754.942,1,1,No Refill,17 minutes,,,33346.2506
5303,Snapchat Engagements - [KUWAIT] [7 Days Package] [No Refill] [Speed 150-450/Day] [0-1 HR],8084.912,1,1,No Refill,22 minutes,,,34765.1216
5304,Snapchat Engagements - [QATAR] [7 Days Package] [No Refill] [Speed 150-450/Day] [0-1 HR],8084.912,1,1,No Refill,55 minutes,,,34765.1216
5305,Snapchat Engagements - [ARAB] [7 Days Package] [No Refill] [Speed 150-450/Day] [0-1 HR],8084.912,1,1,No Refill,22 minutes,,,34765.1216
6586,Snapchat Spotlight Likes & Views - [USA & EUROPE] [No Refill] [Max 80K] [Speed 1-3K/Day] [0-6 HRS],7424.972,50,80 000,No Refill,55 minutes,,,31927.3796
15204,VK Post Views - [Max 100K] [Speed 200-300K/Day] [INSTANT],6.47,500,100 000,No Refill,23 minutes,,,27.821
15207,VK Video Views - [Unlimited] [FAST] [Speed 20-50k/Day],1.0352,500,1 000 000,No Refill,22 minutes,,,4.45136
15206,VK Video Views - [Unlimited] [FAST] [Speed 20K/Day],1.0352,1 000,600 000,No Refill,16 minutes,,,4.45136
15208,VK Video and Clip Views - [Unlimited] [FAST] [Speed 200K/Day],9.705,100,1 000 000,No Refill,3 hours,,,41.7315
15198,VK Likes - [Bots] [1K/Day] [Max 15K] [Speed 1K/Day] [0-2HRS],97.05,20,15 000,No Refill,23 minutes,,,417.315
15197,VK Likes - [Real] [5K/Day] [Max 15K] [0-2HRS],98.344,5,15 000,No Refill,8 hours 32 minutes,,,422.8792
15202,VK Cheap Likes [Max 15K] [Speed 1K/Day] [0-1HR],51.76,1,17 000,No Refill,23 minutes,,,222.568
15200,VK Likes For Boost | Public / Groups only [Speed 10K/Day] [0-1HR],245.86,20,500,No Refill,55 minutes,,,1057.198
15201,VK Clip Likes [Max 500] [Speed 100/Day] [0-2HRS],103.52,20,500,No Refill,33 minutes,,,445.136
15205,VK Playlist listens [Max 500K] [INSTANT],323.5,300,500 000,No Refill,23 minutes,,,1391.05
15203,VK Reposts [Max 1500] [Speed 1K/Day] [0-2HRS],174.69,1,1 500,No Refill,24 minutes,,,751.167
15199,VK Comment Likes - [Max 100] [0-3HRS],73.758,1,100,No Refill,55 minutes,,,317.1594
15317,Yandex Zen Video Views [Max 100K] [30 Days Refill] [Speed 1K/Day] [0-24HRS],248.448,100,100 000,No Refill,11 minutes,,,1068.3264
15299,Yandex Zen Subscribers - [30 Days Refill] [Max 5K] [Speed 100/Day] [0-1HR],841.1,50,5 000,30 Days Refill,23 minutes,,,3616.73
6567,Yandex Q Subscribers - [30 Days Refill] [Max 20K] [Speed 500-1K/Day] [0-3HRS],1825.834,20,20 000,30 Days Refill,33 minutes,,,7851.0862
15301,Yandex Music Plays [30 Days Refill] [Max 5K] [Speed 100-300/Day] [0-24HRS],7764,500,1 000,30 Days Refill,23 minutes,,,33385.2
15298,Yandex Zen Subscribers - [30 Days Refill] [Max 20K] [Speed 500-1K/Day] [0-3HRS],746.638,20,20 000,30 Days Refill,55 minutes,,,3210.5434
6571,Yandex Q Likes - [30 Days Refill] [Max 10K] [Speed 50-150/Day] [0-1HR],841.1,10,10 000,30 Days Refill,33 minutes,,,3616.73
15300,Yandex Zen Likes - [30 Days Refill] [Max 10K] [Speed 50-150/Day] [0-1HR],841.1,50,10 000,30 Days Refill,23 minutes,,,3616.73
15307,Yandex Zen [Readings] [35sec] [Max 100K] [Speed 1K/Day] [0-12HRS],263.976,100,100 000,No Refill,23 minutes,,,1135.0968
15308,Yandex Zen [Readings] [50sec] [Max 100K] [Speed 1K/Day] [0-12HRS],341.616,100,100 000,No Refill,23 minutes,,,1468.9488
15309,Yandex Zen [Readings] [65sec] [Max 100K] [Speed 1K/Day] [0-12HRS],447.2064,100,100 000,No Refill,55 minutes,,,1922.98752
15310,Yandex Zen [Readings] [95sec] [Max 100K] [Speed 1K/Day] [0-12HRS],527.952,100,100 000,No Refill,22 minutes,,,2270.1936
15311,Yandex Zen [Readings] [155sec] [Max 100K] [Speed 1K/Day] [0-12HRS],931.68,100,100 000,No Refill,33 minutes,,,4006.224
15313,Yandex Zen Video Views [45sec] [Max 100K] [Speed 1K/Day] [0-24HRS],186.336,100,100 000,No Refill,33 minutes,,,801.2448
15312,Yandex Zen Video Views [30sec] [Max 100K] [Speed 1K/Day] [0-24HRS],139.752,100,100 000,No Refill,33 minutes,,,600.9336
15314,Yandex Zen Video Views [60sec] [Max 100K] [Speed 1K/Day] [0-24HRS],248.448,100,100 000,No Refill,22 minutes,,,1068.3264
15315,Yandex Zen Video Views [90sec] [Max 100K] [Speed 1K/Day] [0-24HRS],279.504,100,100 000,No Refill,16 minutes,,,1201.8672
15316,Yandex Zen Video Views [150sec] [Max 100K] [Speed 1K/Day] [0-24HRS],496.896,100,100 000,No Refill,11 minutes,,,2136.6528
13574,Real Human 𝐑𝐏𝐀™ - 𝐑𝐞𝐚𝐥 𝐏𝐨𝐩𝐮𝐩 𝐀𝐝𝐬 Traffic Optimized From Google Play Store,276.916,1 000,1 000 000,No Refill,22 minutes,,,1190.7388
13575,Real Human 𝐑𝐏𝐀™ - 𝐑𝐞𝐚𝐥 𝐏𝐨𝐩𝐮𝐩 𝐀𝐝𝐬 Traffic Optimized From Apple Store,411.492,1 000,1 000 000,No Refill,11 minutes,,,1769.4156
13576,Real Human 𝐑𝐏𝐀™ - 𝐑𝐞𝐚𝐥 𝐏𝐨𝐩𝐮𝐩 𝐀𝐝𝐬 Traffic Optimized From Temu,411.492,1 000,1 000 000,No Refill,16 minutes,,,1769.4156
13577,Real Human 𝐑𝐏𝐀™ - 𝐑𝐞𝐚𝐥 𝐏𝐨𝐩𝐮𝐩 𝐀𝐝𝐬 Traffic Optimized From Rumble Live,174.69,1 000,1 000 000,No Refill,55 minutes,,,751.167
13578,Real Human 𝐑𝐏𝐀™ - 𝐑𝐞𝐚𝐥 𝐏𝐨𝐩𝐮𝐩 𝐀𝐝𝐬 Traffic Optimized From TikTok Live,174.69,1 000,1 000 000,No Refill,33 minutes,,,751.167
13579,Real Human 𝐑𝐏𝐀™ - 𝐑𝐞𝐚𝐥 𝐏𝐨𝐩𝐮𝐩 𝐀𝐝𝐬 Traffic Optimized From OpenSea.com,411.492,1 000,1 000 000,No Refill,23 minutes,,,1769.4156
13533,🌎 Worldwide Premium Mobile Traffic from iPhone Devices | Max 100K | 𝐑𝐏𝐀™ - 𝐑𝐞𝐚𝐥 𝐏𝐨𝐩𝐮𝐩 𝐀𝐝𝐬 | INSTANT,160.456,500,100 000,No Refill,3 hours 15 minutes,,,689.9608
13534,🇺🇸 USA Premium Mobile Traffic from iPhone Devices | Max 100K | 𝐑𝐏𝐀™ - 𝐑𝐞𝐚𝐥 𝐏𝐨𝐩𝐮𝐩 𝐀𝐝𝐬 | INSTANT,402.434,500,100 000,No Refill,5 hours 21 minutes,,,1730.4662
13535,🇩🇪 Germany Premium Mobile Traffic from iPhone Devices | Max 100K | 𝐑𝐏𝐀™ - 𝐑𝐞𝐚𝐥 𝐏𝐨𝐩𝐮𝐩 𝐀𝐝𝐬 | INSTANT,322.206,500,100 000,No Refill,23 minutes,,,1385.4858
13536,🇬🇧 UK Premium Mobile Traffic from iPhone Devices | Max 100K | 𝐑𝐏𝐀™ - 𝐑𝐞𝐚𝐥 𝐏𝐨𝐩𝐮𝐩 𝐀𝐝𝐬 | INSTANT,322.206,500,100 000,No Refill,41 hours 9 minutes,,,1385.4858
13537,🇫🇷 France Premium Mobile Traffic from iPhone Devices | Max 100K | 𝐑𝐏𝐀™ - 𝐑𝐞𝐚𝐥 𝐏𝐨𝐩𝐮𝐩 𝐀𝐝𝐬 | INSTANT,322.206,500,100 000,No Refill,16 minutes,,,1385.4858
13538,🇯🇵 Japan Premium Mobile Traffic from iPhone Devices | Max 100K | 𝐑𝐏𝐀™ - 𝐑𝐞𝐚𝐥 𝐏𝐨𝐩𝐮𝐩 𝐀𝐝𝐬 | INSTANT,322.206,500,100 000,No Refill,22 minutes,,,1385.4858
13539,🇪🇸 Spain Premium Mobile Traffic from iPhone Devices | Max 100K | 𝐑𝐏𝐀™ - 𝐑𝐞𝐚𝐥 𝐏𝐨𝐩𝐮𝐩 𝐀𝐝𝐬 | INSTANT,322.206,500,100 000,No Refill,23 minutes,,,1385.4858
13540,🇸🇪 Sweden Premium Mobile Traffic from iPhone Devices | Max 100K | 𝐑𝐏𝐀™ - 𝐑𝐞𝐚𝐥 𝐏𝐨𝐩𝐮𝐩 𝐀𝐝𝐬 | INSTANT,322.206,500,100 000,No Refill,16 minutes,,,1385.4858
13541,🇮🇹 Italy Premium Mobile Traffic from iPhone Devices | Max 100K | 𝐑𝐏𝐀™ - 𝐑𝐞𝐚𝐥 𝐏𝐨𝐩𝐮𝐩 𝐀𝐝𝐬 | INSTANT,322.206,500,100 000,No Refill,23 minutes,,,1385.4858
13542,🇮🇱 Israel Premium Mobile Traffic from iPhone Devices | Max 100K | 𝐑𝐏𝐀™ - 𝐑𝐞𝐚𝐥 𝐏𝐨𝐩𝐮𝐩 𝐀𝐝𝐬 | INSTANT,322.206,500,100 000,No Refill,16 minutes,,,1385.4858
13543,🇨🇦 Canada Premium Mobile Traffic from iPhone Devices | Max 100K | 𝐑𝐏𝐀™ - 𝐑𝐞𝐚𝐥 𝐏𝐨𝐩𝐮𝐩 𝐀𝐝𝐬 | INSTANT,322.206,500,100 000,No Refill,33 minutes,,,1385.4858
13544,🇧🇷 Brazil Premium Mobile Traffic from iPhone Devices | Max 100K | 𝐑𝐏𝐀™ - 𝐑𝐞𝐚𝐥 𝐏𝐨𝐩𝐮𝐩 𝐀𝐝𝐬 | INSTANT,322.206,500,100 000,No Refill,23 minutes,,,1385.4858
13545,🇦🇺 Australia Premium Mobile Traffic from iPhone Devices | Max 100K | 𝐑𝐏𝐀™ - 𝐑𝐞𝐚𝐥 𝐏𝐨𝐩𝐮𝐩 𝐀𝐝𝐬 | INSTANT,322.206,500,100 000,No Refill,11 minutes,,,1385.4858
13546,𝐄𝐧𝐠𝐥𝐢𝐬𝐡 𝐒𝐩𝐞𝐚𝐤𝐞𝐫𝐬 Premium Mobile Traffic from iPhone Devices | Max 100K | 𝐑𝐏𝐀™ - 𝐑𝐞𝐚𝐥 𝐏𝐨𝐩𝐮𝐩 𝐀𝐝𝐬 | INSTANT,317.03,500,100 000,No Refill,23 minutes,,,1363.229
13547,𝐅𝐫𝐞𝐧𝐜𝐡 𝐒𝐩𝐞𝐚𝐤𝐞𝐫𝐬 Premium Mobile Traffic from iPhone Devices | Max 100K | 𝐑𝐏𝐀™ - 𝐑𝐞𝐚𝐥 𝐏𝐨𝐩𝐮𝐩 𝐀𝐝𝐬 | INSTANT,317.03,500,100 000,No Refill,22 minutes,,,1363.229
13548,𝐒𝐩𝐚𝐧𝐢𝐬𝐡 𝐒𝐩𝐞𝐚𝐤𝐞𝐫𝐬 Premium Mobile Traffic from iPhone Devices | Max 100K | 𝐑𝐏𝐀™ - 𝐑𝐞𝐚𝐥 𝐏𝐨𝐩𝐮𝐩 𝐀𝐝𝐬 | INSTANT,317.03,500,100 000,No Refill,22 minutes,,,1363.229
13549,𝐆𝐞𝐫𝐦𝐚𝐧 𝐒𝐩𝐞𝐚𝐤𝐞𝐫𝐬 Premium Mobile Traffic from iPhone Devices | Max 100K | 𝐑𝐏𝐀™ - 𝐑𝐞𝐚𝐥 𝐏𝐨𝐩𝐮𝐩 𝐀𝐝𝐬 | INSTANT,317.03,500,100 000,No Refill,16 minutes,,,1363.229
13550,𝐀𝐫𝐚𝐛𝐢𝐜 𝐒𝐩𝐞𝐚𝐤𝐞𝐫𝐬 Premium Mobile Traffic from iPhone Devices | Max 100K | 𝐑𝐏𝐀™ - 𝐑𝐞𝐚𝐥 𝐏𝐨𝐩𝐮𝐩 𝐀𝐝𝐬 | INSTANT,317.03,500,100 000,No Refill,22 minutes,,,1363.229
13551,𝐏𝐨𝐫𝐭𝐮𝐠𝐮𝐞𝐬𝐞 𝐒𝐩𝐞𝐚𝐤𝐞𝐫𝐬 Premium Mobile Traffic from iPhone Devices | Max 100K | 𝐑𝐏𝐀™ - 𝐑𝐞𝐚𝐥 𝐏𝐨𝐩𝐮𝐩 𝐀𝐝𝐬 | INSTANT,317.03,500,100 000,No Refill,55 minutes,,,1363.229
13552,𝐑𝐮𝐬𝐬𝐢𝐚𝐧 𝐒𝐩𝐞𝐚𝐤𝐞𝐫𝐬 Premium Mobile Traffic from iPhone Devices | Max 100K | 𝐑𝐏𝐀™ - 𝐑𝐞𝐚𝐥 𝐏𝐨𝐩𝐮𝐩 𝐀𝐝𝐬 | INSTANT,317.03,500,100 000,No Refill,16 minutes,,,1363.229
13620,🌎 Worldwide Premium Mobile Traffic from Android Devices | Max 100K | HQ Sources | 𝐑𝐏𝐀™ - 𝐑𝐞𝐚𝐥 𝐏𝐨𝐩𝐮𝐩 𝐀𝐝𝐬 | INSTANT,163.044,500,100 000,No Refill,14 hours 49 minutes,,,701.0892
13621,🇺🇸 USA Premium Mobile Traffic from Android Devices | Max 100K | HQ Sources | 𝐑𝐏𝐀™ - 𝐑𝐞𝐚𝐥 𝐏𝐨𝐩𝐮𝐩 𝐀𝐝𝐬 | INSTANT,267.858,500,100 000,No Refill,8 hours 44 minutes,,,1151.7894
13622,🇬🇧 UK Premium Mobile Traffic from Android Devices | Max 100K | HQ Sources | 𝐑𝐏𝐀™ - 𝐑𝐞𝐚𝐥 𝐏𝐨𝐩𝐮𝐩 𝐀𝐝𝐬 | INSTANT,267.858,500,100 000,No Refill,16 minutes,,,1151.7894
13623,🇯🇵 Japan Premium Mobile Traffic from Android Devices | Max 100K | HQ Sources | 𝐑𝐏𝐀™ - 𝐑𝐞𝐚𝐥 𝐏𝐨𝐩𝐮𝐩 𝐀𝐝𝐬 | INSTANT,267.858,500,100 000,No Refill,22 minutes,,,1151.7894
13624,🇨🇦 Canada Premium Mobile Traffic from Android Devices | Max 100K | HQ Sources | 𝐑𝐏𝐀™ - 𝐑𝐞𝐚𝐥 𝐏𝐨𝐩𝐮𝐩 𝐀𝐝𝐬 | INSTANT,267.858,500,100 000,No Refill,6 hours 27 minutes,,,1151.7894
13625,🇩🇪 Germany Premium Mobile Traffic from Android Devices | Max 100K | HQ Sources | 𝐑𝐏𝐀™ - 𝐑𝐞𝐚𝐥 𝐏𝐨𝐩𝐮𝐩 𝐀𝐝𝐬 | INSTANT,267.858,500,100 000,No Refill,55 minutes,,,1151.7894
13626,🇹🇷 Turkey Premium Mobile Traffic from Android Devices | Max 100K | HQ Sources | 𝐑𝐏𝐀™ - 𝐑𝐞𝐚𝐥 𝐏𝐨𝐩𝐮𝐩 𝐀𝐝𝐬 | INSTANT,267.858,500,100 000,No Refill,16 minutes,,,1151.7894
13627,🇫🇷 France Premium Mobile Traffic from Android Devices | Max 100K | HQ Sources | 𝐑𝐏𝐀™ - 𝐑𝐞𝐚𝐥 𝐏𝐨𝐩𝐮𝐩 𝐀𝐝𝐬 | INSTANT,267.858,500,100 000,No Refill,33 minutes,,,1151.7894
13628,🇦🇺 Australia Premium Mobile Traffic from Android Devices | Max 100K | HQ Sources | 𝐑𝐏𝐀™ - 𝐑𝐞𝐚𝐥 𝐏𝐨𝐩𝐮𝐩 𝐀𝐝𝐬 | INSTANT,267.858,500,100 000,No Refill,16 minutes,,,1151.7894
13629,🇧🇷 Brazil Premium Mobile Traffic from Android Devices | Max 100K | HQ Sources | 𝐑𝐏𝐀™ - 𝐑𝐞𝐚𝐥 𝐏𝐨𝐩𝐮𝐩 𝐀𝐝𝐬 | INSTANT,267.858,500,100 000,No Refill,55 minutes,,,1151.7894
13630,🇮🇹 Italy Premium Mobile Traffic from Android Devices | Max 100K | HQ Sources | 𝐑𝐏𝐀™ - 𝐑𝐞𝐚𝐥 𝐏𝐨𝐩𝐮𝐩 𝐀𝐝𝐬 | INSTANT,267.858,500,100 000,No Refill,17 minutes,,,1151.7894
13632,🇪🇸 Spain Premium Mobile Traffic from Android Devices | Max 100K | HQ Sources | 𝐑𝐏𝐀™ - 𝐑𝐞𝐚𝐥 𝐏𝐨𝐩𝐮𝐩 𝐀𝐝𝐬 | INSTANT,267.858,500,100 000,No Refill,11 minutes,,,1151.7894
13633,🇵🇱 Poland Premium Mobile Traffic from Android Devices | Max 100K | HQ Sources | 𝐑𝐏𝐀™ - 𝐑𝐞𝐚𝐥 𝐏𝐨𝐩𝐮𝐩 𝐀𝐝𝐬 | INSTANT,267.858,500,100 000,No Refill,55 minutes,,,1151.7894
13634,🇭🇰 Hong Kong Premium Mobile Traffic from Android Devices | Max 100K | HQ Sources | 𝐑𝐏𝐀™ - 𝐑𝐞𝐚𝐥 𝐏𝐨𝐩𝐮𝐩 𝐀𝐝𝐬 | INSTANT,267.858,500,100 000,No Refill,33 minutes,,,1151.7894
13636,🇹🇭 Thailand Premium Mobile Traffic from Android Devices | Max 100K | HQ Sources | 𝐑𝐏𝐀™ - 𝐑𝐞𝐚𝐥 𝐏𝐨𝐩𝐮𝐩 𝐀𝐝𝐬 | INSTANT,267.858,500,100 000,No Refill,22 minutes,,,1151.7894
13637,🇵🇰 Pakistan Premium Mobile Traffic from Android Devices | Max 100K | HQ Sources | 𝐑𝐏𝐀™ - 𝐑𝐞𝐚𝐥 𝐏𝐨𝐩𝐮𝐩 𝐀𝐝𝐬 | INSTANT,295.032,500,100 000,No Refill,16 minutes,,,1268.6376
13638,🇮🇱 Israel Premium Mobile Traffic from Android Devices | Max 100K | HQ Sources | 𝐑𝐏𝐀™ - 𝐑𝐞𝐚𝐥 𝐏𝐨𝐩𝐮𝐩 𝐀𝐝𝐬 | INSTANT,295.032,500,100 000,No Refill,23 minutes,,,1268.6376
13639,🇦🇹 Austria Premium Mobile Traffic from Android Devices | Max 100K | HQ Sources | 𝐑𝐏𝐀™ - 𝐑𝐞𝐚𝐥 𝐏𝐨𝐩𝐮𝐩 𝐀𝐝𝐬 | INSTANT,295.032,500,100 000,No Refill,55 minutes,,,1268.6376
13640,🇦🇱 Albania Premium Mobile Traffic from Android Devices | Max 100K | HQ Sources | 𝐑𝐏𝐀™ - 𝐑𝐞𝐚𝐥 𝐏𝐨𝐩𝐮𝐩 𝐀𝐝𝐬 | INSTANT,295.032,500,100 000,No Refill,55 minutes,,,1268.6376
13641,🇦🇷 Argentina Premium Mobile Traffic from Android Devices | Max 100K | HQ Sources | 𝐑𝐏𝐀™ - 𝐑𝐞𝐚𝐥 𝐏𝐨𝐩𝐮𝐩 𝐀𝐝𝐬 | INSTANT,295.032,500,100 000,No Refill,23 minutes,,,1268.6376
13642,🇧🇪 Belgium Premium Mobile Traffic from Android Devices | Max 100K | HQ Sources | 𝐑𝐏𝐀™ - 𝐑𝐞𝐚𝐥 𝐏𝐨𝐩𝐮𝐩 𝐀𝐝𝐬 | INSTANT,295.032,500,100 000,No Refill,33 minutes,,,1268.6376
13643,🇨🇱 Chile Premium Mobile Traffic from Android Devices | Max 100K | HQ Sources | 𝐑𝐏𝐀™ - 𝐑𝐞𝐚𝐥 𝐏𝐨𝐩𝐮𝐩 𝐀𝐝𝐬 | INSTANT,295.032,500,100 000,No Refill,55 minutes,,,1268.6376
13644,🇨🇴 Colombia Premium Mobile Traffic from Android Devices | Max 100K | HQ Sources | 𝐑𝐏𝐀™ - 𝐑𝐞𝐚𝐥 𝐏𝐨𝐩𝐮𝐩 𝐀𝐝𝐬 | INSTANT,295.032,500,100 000,No Refill,33 minutes,,,1268.6376
13645,🇭🇷 Croatia Premium Mobile Traffic from Android Devices | Max 100K | HQ Sources | 𝐑𝐏𝐀™ - 𝐑𝐞𝐚𝐥 𝐏𝐨𝐩𝐮𝐩 𝐀𝐝𝐬 | INSTANT,295.032,500,100 000,No Refill,17 minutes,,,1268.6376
13646,🇪🇬 Egypt Premium Mobile Traffic from Android Devices | Max 100K | HQ Sources | 𝐑𝐏𝐀™ - 𝐑𝐞𝐚𝐥 𝐏𝐨𝐩𝐮𝐩 𝐀𝐝𝐬 | INSTANT,295.032,500,100 000,No Refill,11 minutes,,,1268.6376
13647,🇬🇭 Ghana Premium Mobile Traffic from Android Devices | Max 100K | HQ Sources | 𝐑𝐏𝐀™ - 𝐑𝐞𝐚𝐥 𝐏𝐨𝐩𝐮𝐩 𝐀𝐝𝐬 | INSTANT,295.032,500,100 000,No Refill,11 minutes,,,1268.6376
13648,🇬🇷 Greece Premium Mobile Traffic from Android Devices | Max 100K | HQ Sources | 𝐑𝐏𝐀™ - 𝐑𝐞𝐚𝐥 𝐏𝐨𝐩𝐮𝐩 𝐀𝐝𝐬 | INSTANT,295.032,500,100 000,No Refill,22 minutes,,,1268.6376
13649,🇮🇩 Indonesia Premium Mobile Traffic from Android Devices | Max 100K | HQ Sources | 𝐑𝐏𝐀™ - 𝐑𝐞𝐚𝐥 𝐏𝐨𝐩𝐮𝐩 𝐀𝐝𝐬 | INSTANT,295.032,500,100 000,No Refill,23 minutes,,,1268.6376
13650,🇰🇷 South Korea Premium Mobile Traffic from Android Devices | Max 100K | HQ Sources | 𝐑𝐏𝐀™ - 𝐑𝐞𝐚𝐥 𝐏𝐨𝐩𝐮𝐩 𝐀𝐝𝐬 | INSTANT,295.032,500,100 000,No Refill,17 minutes,,,1268.6376
13651,🇲🇽 Mexico Premium Mobile Traffic from Android Devices | Max 100K | HQ Sources | 𝐑𝐏𝐀™ - 𝐑𝐞𝐚𝐥 𝐏𝐨𝐩𝐮𝐩 𝐀𝐝𝐬 | INSTANT,295.032,500,100 000,No Refill,16 minutes,,,1268.6376
13652,🇵🇪 Peru Traffic Premium Mobile Traffic from Android Devices | Max 100K | HQ Sources | 𝐑𝐏𝐀™ - 𝐑𝐞𝐚𝐥 𝐏𝐨𝐩𝐮𝐩 𝐀𝐝𝐬 | INSTANT,295.032,500,100 000,No Refill,23 minutes,,,1268.6376
13653,🇵🇹 Portugal Premium Mobile Traffic from Android Devices | Max 100K | HQ Sources | 𝐑𝐏𝐀™ - 𝐑𝐞𝐚𝐥 𝐏𝐨𝐩𝐮𝐩 𝐀𝐝𝐬 | INSTANT,295.032,500,100 000,No Refill,11 minutes,,,1268.6376
13654,🇵🇷 Puerto Rico Premium Mobile Traffic from Android Devices | Max 100K | HQ Sources | 𝐑𝐏𝐀™ - 𝐑𝐞𝐚𝐥 𝐏𝐨𝐩𝐮𝐩 𝐀𝐝𝐬 | INSTANT,295.032,500,100 000,No Refill,16 minutes,,,1268.6376
13655,🇿🇦 South Africa Premium Mobile Traffic from Android Devices | Max 100K | HQ Sources | 𝐑𝐏𝐀™ - 𝐑𝐞𝐚𝐥 𝐏𝐨𝐩𝐮𝐩 𝐀𝐝𝐬 | INSTANT,295.032,500,100 000,No Refill,11 minutes,,,1268.6376
13656,🇹🇼 Taiwan Premium Mobile Traffic from Android Devices | Max 100K | HQ Sources | 𝐑𝐏𝐀™ - 𝐑𝐞𝐚𝐥 𝐏𝐨𝐩𝐮𝐩 𝐀𝐝𝐬 | INSTANT,295.032,500,100 000,No Refill,46 hours 35 minutes,,,1268.6376
13657,🇻🇪 Venezuela Premium Mobile Traffic from Android Devices | Max 100K | HQ Sources | 𝐑𝐏𝐀™ - 𝐑𝐞𝐚𝐥 𝐏𝐨𝐩𝐮𝐩 𝐀𝐝𝐬 | INSTANT,295.032,500,100 000,No Refill,17 minutes,,,1268.6376
13658,𝐄𝐧𝐠𝐥𝐢𝐬𝐡 𝐒𝐩𝐞𝐚𝐤𝐞𝐫𝐬 Premium Mobile Traffic from Android Devices | Max 100K | HQ Sources | 𝐑𝐏𝐀™ - 𝐑𝐞𝐚𝐥 𝐏𝐨𝐩𝐮𝐩 𝐀𝐝𝐬 | INSTANT,267.858,500,100 000,No Refill,17 minutes,,,1151.7894
13659,𝐅𝐫𝐞𝐧𝐜𝐡 𝐒𝐩𝐞𝐚𝐤𝐞𝐫𝐬 Premium Mobile Traffic from Android Devices | Max 100K | HQ Sources | 𝐑𝐏𝐀™ - 𝐑𝐞𝐚𝐥 𝐏𝐨𝐩𝐮𝐩 𝐀𝐝𝐬 | INSTANT,267.858,500,100 000,No Refill,33 minutes,,,1151.7894
13660,𝐒𝐩𝐚𝐧𝐢𝐬𝐡 𝐒𝐩𝐞𝐚𝐤𝐞𝐫𝐬 Premium Mobile Traffic from Android Devices | Max 100K | HQ Sources | 𝐑𝐏𝐀™ - 𝐑𝐞𝐚𝐥 𝐏𝐨𝐩𝐮𝐩 𝐀𝐝𝐬 | INSTANT,267.858,500,100 000,No Refill,11 minutes,,,1151.7894
13661,𝐆𝐞𝐫𝐦𝐚𝐧 𝐒𝐩𝐞𝐚𝐤𝐞𝐫𝐬 Premium Mobile Traffic from Android Devices | Max 100K | HQ Sources | 𝐑𝐏𝐀™ - 𝐑𝐞𝐚𝐥 𝐏𝐨𝐩𝐮𝐩 𝐀𝐝𝐬 | INSTANT,267.858,500,100 000,No Refill,33 minutes,,,1151.7894
13662,𝐀𝐫𝐚𝐛𝐢𝐜 𝐒𝐩𝐞𝐚𝐤𝐞𝐫𝐬 Premium Mobile Traffic from Android Devices | Max 100K | HQ Sources | 𝐑𝐏𝐀™ - 𝐑𝐞𝐚𝐥 𝐏𝐨𝐩𝐮𝐩 𝐀𝐝𝐬 | INSTANT,267.858,500,100 000,No Refill,11 minutes,,,1151.7894
13663,𝐏𝐨𝐫𝐭𝐮𝐠𝐮𝐞𝐬𝐞 𝐒𝐩𝐞𝐚𝐤𝐞𝐫𝐬 Premium Mobile Traffic from Android Devices | Max 100K | HQ Sources | 𝐑𝐏𝐀™ - 𝐑𝐞𝐚𝐥 𝐏𝐨𝐩𝐮𝐩 𝐀𝐝𝐬 | INSTANT,267.858,500,100 000,No Refill,11 minutes,,,1151.7894
13664,𝐑𝐮𝐬𝐬𝐢𝐚𝐧 𝐒𝐩𝐞𝐚𝐤𝐞𝐫𝐬 Premium Mobile Traffic from Android Devices | Max 100K | HQ Sources | 𝐑𝐏𝐀™ - 𝐑𝐞𝐚𝐥 𝐏𝐨𝐩𝐮𝐩 𝐀𝐝𝐬 | INSTANT,319.618,500,100 000,No Refill,17 minutes,,,1374.3574
13580,🌎 Worldwide Premium Mobile Adult Traffic from Android Devices | Max 100K | 𝐑𝐏𝐀™ - 𝐑𝐞𝐚𝐥 𝐏𝐨𝐩𝐮𝐩 𝐀𝐝𝐬 | INSTANT,163.044,500,100 000,No Refill,5 hours 44 minutes,,,701.0892
13581,🇺🇸 USA Premium Mobile Adult Traffic from Android Devices | Max 100K | 𝐑𝐏𝐀™ - 𝐑𝐞𝐚𝐥 𝐏𝐨𝐩𝐮𝐩 𝐀𝐝𝐬 | INSTANT,267.858,500,100 000,No Refill,6 hours 8 minutes,,,1151.7894
13582,🇬🇧 UK Premium Mobile Adult Traffic from Android Devices | Max 100K | 𝐑𝐏𝐀™ - 𝐑𝐞𝐚𝐥 𝐏𝐨𝐩𝐮𝐩 𝐀𝐝𝐬 | INSTANT,267.858,500,100 000,No Refill,13 hours 1 minute,,,1151.7894
13583,🇯🇵 Japan Premium Mobile Adult Traffic from Android Devices | Max 100K | 𝐑𝐏𝐀™ - 𝐑𝐞𝐚𝐥 𝐏𝐨𝐩𝐮𝐩 𝐀𝐝𝐬 | INSTANT,267.858,500,100 000,No Refill,17 minutes,,,1151.7894
13584,🇨🇦 Canada Premium Mobile Adult Traffic from Android Devices | Max 100K | 𝐑𝐏𝐀™ - 𝐑𝐞𝐚𝐥 𝐏𝐨𝐩𝐮𝐩 𝐀𝐝𝐬 | INSTANT,267.858,500,100 000,No Refill,88 hours 43 minutes,,,1151.7894
13585,🇩🇪 Germany Premium Mobile Adult Traffic from Android Devices | Max 100K | 𝐑𝐏𝐀™ - 𝐑𝐞𝐚𝐥 𝐏𝐨𝐩𝐮𝐩 𝐀𝐝𝐬 | INSTANT,267.858,500,100 000,No Refill,17 minutes,,,1151.7894
13586,🇹🇷 Turkey Premium Mobile Adult Traffic from Android Devices | Max 100K | 𝐑𝐏𝐀™ - 𝐑𝐞𝐚𝐥 𝐏𝐨𝐩𝐮𝐩 𝐀𝐝𝐬 | INSTANT,267.858,500,100 000,No Refill,33 minutes,,,1151.7894
13587,🇫🇷 France Premium Mobile Adult Traffic from Android Devices | Max 100K | 𝐑𝐏𝐀™ - 𝐑𝐞𝐚𝐥 𝐏𝐨𝐩𝐮𝐩 𝐀𝐝𝐬 | INSTANT,267.858,500,100 000,No Refill,22 minutes,,,1151.7894
13589,🇧🇷 Brazil Premium Mobile Adult Traffic from Android Devices | Max 100K | 𝐑𝐏𝐀™ - 𝐑𝐞𝐚𝐥 𝐏𝐨𝐩𝐮𝐩 𝐀𝐝𝐬 | INSTANT,267.858,500,100 000,No Refill,22 minutes,,,1151.7894
13590,🇮🇹 Italy Premium Mobile Adult Traffic from Android Devices | Max 100K | 𝐑𝐏𝐀™ - 𝐑𝐞𝐚𝐥 𝐏𝐨𝐩𝐮𝐩 𝐀𝐝𝐬 | INSTANT,267.858,500,100 000,No Refill,23 minutes,,,1151.7894
13592,🇪🇸 Spain Premium Mobile Adult Traffic from Android Devices | Max 100K | 𝐑𝐏𝐀™ - 𝐑𝐞𝐚𝐥 𝐏𝐨𝐩𝐮𝐩 𝐀𝐝𝐬 | INSTANT,267.858,500,100 000,No Refill,22 minutes,,,1151.7894
13593,🇵🇱 Poland Premium Mobile Adult Traffic from Android Devices | Max 100K | 𝐑𝐏𝐀™ - 𝐑𝐞𝐚𝐥 𝐏𝐨𝐩𝐮𝐩 𝐀𝐝𝐬 | INSTANT,267.858,500,100 000,No Refill,11 minutes,,,1151.7894
13594,🇭🇰 Hong Kong Premium Mobile Adult Traffic from Android Devices | Max 100K | 𝐑𝐏𝐀™ - 𝐑𝐞𝐚𝐥 𝐏𝐨𝐩𝐮𝐩 𝐀𝐝𝐬 | INSTANT,267.858,500,100 000,No Refill,22 minutes,,,1151.7894
13595,🇹🇭 Thailand Premium Mobile Adult Traffic from Android Devices | Max 100K | 𝐑𝐏𝐀™ - 𝐑𝐞𝐚𝐥 𝐏𝐨𝐩𝐮𝐩 𝐀𝐝𝐬 | INSTANT,267.858,500,100 000,No Refill,55 minutes,,,1151.7894
13596,🇵🇰 Pakistan Premium Mobile Adult Traffic from Android Devices | Max 100K | 𝐑𝐏𝐀™ - 𝐑𝐞𝐚𝐥 𝐏𝐨𝐩𝐮𝐩 𝐀𝐝𝐬 | INSTANT,267.858,500,100 000,No Refill,16 minutes,,,1151.7894
13597,🇮🇱 Israel Premium Mobile Adult Traffic from Android Devices | Max 100K | 𝐑𝐏𝐀™ - 𝐑𝐞𝐚𝐥 𝐏𝐨𝐩𝐮𝐩 𝐀𝐝𝐬 | INSTANT,267.858,500,100 000,No Refill,23 minutes,,,1151.7894
13599,🇦🇱 Albania Premium Mobile Adult Traffic from Android Devices | Max 100K | 𝐑𝐏𝐀™ - 𝐑𝐞𝐚𝐥 𝐏𝐨𝐩𝐮𝐩 𝐀𝐝𝐬 | INSTANT,267.858,500,100 000,No Refill,23 minutes,,,1151.7894
13601,🇧🇪 Belgium Premium Mobile Adult Traffic from Android Devices | Max 100K | 𝐑𝐏𝐀™ - 𝐑𝐞𝐚𝐥 𝐏𝐨𝐩𝐮𝐩 𝐀𝐝𝐬 | INSTANT,267.858,500,100 000,No Refill,23 minutes,,,1151.7894
13602,🇨🇴 Colombia Premium Mobile Adult Traffic from Android Devices | Max 100K | 𝐑𝐏𝐀™ - 𝐑𝐞𝐚𝐥 𝐏𝐨𝐩𝐮𝐩 𝐀𝐝𝐬 | INSTANT,267.858,500,100 000,No Refill,23 minutes,,,1151.7894
13603,🇭🇷 Croatia Premium Mobile Adult Traffic from Android Devices | Max 100K | 𝐑𝐏𝐀™ - 𝐑𝐞𝐚𝐥 𝐏𝐨𝐩𝐮𝐩 𝐀𝐝𝐬 | INSTANT,267.858,500,100 000,No Refill,16 minutes,,,1151.7894
13604,🇪🇬 Egypt Premium Mobile Adult Traffic from Android Devices | Max 100K | 𝐑𝐏𝐀™ - 𝐑𝐞𝐚𝐥 𝐏𝐨𝐩𝐮𝐩 𝐀𝐝𝐬 | INSTANT,267.858,500,100 000,No Refill,11 minutes,,,1151.7894
13605,🇭🇳 Honduras Premium Mobile Adult Traffic from Android Devices | Max 100K | 𝐑𝐏𝐀™ - 𝐑𝐞𝐚𝐥 𝐏𝐨𝐩𝐮𝐩 𝐀𝐝𝐬 | INSTANT,267.858,500,100 000,No Refill,33 minutes,,,1151.7894
13606,🇮🇩 Indonesia Premium Mobile Adult Traffic from Android Devices | Max 100K | 𝐑𝐏𝐀™ - 𝐑𝐞𝐚𝐥 𝐏𝐨𝐩𝐮𝐩 𝐀𝐝𝐬 | INSTANT,267.858,500,100 000,No Refill,23 minutes,,,1151.7894
13607,🇰🇷 South Korea Premium Mobile Adult Traffic from Android Devices | Max 100K | 𝐑𝐏𝐀™ - 𝐑𝐞𝐚𝐥 𝐏𝐨𝐩𝐮𝐩 𝐀𝐝𝐬 | INSTANT,267.858,500,100 000,No Refill,22 minutes,,,1151.7894
13608,🇲🇽 Mexico Premium Mobile Adult Traffic from Android Devices | Max 100K | 𝐑𝐏𝐀™ - 𝐑𝐞𝐚𝐥 𝐏𝐨𝐩𝐮𝐩 𝐀𝐝𝐬 | INSTANT,267.858,500,100 000,No Refill,33 minutes,,,1151.7894
13609,🇵🇪 Peru Premium Mobile Adult Traffic from Android Devices | Max 100K | 𝐑𝐏𝐀™ - 𝐑𝐞𝐚𝐥 𝐏𝐨𝐩𝐮𝐩 𝐀𝐝𝐬 | INSTANT,267.858,500,100 000,No Refill,33 minutes,,,1151.7894
13610,🇵🇹 Portugal Premium Mobile Adult Traffic from Android Devices | Max 100K | 𝐑𝐏𝐀™ - 𝐑𝐞𝐚𝐥 𝐏𝐨𝐩𝐮𝐩 𝐀𝐝𝐬 | INSTANT,267.858,500,100 000,No Refill,33 minutes,,,1151.7894
13612,🇹🇼 Taiwan Premium Mobile Adult Traffic from Android Devices | Max 100K | 𝐑𝐏𝐀™ - 𝐑𝐞𝐚𝐥 𝐏𝐨𝐩𝐮𝐩 𝐀𝐝𝐬 | INSTANT,267.858,500,100 000,No Refill,23 minutes,,,1151.7894
13613,𝐄𝐧𝐠𝐥𝐢𝐬𝐡 𝐒𝐩𝐞𝐚𝐤𝐞𝐫𝐬 Premium Mobile Adult Traffic from Android Devices | Max 100K | 𝐑𝐏𝐀™ - 𝐑𝐞𝐚𝐥 𝐏𝐨𝐩𝐮𝐩 𝐀𝐝𝐬 | INSTANT,267.858,500,100 000,No Refill,3 hours 17 minutes,,,1151.7894
13614,𝐅𝐫𝐞𝐧𝐜𝐡 𝐒𝐩𝐞𝐚𝐤𝐞𝐫𝐬 Premium Mobile Adult Traffic from Android Devices | Max 100K | 𝐑𝐏𝐀™ - 𝐑𝐞𝐚𝐥 𝐏𝐨𝐩𝐮𝐩 𝐀𝐝𝐬 | INSTANT,267.858,500,100 000,No Refill,16 minutes,,,1151.7894
13615,𝐒𝐩𝐚𝐧𝐢𝐬𝐡 𝐒𝐩𝐞𝐚𝐤𝐞𝐫𝐬 Premium Mobile Adult Traffic from Android Devices | Max 100K | 𝐑𝐏𝐀™ - 𝐑𝐞𝐚𝐥 𝐏𝐨𝐩𝐮𝐩 𝐀𝐝𝐬 | INSTANT,267.858,500,100 000,No Refill,22 minutes,,,1151.7894
13616,𝐆𝐞𝐫𝐦𝐚𝐧 𝐒𝐩𝐞𝐚𝐤𝐞𝐫𝐬 Premium Mobile Adult Traffic from Android Devices | Max 100K | 𝐑𝐏𝐀™ - 𝐑𝐞𝐚𝐥 𝐏𝐨𝐩𝐮𝐩 𝐀𝐝𝐬 | INSTANT,267.858,500,100 000,No Refill,23 minutes,,,1151.7894
13617,𝐀𝐫𝐚𝐛𝐢𝐜 𝐒𝐩𝐞𝐚𝐤𝐞𝐫𝐬 Premium Mobile Adult Traffic from Android Devices | Max 100K | 𝐑𝐏𝐀™ - 𝐑𝐞𝐚𝐥 𝐏𝐨𝐩𝐮𝐩 𝐀𝐝𝐬 | INSTANT,267.858,500,100 000,No Refill,22 minutes,,,1151.7894
13618,𝐏𝐨𝐫𝐭𝐮𝐠𝐮𝐞𝐬𝐞 𝐒𝐩𝐞𝐚𝐤𝐞𝐫𝐬 Premium Mobile Adult Traffic from Android Devices | Max 100K | 𝐑𝐏𝐀™ - 𝐑𝐞𝐚𝐥 𝐏𝐨𝐩𝐮𝐩 𝐀𝐝𝐬 | INSTANT,267.858,500,100 000,No Refill,16 minutes,,,1151.7894
13619,𝐑𝐮𝐬𝐬𝐢𝐚𝐧 𝐒𝐩𝐞𝐚𝐤𝐞𝐫𝐬 Premium Mobile Adult Traffic from Android Devices | Max 100K | 𝐑𝐏𝐀™ - 𝐑𝐞𝐚𝐥 𝐏𝐨𝐩𝐮𝐩 𝐀𝐝𝐬 | INSTANT,319.618,500,100 000,No Refill,16 minutes,,,1374.3574
13553,🌎 Worldwide Premium Mobile Adult Traffic from iPhone Devices | Max 100K | 𝐑𝐏𝐀™ - 𝐑𝐞𝐚𝐥 𝐏𝐨𝐩𝐮𝐩 𝐀𝐝𝐬 | INSTANT,160.456,500,100 000,No Refill,15 hours 40 minutes,,,689.9608
13554,🇺🇸 USA Premium Mobile Adult Traffic from iPhone Devices | Max 100K | 𝐑𝐏𝐀™ - 𝐑𝐞𝐚𝐥 𝐏𝐨𝐩𝐮𝐩 𝐀𝐝𝐬 | INSTANT,402.434,500,100 000,No Refill,4 hours 21 minutes,,,1730.4662
13555,🇩🇪 Germany Premium Mobile Adult Traffic from iPhone Devices | Max 100K | 𝐑𝐏𝐀™ - 𝐑𝐞𝐚𝐥 𝐏𝐨𝐩𝐮𝐩 𝐀𝐝𝐬 | INSTANT,322.206,500,100 000,No Refill,33 minutes,,,1385.4858
13556,🇬🇧 UK Premium Mobile Adult Traffic from iPhone Devices | Max 100K | 𝐑𝐏𝐀™ - 𝐑𝐞𝐚𝐥 𝐏𝐨𝐩𝐮𝐩 𝐀𝐝𝐬 | INSTANT,322.206,500,100 000,No Refill,13 hours,,,1385.4858
13557,🇫🇷 France Premium Mobile Adult Traffic from iPhone Devices | Max 100K | 𝐑𝐏𝐀™ - 𝐑𝐞𝐚𝐥 𝐏𝐨𝐩𝐮𝐩 𝐀𝐝𝐬 | INSTANT,322.206,500,100 000,No Refill,11 minutes,,,1385.4858
13558,🇯🇵 Japan Premium Mobile Adult Traffic from iPhone Devices | Max 100K | 𝐑𝐏𝐀™ - 𝐑𝐞𝐚𝐥 𝐏𝐨𝐩𝐮𝐩 𝐀𝐝𝐬 | INSTANT,322.206,500,100 000,No Refill,22 minutes,,,1385.4858
13559,🇮🇹 Italy Premium Mobile Adult Traffic from iPhone Devices | Max 100K | 𝐑𝐏𝐀™ - 𝐑𝐞𝐚𝐥 𝐏𝐨𝐩𝐮𝐩 𝐀𝐝𝐬 | INSTANT,322.206,500,100 000,No Refill,55 minutes,,,1385.4858
13560,🇨🇦 Canada Premium Mobile Adult Traffic from iPhone Devices | Max 100K | 𝐑𝐏𝐀™ - 𝐑𝐞𝐚𝐥 𝐏𝐨𝐩𝐮𝐩 𝐀𝐝𝐬 | INSTANT,322.206,500,100 000,No Refill,17 minutes,,,1385.4858
13561,🇧🇷 Brazil Premium Mobile Adult Traffic from iPhone Devices | Max 100K | 𝐑𝐏𝐀™ - 𝐑𝐞𝐚𝐥 𝐏𝐨𝐩𝐮𝐩 𝐀𝐝𝐬 | INSTANT,322.206,500,100 000,No Refill,16 minutes,,,1385.4858
13562,🇰🇷 South Korea Premium Mobile Adult Traffic from iPhone Devices | Max 100K | 𝐑𝐏𝐀™ - 𝐑𝐞𝐚𝐥 𝐏𝐨𝐩𝐮𝐩 𝐀𝐝𝐬 | INSTANT,317.03,500,100 000,No Refill,16 minutes,,,1363.229
13563,𝐄𝐧𝐠𝐥𝐢𝐬𝐡 𝐒𝐩𝐞𝐚𝐤𝐞𝐫𝐬 Premium Mobile Adult Traffic from iPhone Devices | Max 100K | 𝐑𝐏𝐀™ - 𝐑𝐞𝐚𝐥 𝐏𝐨𝐩𝐮𝐩 𝐀𝐝𝐬 | INSTANT,317.03,500,100 000,No Refill,11 minutes,,,1363.229
13564,𝐅𝐫𝐞𝐧𝐜𝐡 𝐒𝐩𝐞𝐚𝐤𝐞𝐫𝐬 Premium Mobile Adult Traffic from iPhone Devices | Max 100K | 𝐑𝐏𝐀™ - 𝐑𝐞𝐚𝐥 𝐏𝐨𝐩𝐮𝐩 𝐀𝐝𝐬 | INSTANT,317.03,500,100 000,No Refill,55 minutes,,,1363.229
13565,𝐒𝐩𝐚𝐧𝐢𝐬𝐡 𝐒𝐩𝐞𝐚𝐤𝐞𝐫𝐬 Premium Mobile Adult Traffic from iPhone Devices | Max 100K | 𝐑𝐏𝐀™ - 𝐑𝐞𝐚𝐥 𝐏𝐨𝐩𝐮𝐩 𝐀𝐝𝐬 | INSTANT,317.03,500,100 000,No Refill,11 minutes,,,1363.229
13566,𝐆𝐞𝐫𝐦𝐚𝐧 𝐒𝐩𝐞𝐚𝐤𝐞𝐫𝐬 Premium Mobile Adult Traffic from iPhone Devices | Max 100K | 𝐑𝐏𝐀™ - 𝐑𝐞𝐚𝐥 𝐏𝐨𝐩𝐮𝐩 𝐀𝐝𝐬 | INSTANT,317.03,500,100 000,No Refill,23 minutes,,,1363.229
13567,𝐀𝐫𝐚𝐛𝐢𝐜 𝐒𝐩𝐞𝐚𝐤𝐞𝐫𝐬 Premium Mobile Adult Traffic from iPhone Devices | Max 100K | 𝐑𝐏𝐀™ - 𝐑𝐞𝐚𝐥 𝐏𝐨𝐩𝐮𝐩 𝐀𝐝𝐬 | INSTANT,317.03,500,100 000,No Refill,33 minutes,,,1363.229
13568,𝐏𝐨𝐫𝐭𝐮𝐠𝐮𝐞𝐬𝐞 𝐒𝐩𝐞𝐚𝐤𝐞𝐫𝐬 Premium Mobile Adult Traffic from iPhone Devices | Max 100K | 𝐑𝐏𝐀™ - 𝐑𝐞𝐚𝐥 𝐏𝐨𝐩𝐮𝐩 𝐀𝐝𝐬 | INSTANT,317.03,500,100 000,No Refill,22 minutes,,,1363.229
13569,𝐑𝐮𝐬𝐬𝐢𝐚𝐧 𝐒𝐩𝐞𝐚𝐤𝐞𝐫𝐬 Premium Mobile Adult Traffic from iPhone Devices | Max 100K | 𝐑𝐏𝐀™ - 𝐑𝐞𝐚𝐥 𝐏𝐨𝐩𝐮𝐩 𝐀𝐝𝐬 | INSTANT,317.03,500,100 000,No Refill,22 minutes,,,1363.229
14753,"🟢Targeted Web Traffic [Referrer, Keyword, or Direct / 30 Countries] [+GA Support, Site Interaction & Even Spread Through Day]",31.056,100,10 000 000,No Refill,8 hours 41 minutes,,,133.5408
14754,"🟡Targeted Web Traffic [Referrer, Keyword, or Direct / 30 Countries]",24.586,100,10 000 000,No Refill,27 minutes,,,105.7198
14767,Worldwide Redirected Traffic - Direct No Referrer Hits [S2],31.056,500,1 000 000,No Refill,6 minutes,,,133.5408
14768,Worldwide Redirected Traffic - Direct No Referrer Hits [S3],31.056,100,3 000 000,No Refill,11 minutes,,,133.5408
14769,Worldwide Redirected Traffic - Direct No Referrer Hits [S1],31.056,90,50 000 000,No Refill,22 minutes,,,133.5408
14770,Worldwide Traffic - 100% Redirection from Google (𝐃𝐢𝐫𝐞𝐜𝐭),21.998,100,10 000 000,No Refill,33 minutes,,,94.5914
14771,Worldwide Traffic - 100% Redirection from Google (𝐎𝐫𝐠𝐚𝐧𝐢𝐜),31.056,100,10 000 000,No Refill,11 minutes,,,133.5408
14772,Worldwide Traffic - 100% Redirection from Brave Search (𝐎𝐫𝐠𝐚𝐧𝐢𝐜),31.056,200,10 000 000,No Refill,17 minutes,,,133.5408
14773,Worldwide Traffic - 100% Redirection from Brave Search (𝐎𝐫𝐠𝐚𝐧𝐢𝐜 - 𝐊𝐞𝐲𝐰𝐨𝐫𝐝𝐬 𝐚𝐥𝐥𝐨𝐰𝐞𝐝),37.526,200,10 000 000,No Refill,16 minutes,,,161.3618
14774,Worldwide Traffic from Mixed Social Networks (𝐒𝐨𝐜𝐢𝐚𝐥 𝐑𝐞𝐟𝐞𝐫𝐫𝐞𝐫),33.644,200,10 000 000,No Refill,6 minutes,,,144.6692
14775,Worldwide Niche Traffic,33.644,200,10 000 000,No Refill,11 minutes,,,144.6692
14776,Worldwide Traffic - Commercial Mix (𝐎𝐫𝐠𝐚𝐧𝐢𝐜 - 𝐊𝐞𝐲𝐰𝐨𝐫𝐝𝐬 𝐚𝐥𝐥𝐨𝐰𝐞𝐝),33.644,200,10 000 000,No Refill,7 minutes,,,144.6692
14777,Worldwide Traffic from Mixed Search Engines (𝐎𝐫𝐠𝐚𝐧𝐢𝐜 - 𝐊𝐞𝐲𝐰𝐨𝐫𝐝𝐬 𝐚𝐥𝐥𝐨𝐰𝐞𝐝),33.644,200,10 000 000,No Refill,17 minutes,,,144.6692
14778,Choose GEO Target - Direct No Referrer Hits,42.702,200,10 000 000,No Refill,8 hours 3 minutes,,,183.6186
14779,Choose GEO Target - 100% Redirected Traffic from Google (𝐎𝐫𝐠𝐚𝐧𝐢𝐜),60.818,200,10 000 000,No Refill,18 minutes,,,261.5174
14780,Choose GEO Target - 100% Redirected Traffic from Brave Search (𝐎𝐫𝐠𝐚𝐧𝐢𝐜),65.994,200,10 000 000,No Refill,22 minutes,,,283.7742
14781,Choose GEO Target - 100% Redirected Traffic from Brave Search (𝐎𝐫𝐠𝐚𝐧𝐢𝐜 - 𝐊𝐞𝐲𝐰𝐨𝐫𝐝𝐬 𝐚𝐥𝐥𝐨𝐰𝐞𝐝),112.578,200,10 000 000,No Refill,23 minutes,,,484.0854
14782,Choose GEO Target - Social Networks Traffic (𝐒𝐨𝐜𝐢𝐚𝐥 𝐑𝐞𝐟𝐞𝐫𝐫𝐞𝐫),75.052,200,10 000 000,No Refill,22 minutes,,,322.7236
14783,Choose GEO Target - Niche Traffic,75.052,200,10 000 000,No Refill,33 minutes,,,322.7236
14784,Choose GEO Target - Commercial Organic Traffic (𝐊𝐞𝐲𝐰𝐨𝐫𝐝𝐬 𝐚𝐥𝐥𝐨𝐰𝐞𝐝),75.052,200,10 000 000,No Refill,33 minutes,,,322.7236
14785,Choose GEO Target - Search Engines Organic Traffic (𝐊𝐞𝐲𝐰𝐨𝐫𝐝𝐬 𝐚𝐥𝐥𝐨𝐰𝐞𝐝),103.52,200,10 000 000,No Refill,33 minutes,,,445.136
14790,🌐 Crypto Niche Traffic from Worldwide,77.64,500,1 000 000,No Refill,8 minutes,,,333.852
14791,🇺🇸 Crypto Niche Traffic from USA,139.752,500,1 000 000,No Refill,42 minutes,,,600.9336
14792,🇬🇧 Crypto Niche Traffic from UK,139.752,500,1 000 000,No Refill,55 minutes,,,600.9336
14793,🇨🇦 Crypto Niche Traffic from Canada,139.752,500,1 000 000,No Refill,23 minutes,,,600.9336
14794,🇩🇪 Crypto Niche Traffic from Germany,139.752,500,1 000 000,No Refill,55 minutes,,,600.9336
14795,🇰🇷 Crypto Niche Traffic from Korea (South),139.752,500,1 000 000,No Refill,16 minutes,,,600.9336
14796,🇯🇵 Crypto Niche Traffic from Japan,139.752,500,1 000 000,No Refill,11 minutes,,,600.9336
14797,🇨🇳 Crypto Niche Traffic from China,139.752,500,1 000 000,No Refill,23 minutes,,,600.9336
14798,🇸🇬 Crypto Niche Traffic from Singapore,139.752,500,1 000 000,No Refill,16 minutes,,,600.9336
14799,🇭🇰 Crypto Niche Traffic from Hong Kong,139.752,500,1 000 000,No Refill,55 minutes,,,600.9336
14800,🇹🇭 Crypto Niche Traffic from Thailand,139.752,500,1 000 000,No Refill,17 minutes,,,600.9336
14801,🇹🇼 Crypto Niche Traffic from Taiwan,139.752,500,1 000 000,No Refill,17 minutes,,,600.9336
14802,🇻🇳 Crypto Niche Traffic from Viet Nam,139.752,500,10 000 000,No Refill,17 minutes,,,600.9336
14803,🇷🇺 Crypto Niche Traffic from Russia,139.752,500,1 000 000,No Refill,55 minutes,,,600.9336
14804,🇮🇳 Crypto Niche Traffic from India,139.752,500,1 000 000,No Refill,22 minutes,,,600.9336
14805,🇧🇷 Crypto Niche Traffic from Brazil,139.752,500,1 000 000,No Refill,16 minutes,,,600.9336
14806,🇹🇷 Crypto Niche Traffic from Turkey,139.752,500,1 000 000,No Refill,16 minutes,,,600.9336
14807,🇲🇽 Crypto Niche Traffic from Mexico,139.752,500,1 000 000,No Refill,55 minutes,,,600.9336
14808,🇮🇩 Crypto Niche Traffic from Indonesia,139.752,500,1 000 000,No Refill,33 minutes,,,600.9336
14809,🇪🇬 Crypto Niche Traffic from Egypt,139.752,500,1 000 000,No Refill,17 minutes,,,600.9336
14810,🇵🇰 Crypto Niche Traffic from Pakistan,139.752,500,1 000 000,No Refill,55 minutes,,,600.9336
14811,🇫🇷 Crypto Niche Traffic from France,139.752,500,1 000 000,No Refill,16 minutes,,,600.9336
14812,🇳🇱 Crypto Niche Traffic from Netherlands,139.752,500,1 000 000,No Refill,22 minutes,,,600.9336
14813,🇵🇱 Crypto Niche Traffic from Poland,139.752,500,1 000 000,No Refill,17 minutes,,,600.9336
14814,🇮🇹 Crypto Niche Traffic from Italy,139.752,500,1 000 000,No Refill,17 minutes,,,600.9336
14815,🇪🇸 Crypto Niche Traffic from Spain,139.752,500,1 000 000,No Refill,16 minutes,,,600.9336
14816,🇵🇹 Crypto Niche Traffic from Portugal,139.752,500,1 000 000,No Refill,22 minutes,,,600.9336
14817,🇸🇪 Crypto Niche Traffic from Sweden,139.752,500,1 000 000,No Refill,16 minutes,,,600.9336
14818,🇺🇦 Crypto Niche Traffic from Ukraine,139.752,500,1 000 000,No Refill,11 minutes,,,600.9336
14819,🇨🇿 Crypto Niche Traffic from Czech Republic,139.752,500,1 000 000,No Refill,17 minutes,,,600.9336
14820,🇲🇩 Crypto Niche Traffic from Moldova,139.752,500,1 000 000,No Refill,55 minutes,,,600.9336
14821,🇷🇴 Crypto Niche Traffic from Romania,139.752,500,1 000 000,No Refill,33 minutes,,,600.9336
14822,🇨🇭 Crypto Niche Traffic from Switzerland,139.752,500,1 000 000,No Refill,22 minutes,,,600.9336
14823,Worldwide Traffic - Redirection from Adult Networks (𝐍𝐨 𝐑𝐞𝐟𝐞𝐫𝐫𝐞𝐫 - 𝐃𝐢𝐫𝐞𝐜𝐭) [S2],23.292,500,3 000 000,No Refill,17 minutes,,,100.1556
14824,Worldwide Traffic - Redirection from Adult Networks (𝐍𝐨 𝐑𝐞𝐟𝐞𝐫𝐫𝐞𝐫 - 𝐃𝐢𝐫𝐞𝐜𝐭),23.292,1 000,500 000,No Refill,55 minutes,,,100.1556
14825,Worldwide Traffic - Redirected from POP-Ads (𝐍𝐨 𝐑𝐞𝐟𝐞𝐫𝐫𝐞𝐫 - 𝐃𝐢𝐫𝐞𝐜𝐭) [S1],19.41,100,50 000 000,No Refill,6 minutes,,,83.463
14826,Worldwide Traffic - Redirected from POP-Ads (𝐍𝐨 𝐑𝐞𝐟𝐞𝐫𝐫𝐞𝐫 - 𝐃𝐢𝐫𝐞𝐜𝐭) [S2],19.41,100,50 000 000,No Refill,8 minutes,,,83.463
14827,Worldwide Traffic - PTC Redirection @ High Bounce (𝐍𝐨 𝐑𝐞𝐟𝐞𝐫𝐫𝐞𝐫 - 𝐃𝐢𝐫𝐞𝐜𝐭),19.41,1 000,1 000 000,No Refill,55 minutes,,,83.463
14828,Worldwide Traffic - Redirected from Ad-Exchange (𝐍𝐨 𝐑𝐞𝐟𝐞𝐫𝐫𝐞𝐫 - 𝐃𝐢𝐫𝐞𝐜𝐭),21.998,500,1 000 000,No Refill,33 minutes,,,94.5914
14829,Worldwide Traffic - PTC Redirection @ Lower Bounce (𝐍𝐨 𝐑𝐞𝐟𝐞𝐫𝐫𝐞𝐫 - 𝐃𝐢𝐫𝐞𝐜𝐭),23.292,1 000,1 000 000,No Refill,11 minutes,,,100.1556
14830,Worldwide Traffic - Banner-Ads Redirection (𝐍𝐨 𝐑𝐞𝐟𝐞𝐫𝐫𝐞𝐫 - 𝐃𝐢𝐫𝐞𝐜𝐭),23.292,1 000,1 000 000,No Refill,13 minutes,,,100.1556
14831,Worldwide Traffic - Text-Ad Redirection (𝐍𝐨 𝐑𝐞𝐟𝐞𝐫𝐫𝐞𝐫 - 𝐃𝐢𝐫𝐞𝐜𝐭),27.174,1 000,1 000 000,No Refill,33 minutes,,,116.8482
14832,Worldwide Traffic - Embedded Ads Redirection (𝐍𝐨 𝐑𝐞𝐟𝐞𝐫𝐫𝐞𝐫 - 𝐃𝐢𝐫𝐞𝐜𝐭),33.644,1 000,1 000 000,No Refill,11 minutes,,,144.6692
14833,Worldwide Traffic - Push-Ads Redirection (𝐍𝐨 𝐑𝐞𝐟𝐞𝐫𝐫𝐞𝐫 - 𝐃𝐢𝐫𝐞𝐜𝐭),42.702,1 000,500 000,No Refill,17 minutes,,,183.6186
14834,Worldwide Traffic - Email-Ads Redirection (𝐍𝐨 𝐑𝐞𝐟𝐞𝐫𝐫𝐞𝐫 - 𝐃𝐢𝐫𝐞𝐜𝐭),42.702,1 000,700 000,No Refill,3 hours 49 minutes,,,183.6186
14786,Custom Live Visits™ - Basic Plan,19.41,48,48 000 000,No Refill,56 minutes,,,83.463
14787,Custom Live Visits™ - Standard Premium Plan,34.938,48,48 000 000,No Refill,14 minutes,,,150.2334
14788,Custom Live Visits™ - Ultra Premium Plan 💎🔥,46.584,48,48 000 000,No Refill,25 minutes,,,200.3112
14789,Custom Live Visits™ - Custom Referral Traffic [Advanced Mode],103.52,500,10 000 000,No Refill,23 minutes,,,445.136
14750,🔴HIGH-SPEED Residential Traffic [UNIQUE VISITORS | REAL TRAFFIC],549.95,100,1 000 000,No Refill,46 minutes,,,2364.785
14751,🔴Residential Traffic [SERVER 2] [UNIQUE VISITORS | REAL TRAFFIC],428.314,100,1 000 000,No Refill,12 hours 11 minutes,,,1841.7502
14755,WorldWide Traffic - Direct Visits [Server 1],24.586,100,1 000 000,No Refill,1 hour 4 minutes,,,105.7198
14756,WorldWide Traffic - Direct Visits [Server 2],24.586,100,1 000 000,No Refill,17 minutes,,,105.7198
14757,WorldWide Traffic from Google.com [Organic] [1 Keyword],24.586,100,1 000 000,No Refill,2 hours 28 minutes,,,105.7198
14758,WorldWide Traffic from Google.com,24.586,100,1 000 000,No Refill,3 hours 42 minutes,,,105.7198
14759,WorldWide Traffic from Facebook,24.586,100,1 000 000,No Refill,50 minutes,,,105.7198
14760,WorldWide Traffic from Instagram,24.586,100,1 000 000,No Refill,11 minutes,,,105.7198
14761,WorldWide Traffic from LinkedIn,24.586,100,1 000 000,No Refill,11 minutes,,,105.7198
14762,WorldWide Traffic from Quora,24.586,100,1 000 000,No Refill,17 minutes,,,105.7198
14763,WorldWide Traffic from Reddit,24.586,100,1 000 000,No Refill,55 minutes,,,105.7198
14764,WorldWide Traffic from Tiktok,24.586,100,1 000 000,No Refill,17 minutes,,,105.7198
14765,WorldWide Traffic from X (Formerly Twitter),24.586,100,1 000 000,No Refill,1 hour 10 minutes,,,105.7198
14766,WorldWide Traffic from YouTube,24.586,100,1 000 000,No Refill,33 minutes,,,105.7198
1673,WorldWide Traffic from Sina Weibo,28.468,500,1 000 000,No Refill,16 minutes,,,122.4124
1674,WorldWide Traffic from StumbleUpon,28.468,500,1 000 000,No Refill,16 minutes,,,122.4124
1676,WorldWide Traffic from eBay.com,28.468,500,1 000 000,No Refill,55 minutes,,,122.4124
1677,WorldWide Traffic from OK.ru,28.468,500,1 000 000,No Refill,23 minutes,,,122.4124
1678,WorldWide Traffic from IMGur,28.468,500,1 000 000,No Refill,55 minutes,,,122.4124
1679,WorldWide Traffic from Craigslist,28.468,500,1 000 000,No Refill,33 minutes,,,122.4124
1681,WorldWide Traffic from Yelp,28.468,500,1 000 000,No Refill,16 minutes,,,122.4124
3875,WorldWide Traffic from Amazon.com,28.468,500,1 000 000,No Refill,55 minutes,,,122.4124
3876,WorldWide Traffic from Medium.com,28.468,500,1 000 000,No Refill,41 minutes,,,122.4124
1675,WorldWide Traffic from Bing.com,42.702,500,1 000 000,No Refill,22 minutes,,,183.6186
3874,WorldWide Traffic from Tumblr,42.702,500,1 000 000,No Refill,16 minutes,,,183.6186
13686,🇺🇸 USA Traffic - Direct / No Referrer,38.82,100,1 000 000,No Refill,1 hour 33 minutes,,,166.926
13687,🇺🇸 USA Traffic from Google.com [Organic] [Custom Keywords],25.88,100,1 000 000,No Refill,1 hour 35 minutes,,,111.284
13688,🇺🇸 USA Traffic from Google.com,38.82,100,1 000 000,No Refill,1 hour 17 minutes,,,166.926
13689,🇺🇸 USA Traffic from Facebook,38.82,100,1 000 000,No Refill,23 minutes,,,166.926
13690,🇺🇸 USA Traffic from Instagram,38.82,100,1 000 000,No Refill,43 minutes,,,166.926
13691,🇺🇸 USA Traffic from Linkedin,38.82,100,1 000 000,No Refill,17 minutes,,,166.926
13693,🇺🇸 USA Traffic from Quora,38.82,100,1 000 000,No Refill,21 minutes,,,166.926
13694,🇺🇸 USA Traffic from Reddit,38.82,100,1 000 000,No Refill,38 minutes,,,166.926
13695,🇺🇸 USA Traffic From Tiktok,25.88,100,1 000 000,No Refill,40 hours 23 minutes,,,111.284
13696,🇺🇸 USA Traffic from X (Formerly Twitter),25.88,100,1 000 000,No Refill,22 minutes,,,111.284
13697,🇺🇸 USA Traffic from YouTube,38.82,100,1 000 000,No Refill,24 minutes,,,166.926
12930,UK Traffic [Direct No Referrer],24.586,100,1 000 000,No Refill,49 minutes,,,105.7198
1708,UK Traffic from Google.com [Organic] [Custom Keywords],24.586,100,1 000 000,No Refill,24 minutes,,,105.7198
1709,UK Traffic from Google.co.uk,24.586,100,1 000 000,No Refill,17 minutes,,,105.7198
1716,UK Traffic from Facebook,24.586,100,1 000 000,No Refill,20 minutes,,,105.7198
1717,UK Traffic from Instagram,24.586,100,1 000 000,No Refill,17 minutes,,,105.7198
1710,UK Traffic from Quora,24.586,100,1 000 000,No Refill,11 minutes,,,105.7198
1714,UK Traffic from Reddit,24.586,100,1 000 000,No Refill,23 minutes,,,105.7198
1713,UK Traffic from Twitter,24.586,100,1 000 000,No Refill,23 minutes,,,105.7198
1715,UK Traffic from YouTube,24.586,100,1 000 000,No Refill,23 minutes,,,105.7198
13855,Canada Traffic - Direct / No Referrer,24.586,100,1 000 000,No Refill,23 minutes,,,105.7198
13856,Canada Traffic from Google.ca Search [Organic] [Custom Keywords],24.586,100,1 000 000,No Refill,30 minutes,,,105.7198
13857,Canada Traffic from Google.ca,24.586,100,1 000 000,No Refill,33 minutes,,,105.7198
13858,Canada Traffic from Facebook,24.586,100,1 000 000,No Refill,29 minutes,,,105.7198
13859,Canada Traffic from Instagram,24.586,100,1 000 000,No Refill,24 minutes,,,105.7198
13860,Canada Traffic from Quora,24.586,100,1 000 000,No Refill,22 minutes,,,105.7198
13861,Canada Traffic from Reddit,24.586,100,1 000 000,No Refill,23 minutes,,,105.7198
13862,Canada Traffic from Twitch.tv,24.586,100,1 000 000,No Refill,16 minutes,,,105.7198
13863,Canada Traffic from Tiktok,24.586,100,1 000 000,No Refill,22 minutes,,,105.7198
13864,Canada Traffic from X (Formerly Twitter),24.586,100,1 000 000,No Refill,55 minutes,,,105.7198
13865,Canada Traffic from YouTube,24.586,100,1 000 000,No Refill,23 minutes,,,105.7198
12962,Australia Traffic - Direct / No Referrer,24.586,1 000,1 000 000,No Refill,55 minutes,,,105.7198
4353,🔎 Australia Traffic from Google.com.au [Organic] [Custom Keywords],24.586,100,1 000 000,No Refill,11 minutes,,,105.7198
4354,Australia Traffic from Google.com.au,24.586,100,1 000 000,No Refill,16 minutes,,,105.7198
4356,Australia Traffic from Facebook,24.586,100,1 000 000,No Refill,33 minutes,,,105.7198
4357,Australia Traffic from Instagram,24.586,100,1 000 000,No Refill,55 minutes,,,105.7198
4360,Australia Traffic from Reddit,24.586,100,1 000 000,No Refill,22 minutes,,,105.7198
4361,Australia Traffic from Quora,24.586,100,1 000 000,No Refill,16 minutes,,,105.7198
12963,Australia Traffic from Tiktok,24.586,100,10 000 000,No Refill,17 minutes,,,105.7198
4358,Australia Traffic from Twitter,24.586,100,1 000 000,No Refill,23 minutes,,,105.7198
4355,Australia Traffic from YouTube,24.586,100,1 000 000,No Refill,23 minutes,,,105.7198
14645,🔎 Argentina Traffic from Google.com.ar [Organic] [Custom Keywords],73.758,1 000,1 000 000,No Refill,17 minutes,,,317.1594
14646,Argentina Traffic from Google.com.ar,54.348,500,1 000 000,No Refill,22 minutes,,,233.6964
14647,Argentina Traffic from YouTube,54.348,500,1 000 000,No Refill,11 minutes,,,233.6964
14648,Argentina Traffic from Facebook,54.348,500,1 000 000,No Refill,11 minutes,,,233.6964
14649,Argentina Traffic from Amazon.com,54.348,500,1 000 000,No Refill,16 minutes,,,233.6964
14650,Argentina Traffic from Instagram,54.348,500,1 000 000,No Refill,11 minutes,,,233.6964
14651,Argentina Traffic from Wikipedia,54.348,500,1 000 000,No Refill,33 minutes,,,233.6964
14652,Argentina Traffic from Twitter,54.348,500,1 000 000,No Refill,16 minutes,,,233.6964
14653,Argentina Traffic from Ebay.com,54.348,500,1 000 000,No Refill,16 minutes,,,233.6964
14654,Argentina Traffic from Reddit,54.348,500,1 000 000,No Refill,17 minutes,,,233.6964
14655,Argentina Traffic from Twitch.tv,54.348,500,1 000 000,No Refill,23 minutes,,,233.6964
14656,Argentina Traffic from Yahoo.com,54.348,500,1 000 000,No Refill,55 minutes,,,233.6964
14657,Argentina Traffic from Bing.com,54.348,500,1 000 000,No Refill,33 minutes,,,233.6964
14658,Argentina Traffic from Quora,54.348,500,1 000 000,No Refill,23 minutes,,,233.6964
14659,Argentina Traffic from Tumblr,54.348,500,1 000 000,No Refill,11 minutes,,,233.6964
14660,Argentina Traffic from Pinterest,54.348,500,1 000 000,No Refill,23 minutes,,,233.6964
14661,Argentina Traffic from Blogspot/Blogger.com,54.348,500,1 000 000,No Refill,16 minutes,,,233.6964
14662,Argentina Traffic from LinkedIn,54.348,500,1 000 000,No Refill,17 minutes,,,233.6964
14663,Argentina Traffic from Clarin,54.348,500,1 000 000,No Refill,22 minutes,,,233.6964
14664,Argentina Traffic from Infobae,54.348,500,1 000 000,No Refill,17 minutes,,,233.6964
14665,Argentina Traffic from Mercadolibre,54.348,500,1 000 000,No Refill,11 minutes,,,233.6964
14666,🔎 Bangladesh Traffic from Google.com.bd [Organic] [Custom Keywords],73.758,1 000,1 000 000,No Refill,22 minutes,,,317.1594
14667,Bangladesh Traffic from Google.com.bd,54.348,500,1 000 000,No Refill,55 minutes,,,233.6964
14668,Bangladesh Traffic from YouTube,54.348,500,1 000 000,No Refill,17 minutes,,,233.6964
14669,Bangladesh Traffic from Facebook,54.348,500,1 000 000,No Refill,17 minutes,,,233.6964
14670,Bangladesh Traffic from Amazon.com,54.348,500,1 000 000,No Refill,22 minutes,,,233.6964
14671,Bangladesh Traffic from Instagram,54.348,500,1 000 000,No Refill,55 minutes,,,233.6964
14672,Bangladesh Traffic from Wikipedia,54.348,500,1 000 000,No Refill,55 minutes,,,233.6964
14673,Bangladesh Traffic from Twitter,54.348,500,1 000 000,No Refill,33 minutes,,,233.6964
14674,Bangladesh Traffic from Ebay.com,54.348,500,1 000 000,No Refill,55 minutes,,,233.6964
14675,Bangladesh Traffic from Reddit,54.348,500,1 000 000,No Refill,17 minutes,,,233.6964
14676,Bangladesh Traffic from Twitch.tv,54.348,500,1 000 000,No Refill,33 minutes,,,233.6964
14677,Bangladesh Traffic from Yahoo.com,54.348,500,1 000 000,No Refill,22 minutes,,,233.6964
14678,Bangladesh Traffic from Bing.com,54.348,500,1 000 000,No Refill,55 minutes,,,233.6964
14679,Bangladesh Traffic from Quora,54.348,500,1 000 000,No Refill,17 minutes,,,233.6964
14680,Bangladesh Traffic from Tumblr,54.348,500,1 000 000,No Refill,16 minutes,,,233.6964
14681,Bangladesh Traffic from Pinterest,54.348,500,1 000 000,No Refill,17 minutes,,,233.6964
14682,Bangladesh Traffic from Blogspot/Blogger.com,54.348,500,1 000 000,No Refill,11 minutes,,,233.6964
14683,Bangladesh Traffic from LinkedIn,54.348,500,1 000 000,No Refill,11 minutes,,,233.6964
13944,Brazil Traffic - Direct / No Referrer,24.586,100,1 000 000,No Refill,18 minutes,,,105.7198
13945,Brazil Traffic from Google.com.br Search [Organic] [Custom Keywords],24.586,100,1 000 000,No Refill,22 minutes,,,105.7198
13946,Brazil Traffic from Google.com.br,24.586,100,1 000 000,No Refill,22 minutes,,,105.7198
13947,Brazil Traffic from Facebook,24.586,100,1 000 000,No Refill,23 minutes,,,105.7198
13948,Brazil Traffic from Instagram,24.586,100,1 000 000,No Refill,17 minutes,,,105.7198
13949,Brazil Traffic from Quora,24.586,100,1 000 000,No Refill,22 minutes,,,105.7198
13950,Brazil Traffic from X (Formerly Twitter),24.586,100,1 000 000,No Refill,22 minutes,,,105.7198
13951,Brazil Traffic from Tiktok,24.586,100,1 000 000,No Refill,55 minutes,,,105.7198
13952,Brazil Traffic from YouTube,24.586,100,1 000 000,No Refill,17 minutes,,,105.7198
15120,🔎 China Traffic from Google.com Search [Organic] [Custom Keywords],69.876,1 000,1 000 000,No Refill,33 minutes,,,300.4668
15121,🔎 China Traffic from Baidu.com Search [Organic] [Custom Keywords],69.876,1 000,1 000 000,No Refill,11 minutes,,,300.4668
15122,🔎 China Traffic from Sogou.com Search [Organic] [Custom Keywords],69.876,1 000,1 000 000,No Refill,23 minutes,,,300.4668
15123,China Traffic from Google.com,53.054,500,1 000 000,No Refill,33 minutes,,,228.1322
15124,China Traffic from Baidu.com,53.054,500,1 000 000,No Refill,11 minutes,,,228.1322
15125,China Traffic from Sogou.com,53.054,500,1 000 000,No Refill,23 minutes,,,228.1322
15126,China Traffic from QQ.com,53.054,500,1 000 000,No Refill,17 minutes,,,228.1322
15127,China Traffic from news.QQ.com,53.054,500,1 000 000,No Refill,16 minutes,,,228.1322
15128,China Traffic from Taobao.com,53.054,500,1 000 000,No Refill,23 minutes,,,228.1322
15129,China Traffic from Tmall.com,53.054,500,1 000 000,No Refill,55 minutes,,,228.1322
15130,China Traffic from sohu.com,53.054,500,1 000 000,No Refill,16 minutes,,,228.1322
15131,China Traffic from weibo.com,53.054,500,1 000 000,No Refill,23 minutes,,,228.1322
15132,China Traffic from jd.com,53.054,500,1 000 000,No Refill,33 minutes,,,228.1322
15133,China Traffic from YouTube,53.054,500,1 000 000,No Refill,16 minutes,,,228.1322
15134,China Traffic from 360.cn,53.054,500,1 000 000,No Refill,17 minutes,,,228.1322
15135,China Traffic from hao123.com,53.054,500,1 000 000,No Refill,17 minutes,,,228.1322
15136,China Traffic from so.com,53.054,500,1 000 000,No Refill,16 minutes,,,228.1322
15137,China Traffic from sina.com.cn,53.054,500,1 000 000,No Refill,17 minutes,,,228.1322
14684,🔎 Colombia Traffic from Google.com.co [Organic] [Custom Keywords],73.758,1 000,1 000 000,No Refill,11 minutes,,,317.1594
14685,Colombia Traffic from Google.com.co,54.348,500,1 000 000,No Refill,22 minutes,,,233.6964
14686,Colombia Traffic from YouTube,54.348,500,1 000 000,No Refill,17 minutes,,,233.6964
14687,Colombia Traffic from Facebook,54.348,500,1 000 000,No Refill,33 minutes,,,233.6964
14688,Colombia Traffic from Amazon.com,54.348,500,1 000 000,No Refill,17 minutes,,,233.6964
14689,Colombia Traffic from Instagram,54.348,500,1 000 000,No Refill,17 minutes,,,233.6964
14690,Colombia Traffic from Wikipedia,54.348,500,1 000 000,No Refill,16 minutes,,,233.6964
14691,Colombia Traffic from Twitter,54.348,500,1 000 000,No Refill,23 minutes,,,233.6964
14692,Colombia Traffic from Ebay.com,54.348,500,1 000 000,No Refill,22 minutes,,,233.6964
14693,Colombia Traffic from Reddit,54.348,500,1 000 000,No Refill,22 minutes,,,233.6964
14694,Colombia Traffic from Twitch.tv,54.348,500,1 000 000,No Refill,11 minutes,,,233.6964
14695,Colombia Traffic from Yahoo.com,54.348,500,1 000 000,No Refill,23 minutes,,,233.6964
14696,Colombia Traffic from Bing.com,54.348,500,1 000 000,No Refill,23 minutes,,,233.6964
14697,Colombia Traffic from Quora,54.348,500,1 000 000,No Refill,22 minutes,,,233.6964
14698,Colombia Traffic from Tumblr,54.348,500,1 000 000,No Refill,23 minutes,,,233.6964
14699,Colombia Traffic from Pinterest,54.348,500,1 000 000,No Refill,11 minutes,,,233.6964
14700,Colombia Traffic from Blogspot/Blogger.com,54.348,500,1 000 000,No Refill,16 minutes,,,233.6964
14701,Colombia Traffic from LinkedIn,54.348,500,1 000 000,No Refill,16 minutes,,,233.6964
14702,Colombia Traffic from Mercadolibre,54.348,500,1 000 000,No Refill,17 minutes,,,233.6964
14703,Colombia Traffic from El Tiempo,54.348,500,1 000 000,No Refill,55 minutes,,,233.6964
15138,🔎 Czech Republic Traffic from Google.cz Search [Organic] [Custom Keywords],69.876,1 000,1 000 000,No Refill,11 minutes,,,300.4668
15139,Czech Republic Traffic from Google.cz,53.054,500,1 000 000,No Refill,9 hours 14 minutes,,,228.1322
15140,Czech Republic Traffic from YouTube,53.054,500,1 000 000,No Refill,55 minutes,,,228.1322
15141,Czech Republic Traffic from Facebook,53.054,500,1 000 000,No Refill,23 minutes,,,228.1322
15142,Czech Republic Traffic from Instagram,53.054,500,1 000 000,No Refill,33 minutes,,,228.1322
15143,Czech Republic Traffic from Twitter,53.054,500,1 000 000,No Refill,55 minutes,,,228.1322
15144,Czech Republic Traffic from Amazon.com,53.054,500,1 000 000,No Refill,22 minutes,,,228.1322
15145,Czech Republic Traffic from Reddit,53.054,500,1 000 000,No Refill,16 minutes,,,228.1322
15146,Czech Republic Traffic from Quora,53.054,500,1 000 000,No Refill,17 minutes,,,228.1322
15147,Czech Republic Traffic from Tumblr,53.054,500,1 000 000,No Refill,17 minutes,,,228.1322
15148,Czech Republic Traffic from Pinterest.com,53.054,500,1 000 000,No Refill,23 minutes,,,228.1322
15149,Czech Republic Traffic from Blogspot.com,53.054,500,1 000 000,No Refill,23 minutes,,,228.1322
15150,Czech Republic Traffic from LinkedIn,53.054,500,1 000 000,No Refill,55 minutes,,,228.1322
15151,Czech Republic Traffic from Bing.com,53.054,500,1 000 000,No Refill,55 minutes,,,228.1322
15152,Czech Republic Traffic from Yahoo,53.054,500,1 000 000,No Refill,16 minutes,,,228.1322
15153,Czech Republic Traffic from Twitch.tv,53.054,500,1 000 000,No Refill,11 minutes,,,228.1322
15154,Czech Republic Traffic from Wikipedia,53.054,500,1 000 000,No Refill,23 minutes,,,228.1322
15155,Czech Republic Traffic from Fiverr,53.054,500,1 000 000,No Refill,33 minutes,,,228.1322
15156,Czech Republic Traffic from VK.com,53.054,500,1 000 000,No Refill,11 minutes,,,228.1322
15157,Czech Republic Traffic from Ebay.com,53.054,500,1 000 000,No Refill,55 minutes,,,228.1322
15158,Czech Republic Traffic from Seznam.cz,53.054,500,1 000 000,No Refill,55 minutes,,,228.1322
15159,Czech Republic Traffic from Idnes.cz,53.054,500,1 000 000,No Refill,22 minutes,,,228.1322
15160,Czech Republic Traffic from Novinky.cz,53.054,500,1 000 000,No Refill,33 minutes,,,228.1322
15161,Czech Republic Traffic from super.cz,53.054,500,1 000 000,No Refill,11 minutes,,,228.1322
15162,Czech Republic Traffic from Sport.cz,53.054,500,1 000 000,No Refill,17 minutes,,,228.1322
15163,Czech Republic Traffic from Alza.cz,53.054,500,1 000 000,No Refill,55 minutes,,,228.1322
15164,Czech Republic Traffic from Bazos.cz,53.054,500,1 000 000,No Refill,33 minutes,,,228.1322
15165,🔎 Egypt Traffic from Google.com.eg Search [Organic] [Custom Keywords],69.876,1 000,1 000 000,No Refill,17 minutes,,,300.4668
15166,Egypt Traffic from Google.com.eg,53.054,500,1 000 000,No Refill,55 minutes,,,228.1322
15167,Egypt Traffic from Facebook,53.054,500,1 000 000,No Refill,17 minutes,,,228.1322
15168,Egypt Traffic from YouTube,53.054,500,1 000 000,No Refill,17 minutes,,,228.1322
15169,Egypt Traffic from Instagram,53.054,500,1 000 000,No Refill,17 minutes,,,228.1322
15170,Egypt Traffic from Twitter,53.054,500,1 000 000,No Refill,17 minutes,,,228.1322
15171,Egypt Traffic from Amazon.com,53.054,500,1 000 000,No Refill,23 minutes,,,228.1322
15172,Egypt Traffic from Reddit,53.054,500,1 000 000,No Refill,17 minutes,,,228.1322
15173,Egypt Traffic from Quora,53.054,500,1 000 000,No Refill,22 minutes,,,228.1322
15174,Egypt Traffic from Tumblr,53.054,500,1 000 000,No Refill,55 minutes,,,228.1322
15175,Egypt Traffic from Pinterest.com,53.054,500,1 000 000,No Refill,22 minutes,,,228.1322
15176,Egypt Traffic from Blogspot.com,53.054,500,1 000 000,No Refill,11 minutes,,,228.1322
15177,Egypt Traffic from LinkedIn,53.054,500,1 000 000,No Refill,55 minutes,,,228.1322
15178,Egypt Traffic from Bing.com,53.054,500,1 000 000,No Refill,22 minutes,,,228.1322
15179,Egypt Traffic from Yahoo,53.054,500,1 000 000,No Refill,17 minutes,,,228.1322
15180,Egypt Traffic from Twitch.tv,53.054,500,1 000 000,No Refill,11 minutes,,,228.1322
15181,Egypt Traffic from Wikipedia,53.054,500,1 000 000,No Refill,16 minutes,,,228.1322
15182,Egypt Traffic from Fiverr,53.054,500,1 000 000,No Refill,16 minutes,,,228.1322
15183,Egypt Traffic from VK.com,53.054,500,1 000 000,No Refill,11 minutes,,,228.1322
15184,Egypt Traffic from Ebay.com,53.054,500,1 000 000,No Refill,11 minutes,,,228.1322
15185,Egypt Traffic from Youm7.com,53.054,500,1 000 000,No Refill,33 minutes,,,228.1322
15186,Egypt Traffic from Elbalad.news,53.054,500,1 000 000,No Refill,16 minutes,,,228.1322
15187,Egypt Traffic from Albawabhnews.com,53.054,500,1 000 000,No Refill,11 minutes,,,228.1322
15188,Egypt Traffic from Elwatannews.com,53.054,500,1 000 000,No Refill,55 minutes,,,228.1322
15189,Egypt Traffic from Deloplen.com,53.054,500,1 000 000,No Refill,55 minutes,,,228.1322
15190,Egypt Traffic from Elmogaz.com,53.054,500,1 000 000,No Refill,33 minutes,,,228.1322
15191,Egypt Traffic from Alwafd.news,53.054,500,1 000 000,No Refill,55 minutes,,,228.1322
15192,Egypt Traffic from Yallakora.com,53.054,500,1 000 000,No Refill,55 minutes,,,228.1322
15193,Egypt Traffic from Elfagr.com,53.054,500,1 000 000,No Refill,16 minutes,,,228.1322
15194,Egypt Traffic from Souq.com,53.054,500,1 000 000,No Refill,11 minutes,,,228.1322
15195,Egypt Traffic from Olx.com.eg,53.054,500,1 000 000,No Refill,22 minutes,,,228.1322
14704,🔎 Finland Traffic from Google.ie [Organic] [Custom Keywords],73.758,1 000,1 000 000,No Refill,22 minutes,,,317.1594
14705,Finland Traffic from Google.fi,54.348,500,1 000 000,No Refill,23 minutes,,,233.6964
14706,Finland Traffic from YouTube,54.348,500,1 000 000,No Refill,11 minutes,,,233.6964
14707,Finland Traffic from Facebook,54.348,500,1 000 000,No Refill,55 minutes,,,233.6964
14708,Finland Traffic from Amazon.com,54.348,500,1 000 000,No Refill,23 minutes,,,233.6964
14709,Finland Traffic from Instagram,54.348,500,1 000 000,No Refill,16 minutes,,,233.6964
14710,Finland Traffic from Wikipedia,54.348,500,1 000 000,No Refill,23 minutes,,,233.6964
14711,Finland Traffic from Twitter,54.348,500,1 000 000,No Refill,23 minutes,,,233.6964
14712,Finland Traffic from Ebay.com,54.348,500,1 000 000,No Refill,11 minutes,,,233.6964
14713,Finland Traffic from Reddit,54.348,500,1 000 000,No Refill,33 minutes,,,233.6964
14714,Finland Traffic from Twitch.tv,54.348,500,1 000 000,No Refill,22 minutes,,,233.6964
14715,Finland Traffic from Yahoo.com,54.348,500,1 000 000,No Refill,11 minutes,,,233.6964
14716,Finland Traffic from Bing.com,54.348,500,1 000 000,No Refill,17 minutes,,,233.6964
14717,Finland Traffic from Quora,54.348,500,1 000 000,No Refill,17 minutes,,,233.6964
14718,Finland Traffic from Tumblr,54.348,500,1 000 000,No Refill,23 minutes,,,233.6964
14719,Finland Traffic from Pinterest,54.348,500,1 000 000,No Refill,16 minutes,,,233.6964
14720,Finland Traffic from Blogspot/Blogger.com,54.348,500,1 000 000,No Refill,23 minutes,,,233.6964
14721,Finland Traffic from LinkedIn,54.348,500,1 000 000,No Refill,23 minutes,,,233.6964
14722,Finland Traffic from Iltalehti,54.348,500,1 000 000,No Refill,23 minutes,,,233.6964
14723,Finland Traffic from Yle,54.348,500,1 000 000,No Refill,33 minutes,,,233.6964
14724,Finland Traffic from Ilta-Sanomat,54.348,500,1 000 000,No Refill,23 minutes,,,233.6964
14725,Finland Traffic from Tori,54.348,500,1 000 000,No Refill,16 minutes,,,233.6964
13963,France Traffic - Direct / No Referrer,24.586,100,1 000 000,No Refill,55 minutes,,,105.7198
13964,France Traffic from Google.fr Search [Organic] [Custom Keywords],24.586,100,1 000 000,No Refill,22 minutes,,,105.7198
13965,France Traffic from Google.fr,24.586,100,1 000 000,No Refill,22 minutes,,,105.7198
13966,France Traffic from Facebook,24.586,100,1 000 000,No Refill,55 minutes,,,105.7198
13967,France Traffic from Instagram,24.586,100,1 000 000,No Refill,33 minutes,,,105.7198
13968,France Traffic from Quora,24.586,100,1 000 000,No Refill,23 minutes,,,105.7198
13969,France Traffic from Reddit,24.586,100,1 000 000,No Refill,23 minutes,,,105.7198
13970,France Traffic from Tiktok,24.586,100,1 000 000,No Refill,16 minutes,,,105.7198
13971,France Traffic from X (Formerly Twitter),24.586,100,1 000 000,No Refill,22 minutes,,,105.7198
13972,France Traffic from YouTube,24.586,100,1 000 000,No Refill,23 minutes,,,105.7198
14001,Germany Traffic - Direct / No Referrer,24.586,100,1 000 000,No Refill,22 minutes,,,105.7198
14002,Germany Traffic from Google.de Search [Organic] [Custom Keywords],24.586,100,1 000 000,No Refill,2 hours 39 minutes,,,105.7198
14003,Germany Traffic from Google.de,24.586,100,1 000 000,No Refill,22 minutes,,,105.7198
14004,Germany Traffic from Facebook,24.586,100,1 000 000,No Refill,11 minutes,,,105.7198
14005,Germany Traffic from Instagram,24.586,100,1 000 000,No Refill,33 minutes,,,105.7198
14006,Germany Traffic from Quora,24.586,100,1 000 000,No Refill,22 minutes,,,105.7198
14007,Germany Traffic from Reddit,24.586,100,1 000 000,No Refill,17 minutes,,,105.7198
14008,Germany Traffic from Tiktok,24.586,100,1 000 000,No Refill,33 minutes,,,105.7198
14009,Germany Traffic from X (Formerly Twitter),24.586,100,1 000 000,No Refill,17 minutes,,,105.7198
14010,Germany Traffic from YouTube,24.586,100,1 000 000,No Refill,22 minutes,,,105.7198
14622,🔎Hong Kong Traffic from Google.com.hk [Organic] [Custom Keywords],73.758,1 000,1 000 000,No Refill,33 minutes,,,317.1594
14623,Hong Kong Traffic from Google.com.hk,54.348,500,1 000 000,No Refill,22 minutes,,,233.6964
14624,Hong Kong Traffic from YouTube,54.348,500,1 000 000,No Refill,55 minutes,,,233.6964
14625,Hong Kong Traffic from Facebook,54.348,500,1 000 000,No Refill,16 minutes,,,233.6964
14626,Hong Kong Traffic from Instagram,54.348,500,1 000 000,No Refill,33 minutes,,,233.6964
14627,Hong Kong Traffic from Wikipedia,54.348,500,1 000 000,No Refill,23 minutes,,,233.6964
14628,Hong Kong Traffic from Twitter,54.348,500,1 000 000,No Refill,23 minutes,,,233.6964
14629,Hong Kong Traffic from Reddit,54.348,500,1 000 000,No Refill,22 minutes,,,233.6964
14630,Hong Kong Traffic from Twitch.tv,54.348,500,1 000 000,No Refill,23 minutes,,,233.6964
14631,Hong Kong Traffic from Yahoo.com,54.348,500,1 000 000,No Refill,16 minutes,,,233.6964
14632,Hong Kong Traffic from Bing.com,54.348,500,1 000 000,No Refill,22 minutes,,,233.6964
14633,Hong Kong Traffic from Quora,54.348,500,1 000 000,No Refill,11 minutes,,,233.6964
14634,Hong Kong Traffic from Tumblr,54.348,500,1 000 000,No Refill,16 minutes,,,233.6964
14635,Hong Kong Traffic from Pinterest,54.348,500,1 000 000,No Refill,55 minutes,,,233.6964
14636,Hong Kong Traffic from Blogspot/Blogger.com,54.348,500,1 000 000,No Refill,11 minutes,,,233.6964
14637,Hong Kong Traffic from LinkedIn,54.348,500,1 000 000,No Refill,22 minutes,,,233.6964
14638,Hong Kong Traffic from ON.CC,54.348,500,1 000 000,No Refill,33 minutes,,,233.6964
14639,Hong Kong Traffic from Baidu,54.348,500,1 000 000,No Refill,22 minutes,,,233.6964
14640,Hong Kong Traffic from HK01,54.348,500,1 000 000,No Refill,17 minutes,,,233.6964
14641,Hong Kong Traffic from KKNews,54.348,500,1 000 000,No Refill,55 minutes,,,233.6964
14642,Hong Kong Traffic from Bilibili,54.348,500,1 000 000,No Refill,23 minutes,,,233.6964
14643,Hong Kong Traffic from AppleDaily,54.348,500,1 000 000,No Refill,11 minutes,,,233.6964
14644,Hong Kong Traffic from Lihkg,54.348,500,1 000 000,No Refill,55 minutes,,,233.6964
14514,ItalyTraffic - Direct / No Referrer,24.586,100,1 000 000,No Refill,55 minutes,,,105.7198
14515,Italy Traffic from Google.it Search [Organic] [Custom Keywords],24.586,100,1 000 000,No Refill,55 minutes,,,105.7198
14516,Italy Traffic from Google.it,24.586,100,1 000 000,No Refill,26 minutes,,,105.7198
14517,Italy Traffic from Facebook,24.586,100,1 000 000,No Refill,11 minutes,,,105.7198
14518,Italy Traffic from Instagram,24.586,100,1 000 000,No Refill,17 minutes,,,105.7198
14519,Italy Traffic from Twitter,24.586,100,1 000 000,No Refill,55 minutes,,,105.7198
14520,Italy Traffic from Quora,24.586,100,1 000 000,No Refill,22 minutes,,,105.7198
14521,Italy Traffic from YouTube,24.586,100,1 000 000,No Refill,11 minutes,,,105.7198
14011,Indonesia Traffic - Direct / No Referrer,24.586,100,1 000 000,No Refill,17 minutes,,,105.7198
14012,Indonesia Traffic from Google.co.id Search [Organic] [Custom Keywords],24.586,100,1 000 000,No Refill,11 minutes,,,105.7198
14013,Indonesia Traffic from Google.co.id,24.586,100,1 000 000,No Refill,55 minutes,,,105.7198
14014,Indonesia Traffic from Facebook,24.586,100,1 000 000,No Refill,55 minutes,,,105.7198
14015,Indonesia Traffic from Instagram,24.586,100,1 000 000,No Refill,11 minutes,,,105.7198
14016,Indonesia Traffic from Quora,24.586,100,1 000 000,No Refill,33 minutes,,,105.7198
14017,Indonesia Traffic from Tiktok,24.586,100,1 000 000,No Refill,16 minutes,,,105.7198
14018,Indonesia Traffic from X (Formerly Twitter),24.586,100,1 000 000,No Refill,55 minutes,,,105.7198
14019,Indonesia Traffic from YouTube,24.586,100,1 000 000,No Refill,16 minutes,,,105.7198
14020,🏴Indonesia Traffic from Detik,24.586,100,1 000 000,No Refill,55 minutes,,,105.7198
14021,🏴Indonesia Traffic from Kompas,24.586,100,1 000 000,No Refill,55 minutes,,,105.7198
13924,India Traffic - Direct / No Referrer,24.586,100,1 000 000,No Refill,33 minutes,,,105.7198
13925,India Traffic from Google.co.in [Organic] [Custom Keywords],24.586,100,1 000 000,No Refill,22 minutes,,,105.7198
13926,India Traffic from Google.co.in,24.586,100,1 000 000,No Refill,17 minutes,,,105.7198
13927,India Traffic from Facebook,24.586,100,1 000 000,No Refill,17 minutes,,,105.7198
13928,India Traffic from Instagram,24.586,100,1 000 000,No Refill,33 minutes,,,105.7198
13929,India Traffic from Quora,24.586,100,1 000 000,No Refill,33 minutes,,,105.7198
13930,India Traffic From Tiktok,24.586,100,1 000 000,No Refill,55 minutes,,,105.7198
13931,India Traffic from X (Formerly Twitter),24.586,100,1 000 000,No Refill,16 minutes,,,105.7198
13932,India Traffic from YouTube,24.586,100,1 000 000,No Refill,11 minutes,,,105.7198
14576,🔎 Ireland Traffic from Google.ie [Organic] [Custom Keywords],73.758,1 000,1 000 000,No Refill,22 minutes,,,317.1594
14577,Ireland Traffic from Google.ie,54.348,500,1 000 000,No Refill,33 minutes,,,233.6964
14578,Ireland Traffic from YouTube,54.348,500,1 000 000,No Refill,23 minutes,,,233.6964
14579,Ireland Traffic from Facebook,54.348,500,1 000 000,No Refill,33 minutes,,,233.6964
14580,Ireland Traffic from Amazon.com,54.348,500,1 000 000,No Refill,23 minutes,,,233.6964
14581,Ireland Traffic from Instagram,54.348,500,1 000 000,No Refill,23 minutes,,,233.6964
14582,Ireland Traffic from Wikipedia,54.348,500,1 000 000,No Refill,11 minutes,,,233.6964
14583,Ireland Traffic from Twitter,54.348,500,1 000 000,No Refill,16 minutes,,,233.6964
14584,Ireland Traffic from Ebay.ie,54.348,500,1 000 000,No Refill,22 minutes,,,233.6964
14585,Ireland Traffic from Reddit,54.348,500,1 000 000,No Refill,16 minutes,,,233.6964
14586,Ireland Traffic from Twitch.tv,54.348,500,1 000 000,No Refill,55 minutes,,,233.6964
14587,Ireland Traffic from Yahoo.com,54.348,500,1 000 000,No Refill,16 minutes,,,233.6964
14588,Ireland Traffic from Bing.com,54.348,500,1 000 000,No Refill,33 minutes,,,233.6964
14589,Ireland Traffic from Quora,54.348,500,1 000 000,No Refill,22 minutes,,,233.6964
14590,Ireland Traffic from Tumblr,54.348,500,1 000 000,No Refill,22 minutes,,,233.6964
14591,Ireland Traffic from Pinterest,54.348,500,1 000 000,No Refill,55 minutes,,,233.6964
14592,Ireland Traffic from Blogspot/Blogger.com,54.348,500,1 000 000,No Refill,22 minutes,,,233.6964
14593,Ireland Traffic from LinkedIn,54.348,500,1 000 000,No Refill,55 minutes,,,233.6964
14594,Ireland Traffic from DoneDeal,54.348,500,1 000 000,No Refill,16 minutes,,,233.6964
14595,Ireland Traffic from RTE,54.348,500,1 000 000,No Refill,22 minutes,,,233.6964
14596,Ireland Traffic from TheJournal,54.348,500,1 000 000,No Refill,23 minutes,,,233.6964
14597,Ireland Traffic from Independent,54.348,500,1 000 000,No Refill,33 minutes,,,233.6964
14598,Ireland Traffic from IrishTimes,54.348,500,1 000 000,No Refill,55 minutes,,,233.6964
14560,🔎 Iran Traffic from Google.com [Organic] [Custom Keywords],73.758,1 000,1 000 000,No Refill,16 minutes,,,317.1594
14561,Iran Traffic from Google.com,54.348,500,1 000 000,No Refill,17 minutes,,,233.6964
14562,Iran Traffic from YouTube,54.348,500,1 000 000,No Refill,17 minutes,,,233.6964
14563,Iran Traffic from Facebook,54.348,500,1 000 000,No Refill,33 minutes,,,233.6964
14564,Iran Traffic from Instagram,54.348,500,1 000 000,No Refill,33 minutes,,,233.6964
14565,Iran Traffic from Wikipedia,54.348,500,1 000 000,No Refill,23 minutes,,,233.6964
14566,Iran Traffic from Twitter,54.348,500,1 000 000,No Refill,23 minutes,,,233.6964
14567,Iran Traffic from Reddit,54.348,500,1 000 000,No Refill,33 minutes,,,233.6964
14568,Iran Traffic from Twitch.tv,54.348,500,1 000 000,No Refill,55 minutes,,,233.6964
14569,Iran Traffic from Yahoo.com,54.348,500,1 000 000,No Refill,33 minutes,,,233.6964
14570,Iran Traffic from Bing.com,54.348,500,1 000 000,No Refill,22 minutes,,,233.6964
14571,Iran Traffic from Quora,54.348,500,1 000 000,No Refill,23 minutes,,,233.6964
14572,Iran Traffic from Tumblr,54.348,500,1 000 000,No Refill,16 minutes,,,233.6964
14573,Iran Traffic from Pinterest,54.348,500,1 000 000,No Refill,33 minutes,,,233.6964
14574,Iran Traffic from Blogspot/Blogger.com,54.348,500,1 000 000,No Refill,11 minutes,,,233.6964
14575,Iran Traffic from LinkedIn,54.348,500,1 000 000,No Refill,23 minutes,,,233.6964
14599,🔎 Israel Traffic from Google.com.il [Organic] [Custom Keywords],73.758,1 000,1 000 000,No Refill,18 minutes,,,317.1594
14600,Israel Traffic from Google.co.il,54.348,500,1 000 000,No Refill,33 minutes,,,233.6964
14601,Israel Traffic from YouTube,54.348,500,1 000 000,No Refill,22 minutes,,,233.6964
14602,Israel Traffic from Facebook,54.348,500,1 000 000,No Refill,11 minutes,,,233.6964
14603,Israel Traffic from Amazon.com,54.348,500,1 000 000,No Refill,55 minutes,,,233.6964
14604,Israel Traffic from Instagram,54.348,500,1 000 000,No Refill,23 minutes,,,233.6964
14605,Israel Traffic from Wikipedia,54.348,500,1 000 000,No Refill,22 minutes,,,233.6964
14606,Israel Traffic from Twitter,54.348,500,1 000 000,No Refill,23 minutes,,,233.6964
14607,Israel Traffic from Ebay.co.il,54.348,500,1 000 000,No Refill,23 minutes,,,233.6964
14608,Israel Traffic from Reddit,54.348,500,1 000 000,No Refill,17 minutes,,,233.6964
14609,Israel Traffic from Twitch.tv,54.348,500,1 000 000,No Refill,55 minutes,,,233.6964
14610,Israel Traffic from Yahoo.com,54.348,500,1 000 000,No Refill,17 minutes,,,233.6964
14611,Israel Traffic from Bing.com,54.348,500,1 000 000,No Refill,17 minutes,,,233.6964
14612,Israel Traffic from Quora,54.348,500,1 000 000,No Refill,55 minutes,,,233.6964
14613,Israel Traffic from Tumblr,54.348,500,1 000 000,No Refill,17 minutes,,,233.6964
14614,Israel Traffic from Pinterest,54.348,500,1 000 000,No Refill,23 minutes,,,233.6964
14615,Israel Traffic from Blogspot/Blogger.com,54.348,500,1 000 000,No Refill,11 minutes,,,233.6964
14616,Israel Traffic from VK.com,54.348,500,1 000 000,No Refill,55 minutes,,,233.6964
14617,Israel Traffic from OK.ru,54.348,500,1 000 000,No Refill,55 minutes,,,233.6964
14618,Israel Traffic from LinkedIn,54.348,500,1 000 000,No Refill,23 minutes,,,233.6964
14619,Israel Traffic from Ynet.co.il,54.348,500,1 000 000,No Refill,16 minutes,,,233.6964
14620,Israel Traffic from Walla.co.il,54.348,500,1 000 000,No Refill,55 minutes,,,233.6964
14621,Israel Traffic from Mako.co.il,54.348,500,1 000 000,No Refill,22 minutes,,,233.6964
14062,Japan Traffic from Google.co.jp Search [Organic] [Custom Keywords],24.586,100,1 000 000,No Refill,23 minutes,,,105.7198
14063,Japan Traffic from Google.co.jp,24.586,100,1 000 000,No Refill,17 minutes,,,105.7198
14064,Japan Traffic from Facebook,24.586,100,1 000 000,No Refill,22 minutes,,,105.7198
14065,Japan Traffic from Instagram,24.586,100,1 000 000,No Refill,33 minutes,,,105.7198
14066,Japan Traffic from Twitter,24.586,100,1 000 000,No Refill,55 minutes,,,105.7198
14067,Japan Traffic from YouTube,24.586,100,1 000 000,No Refill,11 minutes,,,105.7198
14068,🏴Japan Traffic from Ameba Blog,24.586,100,1 000 000,No Refill,11 minutes,,,105.7198
14069,🏴Japan Traffic from Nicovideo,24.586,100,1 000 000,No Refill,17 minutes,,,105.7198
14070,🏴Japan Traffic from Pixiv,24.586,100,1 000 000,No Refill,23 minutes,,,105.7198
13886,Korea Traffic - Direct / No Referrer,24.586,100,1 000 000,No Refill,11 minutes,,,105.7198
13887,Korea Traffic from Google.co.kr [Organic] [Custom Keywords],24.586,100,1 000 000,No Refill,16 minutes,,,105.7198
13888,Korea Traffic from Google,24.586,100,1 000 000,No Refill,33 minutes,,,105.7198
13889,Korea Traffic from Facebook,24.586,100,1 000 000,No Refill,11 minutes,,,105.7198
13890,Korea Traffic from Instagram,24.586,100,1 000 000,No Refill,8 hours 42 minutes,,,105.7198
13891,Korea Traffic from LinkedIn,24.586,100,1 000 000,No Refill,17 minutes,,,105.7198
13892,Korea Traffic from Quora,24.586,100,1 000 000,No Refill,23 minutes,,,105.7198
13893,Korea Traffic from Tiktok,24.586,100,1 000 000,No Refill,33 minutes,,,105.7198
13894,Korea Traffic from YouTube,24.586,100,1 000 000,No Refill,23 minutes,,,105.7198
13895,🏴Korea Traffic from Daum,24.586,100,1 000 000,No Refill,17 minutes,,,105.7198
13896,🏴Korea Traffic from DCInside,24.586,100,1 000 000,No Refill,17 minutes,,,105.7198
13897,🏴Korea Traffic from Kakao,24.586,100,1 000 000,No Refill,17 minutes,,,105.7198
13898,🏴Korea Traffic from Nate,24.586,100,1 000 000,No Refill,11 minutes,,,105.7198
13899,🏴Korea Traffic from Naver,24.586,100,1 000 000,No Refill,2 hours 38 minutes,,,105.7198
13900,🏴Korea Traffic from Shopping.Naver.com,24.586,100,1 000 000,No Refill,16 minutes,,,105.7198
13901,🏴Korea Traffic from Tistory,24.586,100,1 000 000,No Refill,16 minutes,,,105.7198
14946,🔎 Mexico Traffic from Google.com.mx Search [Organic] [Custom Keywords],69.876,1 000,1 000 000,No Refill,8 minutes,,,300.4668
14947,Mexico Traffic from Google.com.mx,53.054,500,1 000 000,No Refill,55 minutes,,,228.1322
14948,Mexico Traffic from Quora,53.054,500,1 000 000,No Refill,22 minutes,,,228.1322
14949,Mexico Traffic from Tumblr,53.054,500,1 000 000,No Refill,11 minutes,,,228.1322
14950,Mexico Traffic from Pinterest.com,53.054,500,1 000 000,No Refill,33 minutes,,,228.1322
14951,Mexico Traffic from Twitter,53.054,500,1 000 000,No Refill,33 minutes,,,228.1322
14952,Mexico Traffic from Reddit,53.054,500,1 000 000,No Refill,55 minutes,,,228.1322
14953,Mexico Traffic from YouTube,53.054,500,1 000 000,No Refill,17 minutes,,,228.1322
14954,Mexico Traffic from Facebook,53.054,500,1 000 000,No Refill,33 minutes,,,228.1322
14955,Mexico Traffic from Instagram,53.054,500,1 000 000,No Refill,23 minutes,,,228.1322
14956,Mexico Traffic from Amazon.com.mx,53.054,500,1 000 000,No Refill,16 minutes,,,228.1322
14957,Mexico Traffic from LinkedIn,53.054,500,1 000 000,No Refill,33 minutes,,,228.1322
14958,Mexico Traffic from Bing.com,53.054,500,1 000 000,No Refill,17 minutes,,,228.1322
14959,Mexico Traffic from Yahoo,53.054,500,1 000 000,No Refill,23 minutes,,,228.1322
14960,Mexico Traffic from Twitch.tv,53.054,500,1 000 000,No Refill,17 minutes,,,228.1322
14961,Mexico Traffic from Wikipedia,53.054,500,1 000 000,No Refill,16 minutes,,,228.1322
14962,Mexico Traffic from Fiverr,53.054,500,1 000 000,No Refill,55 minutes,,,228.1322
14963,Mexico Traffic from VK.com,53.054,500,1 000 000,No Refill,33 minutes,,,228.1322
14964,Mexico Traffic from Ebay.com,53.054,500,1 000 000,No Refill,16 minutes,,,228.1322
14965,Mexico Traffic from Thestartmagazine.com,53.054,500,1 000 000,No Refill,16 minutes,,,228.1322
14966,Mexico Traffic from Caliente.mx,53.054,500,1 000 000,No Refill,16 minutes,,,228.1322
14967,Mexico Traffic from mercadolibre.com.mx,53.054,500,1 000 000,No Refill,33 minutes,,,228.1322
14968,Mexico Traffic from eluniversal.com.mx,53.054,500,1 000 000,No Refill,23 minutes,,,228.1322
14539,🔎 Moldova Traffic from Google [Organic] [Custom Keywords],98.344,1 000,1 000 000,No Refill,11 minutes,,,422.8792
14540,Moldova Traffic - Direct Visits,76.346,1 000,1 000 000,No Refill,23 minutes,,,328.2878
14541,Moldova Traffic from Google,76.346,1 000,1 000 000,No Refill,55 minutes,,,328.2878
14542,Moldova Traffic from YouTube,76.346,1 000,1 000 000,No Refill,23 minutes,,,328.2878
14543,Moldova Traffic from Facebook,76.346,1 000,1 000 000,No Refill,55 minutes,,,328.2878
14544,Moldova Traffic from Instagram,76.346,1 000,1 000 000,No Refill,22 minutes,,,328.2878
14545,Moldova Traffic from Twitter,76.346,1 000,1 000 000,No Refill,23 minutes,,,328.2878
14969,🔎 Netherlands Traffic from Google.nl Search [Organic] [Custom Keywords],69.876,1 000,1 000 000,No Refill,55 minutes,,,300.4668
14970,Netherlands Traffic from Google.nl,53.054,500,1 000 000,No Refill,22 minutes,,,228.1322
14971,Netherlands Traffic from YouTube,53.054,500,1 000 000,No Refill,17 minutes,,,228.1322
14972,Netherlands Traffic from Facebook,53.054,500,1 000 000,No Refill,11 minutes,,,228.1322
14973,Netherlands Traffic from Instagram,53.054,500,1 000 000,No Refill,11 minutes,,,228.1322
14974,Netherlands Traffic from Twitter,53.054,500,1 000 000,No Refill,17 minutes,,,228.1322
14975,Netherlands Traffic from Amazon.com,53.054,500,1 000 000,No Refill,55 minutes,,,228.1322
14976,Netherlands Traffic from Reddit,53.054,500,1 000 000,No Refill,17 minutes,,,228.1322
14977,Netherlands Traffic from Quora,53.054,500,1 000 000,No Refill,16 minutes,,,228.1322
14978,Netherlands Traffic from Tumblr,53.054,500,1 000 000,No Refill,11 minutes,,,228.1322
14979,Netherlands Traffic from Pinterest.com,53.054,500,1 000 000,No Refill,23 minutes,,,228.1322
14980,Netherlands Traffic from Blogspot.com,53.054,500,1 000 000,No Refill,17 minutes,,,228.1322
14981,Netherlands Traffic from LinkedIn,53.054,500,1 000 000,No Refill,23 minutes,,,228.1322
14982,Netherlands Traffic from Bing.com,53.054,500,1 000 000,No Refill,23 minutes,,,228.1322
14983,Netherlands Traffic from Yahoo,53.054,500,1 000 000,No Refill,55 minutes,,,228.1322
14984,Netherlands Traffic from Twitch.tv,53.054,500,1 000 000,No Refill,16 minutes,,,228.1322
14985,Netherlands Traffic from Wikipedia,53.054,500,1 000 000,No Refill,11 minutes,,,228.1322
14986,Netherlands Traffic from Fiverr,53.054,500,1 000 000,No Refill,11 minutes,,,228.1322
14987,Netherlands Traffic from VK.com,53.054,500,1 000 000,No Refill,55 minutes,,,228.1322
14988,Netherlands Traffic from Ebay.com,53.054,500,1 000 000,No Refill,33 minutes,,,228.1322
14989,Netherlands Traffic from Marktplaats.nl,53.054,500,1 000 000,No Refill,17 minutes,,,228.1322
14990,Netherlands Traffic from Nu.nl,53.054,500,1 000 000,No Refill,11 minutes,,,228.1322
14991,Netherlands Traffic from Bol.com,53.054,500,1 000 000,No Refill,55 minutes,,,228.1322
14726,🔎 Philippines Traffic from Google.com.ph [Organic] [Custom Keywords],73.758,500,1 000 000,No Refill,33 minutes,,,317.1594
14727,Philippines Traffic from Google.com.ph,54.348,500,1 000 000,No Refill,16 minutes,,,233.6964
14728,Philippines Traffic from YouTube,54.348,500,1 000 000,No Refill,17 minutes,,,233.6964
14729,Philippines Traffic from Facebook,54.348,500,1 000 000,No Refill,16 minutes,,,233.6964
14730,Philippines Traffic from Amazon.com,54.348,500,1 000 000,No Refill,16 minutes,,,233.6964
14731,Philippines Traffic from Instagram,54.348,500,1 000 000,No Refill,55 minutes,,,233.6964
14732,Philippines Traffic from Wikipedia,54.348,500,1 000 000,No Refill,23 minutes,,,233.6964
14733,Philippines Traffic from Twitter,54.348,500,1 000 000,No Refill,17 minutes,,,233.6964
14734,Philippines Traffic from Ebay.com,54.348,500,1 000 000,No Refill,11 minutes,,,233.6964
14735,Philippines Traffic from Reddit,54.348,500,1 000 000,No Refill,17 minutes,,,233.6964
14736,Philippines Traffic from Twitch.tv,54.348,500,1 000 000,No Refill,55 minutes,,,233.6964
14737,Philippines Traffic from Yahoo.com,54.348,500,1 000 000,No Refill,22 minutes,,,233.6964
14738,Philippines Traffic from Bing.com,54.348,500,1 000 000,No Refill,17 minutes,,,233.6964
14739,Philippines Traffic from Quora,54.348,500,1 000 000,No Refill,22 minutes,,,233.6964
14740,Philippines Traffic from Tumblr,54.348,500,1 000 000,No Refill,33 minutes,,,233.6964
14741,Philippines Traffic from Pinterest,54.348,500,1 000 000,No Refill,22 minutes,,,233.6964
14742,Philippines Traffic from Blogspot/Blogger.com,54.348,500,1 000 000,No Refill,22 minutes,,,233.6964
14743,Philippines Traffic from LinkedIn,54.348,500,1 000 000,No Refill,17 minutes,,,233.6964
14744,Philippines Traffic from Lazada,54.348,500,1 000 000,No Refill,33 minutes,,,233.6964
14745,Philippines Traffic from KissAsian,54.348,500,1 000 000,No Refill,17 minutes,,,233.6964
14746,Philippines Traffic from Shopee,54.348,500,1 000 000,No Refill,17 minutes,,,233.6964
14884,🔎 Pakistan Traffic from Google.com.pk Search [Organic] [Custom Keywords],69.876,1 000,1 000 000,No Refill,11 minutes,,,300.4668
14885,Pakistan Traffic from Google.com.pk,53.054,500,1 000 000,No Refill,33 minutes,,,228.1322
14886,Pakistan Traffic from YouTube,53.054,500,1 000 000,No Refill,22 minutes,,,228.1322
14887,Pakistan Traffic from Facebook,53.054,500,1 000 000,No Refill,55 minutes,,,228.1322
14888,Pakistan Traffic from Instagram,53.054,500,1 000 000,No Refill,23 minutes,,,228.1322
14889,Pakistan Traffic from Twitter,53.054,500,1 000 000,No Refill,23 minutes,,,228.1322
14890,Pakistan Traffic from Amazon.com,53.054,500,1 000 000,No Refill,17 minutes,,,228.1322
14891,Pakistan Traffic from Reddit,53.054,500,1 000 000,No Refill,16 minutes,,,228.1322
14892,Pakistan Traffic from Quora,53.054,500,1 000 000,No Refill,55 minutes,,,228.1322
14893,Pakistan Traffic from Tumblr,53.054,500,1 000 000,No Refill,23 minutes,,,228.1322
14894,Pakistan Traffic from Pinterest.com,53.054,500,1 000 000,No Refill,33 minutes,,,228.1322
14895,Pakistan Traffic from Blogspot.com,53.054,500,1 000 000,No Refill,55 minutes,,,228.1322
14896,Pakistan Traffic from LinkedIn,53.054,500,1 000 000,No Refill,17 minutes,,,228.1322
14897,Pakistan Traffic from Bing.com,53.054,500,1 000 000,No Refill,17 minutes,,,228.1322
14898,Pakistan Traffic from Yahoo,53.054,500,1 000 000,No Refill,33 minutes,,,228.1322
14899,Pakistan Traffic from Twitch.tv,53.054,500,1 000 000,No Refill,17 minutes,,,228.1322
14900,Pakistan Traffic from Wikipedia,53.054,500,1 000 000,No Refill,22 minutes,,,228.1322
14901,Pakistan Traffic from Fiverr,53.054,500,1 000 000,No Refill,23 minutes,,,228.1322
14902,Pakistan Traffic from VK.com,53.054,500,1 000 000,No Refill,33 minutes,,,228.1322
14903,Pakistan Traffic from Ebay.com,53.054,500,1 000 000,No Refill,23 minutes,,,228.1322
14904,Pakistan Traffic from Urdupoint.com,53.054,500,1 000 000,No Refill,55 minutes,,,228.1322
14905,Pakistan Traffic from Hamariweb.com,53.054,500,1 000 000,No Refill,23 minutes,,,228.1322
14906,Pakistan Traffic from Express.pk,53.054,500,1 000 000,No Refill,17 minutes,,,228.1322
14907,Pakistan Traffic from Thenews.com.pk,53.054,500,1 000 000,No Refill,23 minutes,,,228.1322
14908,Pakistan Traffic from Daraz.pk,53.054,500,1 000 000,No Refill,22 minutes,,,228.1322
14909,Pakistan Traffic from Olx.com.pk,53.054,500,1 000 000,No Refill,16 minutes,,,228.1322
14910,Pakistan Traffic from Dunyanews.tv,53.054,500,1 000 000,No Refill,23 minutes,,,228.1322
14911,Pakistan Traffic from Tribune.com.pk,53.054,500,1 000 000,No Refill,11 minutes,,,228.1322
14852,🔎 Poland Traffic from Google.pl Search [Organic] [Custom Keywords],69.876,1 000,1 000 000,No Refill,17 minutes,,,300.4668
14853,Poland Traffic from Google.pl,53.054,500,1 000 000,No Refill,22 minutes,,,228.1322
14854,Poland Traffic from YouTube,53.054,500,1 000 000,No Refill,17 minutes,,,228.1322
14855,Poland Traffic from Facebook,53.054,500,1 000 000,No Refill,22 minutes,,,228.1322
14856,Poland Traffic from Instagram,53.054,500,1 000 000,No Refill,23 minutes,,,228.1322
14857,Poland Traffic from Twitter,53.054,500,1 000 000,No Refill,16 minutes,,,228.1322
14858,Poland Traffic from Amazon.com,53.054,500,1 000 000,No Refill,22 minutes,,,228.1322
14859,Poland Traffic from Reddit,53.054,500,1 000 000,No Refill,17 minutes,,,228.1322
14860,Poland Traffic from Quora,53.054,500,1 000 000,No Refill,23 minutes,,,228.1322
14861,Poland Traffic from Tumblr,53.054,500,1 000 000,No Refill,33 minutes,,,228.1322
14862,Poland Traffic from Pinterest.com,53.054,500,1 000 000,No Refill,23 minutes,,,228.1322
14863,Poland Traffic from Blogspot.com,53.054,500,1 000 000,No Refill,22 minutes,,,228.1322
14864,Poland Traffic from LinkedIn,53.054,500,1 000 000,No Refill,16 minutes,,,228.1322
14865,Poland Traffic from Bing.com,53.054,500,1 000 000,No Refill,16 minutes,,,228.1322
14866,Poland Traffic from Yahoo,53.054,500,1 000 000,No Refill,55 minutes,,,228.1322
14867,Poland Traffic from Twitch.tv,53.054,500,1 000 000,No Refill,16 minutes,,,228.1322
14868,Poland Traffic from Wikipedia,53.054,500,1 000 000,No Refill,16 minutes,,,228.1322
14869,Poland Traffic from Fiverr,53.054,500,1 000 000,No Refill,17 minutes,,,228.1322
14870,Poland Traffic from VK.com,53.054,500,1 000 000,No Refill,22 minutes,,,228.1322
14871,Poland Traffic from Ebay.com,53.054,500,1 000 000,No Refill,16 minutes,,,228.1322
14872,Poland Traffic from allegro.pl,53.054,500,1 000 000,No Refill,22 minutes,,,228.1322
14873,Poland Traffic from Olx.pl,53.054,500,1 000 000,No Refill,33 minutes,,,228.1322
14874,Poland Traffic from Onet.pl,53.054,500,1 000 000,No Refill,33 minutes,,,228.1322
14875,Poland Traffic from wp.pl,53.054,500,1 000 000,No Refill,16 minutes,,,228.1322
14876,Poland Traffic from Interia.pl,53.054,500,1 000 000,No Refill,11 minutes,,,228.1322
14877,Poland Traffic from otomoto.pl,53.054,500,1 000 000,No Refill,55 minutes,,,228.1322
14878,Poland Traffic from gazeta.pl,53.054,500,1 000 000,No Refill,55 minutes,,,228.1322
14879,Poland Traffic from ceneo.pl,53.054,500,1 000 000,No Refill,17 minutes,,,228.1322
14880,Poland Traffic from librus.pl,53.054,500,1 000 000,No Refill,17 minutes,,,228.1322
14881,Poland Traffic from wykop.pl,53.054,500,1 000 000,No Refill,33 minutes,,,228.1322
14882,Poland Traffic from filmweb.pl,53.054,500,1 000 000,No Refill,17 minutes,,,228.1322
14883,Poland Traffic from cda.pl,53.054,500,1 000 000,No Refill,55 minutes,,,228.1322
15019,🔎 Portugal Traffic from Google.pt Search [Organic] [Custom Keywords],69.876,1 000,1 000 000,No Refill,11 minutes,,,300.4668
15020,Portugal Traffic from YouTube,53.054,500,1 000 000,No Refill,55 minutes,,,228.1322
15021,Portugal Traffic from Facebook,53.054,500,1 000 000,No Refill,33 minutes,,,228.1322
15022,Portugal Traffic from Instagram,53.054,500,1 000 000,No Refill,16 minutes,,,228.1322
15023,Portugal Traffic from Twitter,53.054,500,1 000 000,No Refill,16 minutes,,,228.1322
15024,Portugal Traffic from Amazon.com,53.054,500,1 000 000,No Refill,16 minutes,,,228.1322
15025,Portugal Traffic from Reddit,53.054,500,1 000 000,No Refill,55 minutes,,,228.1322
15026,Portugal Traffic from Quora,53.054,500,1 000 000,No Refill,16 minutes,,,228.1322
15027,Portugal Traffic from Tumblr,53.054,500,1 000 000,No Refill,16 minutes,,,228.1322
15028,Portugal Traffic from Pinterest.com,53.054,500,1 000 000,No Refill,33 minutes,,,228.1322
15029,Portugal Traffic from Blogspot.com,53.054,500,1 000 000,No Refill,23 minutes,,,228.1322
15030,Portugal Traffic from LinkedIn,53.054,500,1 000 000,No Refill,22 minutes,,,228.1322
15031,Portugal Traffic from Bing.com,53.054,500,1 000 000,No Refill,16 minutes,,,228.1322
15032,Portugal Traffic from Yahoo,53.054,500,1 000 000,No Refill,16 minutes,,,228.1322
15033,Portugal Traffic from Twitch.tv,53.054,500,1 000 000,No Refill,22 minutes,,,228.1322
15034,Portugal Traffic from Wikipedia,53.054,500,1 000 000,No Refill,11 minutes,,,228.1322
15035,Portugal Traffic from Fiverr,53.054,500,1 000 000,No Refill,55 minutes,,,228.1322
15036,Portugal Traffic from VK.com,53.054,500,1 000 000,No Refill,33 minutes,,,228.1322
15037,Portugal Traffic from Ebay.com,53.054,500,1 000 000,No Refill,33 minutes,,,228.1322
15038,Portugal Traffic from Sapo.pt,53.054,500,1 000 000,No Refill,55 minutes,,,228.1322
15039,Portugal Traffic from Olx.pt,53.054,500,1 000 000,No Refill,23 minutes,,,228.1322
15040,Portugal Traffic from Abola.pt,53.054,500,1 000 000,No Refill,55 minutes,,,228.1322
15041,Portugal Traffic from Record.pt,53.054,500,1 000 000,No Refill,22 minutes,,,228.1322
15042,Portugal Traffic from IOL.pt,53.054,500,1 000 000,No Refill,22 minutes,,,228.1322
15043,Portugal Traffic from Publico.pt,53.054,500,1 000 000,No Refill,33 minutes,,,228.1322
14992,🔎 Russia Traffic from Google.ru Search [Organic] [Custom Keywords],77.64,1 000,1 000 000,No Refill,16 minutes,,,333.852
14993,🔎 Russia Traffic from Yandex.ru Search [Organic] [Custom Keywords],77.64,1 000,1 000 000,No Refill,11 minutes,,,333.852
14994,Russia Traffic from Google.ru,53.054,500,1 000 000,No Refill,17 minutes,,,228.1322
14995,Russia Traffic from Yandex.ru,53.054,500,1 000 000,No Refill,33 minutes,,,228.1322
14996,Russia Traffic from VK.com,53.054,500,1 000 000,No Refill,11 minutes,,,228.1322
14997,Russia Traffic from Quora,53.054,500,1 000 000,No Refill,11 minutes,,,228.1322
14998,Russia Traffic from Tumblr,53.054,500,1 000 000,No Refill,16 minutes,,,228.1322
14999,Russia Traffic from Pinterest,53.054,500,1 000 000,No Refill,22 minutes,,,228.1322
15000,Russia Traffic from Twitter,53.054,500,1 000 000,No Refill,16 minutes,,,228.1322
15001,Russia Traffic from Reddit,53.054,500,1 000 000,No Refill,22 minutes,,,228.1322
15002,Russia Traffic from YouTube,53.054,500,1 000 000,No Refill,11 minutes,,,228.1322
15003,Russia Traffic from Facebook,53.054,500,1 000 000,No Refill,55 minutes,,,228.1322
15004,Russia Traffic from Instagram,53.054,500,1 000 000,No Refill,17 minutes,,,228.1322
15005,Russia Traffic from Blogspot.com,53.054,500,1 000 000,No Refill,23 minutes,,,228.1322
15006,Russia Traffic from Amazon.com,53.054,500,1 000 000,No Refill,33 minutes,,,228.1322
15007,Russia Traffic from Yahoo,53.054,500,1 000 000,No Refill,23 minutes,,,228.1322
15008,Russia Traffic from Bing.com,53.054,500,1 000 000,No Refill,17 minutes,,,228.1322
15009,Russia Traffic from Twitch.tv,53.054,500,1 000 000,No Refill,23 minutes,,,228.1322
15010,Russia Traffic from Wikipedia,53.054,500,1 000 000,No Refill,55 minutes,,,228.1322
15011,Russia Traffic from Fiverr,53.054,500,1 000 000,No Refill,11 minutes,,,228.1322
15012,Russia Traffic from eBay.com,53.054,500,1 000 000,No Refill,33 minutes,,,228.1322
15013,Russia Traffic from Mail.ru,53.054,500,1 000 000,No Refill,33 minutes,,,228.1322
15014,Russia Traffic from Avito.ru,53.054,500,1 000 000,No Refill,11 minutes,,,228.1322
15015,Russia Traffic from OK.ru,53.054,500,1 000 000,No Refill,22 minutes,,,228.1322
15016,Russia Traffic from Drom.ru,53.054,500,1 000 000,No Refill,55 minutes,,,228.1322
15017,Russia Traffic from Ria.ru,53.054,500,1 000 000,No Refill,23 minutes,,,228.1322
15018,Russia Traffic from Pikabu.ru,53.054,500,1 000 000,No Refill,23 minutes,,,228.1322
15044,🔎 Romania Traffic from Google.ro Search [Organic] [Custom Keywords],69.876,1 000,1 000 000,No Refill,55 minutes,,,300.4668
15045,Romania Traffic from Google.ro,53.054,500,1 000 000,No Refill,55 minutes,,,228.1322
15046,Romania Traffic from YouTube,53.054,500,1 000 000,No Refill,16 minutes,,,228.1322
15047,Romania Traffic from Facebook,53.054,500,1 000 000,No Refill,55 minutes,,,228.1322
15048,Romania Traffic from Instagram,53.054,500,1 000 000,No Refill,16 minutes,,,228.1322
15049,Romania Traffic from Twitter,53.054,500,1 000 000,No Refill,17 minutes,,,228.1322
15050,Romania Traffic from Amazon.com,53.054,500,1 000 000,No Refill,22 minutes,,,228.1322
15051,Romania Traffic from Reddit,53.054,500,1 000 000,No Refill,11 minutes,,,228.1322
15052,Romania Traffic from Quora,53.054,500,1 000 000,No Refill,17 minutes,,,228.1322
15053,Romania Traffic from Tumblr,53.054,500,1 000 000,No Refill,17 minutes,,,228.1322
15054,Romania Traffic from Pinterest.com,59.524,500,1 000 000,No Refill,16 minutes,,,255.9532
15055,Romania Traffic from Blogspot.com,53.054,500,1 000 000,No Refill,16 minutes,,,228.1322
15056,Romania Traffic from LinkedIn,53.054,500,1 000 000,No Refill,17 minutes,,,228.1322
15057,Romania Traffic from Bing.com,53.054,500,1 000 000,No Refill,33 minutes,,,228.1322
15058,Romania Traffic from Yahoo,53.054,500,1 000 000,No Refill,17 minutes,,,228.1322
15059,Romania Traffic from Twitch.tv,53.054,500,1 000 000,No Refill,17 minutes,,,228.1322
15060,Romania Traffic from Wikipedia,53.054,500,1 000 000,No Refill,22 minutes,,,228.1322
15061,Romania Traffic from Fiverr,53.054,500,1 000 000,No Refill,55 minutes,,,228.1322
15062,Romania Traffic from VK.com,53.054,500,1 000 000,No Refill,11 minutes,,,228.1322
15063,Romania Traffic from Ebay.com,53.054,500,1 000 000,No Refill,23 minutes,,,228.1322
15064,Romania Traffic from Olx.ro,53.054,500,1 000 000,No Refill,16 minutes,,,228.1322
15065,Romania Traffic from Emag.ro,53.054,500,1 000 000,No Refill,16 minutes,,,228.1322
15066,Romania Traffic from Digi24.ro,53.054,500,1 000 000,No Refill,22 minutes,,,228.1322
15067,Romania Traffic from Adevarul.ro,53.054,500,1 000 000,No Refill,23 minutes,,,228.1322
13915,South Africa Traffic - Direct / No Referrer,24.586,100,1 000 000,No Refill,11 minutes,,,105.7198
13916,South Africa Traffic from Google.co.za [Organic] [Custom Keywords],24.586,100,1 000 000,No Refill,16 minutes,,,105.7198
13917,South Africa Traffic from Google.co.za,24.586,100,1 000 000,No Refill,22 minutes,,,105.7198
13918,South Africa Traffic from Facebook,24.586,100,1 000 000,No Refill,23 minutes,,,105.7198
13919,South Africa Traffic from Instagram,24.586,100,1 000 000,No Refill,22 minutes,,,105.7198
13920,South Africa Traffic from Quora,24.586,100,1 000 000,No Refill,23 minutes,,,105.7198
13921,South Africa Traffic from Tiktok,24.586,100,1 000 000,No Refill,11 minutes,,,105.7198
13922,South Africa Traffic from X (Formerly Twitter),24.586,100,1 000 000,No Refill,17 minutes,,,105.7198
13923,South Africa Traffic from YouTube,24.586,100,1 000 000,No Refill,23 minutes,,,105.7198
14071,Spain Traffic - Direct / No Referrer,24.586,100,1 000 000,No Refill,11 minutes,,,105.7198
14072,Spain Traffic from Google.es Search [Organic] [Custom Keywords],24.586,100,1 000 000,No Refill,22 minutes,,,105.7198
14073,Spain Traffic from Google.es,24.586,100,1 000 000,No Refill,11 minutes,,,105.7198
14074,Spain Traffic from Facebook,24.586,100,1 000 000,No Refill,22 minutes,,,105.7198
14075,Spain Traffic from Instagram,24.586,100,1 000 000,No Refill,22 minutes,,,105.7198
14076,Spain Traffic from Quora,24.586,100,1 000 000,No Refill,23 minutes,,,105.7198
14077,Spain Traffic from Twitter,24.586,100,1 000 000,No Refill,23 minutes,,,105.7198
14078,Spain Traffic from YouTube,24.586,100,1 000 000,No Refill,33 minutes,,,105.7198
14553,🔎 Sweden Traffic from Google [Organic] [Custom Keywords],98.344,1 000,1 000 000,No Refill,16 minutes,,,422.8792
14554,Sweden Traffic - Direct Visits,76.346,1 000,1 000 000,No Refill,11 minutes,,,328.2878
14555,Sweden Traffic from Google,76.346,1 000,1 000 000,No Refill,11 minutes,,,328.2878
14556,Sweden Traffic from YouTube,76.346,1 000,1 000 000,No Refill,17 minutes,,,328.2878
14557,Sweden Traffic from Facebook,76.346,1 000,1 000 000,No Refill,16 minutes,,,328.2878
14558,Sweden Traffic from Instagram,76.346,1 000,1 000 000,No Refill,33 minutes,,,328.2878
14559,Sweden Traffic from Twitter,76.346,1 000,1 000 000,No Refill,22 minutes,,,328.2878
14546,🔎 Switzerland Traffic from Google [Organic] [Custom Keywords],108.696,1 000,1 000 000,No Refill,22 minutes,,,467.3928
14547,Switzerland Traffic - Direct Visits,87.992,1 000,1 000 000,No Refill,17 minutes,,,378.3656
14548,Switzerland Traffic from Google,87.992,1 000,1 000 000,No Refill,11 minutes,,,378.3656
14549,Switzerland Traffic from YouTube,87.992,1 000,1 000 000,No Refill,55 minutes,,,378.3656
14550,Switzerland Traffic from Facebook,87.992,1 000,1 000 000,No Refill,55 minutes,,,378.3656
14551,Switzerland Traffic from Instagram,87.992,1 000,1 000 000,No Refill,11 minutes,,,378.3656
14552,Switzerland Traffic from Twitter,87.992,1 000,1 000 000,No Refill,17 minutes,,,378.3656
15096,🔎 Singapore Traffic from Google.com.sg Search [Organic] [Custom Keywords],69.876,1 000,1 000 000,No Refill,17 minutes,,,300.4668
15097,Singapore Traffic from Google.com.sg,53.054,500,1 000 000,No Refill,33 minutes,,,228.1322
15098,Singapore Traffic from YouTube,53.054,500,1 000 000,No Refill,22 minutes,,,228.1322
15099,Singapore Traffic from Facebook,53.054,500,1 000 000,No Refill,22 minutes,,,228.1322
15100,Singapore Traffic from Instagram,53.054,500,1 000 000,No Refill,11 minutes,,,228.1322
15101,Singapore Traffic from Twitter,53.054,500,1 000 000,No Refill,33 minutes,,,228.1322
15102,Singapore Traffic from Amazon.com,53.054,500,1 000 000,No Refill,22 minutes,,,228.1322
15103,Singapore Traffic from Reddit,53.054,500,1 000 000,No Refill,33 minutes,,,228.1322
15104,Singapore Traffic from Quora,53.054,500,1 000 000,No Refill,33 minutes,,,228.1322
15105,Singapore Traffic from Tumblr,53.054,500,1 000 000,No Refill,22 minutes,,,228.1322
15106,Singapore Traffic from Pinterest.com,53.054,500,1 000 000,No Refill,23 minutes,,,228.1322
15107,Singapore Traffic from Blogspot.com,53.054,500,1 000 000,No Refill,22 minutes,,,228.1322
15108,Singapore Traffic from LinkedIn,53.054,500,1 000 000,No Refill,11 minutes,,,228.1322
15109,Singapore Traffic from Bing.com,53.054,500,1 000 000,No Refill,16 minutes,,,228.1322
15110,Singapore Traffic from Yahoo,53.054,500,1 000 000,No Refill,55 minutes,,,228.1322
15111,Singapore Traffic from Twitch.tv,53.054,500,1 000 000,No Refill,55 minutes,,,228.1322
15112,Singapore Traffic from Wikipedia,53.054,500,1 000 000,No Refill,22 minutes,,,228.1322
15113,Singapore Traffic from Fiverr,53.054,500,1 000 000,No Refill,22 minutes,,,228.1322
15114,Singapore Traffic from VK.com,53.054,500,1 000 000,No Refill,17 minutes,,,228.1322
15115,Singapore Traffic from Ebay.com,53.054,500,1 000 000,No Refill,17 minutes,,,228.1322
15116,Singapore Traffic from Lazada.sg,53.054,500,1 000 000,No Refill,11 minutes,,,228.1322
15117,Singapore Traffic from Qoo10.sg,53.054,500,1 000 000,No Refill,23 minutes,,,228.1322
15118,Singapore Traffic from Dbs.com.sg,53.054,500,1 000 000,No Refill,16 minutes,,,228.1322
15119,Singapore Traffic from straitstimes.com,53.054,500,1 000 000,No Refill,17 minutes,,,228.1322
14102,Turkey Traffic - Direct / No Referrer,24.586,100,1 000 000,No Refill,22 minutes,,,105.7198
14103,Turkey Traffic from Google.com.tr Search [Organic] [Custom Keywords],24.586,100,1 000 000,No Refill,11 minutes,,,105.7198
14104,Turkey Traffic from Google.com.tr,24.586,100,1 000 000,No Refill,16 minutes,,,105.7198
14105,Turkey Traffic from Facebook,24.586,100,1 000 000,No Refill,17 minutes,,,105.7198
14106,Turkey Traffic from Instagram,24.586,100,1 000 000,No Refill,55 minutes,,,105.7198
14107,Turkey Traffic from Quora,24.586,100,1 000 000,No Refill,55 minutes,,,105.7198
14108,Turkey Traffic from Tiktok,24.586,100,1 000 000,No Refill,23 minutes,,,105.7198
14109,Turkey Traffic from X (Formerly Twitter),24.586,100,1 000 000,No Refill,17 minutes,,,105.7198
14110,Turkey Traffic from YouTube,24.586,100,1 000 000,No Refill,16 minutes,,,105.7198
14111,🏴Turkey Traffic from Ekşi Sözlük,24.586,100,1 000 000,No Refill,55 minutes,,,105.7198
14112,🏴Turkey Traffic from Sahibinden,24.586,100,1 000 000,No Refill,17 minutes,,,105.7198
14113,🏴Turkey Traffic from Yandex.com.tr,24.586,100,1 000 000,No Refill,11 minutes,,,105.7198
14091,Thailand Traffic - Direct / No Referrer,24.586,100,1 000 000,No Refill,23 minutes,,,105.7198
14092,Thailand Traffic from Google.co.th Search [Organic] [Custom Keywords],24.586,100,1 000 000,No Refill,55 minutes,,,105.7198
14093,Thailand Traffic from Google.co.th,24.586,100,1 000 000,No Refill,16 minutes,,,105.7198
14094,Thailand Traffic from Facebook,24.586,100,1 000 000,No Refill,22 minutes,,,105.7198
14095,Thailand Traffic from Instagram,24.586,100,1 000 000,No Refill,33 minutes,,,105.7198
14096,Thailand Traffic from Quora,24.586,100,1 000 000,No Refill,33 minutes,,,105.7198
14097,Thailand Traffic from Tiktok,24.586,100,1 000 000,No Refill,55 minutes,,,105.7198
14098,Thailand Traffic from X (Formerly Twitter),24.586,100,1 000 000,No Refill,55 minutes,,,105.7198
14099,Thailand Traffic from YouTube,24.586,100,1 000 000,No Refill,23 minutes,,,105.7198
14100,🏴Thailand Traffic from Pantip,24.586,100,1 000 000,No Refill,11 minutes,,,105.7198
14101,🏴Thailand Traffic from Sanook,24.586,100,1 000 000,No Refill,23 minutes,,,105.7198
15068,🔎 Ukraine Traffic from Google.com.ua Search [Organic] [Custom Keywords],69.876,1 000,1 000 000,No Refill,16 minutes,,,300.4668
15069,Ukraine Traffic from Google.com.ua,53.054,500,1 000 000,No Refill,55 minutes,,,228.1322
15070,Ukraine Traffic from VK.com,53.054,500,1 000 000,No Refill,33 minutes,,,228.1322
15071,Ukraine Traffic from Quora,53.054,500,1 000 000,No Refill,55 minutes,,,228.1322
15072,Ukraine Traffic from Tumblr,53.054,500,1 000 000,No Refill,33 minutes,,,228.1322
15073,Ukraine Traffic from Pinterest,53.054,500,1 000 000,No Refill,17 minutes,,,228.1322
15074,Ukraine Traffic from Twitter,53.054,500,1 000 000,No Refill,16 minutes,,,228.1322
15075,Ukraine Traffic from Reddit,53.054,500,1 000 000,No Refill,17 minutes,,,228.1322
15076,Ukraine Traffic from YouTube,53.054,500,1 000 000,No Refill,55 minutes,,,228.1322
15077,Ukraine Traffic from Facebook,53.054,500,1 000 000,No Refill,55 minutes,,,228.1322
15078,Ukraine Traffic from Instagram,53.054,500,1 000 000,No Refill,33 minutes,,,228.1322
15079,Ukraine Traffic from Blogspot.com,53.054,500,1 000 000,No Refill,17 minutes,,,228.1322
15080,Ukraine Traffic from Amazon.com,53.054,500,1 000 000,No Refill,33 minutes,,,228.1322
15081,Ukraine Traffic from LinkedIn,53.054,500,1 000 000,No Refill,55 minutes,,,228.1322
15082,Ukraine Traffic from Bing.com,53.054,500,1 000 000,No Refill,16 minutes,,,228.1322
15083,Ukraine Traffic from Yahoo,53.054,500,1 000 000,No Refill,11 minutes,,,228.1322
15084,Ukraine Traffic from Twitch.tv,53.054,500,1 000 000,No Refill,11 minutes,,,228.1322
15085,Ukraine Traffic from Wikipedia,53.054,500,1 000 000,No Refill,11 minutes,,,228.1322
15086,Ukraine Traffic from Fiverr,53.054,500,1 000 000,No Refill,23 minutes,,,228.1322
15087,Ukraine Traffic from Ebay.com,53.054,500,1 000 000,No Refill,55 minutes,,,228.1322
15088,Ukraine Traffic from Olx.ua,53.054,500,1 000 000,No Refill,22 minutes,,,228.1322
15089,Ukraine Traffic from Telegraf.com.ua,53.054,500,1 000 000,No Refill,23 minutes,,,228.1322
15090,Ukraine Traffic from Prom.ua,53.054,500,1 000 000,No Refill,55 minutes,,,228.1322
15091,Ukraine Traffic from ukr.net,53.054,500,1 000 000,No Refill,33 minutes,,,228.1322
15092,Ukraine Traffic from OK.ru,53.054,500,1 000 000,No Refill,17 minutes,,,228.1322
15093,Ukraine Traffic from Mail.ru,53.054,500,1 000 000,No Refill,11 minutes,,,228.1322
15094,Ukraine Traffic from Ria.com,53.054,500,1 000 000,No Refill,33 minutes,,,228.1322
15095,Ukraine Traffic from I.UA,53.054,500,1 000 000,No Refill,11 minutes,,,228.1322
14912,🔎 Vietnam Traffic from Google.com.vn [Organic] [Custom Keywords],69.876,1 000,1 000 000,No Refill,11 minutes,,,300.4668
14913,🔎 Vietnam Traffic from Shopee.vn [Organic] [Custom Keywords],69.876,1 000,1 000 000,No Refill,17 minutes,,,300.4668
14914,Vietnam Traffic from Google.com.vn,53.054,500,1 000 000,No Refill,33 minutes,,,228.1322
14915,Vietnam Traffic from Quora,53.054,500,1 000 000,No Refill,11 minutes,,,228.1322
14916,Vietnam Traffic from Tumblr,53.054,500,1 000 000,No Refill,11 minutes,,,228.1322
14917,Vietnam Traffic from Pinterest.com,53.054,500,1 000 000,No Refill,11 minutes,,,228.1322
14918,Vietnam Traffic from Twitter,53.054,500,1 000 000,No Refill,22 minutes,,,228.1322
14919,Vietnam Traffic from Reddit,53.054,500,1 000 000,No Refill,11 minutes,,,228.1322
14920,Vietnam Traffic from YouTube,53.054,500,1 000 000,No Refill,33 minutes,,,228.1322
14921,Vietnam Traffic from Facebook,53.054,500,1 000 000,No Refill,55 minutes,,,228.1322
14922,Vietnam Traffic from Instagram,53.054,500,1 000 000,No Refill,11 minutes,,,228.1322
14923,Vietnam Traffic from Blogspot.com,53.054,500,1 000 000,No Refill,22 minutes,,,228.1322
14924,Vietnam Traffic from Amazon.com,53.054,500,1 000 000,No Refill,33 minutes,,,228.1322
14925,Vietnam Traffic from LinkedIn,53.054,500,1 000 000,No Refill,55 minutes,,,228.1322
14926,Vietnam Traffic from Bing.com,53.054,500,1 000 000,No Refill,55 minutes,,,228.1322
14927,Vietnam Traffic from Yahoo,53.054,500,1 000 000,No Refill,17 minutes,,,228.1322
14928,Vietnam Traffic from Twitch.tv,53.054,500,1 000 000,No Refill,16 minutes,,,228.1322
14929,Vietnam Traffic from Wikipedia,53.054,500,1 000 000,No Refill,16 minutes,,,228.1322
14930,Vietnam Traffic from Fiverr,53.054,500,1 000 000,No Refill,33 minutes,,,228.1322
14931,Vietnam Traffic from VK.com,53.054,500,1 000 000,No Refill,55 minutes,,,228.1322
14932,Vietnam Traffic from Ebay.com,53.054,500,1 000 000,No Refill,23 minutes,,,228.1322
14933,Vietnam Traffic from - Dkn.tv,53.054,500,1 000 000,No Refill,22 minutes,,,228.1322
14934,Vietnam Traffic from Vnexpress.net,53.054,500,1 000 000,No Refill,23 minutes,,,228.1322
14935,Vietnam Traffic from Vtv.vn,53.054,500,1 000 000,No Refill,33 minutes,,,228.1322
14936,Vietnam Traffic from Zing.vn,53.054,500,1 000 000,No Refill,23 minutes,,,228.1322
14937,Vietnam Traffic from Thethao247.vn,53.054,500,1 000 000,No Refill,11 minutes,,,228.1322
14938,Vietnam Traffic from Phimmoi.net,53.054,500,1 000 000,No Refill,23 minutes,,,228.1322
14939,Vietnam Traffic from 24h.com.vn,53.054,500,1 000 000,No Refill,17 minutes,,,228.1322
14940,Vietnam Traffic from Kenh14.vn,53.054,500,1 000 000,No Refill,33 minutes,,,228.1322
14941,Vietnam Traffic from Shopee.vn,53.054,500,1 000 000,No Refill,55 minutes,,,228.1322
14942,Vietnam Traffic from Tiki.vn,53.054,500,1 000 000,No Refill,23 minutes,,,228.1322
14943,Vietnam Traffic from Dantri.com.vn,53.054,500,1 000 000,No Refill,17 minutes,,,228.1322
14944,Vietnam Traffic from Lazada.vn,53.054,500,1 000 000,No Refill,55 minutes,,,228.1322
14945,Vietnam Traffic from Baomoi.com,53.054,500,1 000 000,No Refill,16 minutes,,,228.1322